{"textures":{"0":"modelengine:entity/ice_crater_small"},"elements":[{"from":[4.2749996,7.255,2.7849998],"to":[11.725,8.745,13.215],"faces":{"east":{"uv":[10.5,7.0,12.25,7.25],"tintindex":0,"rotation":0,"texture":"#0"},"south":{"uv":[3.5,11.0,4.75,11.25],"tintindex":0,"rotation":0,"texture":"#0"},"north":{"uv":[9.75,10.75,11.0,11.0],"tintindex":0,"rotation":0,"texture":"#0"},"west":{"uv":[10.5,7.5,12.25,7.75],"tintindex":0,"rotation":0,"texture":"#0"},"up":{"uv":[6.75,1.75,5.5,0.0],"tintindex":0,"rotation":0,"texture":"#0"},"down":{"uv":[4.5,5.5,3.25,7.25],"tintindex":0,"rotation":0,"texture":"#0"}}}],"display":{"gui":{"rotation":[30,225,0]}}}