{"textures":{"0":"modelengine:entity/ice_crater_small"},"elements":[{"from":[5.8100004,6.54,5.08],"to":[10.190001,9.46,10.92],"faces":{"east":{"uv":[3.5,10.25,4.5,10.75],"tintindex":0,"rotation":0,"texture":"#0"},"south":{"uv":[10.75,0.0,11.5,0.5],"tintindex":0,"rotation":0,"texture":"#0"},"north":{"uv":[10.5,8.0,11.25,8.5],"tintindex":0,"rotation":0,"texture":"#0"},"west":{"uv":[10.25,9.0,11.25,9.5],"tintindex":0,"rotation":0,"texture":"#0"},"up":{"uv":[5.5,10.75,4.75,9.75],"tintindex":0,"rotation":0,"texture":"#0"},"down":{"uv":[6.5,10.0,5.75,11.0],"tintindex":0,"rotation":0,"texture":"#0"}}}],"display":{"gui":{"rotation":[30,225,0]}}}