{"textures":{"0":"modelengine:entity/flarewing_dragon"},"elements":[{"from":[9.789695,-4.492114,-0.44283104],"to":[9.789695,1.7644863,7.601368],"faces":{"east":{"uv":[5.59375,5.15625,5.3125,5.375],"tintindex":0,"rotation":0,"texture":"#0"},"west":{"uv":[5.3125,5.15625,5.59375,5.375],"tintindex":0,"rotation":0,"texture":"#0"}},"rotation":{"origin":[12.024195,4.655135,-0.7008991],"angle":-22.5,"axis":"x"}},{"from":[7.108295,10.129661,-0.9753742],"to":[8.895895,12.811061,1.7060261],"faces":{"east":{"uv":[1.1875,5.5625,1.28125,5.65625],"tintindex":0,"rotation":0,"texture":"#0"},"south":{"uv":[5.40625,6.375,5.46875,6.46875],"tintindex":0,"rotation":0,"texture":"#0"},"north":{"uv":[5.3125,6.375,5.375,6.46875],"tintindex":0,"rotation":0,"texture":"#0"},"west":{"uv":[2.9375,5.90625,3.03125,6.0],"tintindex":0,"rotation":0,"texture":"#0"},"up":{"uv":[5.5625,6.46875,5.5,6.375],"tintindex":0,"rotation":0,"texture":"#0"},"down":{"uv":[5.65625,6.375,5.59375,6.46875],"tintindex":0,"rotation":0,"texture":"#0"}},"rotation":{"origin":[7.555195,15.391807,1.1009007],"angle":22.5,"axis":"x"}},{"from":[4.4268947,6.233486,-0.44283104],"to":[11.577295,10.702485,7.601368],"faces":{"east":{"uv":[5.625,4.28125,5.90625,4.4375],"tintindex":0,"rotation":0,"texture":"#0"},"south":{"uv":[5.75,3.5,6.0,3.65625],"tintindex":0,"rotation":0,"texture":"#0"},"north":{"uv":[5.71875,0.25,5.96875,0.40625],"tintindex":0,"rotation":0,"texture":"#0"},"west":{"uv":[5.625,4.90625,5.90625,5.0625],"tintindex":0,"rotation":0,"texture":"#0"},"up":{"uv":[5.375,2.71875,5.125,2.4375],"tintindex":0,"rotation":0,"texture":"#0"},"down":{"uv":[5.375,3.8125,5.125,4.09375],"tintindex":0,"rotation":0,"texture":"#0"}},"rotation":{"origin":[7.555195,4.655135,-0.7008991],"angle":-22.5,"axis":"x"}},{"from":[8.895895,14.710385,7.739176],"to":[12.471094,17.391785,14.889576],"faces":{"east":{"uv":[6.25,5.0625,6.0,5.15625],"tintindex":0,"rotation":0,"texture":"#0"},"south":{"uv":[3.15625,6.25,3.03125,6.34375],"tintindex":0,"rotation":0,"texture":"#0"},"north":{"uv":[3.15625,6.25,3.03125,6.34375],"tintindex":0,"rotation":0,"texture":"#0"},"west":{"uv":[6.25,5.0625,6.0,5.15625],"tintindex":0,"rotation":0,"texture":"#0"},"up":{"uv":[4.90625,6.09375,5.03125,5.84375],"tintindex":0,"rotation":0,"texture":"#0"},"down":{"uv":[4.90625,6.09375,5.03125,5.84375],"tintindex":0,"rotation":0,"texture":"#0"}},"rotation":{"origin":[10.236595,14.040034,6.845375],"angle":45.0,"axis":"y"}},{"from":[7.108295,14.98589,-6.768835],"to":[8.895895,20.34869,-4.9812336],"faces":{"east":{"uv":[1.84375,6.25,1.90625,6.4375],"tintindex":0,"rotation":0,"texture":"#0"},"south":{"uv":[2.6875,6.25,2.75,6.4375],"tintindex":0,"rotation":0,"texture":"#0"},"north":{"uv":[0.3125,6.25,0.375,6.4375],"tintindex":0,"rotation":0,"texture":"#0"},"west":{"uv":[2.78125,6.25,2.84375,6.4375],"tintindex":0,"rotation":0,"texture":"#0"},"up":{"uv":[1.78125,6.46875,1.71875,6.40625],"tintindex":0,"rotation":0,"texture":"#0"},"down":{"uv":[6.46875,1.90625,6.40625,1.96875],"tintindex":0,"rotation":0,"texture":"#0"}},"rotation":{"origin":[8.002094,15.61942,-5.154127],"angle":45.0,"axis":"x"}},{"from":[14.845791,16.497986,11.71636],"to":[16.633392,22.754585,13.50396],"faces":{"east":{"uv":[1.15625,5.90625,1.09375,6.125],"tintindex":0,"rotation":0,"texture":"#0"},"south":{"uv":[3.96875,4.21875,3.90625,4.4375],"tintindex":0,"rotation":0,"texture":"#0"},"north":{"uv":[3.96875,4.21875,3.90625,4.4375],"tintindex":0,"rotation":0,"texture":"#0"},"west":{"uv":[1.15625,5.90625,1.09375,6.125],"tintindex":0,"rotation":0,"texture":"#0"},"up":{"uv":[1.9375,6.46875,2.0,6.40625],"tintindex":0,"rotation":0,"texture":"#0"},"down":{"uv":[1.9375,6.46875,2.0,6.40625],"tintindex":0,"rotation":0,"texture":"#0"}},"rotation":{"origin":[15.292691,19.626286,11.269459],"angle":22.5,"axis":"x"}},{"from":[6.2144947,-4.492114,-0.44283104],"to":[6.2144947,1.7644863,7.601368],"faces":{"east":{"uv":[5.59375,5.15625,5.3125,5.375],"tintindex":0,"rotation":0,"texture":"#0"},"west":{"uv":[5.3125,5.15625,5.59375,5.375],"tintindex":0,"rotation":0,"texture":"#0"}},"rotation":{"origin":[3.9799948,4.655135,-0.7008991],"angle":-22.5,"axis":"x"}},{"from":[5.320695,5.9958353,-8.796125],"to":[10.683495,11.358636,0.14187431],"faces":{"east":{"uv":[0.625,5.34375,0.9375,5.53125],"tintindex":0,"rotation":0,"texture":"#0"},"south":{"uv":[5.8125,2.78125,6.0,2.96875],"tintindex":0,"rotation":0,"texture":"#0"},"north":{"uv":[5.8125,2.5625,6.0,2.75],"tintindex":0,"rotation":0,"texture":"#0"},"west":{"uv":[0.96875,5.34375,1.28125,5.53125],"tintindex":0,"rotation":0,"texture":"#0"},"up":{"uv":[1.5,5.65625,1.3125,5.34375],"tintindex":0,"rotation":0,"texture":"#0"},"down":{"uv":[1.71875,5.34375,1.53125,5.65625],"tintindex":0,"rotation":0,"texture":"#0"}}},{"from":[6.661395,10.163522,-6.9404354],"to":[9.342794,15.52632,-3.3652363],"faces":{"east":{"uv":[6.0,5.8125,6.125,6.0],"tintindex":0,"rotation":0,"texture":"#0"},"south":{"uv":[3.0625,6.03125,3.15625,6.21875],"tintindex":0,"rotation":0,"texture":"#0"},"north":{"uv":[3.59375,5.375,3.6875,5.5625],"tintindex":0,"rotation":0,"texture":"#0"},"west":{"uv":[0.5625,6.03125,0.6875,6.21875],"tintindex":0,"rotation":0,"texture":"#0"},"up":{"uv":[1.8125,6.375,1.71875,6.25],"tintindex":0,"rotation":0,"texture":"#0"},"down":{"uv":[2.65625,6.25,2.5625,6.375],"tintindex":0,"rotation":0,"texture":"#0"}},"rotation":{"origin":[8.002094,15.425668,-4.8641605],"angle":22.5,"axis":"x"}},{"from":[3.533095,14.710385,7.739176],"to":[7.108295,17.391785,14.889576],"faces":{"east":{"uv":[6.0,5.0625,6.25,5.15625],"tintindex":0,"rotation":0,"texture":"#0"},"south":{"uv":[3.03125,6.25,3.15625,6.34375],"tintindex":0,"rotation":0,"texture":"#0"},"north":{"uv":[3.03125,6.25,3.15625,6.34375],"tintindex":0,"rotation":0,"texture":"#0"},"west":{"uv":[6.0,5.0625,6.25,5.15625],"tintindex":0,"rotation":0,"texture":"#0"},"up":{"uv":[5.03125,6.09375,4.90625,5.84375],"tintindex":0,"rotation":0,"texture":"#0"},"down":{"uv":[5.03125,6.09375,4.90625,5.84375],"tintindex":0,"rotation":0,"texture":"#0"}},"rotation":{"origin":[5.767595,14.040034,6.845375],"angle":-45.0,"axis":"y"}},{"from":[9.566245,11.358636,5.0577755],"to":[13.141445,16.721436,8.632975],"faces":{"east":{"uv":[1.90625,6.03125,1.78125,6.21875],"tintindex":0,"rotation":0,"texture":"#0"},"south":{"uv":[0.84375,6.03125,0.71875,6.21875],"tintindex":0,"rotation":0,"texture":"#0"},"north":{"uv":[0.84375,6.03125,0.71875,6.21875],"tintindex":0,"rotation":0,"texture":"#0"},"west":{"uv":[1.90625,6.03125,1.78125,6.21875],"tintindex":0,"rotation":0,"texture":"#0"},"up":{"uv":[6.125,5.0,6.25,4.875],"tintindex":0,"rotation":0,"texture":"#0"},"down":{"uv":[6.125,5.0,6.25,4.875],"tintindex":0,"rotation":0,"texture":"#0"}},"rotation":{"origin":[10.236595,14.040034,6.845375],"angle":-22.5,"axis":"z"}},{"from":[4.4268947,1.7644863,-0.44283104],"to":[11.577295,6.233486,7.601368],"faces":{"east":{"uv":[3.59375,5.59375,3.875,5.75],"tintindex":0,"rotation":0,"texture":"#0"},"south":{"uv":[1.1875,5.6875,1.4375,5.84375],"tintindex":0,"rotation":0,"texture":"#0"},"north":{"uv":[4.78125,5.65625,5.03125,5.8125],"tintindex":0,"rotation":0,"texture":"#0"},"west":{"uv":[5.59375,3.75,5.875,3.90625],"tintindex":0,"rotation":0,"texture":"#0"},"up":{"uv":[4.84375,5.375,4.59375,5.09375],"tintindex":0,"rotation":0,"texture":"#0"},"down":{"uv":[5.375,0.0,5.125,0.28125],"tintindex":0,"rotation":0,"texture":"#0"}},"rotation":{"origin":[7.555195,4.655135,-0.7008991],"angle":-22.5,"axis":"x"}},{"from":[10.683495,3.314435,-8.796125],"to":[10.683495,5.9958353,0.14187431],"faces":{"east":{"uv":[0.875,5.90625,0.5625,6.0],"tintindex":0,"rotation":0,"texture":"#0"},"west":{"uv":[0.5625,5.90625,0.875,6.0],"tintindex":0,"rotation":0,"texture":"#0"}}},{"from":[5.320695,3.314435,-8.796125],"to":[5.320695,5.9958353,0.14187431],"faces":{"east":{"uv":[0.875,5.90625,0.5625,6.0],"tintindex":0,"rotation":0,"texture":"#0"},"west":{"uv":[0.5625,5.90625,0.875,6.0],"tintindex":0,"rotation":0,"texture":"#0"}}},{"from":[3.9799948,4.208235,2.3763752],"to":[12.024195,13.146235,8.632975],"faces":{"east":{"uv":[5.375,2.75,5.15625,3.0625],"tintindex":0,"rotation":0,"texture":"#0"},"south":{"uv":[3.90625,4.8125,4.1875,5.125],"tintindex":0,"rotation":0,"texture":"#0"},"north":{"uv":[2.53125,4.8125,2.8125,5.125],"tintindex":0,"rotation":0,"texture":"#0"},"west":{"uv":[5.15625,2.75,5.375,3.0625],"tintindex":0,"rotation":0,"texture":"#0"},"up":{"uv":[3.0625,5.53125,2.78125,5.3125],"tintindex":0,"rotation":0,"texture":"#0"},"down":{"uv":[5.59375,4.375,5.3125,4.59375],"tintindex":0,"rotation":0,"texture":"#0"}},"rotation":{"origin":[8.002094,7.783435,4.610876],"angle":22.5,"axis":"x"}},{"from":[7.555195,12.199132,0.35396004],"to":[8.448995,15.774333,2.1415615],"faces":{"east":{"uv":[4.09375,6.28125,4.15625,6.40625],"tintindex":0,"rotation":0,"texture":"#0"},"south":{"uv":[2.78125,5.15625,2.8125,5.28125],"tintindex":0,"rotation":0,"texture":"#0"},"north":{"uv":[3.0,4.03125,3.03125,4.15625],"tintindex":0,"rotation":0,"texture":"#0"},"west":{"uv":[6.28125,4.125,6.34375,4.25],"tintindex":0,"rotation":0,"texture":"#0"},"up":{"uv":[4.1875,5.21875,4.15625,5.15625],"tintindex":0,"rotation":0,"texture":"#0"},"down":{"uv":[5.28125,2.0,5.25,2.0625],"tintindex":0,"rotation":0,"texture":"#0"}},"rotation":{"origin":[7.555195,15.514062,1.0748653],"angle":45.0,"axis":"x"}},{"from":[-0.62920094,16.497986,11.71636],"to":[1.1583986,22.754585,13.50396],"faces":{"east":{"uv":[1.09375,5.90625,1.15625,6.125],"tintindex":0,"rotation":0,"texture":"#0"},"south":{"uv":[3.90625,4.21875,3.96875,4.4375],"tintindex":0,"rotation":0,"texture":"#0"},"north":{"uv":[3.90625,4.21875,3.96875,4.4375],"tintindex":0,"rotation":0,"texture":"#0"},"west":{"uv":[1.09375,5.90625,1.15625,6.125],"tintindex":0,"rotation":0,"texture":"#0"},"up":{"uv":[2.0,6.46875,1.9375,6.40625],"tintindex":0,"rotation":0,"texture":"#0"},"down":{"uv":[2.0,6.46875,1.9375,6.40625],"tintindex":0,"rotation":0,"texture":"#0"}},"rotation":{"origin":[0.71149826,19.626286,11.269459],"angle":22.5,"axis":"x"}},{"from":[2.8627448,11.358636,5.0577755],"to":[6.437945,16.721436,8.632975],"faces":{"east":{"uv":[1.78125,6.03125,1.90625,6.21875],"tintindex":0,"rotation":0,"texture":"#0"},"south":{"uv":[0.71875,6.03125,0.84375,6.21875],"tintindex":0,"rotation":0,"texture":"#0"},"north":{"uv":[0.71875,6.03125,0.84375,6.21875],"tintindex":0,"rotation":0,"texture":"#0"},"west":{"uv":[1.78125,6.03125,1.90625,6.21875],"tintindex":0,"rotation":0,"texture":"#0"},"up":{"uv":[6.25,5.0,6.125,4.875],"tintindex":0,"rotation":0,"texture":"#0"},"down":{"uv":[6.25,5.0,6.125,4.875],"tintindex":0,"rotation":0,"texture":"#0"}},"rotation":{"origin":[5.767595,14.040034,6.845375],"angle":22.5,"axis":"z"}}],"display":{"gui":{"rotation":[30,225,0]}}}