{"textures":{"0":"modelengine:entity/fx_frost_shield"},"elements":[{"from":[-13.424265,-9.27,5.5092735],"to":[-7.144265,25.27,10.219273],"faces":{"east":{"uv":[1.0,5.75,1.375,8.5],"tintindex":0,"rotation":0,"texture":"#0"},"south":{"uv":[4.125,0.0,3.625,2.75],"tintindex":0,"rotation":0,"texture":"#0"},"north":{"uv":[3.625,0.0,4.125,2.75],"tintindex":0,"rotation":0,"texture":"#0"},"west":{"uv":[1.5,5.75,1.875,8.5],"tintindex":0,"rotation":0,"texture":"#0"},"up":{"uv":[5.75,6.125,5.25,5.75],"tintindex":0,"rotation":0,"texture":"#0"},"down":{"uv":[5.75,5.75,5.25,6.125],"tintindex":0,"rotation":0,"texture":"#0"}},"rotation":{"origin":[-6.9891386,8.0,8.675861],"angle":45.0,"axis":"y"}},{"from":[14.924257,-9.30925,5.809679],"to":[24.344257,25.30925,10.51968],"faces":{"east":{"uv":[0.875,5.75,0.5,8.5],"tintindex":0,"rotation":0,"texture":"#0"},"south":{"uv":[1.75,2.875,2.5,5.625],"tintindex":0,"rotation":0,"texture":"#0"},"north":{"uv":[2.5,2.875,1.75,5.625],"tintindex":0,"rotation":0,"texture":"#0"},"west":{"uv":[6.125,0.0,5.75,2.75],"tintindex":0,"rotation":0,"texture":"#0"},"up":{"uv":[5.75,4.25,6.5,3.875],"tintindex":0,"rotation":0,"texture":"#0"},"down":{"uv":[5.75,3.875,6.5,4.25],"tintindex":0,"rotation":0,"texture":"#0"}},"rotation":{"origin":[22.98914,7.9607506,8.675861],"angle":-22.5,"axis":"y"}},{"from":[-0.6350002,-9.27,2.9415588],"to":[16.635,25.27,7.651558],"faces":{"east":{"uv":[5.25,2.875,5.625,5.625],"tintindex":0,"rotation":0,"texture":"#0"},"south":{"uv":[0.0,0.0,1.375,2.75],"tintindex":0,"rotation":0,"texture":"#0"},"north":{"uv":[0.0,0.0,1.375,2.75],"tintindex":0,"rotation":0,"texture":"#0"},"west":{"uv":[0.0,5.75,0.375,8.5],"tintindex":0,"rotation":0,"texture":"#0"},"up":{"uv":[3.375,6.125,2.0,5.75],"tintindex":0,"rotation":0,"texture":"#0"},"down":{"uv":[3.375,5.75,2.0,6.125],"tintindex":0,"rotation":0,"texture":"#0"}}},{"from":[-8.344257,-9.30925,5.809679],"to":[1.0757427,25.30925,10.51968],"faces":{"east":{"uv":[5.75,0.0,6.125,2.75],"tintindex":0,"rotation":0,"texture":"#0"},"south":{"uv":[2.5,2.875,1.75,5.625],"tintindex":0,"rotation":0,"texture":"#0"},"north":{"uv":[1.75,2.875,2.5,5.625],"tintindex":0,"rotation":0,"texture":"#0"},"west":{"uv":[0.5,5.75,0.875,8.5],"tintindex":0,"rotation":0,"texture":"#0"},"up":{"uv":[6.5,4.25,5.75,3.875],"tintindex":0,"rotation":0,"texture":"#0"},"down":{"uv":[6.5,3.875,5.75,4.25],"tintindex":0,"rotation":0,"texture":"#0"}},"rotation":{"origin":[-6.9891386,7.9607506,8.675861],"angle":22.5,"axis":"y"}},{"from":[23.144264,-9.27,5.5092735],"to":[29.424265,25.27,10.219273],"faces":{"east":{"uv":[1.875,5.75,1.5,8.5],"tintindex":0,"rotation":0,"texture":"#0"},"south":{"uv":[3.625,0.0,4.125,2.75],"tintindex":0,"rotation":0,"texture":"#0"},"north":{"uv":[4.125,0.0,3.625,2.75],"tintindex":0,"rotation":0,"texture":"#0"},"west":{"uv":[1.375,5.75,1.0,8.5],"tintindex":0,"rotation":0,"texture":"#0"},"up":{"uv":[5.25,6.125,5.75,5.75],"tintindex":0,"rotation":0,"texture":"#0"},"down":{"uv":[5.25,5.75,5.75,6.125],"tintindex":0,"rotation":0,"texture":"#0"}},"rotation":{"origin":[22.98914,8.0,8.675861],"angle":-45.0,"axis":"y"}}],"display":{"gui":{"rotation":[30,225,0]}}}