{
	"providers": [
		{
			"type": "bitmap",
			"file": "ivs/cummonicon.png",
			"chars": [
				""
			],
			"ascent": 7,
			"height": 8
		},
		{
			"type": "bitmap",
			"file": "ivs/rareicon.png",
			"chars": [
				""
			],
			"ascent": 7,
			"height": 8
		},
		{
			"type": "bitmap",
			"file": "ivs/epicicon.png",
			"chars": [
				""
			],
			"ascent": 7,
			"height": 8
		},
		{
			"type": "bitmap",
			"file": "ivs/uniqueicon.png",
			"chars": [
				""
			],
			"ascent": 7,
			"height": 8
		},
		{
			"type": "bitmap",
			"file": "ivs/legendaryicon.png",
			"chars": [
				""
			],
			"ascent": 7,
			"height": 8
		}
	]
}

