{
	"credit": "Made with Blockbench",
	"textures": {
		"0": "hanu/log_oak",
		"1": "hanu/planks_oak",
		"2": "blocks/green_wool",
		"particle": "hanu/log_oak"
	},
	"elements": [
		{
			"from": [-6, -3, 0],
			"to": [-4, 32, 4],
			"rotation": {"angle": 0, "axis": "y", "origin": [-6, 39, 0]},
			"faces": {
				"north": {"uv": [0, 0, 4, 16], "texture": "#0"},
				"east": {"uv": [0, 0, 4, 16], "texture": "#0"},
				"south": {"uv": [0, 0, 2, 16], "texture": "#0"},
				"west": {"uv": [0, 0, 4, 16], "texture": "#0"},
				"up": {"uv": [0, 0, 2, 4], "texture": "#0"},
				"down": {"uv": [0, 0, 2, 4], "texture": "#0"}
			}
		},
		{
			"from": [-4, 6, 1],
			"to": [30, 30, 3],
			"rotation": {"angle": 0, "axis": "y", "origin": [8, 37, -1]},
			"faces": {
				"north": {"uv": [0, 0, 16, 16], "texture": "#2"},
				"east": {"uv": [0, 0, 4, 16], "texture": "#0"},
				"south": {"uv": [0, 0, 16, 16], "texture": "#1"},
				"west": {"uv": [0, 0, 4, 16], "texture": "#0"},
				"up": {"uv": [0, 0, 2, 4], "texture": "#0"},
				"down": {"uv": [0, 0, 2, 4], "texture": "#0"}
			}
		},
		{
			"from": [30, -3, 0],
			"to": [32, 32, 4],
			"rotation": {"angle": 0, "axis": "y", "origin": [30, 39, 0]},
			"faces": {
				"north": {"uv": [0, 0, 4, 16], "texture": "#0"},
				"east": {"uv": [0, 0, 4, 16], "texture": "#0"},
				"south": {"uv": [0, 0, 2, 16], "texture": "#0"},
				"west": {"uv": [0, 0, 4, 16], "texture": "#0"},
				"up": {"uv": [0, 0, 2, 4], "texture": "#0"},
				"down": {"uv": [0, 0, 2, 4], "texture": "#0"}
			}
		},
		{
			"from": [-5, 6, 0],
			"to": [30, 8, 4],
			"rotation": {"angle": 0, "axis": "z", "origin": [42, 15, 0]},
			"faces": {
				"north": {"uv": [0, 0, 16, 5], "texture": "#0"},
				"east": {"uv": [0, 0, 4, 16], "texture": "#0"},
				"south": {"uv": [0, 0, 16, 3], "texture": "#0"},
				"west": {"uv": [0, 0, 4, 16], "texture": "#0"},
				"up": {"uv": [0, 0, 2, 4], "texture": "#0"},
				"down": {"uv": [0, 0, 16, 4], "texture": "#0"}
			}
		},
		{
			"from": [-4, 30, 0],
			"to": [30, 32, 4],
			"rotation": {"angle": 0, "axis": "y", "origin": [38, 47, 0]},
			"faces": {
				"north": {"uv": [0, 0, 16, 5], "texture": "#0"},
				"east": {"uv": [0, 0, 4, 16], "texture": "#0"},
				"south": {"uv": [0, 0, 16, 3], "texture": "#0"},
				"west": {"uv": [0, 0, 4, 16], "texture": "#0"},
				"up": {"uv": [0, 0, 2, 4], "texture": "#0"},
				"down": {"uv": [0, 0, 16, 4], "texture": "#0"}
			}
		}
	],
	"display": {
		"head": {
			"translation": [-8.25, -23.5, 8.75],
			"scale": [2, 2, 2]
		}
	}
}