{
	"textures": {
		"0": "custom/9",
		"particle2": "custom/9"
	},
	"elements": [
		{
			"from": [-16, -16, 0],
			"to": [32, 32, 2],
			"faces": {
				"north": {"uv": [0, 0, 16, 16], "texture": "#particle2"},
				"east": {"uv": [0, 0, 0, 16], "texture": "#missing"},
				"south": {"uv": [0, 0, 16, 16], "texture": "#particle2"},
				"west": {"uv": [0, 0, 0, 16], "texture": "#missing"},
				"up": {"uv": [0, 0, 16, 0], "texture": "#missing"},
				"down": {"uv": [0, 0, 16, 0], "texture": "#missing"}
			}
		}
	],
	"gui_light": "front",
	"display": {
		"head": {
			"translation":  [ 0, -10, 0 ],
			"scale":  [ 4, 4, 2 ]
		}
	}
}