{"textures":{"0":"modelengine:entity/dwarf_huntsman"},"elements":[{"from":[3.9892135,7.630865,2.5001993],"to":[11.989214,15.580866,10.500199],"faces":{"east":{"uv":[4.125,3.5,5.125,4.5],"tintindex":0,"rotation":0,"texture":"#0"},"south":{"uv":[4.5,0.0,5.5,1.0],"tintindex":0,"rotation":0,"texture":"#0"},"north":{"uv":[3.0,3.5,4.0,4.5],"tintindex":0,"rotation":0,"texture":"#0"},"west":{"uv":[4.5,1.125,5.5,2.125],"tintindex":0,"rotation":0,"texture":"#0"},"up":{"uv":[5.5,3.25,4.5,2.25],"tintindex":0,"rotation":0,"texture":"#0"},"down":{"uv":[4.0,4.625,3.0,5.625],"tintindex":0,"rotation":0,"texture":"#0"}}},{"from":[8.989214,11.630865,1.5001993],"to":[11.989214,12.580866,2.5001993],"faces":{"east":{"uv":[2.125,12.25,2.25,12.375],"tintindex":0,"rotation":0,"texture":"#0"},"south":{"uv":[12.0,6.5,12.375,6.625],"tintindex":0,"rotation":0,"texture":"#0"},"north":{"uv":[12.0,6.25,12.375,6.375],"tintindex":0,"rotation":0,"texture":"#0"},"west":{"uv":[12.25,2.125,12.375,2.25],"tintindex":0,"rotation":0,"texture":"#0"},"up":{"uv":[1.0,12.25,0.625,12.125],"tintindex":0,"rotation":0,"texture":"#0"},"down":{"uv":[12.5,1.125,12.125,1.25],"tintindex":0,"rotation":0,"texture":"#0"}}},{"from":[3.9892135,11.630865,1.5001993],"to":[6.9892135,12.580866,2.5001993],"faces":{"east":{"uv":[1.875,12.25,2.0,12.375],"tintindex":0,"rotation":0,"texture":"#0"},"south":{"uv":[1.875,12.0,2.25,12.125],"tintindex":0,"rotation":0,"texture":"#0"},"north":{"uv":[11.0,5.375,11.375,5.5],"tintindex":0,"rotation":0,"texture":"#0"},"west":{"uv":[12.25,1.875,12.375,2.0],"tintindex":0,"rotation":0,"texture":"#0"},"up":{"uv":[5.125,12.125,4.75,12.0],"tintindex":0,"rotation":0,"texture":"#0"},"down":{"uv":[12.375,6.0,12.0,6.125],"tintindex":0,"rotation":0,"texture":"#0"}}},{"from":[3.9892135,14.855953,4.2502885],"to":[11.989214,19.805954,4.2502885],"faces":{"south":{"uv":[6.625,0.75,7.625,1.375],"tintindex":0,"rotation":0,"texture":"#0"},"north":{"uv":[6.625,0.0,7.625,0.625],"tintindex":0,"rotation":0,"texture":"#0"}},"rotation":{"origin":[7.9892135,17.330954,4.2502885],"angle":45.0,"axis":"x"}}],"display":{"gui":{"rotation":[30,225,0]}}}