{"textures":{"0":"modelengine:entity/dwarf_huntsman"},"elements":[{"from":[6.038725,-2.6104002,6.5916014],"to":[10.038725,-1.6104002,7.5916014],"faces":{"east":{"uv":[11.75,7.75,12.0,8.0],"tintindex":0,"rotation":0,"texture":"#0"},"south":{"uv":[9.875,0.625,10.875,0.875],"tintindex":0,"rotation":0,"texture":"#0"},"north":{"uv":[9.75,9.75,10.75,10.0],"tintindex":0,"rotation":0,"texture":"#0"},"west":{"uv":[11.75,8.125,12.0,8.375],"tintindex":0,"rotation":0,"texture":"#0"},"up":{"uv":[10.875,1.25,9.875,1.0],"tintindex":0,"rotation":0,"texture":"#0"},"down":{"uv":[10.875,4.25,9.875,4.5],"tintindex":0,"rotation":0,"texture":"#0"}}},{"from":[3.6185122,0.71706724,7.3416014],"to":[4.618512,1.7170672,7.8416014],"faces":{"east":{"uv":[7.5,12.125,7.625,12.375],"tintindex":0,"rotation":0,"texture":"#0"},"south":{"uv":[11.875,9.25,12.125,9.5],"tintindex":0,"rotation":0,"texture":"#0"},"north":{"uv":[1.25,11.875,1.5,12.125],"tintindex":0,"rotation":0,"texture":"#0"},"west":{"uv":[12.125,8.0,12.25,8.25],"tintindex":0,"rotation":0,"texture":"#0"},"up":{"uv":[12.375,8.5,12.125,8.375],"tintindex":0,"rotation":0,"texture":"#0"},"down":{"uv":[8.75,12.125,8.5,12.25],"tintindex":0,"rotation":0,"texture":"#0"}},"rotation":{"origin":[8.038725,1.1181531,6.7166014],"angle":22.5,"axis":"z"}},{"from":[5.913725,-2.8604002,6.3416014],"to":[6.413725,-1.3604002,7.8416014],"faces":{"east":{"uv":[11.25,1.875,11.625,2.25],"tintindex":0,"rotation":0,"texture":"#0"},"south":{"uv":[6.625,1.5,6.75,1.875],"tintindex":0,"rotation":0,"texture":"#0"},"north":{"uv":[2.25,6.375,2.375,6.75],"tintindex":0,"rotation":0,"texture":"#0"},"west":{"uv":[11.25,2.375,11.625,2.75],"tintindex":0,"rotation":0,"texture":"#0"},"up":{"uv":[2.0,10.25,1.875,9.875],"tintindex":0,"rotation":0,"texture":"#0"},"down":{"uv":[4.375,10.375,4.25,10.75],"tintindex":0,"rotation":0,"texture":"#0"}}},{"from":[7.2887244,-2.1104002,6.0916014],"to":[8.788725,5.8896,7.0916014],"faces":{"east":{"uv":[4.625,6.875,4.875,8.875],"tintindex":0,"rotation":0,"texture":"#0"},"south":{"uv":[3.0,5.75,3.375,7.75],"tintindex":0,"rotation":0,"texture":"#0"},"north":{"uv":[2.5,5.5,2.875,7.5],"tintindex":0,"rotation":0,"texture":"#0"},"west":{"uv":[5.0,7.0,5.25,9.0],"tintindex":0,"rotation":0,"texture":"#0"},"up":{"uv":[3.5,12.0,3.125,11.75],"tintindex":0,"rotation":0,"texture":"#0"},"down":{"uv":[12.125,3.125,11.75,3.375],"tintindex":0,"rotation":0,"texture":"#0"}}},{"from":[7.2887244,-2.1104002,5.5916014],"to":[7.7887244,0.8895998,6.0916014],"faces":{"east":{"uv":[4.25,11.75,4.375,12.5],"tintindex":0,"rotation":0,"texture":"#0"},"south":{"uv":[4.5,11.75,4.625,12.5],"tintindex":0,"rotation":0,"texture":"#0"},"north":{"uv":[10.125,11.5,10.25,12.25],"tintindex":0,"rotation":0,"texture":"#0"},"west":{"uv":[5.375,11.75,5.5,12.5],"tintindex":0,"rotation":0,"texture":"#0"},"up":{"uv":[12.375,0.375,12.25,0.25],"tintindex":0,"rotation":0,"texture":"#0"},"down":{"uv":[12.375,0.5,12.25,0.625],"tintindex":0,"rotation":0,"texture":"#0"}}},{"from":[11.458937,0.71706724,7.3416014],"to":[12.458937,1.7170672,7.8416014],"faces":{"east":{"uv":[12.125,8.625,12.25,8.875],"tintindex":0,"rotation":0,"texture":"#0"},"south":{"uv":[11.0,11.875,11.25,12.125],"tintindex":0,"rotation":0,"texture":"#0"},"north":{"uv":[9.5,11.875,9.75,12.125],"tintindex":0,"rotation":0,"texture":"#0"},"west":{"uv":[12.125,9.625,12.25,9.875],"tintindex":0,"rotation":0,"texture":"#0"},"up":{"uv":[12.375,10.125,12.125,10.0],"tintindex":0,"rotation":0,"texture":"#0"},"down":{"uv":[12.375,10.25,12.125,10.375],"tintindex":0,"rotation":0,"texture":"#0"}},"rotation":{"origin":[8.038725,1.1181531,6.7166014],"angle":-22.5,"axis":"z"}},{"from":[6.816453,-2.9325457,6.8416014],"to":[9.816453,-1.9325457,7.3416014],"faces":{"east":{"uv":[12.125,12.125,12.25,12.375],"tintindex":0,"rotation":0,"texture":"#0"},"south":{"uv":[10.875,3.875,11.625,4.125],"tintindex":0,"rotation":0,"texture":"#0"},"north":{"uv":[10.875,3.5,11.625,3.75],"tintindex":0,"rotation":0,"texture":"#0"},"west":{"uv":[0.0,12.25,0.125,12.5],"tintindex":0,"rotation":0,"texture":"#0"},"up":{"uv":[12.5,7.0,11.75,6.875],"tintindex":0,"rotation":0,"texture":"#0"},"down":{"uv":[12.5,7.125,11.75,7.25],"tintindex":0,"rotation":0,"texture":"#0"}},"rotation":{"origin":[8.038725,1.1181531,6.7166014],"angle":45.0,"axis":"z"}},{"from":[6.913725,5.618153,6.6130476],"to":[8.913725,6.618153,8.613049],"faces":{"east":{"uv":[1.25,11.5,1.75,11.75],"tintindex":0,"rotation":0,"texture":"#0"},"south":{"uv":[11.5,4.625,12.0,4.875],"tintindex":0,"rotation":0,"texture":"#0"},"north":{"uv":[0.0,11.5,0.5,11.75],"tintindex":0,"rotation":0,"texture":"#0"},"west":{"uv":[11.5,5.375,12.0,5.625],"tintindex":0,"rotation":0,"texture":"#0"},"up":{"uv":[10.25,4.125,9.75,3.625],"tintindex":0,"rotation":0,"texture":"#0"},"down":{"uv":[4.375,9.75,3.875,10.25],"tintindex":0,"rotation":0,"texture":"#0"}}},{"from":[3.6185122,0.71706724,6.3416014],"to":[4.618512,1.7170672,6.8416014],"faces":{"east":{"uv":[7.25,12.125,7.375,12.375],"tintindex":0,"rotation":0,"texture":"#0"},"south":{"uv":[0.0,11.875,0.25,12.125],"tintindex":0,"rotation":0,"texture":"#0"},"north":{"uv":[11.75,11.125,12.0,11.375],"tintindex":0,"rotation":0,"texture":"#0"},"west":{"uv":[12.125,7.375,12.25,7.625],"tintindex":0,"rotation":0,"texture":"#0"},"up":{"uv":[12.375,4.875,12.125,4.75],"tintindex":0,"rotation":0,"texture":"#0"},"down":{"uv":[12.375,7.75,12.125,7.875],"tintindex":0,"rotation":0,"texture":"#0"}},"rotation":{"origin":[8.038725,1.1181531,6.7166014],"angle":22.5,"axis":"z"}},{"from":[11.458937,0.71706724,6.3416014],"to":[12.458937,1.7170672,6.8416014],"faces":{"east":{"uv":[12.125,10.5,12.25,10.75],"tintindex":0,"rotation":0,"texture":"#0"},"south":{"uv":[11.75,11.875,12.0,12.125],"tintindex":0,"rotation":0,"texture":"#0"},"north":{"uv":[11.375,11.875,11.625,12.125],"tintindex":0,"rotation":0,"texture":"#0"},"west":{"uv":[10.625,12.125,10.75,12.375],"tintindex":0,"rotation":0,"texture":"#0"},"up":{"uv":[12.375,11.0,12.125,10.875],"tintindex":0,"rotation":0,"texture":"#0"},"down":{"uv":[12.375,11.125,12.125,11.25],"tintindex":0,"rotation":0,"texture":"#0"}},"rotation":{"origin":[8.038725,1.1181531,6.7166014],"angle":-22.5,"axis":"z"}},{"from":[6.788725,2.3895998,5.8416014],"to":[9.288725,4.8896,5.8416014],"faces":{"south":{"uv":[7.625,7.75,8.25,8.375],"tintindex":0,"rotation":0,"texture":"#0"},"north":{"uv":[6.875,7.75,7.5,8.375],"tintindex":0,"rotation":0,"texture":"#0"}}},{"from":[6.913725,6.618153,6.6130476],"to":[8.913725,8.118153,8.613049],"faces":{"east":{"uv":[10.375,0.0,10.875,0.375],"tintindex":0,"rotation":0,"texture":"#0"},"south":{"uv":[6.75,10.375,7.25,10.75],"tintindex":0,"rotation":0,"texture":"#0"},"north":{"uv":[3.5,5.75,4.0,6.125],"tintindex":0,"rotation":0,"texture":"#0"},"west":{"uv":[10.375,6.75,10.875,7.125],"tintindex":0,"rotation":0,"texture":"#0"},"up":{"uv":[10.25,0.5,9.75,0.0],"tintindex":0,"rotation":0,"texture":"#0"},"down":{"uv":[1.125,9.75,0.625,10.25],"tintindex":0,"rotation":0,"texture":"#0"}}},{"from":[1.6245108,-0.7819729,6.8416014],"to":[4.624511,0.21802711,7.3416014],"faces":{"east":{"uv":[12.125,5.25,12.25,5.5],"tintindex":0,"rotation":0,"texture":"#0"},"south":{"uv":[9.75,10.75,10.5,11.0],"tintindex":0,"rotation":0,"texture":"#0"},"north":{"uv":[8.0,10.75,8.75,11.0],"tintindex":0,"rotation":0,"texture":"#0"},"west":{"uv":[7.0,12.125,7.125,12.375],"tintindex":0,"rotation":0,"texture":"#0"},"up":{"uv":[12.5,3.875,11.75,3.75],"tintindex":0,"rotation":0,"texture":"#0"},"down":{"uv":[12.5,4.0,11.75,4.125],"tintindex":0,"rotation":0,"texture":"#0"}}},{"from":[2.288725,-1.6104002,5.7166014],"to":[13.788725,7.3896,5.7166014],"faces":{"south":{"uv":[2.875,0.0,0.0,2.25],"tintindex":0,"rotation":0,"texture":"#0"},"north":{"uv":[0.0,0.0,2.875,2.25],"tintindex":0,"rotation":0,"texture":"#0"}},"rotation":{"origin":[8.038725,2.8895998,7.0916014],"angle":-22.5,"axis":"x"}},{"from":[6.663725,6.618153,6.3630476],"to":[9.163725,7.618153,8.863048],"faces":{"east":{"uv":[11.0,4.25,11.625,4.5],"tintindex":0,"rotation":0,"texture":"#0"},"south":{"uv":[11.0,5.0,11.625,5.25],"tintindex":0,"rotation":0,"texture":"#0"},"north":{"uv":[11.0,1.0,11.625,1.25],"tintindex":0,"rotation":0,"texture":"#0"},"west":{"uv":[11.0,6.0,11.625,6.25],"tintindex":0,"rotation":0,"texture":"#0"},"up":{"uv":[4.125,8.125,3.5,7.5],"tintindex":0,"rotation":0,"texture":"#0"},"down":{"uv":[8.375,0.0,7.75,0.625],"tintindex":0,"rotation":0,"texture":"#0"}}},{"from":[7.2887244,-4.6104,5.8416014],"to":[9.288725,-2.1104002,5.8416014],"faces":{"south":{"uv":[9.25,5.125,8.75,5.75],"tintindex":0,"rotation":0,"texture":"#0"},"north":{"uv":[8.75,5.125,9.25,5.75],"tintindex":0,"rotation":0,"texture":"#0"}}},{"from":[7.5387244,4.0501337,2.9007373],"to":[8.538725,7.0501337,3.9007373],"faces":{"east":{"uv":[10.625,10.75,10.875,11.5],"tintindex":0,"rotation":0,"texture":"#0"},"south":{"uv":[10.875,1.375,11.125,2.125],"tintindex":0,"rotation":0,"texture":"#0"},"north":{"uv":[6.375,10.625,6.625,11.375],"tintindex":0,"rotation":0,"texture":"#0"},"west":{"uv":[10.875,2.25,11.125,3.0],"tintindex":0,"rotation":0,"texture":"#0"},"up":{"uv":[8.75,12.0,8.5,11.75],"tintindex":0,"rotation":0,"texture":"#0"},"down":{"uv":[12.0,10.75,11.75,11.0],"tintindex":0,"rotation":0,"texture":"#0"}},"rotation":{"origin":[8.038725,1.1181531,6.7166014],"angle":45.0,"axis":"x"}},{"from":[6.260996,-2.9325457,6.8416014],"to":[9.260996,-1.9325457,7.3416014],"faces":{"east":{"uv":[3.5,10.875,3.625,11.125],"tintindex":0,"rotation":0,"texture":"#0"},"south":{"uv":[10.625,5.625,11.375,5.875],"tintindex":0,"rotation":0,"texture":"#0"},"north":{"uv":[5.5,10.625,6.25,10.875],"tintindex":0,"rotation":0,"texture":"#0"},"west":{"uv":[0.75,11.125,0.875,11.375],"tintindex":0,"rotation":0,"texture":"#0"},"up":{"uv":[12.25,9.125,11.5,9.0],"tintindex":0,"rotation":0,"texture":"#0"},"down":{"uv":[12.5,3.5,11.75,3.625],"tintindex":0,"rotation":0,"texture":"#0"}},"rotation":{"origin":[8.038725,1.1181531,6.7166014],"angle":-45.0,"axis":"z"}},{"from":[9.663725,-2.8604002,6.3416014],"to":[10.163725,-1.3604002,7.8416014],"faces":{"east":{"uv":[2.625,11.25,3.0,11.625],"tintindex":0,"rotation":0,"texture":"#0"},"south":{"uv":[0.375,11.875,0.5,12.25],"tintindex":0,"rotation":0,"texture":"#0"},"north":{"uv":[8.875,11.75,9.0,12.125],"tintindex":0,"rotation":0,"texture":"#0"},"west":{"uv":[3.125,11.25,3.5,11.625],"tintindex":0,"rotation":0,"texture":"#0"},"up":{"uv":[1.75,12.25,1.625,11.875],"tintindex":0,"rotation":0,"texture":"#0"},"down":{"uv":[10.0,11.875,9.875,12.25],"tintindex":0,"rotation":0,"texture":"#0"}}},{"from":[11.452938,-0.7819729,6.8416014],"to":[14.452938,0.21802711,7.3416014],"faces":{"east":{"uv":[12.125,11.375,12.25,11.625],"tintindex":0,"rotation":0,"texture":"#0"},"south":{"uv":[10.875,3.125,11.625,3.375],"tintindex":0,"rotation":0,"texture":"#0"},"north":{"uv":[2.625,10.875,3.375,11.125],"tintindex":0,"rotation":0,"texture":"#0"},"west":{"uv":[12.125,11.75,12.25,12.0],"tintindex":0,"rotation":0,"texture":"#0"},"up":{"uv":[12.5,4.375,11.75,4.25],"tintindex":0,"rotation":0,"texture":"#0"},"down":{"uv":[12.5,5.0,11.75,5.125],"tintindex":0,"rotation":0,"texture":"#0"}}},{"from":[8.038725,2.3895998,4.5916014],"to":[8.038725,4.8896,7.0916014],"faces":{"east":{"uv":[1.5,7.875,2.125,8.5],"tintindex":0,"rotation":0,"texture":"#0"},"west":{"uv":[2.25,7.875,2.875,8.5],"tintindex":0,"rotation":0,"texture":"#0"}}},{"from":[8.038725,-4.6104,5.0916014],"to":[8.038725,-2.1104002,7.0916014],"faces":{"east":{"uv":[8.75,2.125,9.25,2.75],"tintindex":0,"rotation":0,"texture":"#0"},"west":{"uv":[9.25,2.125,8.75,2.75],"tintindex":0,"rotation":0,"texture":"#0"}}},{"from":[6.288725,-6.1104,7.0916014],"to":[9.788725,-2.6104002,7.0916014],"faces":{"south":{"uv":[5.625,1.0,6.5,1.875],"tintindex":0,"rotation":0,"texture":"#0"},"north":{"uv":[5.625,0.0,6.5,0.875],"tintindex":0,"rotation":0,"texture":"#0"}}},{"from":[8.288725,-2.1104002,5.5916014],"to":[8.788725,0.8895998,6.0916014],"faces":{"east":{"uv":[5.875,11.75,6.0,12.5],"tintindex":0,"rotation":0,"texture":"#0"},"south":{"uv":[11.75,6.0,11.875,6.75],"tintindex":0,"rotation":0,"texture":"#0"},"north":{"uv":[5.625,11.75,5.75,12.5],"tintindex":0,"rotation":0,"texture":"#0"},"west":{"uv":[6.75,11.75,6.875,12.5],"tintindex":0,"rotation":0,"texture":"#0"},"up":{"uv":[12.375,0.875,12.25,0.75],"tintindex":0,"rotation":0,"texture":"#0"},"down":{"uv":[1.25,12.25,1.125,12.375],"tintindex":0,"rotation":0,"texture":"#0"}}},{"from":[7.7887244,-3.1104002,5.5916014],"to":[8.288725,3.3895998,6.0916014],"faces":{"east":{"uv":[2.375,10.375,2.5,12.0],"tintindex":0,"rotation":0,"texture":"#0"},"south":{"uv":[3.75,10.375,3.875,12.0],"tintindex":0,"rotation":0,"texture":"#0"},"north":{"uv":[1.0,10.375,1.125,12.0],"tintindex":0,"rotation":0,"texture":"#0"},"west":{"uv":[4.0,10.375,4.125,12.0],"tintindex":0,"rotation":0,"texture":"#0"},"up":{"uv":[1.5,12.375,1.375,12.25],"tintindex":0,"rotation":0,"texture":"#0"},"down":{"uv":[12.375,1.625,12.25,1.75],"tintindex":0,"rotation":0,"texture":"#0"}}}],"display":{"gui":{"rotation":[30,225,0]}}}