{"textures":{"0":"modelengine:entity/dwarf_huntsman"},"elements":[{"from":[5.9892135,2.9718752,5.0485663],"to":[9.989214,7.971875,9.048567],"faces":{"east":{"uv":[5.375,8.5,5.875,9.125],"tintindex":0,"rotation":0,"texture":"#0"},"south":{"uv":[6.0,8.5,6.5,9.125],"tintindex":0,"rotation":0,"texture":"#0"},"north":{"uv":[8.5,3.625,9.0,4.25],"tintindex":0,"rotation":0,"texture":"#0"},"west":{"uv":[6.625,8.5,7.125,9.125],"tintindex":0,"rotation":0,"texture":"#0"},"up":{"uv":[9.0,9.875,8.5,9.375],"tintindex":0,"rotation":0,"texture":"#0"},"down":{"uv":[3.75,9.625,3.25,10.125],"tintindex":0,"rotation":0,"texture":"#0"}}}],"display":{"gui":{"rotation":[30,225,0]}}}