{"textures":{"0":"modelengine:entity/dwarf_huntsman"},"elements":[{"from":[5.6221232,0.8118181,6.236067],"to":[7.6221237,1.8118181,8.236067],"faces":{"east":{"uv":[3.5,12.125,3.75,12.25],"tintindex":0,"rotation":0,"texture":"#0"},"south":{"uv":[3.875,12.125,4.125,12.25],"tintindex":0,"rotation":0,"texture":"#0"},"north":{"uv":[3.125,12.125,3.375,12.25],"tintindex":0,"rotation":0,"texture":"#0"},"west":{"uv":[12.125,4.5,12.375,4.625],"tintindex":0,"rotation":0,"texture":"#0"},"up":{"uv":[7.625,12.0,7.375,11.75],"tintindex":0,"rotation":0,"texture":"#0"},"down":{"uv":[12.0,7.375,11.75,7.625],"tintindex":0,"rotation":0,"texture":"#0"}},"rotation":{"origin":[11.0303,3.522585,9.632513],"angle":-22.5,"axis":"z"}},{"from":[5.1221232,-2.1881819,6.236067],"to":[8.122124,0.8118181,8.236067],"faces":{"east":{"uv":[10.625,11.625,10.875,12.0],"tintindex":0,"rotation":0,"texture":"#0"},"south":{"uv":[11.25,1.375,11.625,1.75],"tintindex":0,"rotation":0,"texture":"#0"},"north":{"uv":[4.875,11.125,5.25,11.5],"tintindex":0,"rotation":0,"texture":"#0"},"west":{"uv":[11.75,1.125,12.0,1.5],"tintindex":0,"rotation":0,"texture":"#0"},"up":{"uv":[12.125,1.875,11.75,1.625],"tintindex":0,"rotation":0,"texture":"#0"},"down":{"uv":[12.125,2.0,11.75,2.25],"tintindex":0,"rotation":0,"texture":"#0"}},"rotation":{"origin":[11.0303,3.522585,9.632513],"angle":-22.5,"axis":"z"}},{"from":[5.1221232,1.8118181,6.236067],"to":[8.122124,6.811819,8.236067],"faces":{"east":{"uv":[5.875,11.0,6.125,11.625],"tintindex":0,"rotation":0,"texture":"#0"},"south":{"uv":[10.375,3.375,10.75,4.0],"tintindex":0,"rotation":0,"texture":"#0"},"north":{"uv":[1.875,10.375,2.25,11.0],"tintindex":0,"rotation":0,"texture":"#0"},"west":{"uv":[7.375,11.0,7.625,11.625],"tintindex":0,"rotation":0,"texture":"#0"},"up":{"uv":[12.125,2.625,11.75,2.375],"tintindex":0,"rotation":0,"texture":"#0"},"down":{"uv":[3.0,11.75,2.625,12.0],"tintindex":0,"rotation":0,"texture":"#0"}},"rotation":{"origin":[11.0303,3.522585,9.632513],"angle":-22.5,"axis":"z"}}],"display":{"gui":{"rotation":[30,225,0]}}}