{"textures":{"0":"modelengine:entity/dwarf_huntsman"},"elements":[{"from":[6.150978,5.236306,5.2260957],"to":[10.150978,8.236306,9.226096],"faces":{"east":{"uv":[6.75,10.875,7.25,11.25],"tintindex":0,"rotation":0,"texture":"#0"},"south":{"uv":[10.875,8.75,11.375,9.125],"tintindex":0,"rotation":0,"texture":"#0"},"north":{"uv":[4.25,10.875,4.75,11.25],"tintindex":0,"rotation":0,"texture":"#0"},"west":{"uv":[10.875,9.75,11.375,10.125],"tintindex":0,"rotation":0,"texture":"#0"},"up":{"uv":[9.625,10.375,9.125,9.875],"tintindex":0,"rotation":0,"texture":"#0"},"down":{"uv":[5.375,10.0,4.875,10.5],"tintindex":0,"rotation":0,"texture":"#0"}}},{"from":[6.150978,3.2363062,5.2260957],"to":[10.150978,5.236306,9.226096],"faces":{"east":{"uv":[9.5,11.5,10.0,11.75],"tintindex":0,"rotation":0,"texture":"#0"},"south":{"uv":[11.5,9.625,12.0,9.875],"tintindex":0,"rotation":0,"texture":"#0"},"north":{"uv":[11.5,8.625,12.0,8.875],"tintindex":0,"rotation":0,"texture":"#0"},"west":{"uv":[11.5,10.0,12.0,10.25],"tintindex":0,"rotation":0,"texture":"#0"},"up":{"uv":[1.75,10.375,1.25,9.875],"tintindex":0,"rotation":0,"texture":"#0"},"down":{"uv":[7.875,9.875,7.375,10.375],"tintindex":0,"rotation":0,"texture":"#0"}}},{"from":[5.650978,5.236306,4.7260957],"to":[10.650978,7.236306,9.726095],"faces":{"east":{"uv":[11.0,8.25,11.625,8.5],"tintindex":0,"rotation":0,"texture":"#0"},"south":{"uv":[8.875,11.0,9.5,11.25],"tintindex":0,"rotation":0,"texture":"#0"},"north":{"uv":[11.0,7.875,11.625,8.125],"tintindex":0,"rotation":0,"texture":"#0"},"west":{"uv":[11.0,10.75,11.625,11.0],"tintindex":0,"rotation":0,"texture":"#0"},"up":{"uv":[8.5,5.375,7.875,4.75],"tintindex":0,"rotation":0,"texture":"#0"},"down":{"uv":[8.625,2.125,8.0,2.75],"tintindex":0,"rotation":0,"texture":"#0"}}}],"display":{"gui":{"rotation":[30,225,0]}}}