{"textures":{"0":"modelengine:entity/dwarf_huntsman"},"elements":[{"from":[5.9892135,2.9718752,5.0485663],"to":[9.989214,7.971875,9.048567],"faces":{"east":{"uv":[4.875,9.25,5.375,9.875],"tintindex":0,"rotation":0,"texture":"#0"},"south":{"uv":[5.5,9.25,6.0,9.875],"tintindex":0,"rotation":0,"texture":"#0"},"north":{"uv":[9.25,4.375,9.75,5.0],"tintindex":0,"rotation":0,"texture":"#0"},"west":{"uv":[6.125,9.25,6.625,9.875],"tintindex":0,"rotation":0,"texture":"#0"},"up":{"uv":[10.75,3.25,10.25,2.75],"tintindex":0,"rotation":0,"texture":"#0"},"down":{"uv":[3.625,10.25,3.125,10.75],"tintindex":0,"rotation":0,"texture":"#0"}}}],"display":{"gui":{"rotation":[30,225,0]}}}