{"textures":{"0":"modelengine:entity/dwarf_huntsman"},"elements":[{"from":[8.356304,0.8118181,6.236067],"to":[10.356304,1.8118181,8.236067],"faces":{"east":{"uv":[12.125,1.375,12.375,1.5],"tintindex":0,"rotation":0,"texture":"#0"},"south":{"uv":[2.375,12.125,2.625,12.25],"tintindex":0,"rotation":0,"texture":"#0"},"north":{"uv":[9.125,12.0,9.375,12.125],"tintindex":0,"rotation":0,"texture":"#0"},"west":{"uv":[2.75,12.125,3.0,12.25],"tintindex":0,"rotation":0,"texture":"#0"},"up":{"uv":[2.375,9.625,2.125,9.375],"tintindex":0,"rotation":0,"texture":"#0"},"down":{"uv":[7.25,11.75,7.0,12.0],"tintindex":0,"rotation":0,"texture":"#0"}},"rotation":{"origin":[4.9481263,3.522585,9.632513],"angle":22.5,"axis":"z"}},{"from":[7.8563037,-2.1881819,6.236067],"to":[10.856304,0.8118181,8.236067],"faces":{"east":{"uv":[5.25,4.125,5.5,4.5],"tintindex":0,"rotation":0,"texture":"#0"},"south":{"uv":[1.875,11.125,2.25,11.5],"tintindex":0,"rotation":0,"texture":"#0"},"north":{"uv":[2.5,8.625,2.875,9.0],"tintindex":0,"rotation":0,"texture":"#0"},"west":{"uv":[3.25,9.125,3.5,9.5],"tintindex":0,"rotation":0,"texture":"#0"},"up":{"uv":[2.25,11.875,1.875,11.625],"tintindex":0,"rotation":0,"texture":"#0"},"down":{"uv":[5.25,11.625,4.875,11.875],"tintindex":0,"rotation":0,"texture":"#0"}},"rotation":{"origin":[4.9481263,3.522585,9.632513],"angle":22.5,"axis":"z"}},{"from":[7.8563037,1.8118181,6.236067],"to":[10.856304,6.811819,8.236067],"faces":{"east":{"uv":[4.25,7.5,4.5,8.125],"tintindex":0,"rotation":0,"texture":"#0"},"south":{"uv":[10.375,1.375,10.75,2.0],"tintindex":0,"rotation":0,"texture":"#0"},"north":{"uv":[0.5,10.375,0.875,11.0],"tintindex":0,"rotation":0,"texture":"#0"},"west":{"uv":[5.5,11.0,5.75,11.625],"tintindex":0,"rotation":0,"texture":"#0"},"up":{"uv":[12.0,11.75,11.625,11.5],"tintindex":0,"rotation":0,"texture":"#0"},"down":{"uv":[12.125,0.75,11.75,1.0],"tintindex":0,"rotation":0,"texture":"#0"}},"rotation":{"origin":[4.9481263,3.522585,9.632513],"angle":22.5,"axis":"z"}}],"display":{"gui":{"rotation":[30,225,0]}}}