{"textures":{"0":"modelengine:entity/dwarf_huntsman"},"elements":[{"from":[7.2609525,4.6790085,4.696088],"to":[11.260953,8.6790085,9.696088],"faces":{"east":{"uv":[9.0,1.5,9.625,2.0],"tintindex":0,"rotation":0,"texture":"#0"},"south":{"uv":[8.0,10.0,8.5,10.5],"tintindex":0,"rotation":0,"texture":"#0"},"north":{"uv":[6.125,10.0,6.625,10.5],"tintindex":0,"rotation":0,"texture":"#0"},"west":{"uv":[2.5,9.125,3.125,9.625],"tintindex":0,"rotation":0,"texture":"#0"},"up":{"uv":[9.625,4.25,9.125,3.625],"tintindex":0,"rotation":0,"texture":"#0"},"down":{"uv":[9.625,8.375,9.125,9.0],"tintindex":0,"rotation":0,"texture":"#0"}}},{"from":[9.760952,10.357071,3.838932],"to":[9.760952,13.357071,9.838932],"faces":{"east":{"uv":[7.625,9.375,8.375,9.75],"tintindex":0,"rotation":0,"texture":"#0"},"west":{"uv":[9.5,6.75,10.25,7.125],"tintindex":0,"rotation":0,"texture":"#0"}},"rotation":{"origin":[4.7609525,8.857071,6.838932],"angle":-22.5,"axis":"x"}},{"from":[6.7609525,3.1790085,5.196088],"to":[10.760953,8.1790085,9.196089],"faces":{"east":{"uv":[4.25,9.0,4.75,9.625],"tintindex":0,"rotation":0,"texture":"#0"},"south":{"uv":[9.0,7.625,9.5,8.25],"tintindex":0,"rotation":0,"texture":"#0"},"north":{"uv":[8.875,6.875,9.375,7.5],"tintindex":0,"rotation":0,"texture":"#0"},"west":{"uv":[9.125,0.0,9.625,0.625],"tintindex":0,"rotation":0,"texture":"#0"},"up":{"uv":[6.0,10.5,5.5,10.0],"tintindex":0,"rotation":0,"texture":"#0"},"down":{"uv":[10.5,5.625,10.0,6.125],"tintindex":0,"rotation":0,"texture":"#0"}}},{"from":[5.7609525,7.357071,3.838932],"to":[9.760952,10.357071,9.838932],"faces":{"east":{"uv":[9.375,5.125,10.125,5.5],"tintindex":0,"rotation":0,"texture":"#0"},"south":{"uv":[11.0,0.0,11.5,0.375],"tintindex":0,"rotation":0,"texture":"#0"},"north":{"uv":[10.875,10.25,11.375,10.625],"tintindex":0,"rotation":0,"texture":"#0"},"west":{"uv":[9.375,6.25,10.125,6.625],"tintindex":0,"rotation":0,"texture":"#0"},"up":{"uv":[8.875,8.5,8.375,7.75],"tintindex":0,"rotation":0,"texture":"#0"},"down":{"uv":[9.0,0.0,8.5,0.75],"tintindex":0,"rotation":0,"texture":"#0"}},"rotation":{"origin":[4.7609525,8.857071,6.838932],"angle":-22.5,"axis":"x"}}],"display":{"gui":{"rotation":[30,225,0]}}}