{"textures":{"0":"modelengine:entity/dwarf_huntsman"},"elements":[{"from":[3.4892135,3.7866225,10.072269],"to":[12.489214,7.786622,10.072269],"faces":{"south":{"uv":[6.875,1.5,8.0,2.0],"tintindex":0,"rotation":0,"texture":"#0"},"north":{"uv":[6.75,3.375,7.875,3.875],"tintindex":0,"rotation":0,"texture":"#0"}}},{"from":[13.489214,7.6252756,-1.3577099],"to":[13.489214,12.650276,3.64229],"faces":{"east":{"uv":[5.375,7.75,6.0,8.375],"tintindex":0,"rotation":0,"texture":"#0"},"west":{"uv":[6.125,7.75,6.75,8.375],"tintindex":0,"rotation":0,"texture":"#0"}},"rotation":{"origin":[13.489214,10.137775,4.64229],"angle":22.5,"axis":"x"}},{"from":[13.489214,12.236306,1.2817621],"to":[13.489214,17.261307,6.281762],"faces":{"east":{"uv":[0.0,7.875,0.625,8.5],"tintindex":0,"rotation":0,"texture":"#0"},"west":{"uv":[0.75,7.875,1.375,8.5],"tintindex":0,"rotation":0,"texture":"#0"}},"rotation":{"origin":[13.489214,14.248807,2.5567627],"angle":45.0,"axis":"x"}},{"from":[12.989214,6.2529974,5.7397804],"to":[13.989214,14.252997,6.7647805],"faces":{"east":{"uv":[7.75,11.5,7.875,12.5],"tintindex":0,"rotation":0,"texture":"#0"},"south":{"uv":[8.0,11.5,8.125,12.5],"tintindex":0,"rotation":0,"texture":"#0"},"north":{"uv":[6.5,11.5,6.625,12.5],"tintindex":0,"rotation":0,"texture":"#0"},"west":{"uv":[8.25,11.5,8.375,12.5],"tintindex":0,"rotation":0,"texture":"#0"},"up":{"uv":[9.0,10.875,8.875,10.75],"tintindex":0,"rotation":0,"texture":"#0"},"down":{"uv":[12.375,0.0,12.25,0.125],"tintindex":0,"rotation":0,"texture":"#0"}},"rotation":{"origin":[13.489214,11.252997,6.25228],"angle":-45.0,"axis":"x"}},{"from":[12.989214,9.625276,0.6422901],"to":[13.989214,10.650276,8.64229],"faces":{"east":{"uv":[11.25,2.875,12.25,3.0],"tintindex":0,"rotation":0,"texture":"#0"},"south":{"uv":[8.625,6.875,8.75,7.0],"tintindex":0,"rotation":0,"texture":"#0"},"north":{"uv":[2.25,6.875,2.375,7.0],"tintindex":0,"rotation":0,"texture":"#0"},"west":{"uv":[11.5,5.75,12.5,5.875],"tintindex":0,"rotation":0,"texture":"#0"},"up":{"uv":[10.5,12.125,10.375,11.125],"tintindex":0,"rotation":0,"texture":"#0"},"down":{"uv":[6.375,11.5,6.25,12.5],"tintindex":0,"rotation":0,"texture":"#0"}},"rotation":{"origin":[13.489214,10.137775,4.64229],"angle":22.5,"axis":"x"}},{"from":[3.9892135,7.7616224,4.597269],"to":[11.989214,12.761622,9.597269],"faces":{"east":{"uv":[1.75,7.125,2.375,7.75],"tintindex":0,"rotation":0,"texture":"#0"},"south":{"uv":[6.125,6.25,7.125,6.875],"tintindex":0,"rotation":0,"texture":"#0"},"north":{"uv":[5.0,6.25,6.0,6.875],"tintindex":0,"rotation":0,"texture":"#0"},"west":{"uv":[7.25,6.125,7.875,6.75],"tintindex":0,"rotation":0,"texture":"#0"},"up":{"uv":[1.0,7.0,0.0,6.375],"tintindex":0,"rotation":0,"texture":"#0"},"down":{"uv":[2.125,6.375,1.125,7.0],"tintindex":0,"rotation":0,"texture":"#0"}}},{"from":[3.4892135,3.7866225,4.072269],"to":[3.4892135,7.786622,10.072269],"faces":{"east":{"uv":[7.125,2.75,7.875,3.25],"tintindex":0,"rotation":0,"texture":"#0"},"west":{"uv":[8.0,7.125,8.75,7.625],"tintindex":0,"rotation":0,"texture":"#0"}}},{"from":[12.489214,3.7866225,4.072269],"to":[12.489214,7.786622,10.072269],"faces":{"east":{"uv":[8.125,1.5,8.875,2.0],"tintindex":0,"rotation":0,"texture":"#0"},"west":{"uv":[3.625,8.25,4.375,8.75],"tintindex":0,"rotation":0,"texture":"#0"}}},{"from":[3.4892135,3.7866225,4.072269],"to":[12.489214,7.786622,4.072269],"faces":{"south":{"uv":[6.625,5.5,7.75,6.0],"tintindex":0,"rotation":0,"texture":"#0"},"north":{"uv":[6.625,4.875,7.75,5.375],"tintindex":0,"rotation":0,"texture":"#0"}}},{"from":[12.489214,6.2491226,4.4864826],"to":[14.489214,10.274122,12.486483],"faces":{"east":{"uv":[6.875,2.125,7.875,2.625],"tintindex":0,"rotation":0,"texture":"#0"},"south":{"uv":[0.625,11.5,0.875,12.0],"tintindex":0,"rotation":0,"texture":"#0"},"north":{"uv":[9.125,11.375,9.375,11.875],"tintindex":0,"rotation":0,"texture":"#0"},"west":{"uv":[3.5,6.875,4.5,7.375],"tintindex":0,"rotation":0,"texture":"#0"},"up":{"uv":[3.0,10.75,2.75,9.75],"tintindex":0,"rotation":0,"texture":"#0"},"down":{"uv":[4.75,9.75,4.5,10.75],"tintindex":0,"rotation":0,"texture":"#0"}},"rotation":{"origin":[13.489214,8.261622,7.9864826],"angle":45.0,"axis":"x"}},{"from":[3.4892135,7.786622,4.072269],"to":[12.489214,9.786622,10.072269],"faces":{"east":{"uv":[10.375,9.375,11.125,9.625],"tintindex":0,"rotation":0,"texture":"#0"},"south":{"uv":[0.0,9.375,1.125,9.625],"tintindex":0,"rotation":0,"texture":"#0"},"north":{"uv":[8.75,5.875,9.875,6.125],"tintindex":0,"rotation":0,"texture":"#0"},"west":{"uv":[10.625,4.625,11.375,4.875],"tintindex":0,"rotation":0,"texture":"#0"},"up":{"uv":[1.125,6.25,0.0,5.5],"tintindex":0,"rotation":0,"texture":"#0"},"down":{"uv":[2.375,5.5,1.25,6.25],"tintindex":0,"rotation":0,"texture":"#0"}}}],"display":{"gui":{"rotation":[30,225,0]}}}