{"textures":{"0":"modelengine:entity/dawnbringer_angel"},"elements":[{"from":[6.0,12.875,6.0],"to":[10.0,12.875,10.0],"faces":{"up":{"uv":[3.75,5.0,4.75,4.0],"tintindex":0,"rotation":0,"texture":"#0"},"down":{"uv":[3.75,4.0,4.75,5.0],"tintindex":0,"rotation":0,"texture":"#0"}}},{"from":[6.0,8.125,6.0],"to":[10.0,12.125,10.0],"faces":{"east":{"uv":[5.0,1.25,4.0,2.25],"tintindex":0,"rotation":0,"texture":"#0"},"south":{"uv":[2.25,4.0,1.25,5.0],"tintindex":0,"rotation":0,"texture":"#0"},"north":{"uv":[1.0,4.0,0.0,5.0],"tintindex":0,"rotation":0,"texture":"#0"},"west":{"uv":[5.0,0.0,4.0,1.0],"tintindex":0,"rotation":0,"texture":"#0"},"up":{"uv":[2.5,5.0,3.5,4.0],"tintindex":0,"rotation":0,"texture":"#0"},"down":{"uv":[4.0,2.5,5.0,3.5],"tintindex":0,"rotation":0,"texture":"#0"}}}],"display":{"gui":{"rotation":[30,225,0]}}}