{"textures":{"0":"modelengine:entity/dawnbringer_angel"},"elements":[{"from":[7.5,7.1124954,5.7723393],"to":[8.5,9.112495,7.7723393],"faces":{"east":{"uv":[4.25,5.25,4.75,5.75],"tintindex":0,"rotation":0,"texture":"#0"},"south":{"uv":[6.0,5.75,6.25,6.25],"tintindex":0,"rotation":0,"texture":"#0"},"north":{"uv":[5.5,6.0,5.75,6.5],"tintindex":0,"rotation":0,"texture":"#0"},"west":{"uv":[6.0,0.0,6.5,0.5],"tintindex":0,"rotation":0,"texture":"#0"},"up":{"uv":[0.25,6.75,0.0,6.25],"tintindex":0,"rotation":0,"texture":"#0"},"down":{"uv":[0.75,6.25,0.5,6.75],"tintindex":0,"rotation":0,"texture":"#0"}},"rotation":{"origin":[8.975,11.395599,9.679195],"angle":-22.5,"axis":"x"}}],"display":{"gui":{"rotation":[30,225,0]}}}