{"textures":{"0":"modelengine:entity/chest_shadow"},"elements":[{"from":[-0.5976534,9.521446,1.5553699],"to":[-0.5976534,12.521446,5.55537],"faces":{"east":{"uv":[0.75,10.75,0.0,11.75],"tintindex":0,"rotation":270,"texture":"#0"},"west":{"uv":[0.0,10.75,0.75,11.75],"tintindex":0,"rotation":90,"texture":"#0"}},"rotation":{"origin":[2.8535533,12.021446,7.75],"angle":-22.5,"axis":"y"}},{"from":[16.597652,9.521446,1.5553699],"to":[16.597652,12.521446,5.55537],"faces":{"east":{"uv":[0.0,11.75,0.75,10.75],"tintindex":0,"rotation":90,"texture":"#0"},"west":{"uv":[0.75,11.75,0.0,10.75],"tintindex":0,"rotation":270,"texture":"#0"}},"rotation":{"origin":[13.146446,12.021446,7.75],"angle":22.5,"axis":"y"}},{"from":[-0.4797306,11.021446,2.8789473],"to":[2.5202699,11.021446,6.8789473],"faces":{"up":{"uv":[0.75,11.75,0.0,10.75],"tintindex":0,"rotation":0,"texture":"#0"},"down":{"uv":[0.0,11.75,0.75,10.75],"tintindex":0,"rotation":180,"texture":"#0"}}},{"from":[13.479731,11.021446,7.8789473],"to":[16.47973,11.021446,11.878947],"faces":{"up":{"uv":[0.0,11.75,0.75,10.75],"tintindex":0,"rotation":0,"texture":"#0"},"down":{"uv":[0.75,11.75,0.0,10.75],"tintindex":0,"rotation":180,"texture":"#0"}}},{"from":[-0.455369,12.110477,13.0],"to":[3.5446315,12.110477,16.0],"faces":{"up":{"uv":[0.0,10.75,0.75,11.75],"tintindex":0,"rotation":270,"texture":"#0"},"down":{"uv":[0.75,10.75,0.0,11.75],"tintindex":0,"rotation":270,"texture":"#0"}},"rotation":{"origin":[2.8535533,12.021446,7.75],"angle":22.5,"axis":"z"}},{"from":[9.467068,9.549175,0.75],"to":[13.467068,12.549175,0.75],"faces":{"south":{"uv":[0.0,11.75,0.75,10.75],"tintindex":0,"rotation":270,"texture":"#0"},"north":{"uv":[0.75,11.75,0.0,10.75],"tintindex":0,"rotation":90,"texture":"#0"}},"rotation":{"origin":[13.146446,12.021446,7.75],"angle":-45.0,"axis":"z"}},{"from":[13.479731,11.021446,2.8789473],"to":[16.47973,11.021446,6.8789473],"faces":{"up":{"uv":[0.0,11.75,0.75,10.75],"tintindex":0,"rotation":0,"texture":"#0"},"down":{"uv":[0.75,11.75,0.0,10.75],"tintindex":0,"rotation":180,"texture":"#0"}}},{"from":[2.5329318,9.549175,0.75],"to":[6.5329323,12.549175,0.75],"faces":{"south":{"uv":[0.0,10.75,0.75,11.75],"tintindex":0,"rotation":270,"texture":"#0"},"north":{"uv":[0.75,10.75,0.0,11.75],"tintindex":0,"rotation":90,"texture":"#0"}},"rotation":{"origin":[2.8535533,12.021446,7.75],"angle":45.0,"axis":"z"}},{"from":[11.684771,11.707197,-0.75],"to":[15.684771,11.707197,2.25],"faces":{"up":{"uv":[0.75,11.75,0.0,10.75],"tintindex":0,"rotation":270,"texture":"#0"},"down":{"uv":[0.0,11.75,0.75,10.75],"tintindex":0,"rotation":270,"texture":"#0"}},"rotation":{"origin":[13.146446,12.021446,7.75],"angle":-22.5,"axis":"z"}},{"from":[2.1793785,10.609835,14.25],"to":[6.1793785,13.609835,14.25],"faces":{"south":{"uv":[0.0,10.75,0.75,11.75],"tintindex":0,"rotation":270,"texture":"#0"},"north":{"uv":[0.75,10.75,0.0,11.75],"tintindex":0,"rotation":90,"texture":"#0"}},"rotation":{"origin":[2.8535533,12.021446,7.25],"angle":45.0,"axis":"z"}},{"from":[-0.4797306,11.021446,7.8789473],"to":[2.5202699,11.021446,11.878947],"faces":{"up":{"uv":[0.75,11.75,0.0,10.75],"tintindex":0,"rotation":0,"texture":"#0"},"down":{"uv":[0.0,11.75,0.75,10.75],"tintindex":0,"rotation":180,"texture":"#0"}}},{"from":[12.455368,12.110477,13.0],"to":[16.455368,12.110477,16.0],"faces":{"up":{"uv":[0.0,11.75,0.75,10.75],"tintindex":0,"rotation":270,"texture":"#0"},"down":{"uv":[0.75,11.75,0.0,10.75],"tintindex":0,"rotation":270,"texture":"#0"}},"rotation":{"origin":[13.146446,12.021446,7.75],"angle":-22.5,"axis":"z"}},{"from":[1.5,8.0,2.5],"to":[14.5,14.0,13.5],"faces":{"east":{"uv":[7.25,8.75,10.0,10.25],"tintindex":0,"rotation":0,"texture":"#0"},"south":{"uv":[7.75,5.25,11.0,6.75],"tintindex":0,"rotation":0,"texture":"#0"},"north":{"uv":[7.5,3.5,10.75,5.0],"tintindex":0,"rotation":0,"texture":"#0"},"west":{"uv":[0.0,9.0,2.75,10.5],"tintindex":0,"rotation":0,"texture":"#0"},"up":{"uv":[7.25,2.75,4.0,0.0],"tintindex":0,"rotation":0,"texture":"#0"},"down":{"uv":[7.25,3.0,4.0,5.75],"tintindex":0,"rotation":0,"texture":"#0"}}},{"from":[0.31522942,11.707197,-0.75],"to":[4.3152294,11.707197,2.25],"faces":{"up":{"uv":[0.75,10.75,0.0,11.75],"tintindex":0,"rotation":270,"texture":"#0"},"down":{"uv":[0.0,10.75,0.75,11.75],"tintindex":0,"rotation":270,"texture":"#0"}},"rotation":{"origin":[2.8535533,12.021446,7.75],"angle":22.5,"axis":"z"}},{"from":[10.271446,11.521446,14.25],"to":[14.271446,14.521446,14.25],"faces":{"south":{"uv":[0.0,11.75,0.75,10.75],"tintindex":0,"rotation":270,"texture":"#0"},"north":{"uv":[0.75,11.75,0.0,10.75],"tintindex":0,"rotation":90,"texture":"#0"}},"rotation":{"origin":[12.271446,13.021446,14.25],"angle":-45.0,"axis":"z"}},{"from":[0.9785533,9.521446,5.4],"to":[0.9785533,12.521446,9.4],"faces":{"east":{"uv":[0.75,10.75,0.0,11.75],"tintindex":0,"rotation":270,"texture":"#0"},"west":{"uv":[0.0,10.75,0.75,11.75],"tintindex":0,"rotation":90,"texture":"#0"}}},{"from":[15.021446,9.521446,5.4],"to":[15.021446,12.521446,9.4],"faces":{"east":{"uv":[0.0,11.75,0.75,10.75],"tintindex":0,"rotation":90,"texture":"#0"},"west":{"uv":[0.75,11.75,0.0,10.75],"tintindex":0,"rotation":270,"texture":"#0"}}},{"from":[0.9785533,9.521446,10.4],"to":[0.9785533,12.521446,14.4],"faces":{"east":{"uv":[0.75,10.75,0.0,11.75],"tintindex":0,"rotation":270,"texture":"#0"},"west":{"uv":[0.0,10.75,0.75,11.75],"tintindex":0,"rotation":90,"texture":"#0"}}},{"from":[15.021446,9.521446,10.4],"to":[15.021446,12.521446,14.4],"faces":{"east":{"uv":[0.0,11.75,0.75,10.75],"tintindex":0,"rotation":90,"texture":"#0"},"west":{"uv":[0.75,11.75,0.0,10.75],"tintindex":0,"rotation":270,"texture":"#0"}}}],"display":{"gui":{"rotation":[30,225,0]}}}