{"textures":{"0":"modelengine:entity/chest_shadow"},"elements":[{"from":[5.5,6.0,6.5],"to":[10.5,10.0,9.5],"faces":{"east":{"uv":[2.0,10.75,2.75,11.75],"tintindex":0,"rotation":0,"texture":"#0"},"south":{"uv":[10.25,10.0,11.5,11.0],"tintindex":0,"rotation":0,"texture":"#0"},"north":{"uv":[10.25,8.75,11.5,9.75],"tintindex":0,"rotation":0,"texture":"#0"},"west":{"uv":[11.0,3.5,11.75,4.5],"tintindex":0,"rotation":0,"texture":"#0"},"up":{"uv":[8.25,11.25,7.0,10.5],"tintindex":0,"rotation":0,"texture":"#0"},"down":{"uv":[9.75,10.5,8.5,11.25],"tintindex":0,"rotation":0,"texture":"#0"}}}],"display":{"gui":{"rotation":[30,225,0]}}}