{"textures":{"0":"modelengine:entity/chest_shadow"},"elements":[{"from":[11.396446,15.396446,0.4000001],"to":[14.396446,15.396446,4.4],"faces":{"up":{"uv":[0.75,10.75,0.0,11.75],"tintindex":0,"rotation":180,"texture":"#0"},"down":{"uv":[0.0,10.75,0.75,11.75],"tintindex":0,"rotation":0,"texture":"#0"}}},{"from":[3.6035533,10.646446,9.75],"to":[6.6035533,14.646446,9.75],"faces":{"south":{"uv":[0.0,10.75,0.75,11.75],"tintindex":0,"rotation":0,"texture":"#0"},"north":{"uv":[0.75,10.75,0.0,11.75],"tintindex":0,"rotation":0,"texture":"#0"}},"rotation":{"origin":[5.1035533,12.646446,9.75],"angle":45.0,"axis":"z"}},{"from":[3.1035533,13.854731,-2.1210527],"to":[3.1035533,16.85473,1.8789473],"faces":{"east":{"uv":[0.75,11.75,0.0,10.75],"tintindex":0,"rotation":90,"texture":"#0"},"west":{"uv":[0.0,11.75,0.75,10.75],"tintindex":0,"rotation":270,"texture":"#0"}}},{"from":[0.5,8.0,-3.5],"to":[15.5,14.0,9.5],"faces":{"east":{"uv":[7.75,7.0,11.0,8.5],"tintindex":0,"rotation":0,"texture":"#0"},"south":{"uv":[7.5,1.75,11.25,3.25],"tintindex":0,"rotation":0,"texture":"#0"},"north":{"uv":[7.5,0.0,11.25,1.5],"tintindex":0,"rotation":0,"texture":"#0"},"west":{"uv":[3.75,8.0,7.0,9.5],"tintindex":0,"rotation":0,"texture":"#0"},"up":{"uv":[3.75,3.25,0.0,0.0],"tintindex":0,"rotation":0,"texture":"#0"},"down":{"uv":[3.75,3.5,0.0,6.75],"tintindex":0,"rotation":0,"texture":"#0"}}},{"from":[12.896446,13.854731,-2.1210527],"to":[12.896446,16.85473,1.8789473],"faces":{"east":{"uv":[0.0,10.75,0.75,11.75],"tintindex":0,"rotation":270,"texture":"#0"},"west":{"uv":[0.75,10.75,0.0,11.75],"tintindex":0,"rotation":90,"texture":"#0"}}},{"from":[12.896446,13.854731,2.8789473],"to":[12.896446,16.85473,6.8789473],"faces":{"east":{"uv":[0.0,10.75,0.75,11.75],"tintindex":0,"rotation":270,"texture":"#0"},"west":{"uv":[0.75,10.75,0.0,11.75],"tintindex":0,"rotation":90,"texture":"#0"}}},{"from":[1.6035533,14.646446,-5.25],"to":[4.6035533,14.646446,-1.25],"faces":{"up":{"uv":[0.0,10.75,0.75,11.75],"tintindex":0,"rotation":180,"texture":"#0"},"down":{"uv":[0.75,10.75,0.0,11.75],"tintindex":0,"rotation":0,"texture":"#0"}},"rotation":{"origin":[4.6035533,16.896446,-4.0],"angle":-22.5,"axis":"x"}},{"from":[1.6035533,15.396446,0.4000001],"to":[4.6035533,15.396446,4.4],"faces":{"up":{"uv":[0.0,10.75,0.75,11.75],"tintindex":0,"rotation":180,"texture":"#0"},"down":{"uv":[0.75,10.75,0.0,11.75],"tintindex":0,"rotation":0,"texture":"#0"}}},{"from":[4.3535533,12.146446,-5.75],"to":[4.3535533,16.146446,-2.75],"faces":{"east":{"uv":[0.75,10.75,0.0,11.75],"tintindex":0,"rotation":0,"texture":"#0"},"west":{"uv":[0.0,10.75,0.75,11.75],"tintindex":0,"rotation":0,"texture":"#0"}},"rotation":{"origin":[4.6035533,12.146446,-4.25],"angle":22.5,"axis":"z"}},{"from":[11.396446,13.146446,8.0],"to":[11.396446,17.146446,11.0],"faces":{"east":{"uv":[0.0,10.75,0.75,11.75],"tintindex":0,"rotation":0,"texture":"#0"},"west":{"uv":[0.75,10.75,0.0,11.75],"tintindex":0,"rotation":0,"texture":"#0"}},"rotation":{"origin":[10.896446,12.646446,9.75],"angle":-22.5,"axis":"z"}},{"from":[11.646446,12.146446,-5.75],"to":[11.646446,16.146446,-2.75],"faces":{"east":{"uv":[0.75,10.75,0.0,11.75],"tintindex":0,"rotation":0,"texture":"#0"},"west":{"uv":[0.0,10.75,0.75,11.75],"tintindex":0,"rotation":0,"texture":"#0"}},"rotation":{"origin":[11.396446,12.146446,-4.25],"angle":-22.5,"axis":"z"}},{"from":[6.5,8.025,-4.0],"to":[9.5,15.025,10.0],"faces":{"east":{"uv":[4.0,6.0,7.5,7.75],"tintindex":0,"rotation":0,"texture":"#0"},"south":{"uv":[6.0,9.75,6.75,11.5],"tintindex":0,"rotation":0,"texture":"#0"},"north":{"uv":[5.0,9.75,5.75,11.5],"tintindex":0,"rotation":0,"texture":"#0"},"west":{"uv":[0.0,7.0,3.5,8.75],"tintindex":0,"rotation":0,"texture":"#0"},"up":{"uv":[3.75,13.25,3.0,9.75],"tintindex":0,"rotation":0,"texture":"#0"},"down":{"uv":[4.75,9.75,4.0,13.25],"tintindex":0,"rotation":0,"texture":"#0"}}},{"from":[3.1035533,9.646446,-4.25],"to":[6.1035533,13.646446,-4.25],"faces":{"south":{"uv":[0.0,10.75,0.75,11.75],"tintindex":0,"rotation":0,"texture":"#0"},"north":{"uv":[0.75,10.75,0.0,11.75],"tintindex":0,"rotation":0,"texture":"#0"}},"rotation":{"origin":[4.6035533,11.646446,-4.25],"angle":45.0,"axis":"z"}},{"from":[3.1035533,13.854731,2.8789473],"to":[3.1035533,16.85473,6.8789473],"faces":{"east":{"uv":[0.75,11.75,0.0,10.75],"tintindex":0,"rotation":90,"texture":"#0"},"west":{"uv":[0.0,11.75,0.75,10.75],"tintindex":0,"rotation":270,"texture":"#0"}}},{"from":[9.896446,9.646446,-4.25],"to":[12.896446,13.646446,-4.25],"faces":{"south":{"uv":[0.75,10.75,0.0,11.75],"tintindex":0,"rotation":0,"texture":"#0"},"north":{"uv":[0.0,10.75,0.75,11.75],"tintindex":0,"rotation":0,"texture":"#0"}},"rotation":{"origin":[11.396446,11.646446,-4.25],"angle":-45.0,"axis":"z"}},{"from":[11.396446,14.646446,-5.25],"to":[14.396446,14.646446,-1.25],"faces":{"up":{"uv":[0.75,10.75,0.0,11.75],"tintindex":0,"rotation":180,"texture":"#0"},"down":{"uv":[0.0,10.75,0.75,11.75],"tintindex":0,"rotation":0,"texture":"#0"}},"rotation":{"origin":[11.396446,16.896446,-4.0],"angle":-22.5,"axis":"x"}},{"from":[11.396446,15.396446,5.4],"to":[14.396446,15.396446,9.4],"faces":{"up":{"uv":[0.75,10.75,0.0,11.75],"tintindex":0,"rotation":180,"texture":"#0"},"down":{"uv":[0.0,10.75,0.75,11.75],"tintindex":0,"rotation":0,"texture":"#0"}}},{"from":[1.6035533,15.396446,5.4],"to":[4.6035533,15.396446,9.4],"faces":{"up":{"uv":[0.0,10.75,0.75,11.75],"tintindex":0,"rotation":180,"texture":"#0"},"down":{"uv":[0.75,10.75,0.0,11.75],"tintindex":0,"rotation":0,"texture":"#0"}}},{"from":[9.396446,10.646446,9.75],"to":[12.396446,14.646446,9.75],"faces":{"south":{"uv":[0.75,10.75,0.0,11.75],"tintindex":0,"rotation":0,"texture":"#0"},"north":{"uv":[0.0,10.75,0.75,11.75],"tintindex":0,"rotation":0,"texture":"#0"}},"rotation":{"origin":[10.896446,12.646446,9.75],"angle":-45.0,"axis":"z"}},{"from":[4.6035533,13.146446,8.0],"to":[4.6035533,17.146446,11.0],"faces":{"east":{"uv":[0.0,10.75,0.75,11.75],"tintindex":0,"rotation":0,"texture":"#0"},"west":{"uv":[0.75,10.75,0.0,11.75],"tintindex":0,"rotation":0,"texture":"#0"}},"rotation":{"origin":[5.1035533,12.646446,9.75],"angle":22.5,"axis":"z"}}],"display":{"gui":{"rotation":[30,225,0]}}}