{"textures":{"0":"modelengine:entity/amogus"},"elements":[{"from":[3.0,6.0,6.0],"to":[7.0,8.0,10.0],"faces":{"east":{"uv":[8.0,12.0,6.0,13.0],"tintindex":0,"rotation":0,"texture":"#0"},"south":{"uv":[8.0,12.0,6.0,13.0],"tintindex":0,"rotation":0,"texture":"#0"},"north":{"uv":[8.0,12.0,6.0,13.0],"tintindex":0,"rotation":0,"texture":"#0"},"west":{"uv":[8.0,12.0,6.0,13.0],"tintindex":0,"rotation":0,"texture":"#0"},"down":{"uv":[8.0,13.0,6.0,15.0],"tintindex":0,"rotation":0,"texture":"#0"}}},{"from":[9.0,6.0,6.0],"to":[13.0,8.0,10.0],"faces":{"east":{"uv":[6.0,12.0,8.0,13.0],"tintindex":0,"rotation":0,"texture":"#0"},"south":{"uv":[6.0,12.0,8.0,13.0],"tintindex":0,"rotation":0,"texture":"#0"},"north":{"uv":[6.0,12.0,8.0,13.0],"tintindex":0,"rotation":0,"texture":"#0"},"west":{"uv":[6.0,12.0,8.0,13.0],"tintindex":0,"rotation":0,"texture":"#0"},"down":{"uv":[6.0,13.0,8.0,15.0],"tintindex":0,"rotation":0,"texture":"#0"}}},{"from":[3.0,12.0,1.0],"to":[13.0,18.0,2.0],"faces":{"east":{"uv":[5.0,12.0,5.5,15.0],"tintindex":0,"rotation":0,"texture":"#0"},"north":{"uv":[0.0,12.0,5.0,15.0],"tintindex":0,"rotation":0,"texture":"#0"},"west":{"uv":[5.5,12.0,6.0,15.0],"tintindex":0,"rotation":0,"texture":"#0"},"up":{"uv":[0.0,15.0,5.0,15.5],"tintindex":0,"rotation":0,"texture":"#0"},"down":{"uv":[0.0,15.5,5.0,16.0],"tintindex":0,"rotation":0,"texture":"#0"}}},{"from":[2.0,8.0,2.0],"to":[14.0,20.0,14.0],"faces":{"east":{"uv":[0.0,0.0,6.0,6.0],"tintindex":0,"rotation":0,"texture":"#0"},"south":{"uv":[0.0,0.0,6.0,6.0],"tintindex":0,"rotation":0,"texture":"#0"},"north":{"uv":[6.0,6.0,12.0,12.0],"tintindex":0,"rotation":0,"texture":"#0"},"west":{"uv":[0.0,0.0,6.0,6.0],"tintindex":0,"rotation":0,"texture":"#0"},"up":{"uv":[6.0,0.0,12.0,6.0],"tintindex":0,"rotation":0,"texture":"#0"},"down":{"uv":[0.0,6.0,6.0,12.0],"tintindex":0,"rotation":0,"texture":"#0"}}}],"display":{"gui":{"rotation":[30,225,0]}}}