{"textures":{"0":"modelengine:entity/log"},"elements":[{"from":[3.6991663,12.478118,6.1611643],"to":[8.699166,14.478118,8.161164],"faces":{"east":{"uv":[4.5,9.0,5.0,9.5],"tintindex":0,"rotation":0,"texture":"#0"},"south":{"uv":[1.5,8.5,2.75,9.0],"tintindex":0,"rotation":0,"texture":"#0"},"north":{"uv":[8.25,6.5,9.5,7.0],"tintindex":0,"rotation":0,"texture":"#0"},"west":{"uv":[1.5,9.25,2.0,9.75],"tintindex":0,"rotation":0,"texture":"#0"},"up":{"uv":[6.5,9.0,5.25,8.5],"tintindex":0,"rotation":0,"texture":"#0"},"down":{"uv":[1.25,8.75,0.0,9.25],"tintindex":0,"rotation":0,"texture":"#0"}},"rotation":{"origin":[6.1991663,13.478118,7.1611643],"angle":-45.0,"axis":"z"}},{"from":[5.2849526,7.7710114,2.1611643],"to":[12.284952,13.771011,7.1611643],"faces":{"east":{"uv":[5.0,5.75,6.25,7.25],"tintindex":0,"rotation":0,"texture":"#0"},"south":{"uv":[0.0,4.25,1.75,5.75],"tintindex":0,"rotation":0,"texture":"#0"},"north":{"uv":[3.5,0.0,5.25,1.5],"tintindex":0,"rotation":0,"texture":"#0"},"west":{"uv":[0.0,6.0,1.25,7.5],"tintindex":0,"rotation":0,"texture":"#0"},"up":{"uv":[3.75,5.5,2.0,4.25],"tintindex":0,"rotation":0,"texture":"#0"},"down":{"uv":[5.75,4.25,4.0,5.5],"tintindex":0,"rotation":0,"texture":"#0"}}},{"from":[6.7849526,8.296011,9.161164],"to":[11.784952,12.296011,15.161164],"faces":{"east":{"uv":[6.5,6.0,8.0,7.0],"tintindex":0,"rotation":0,"texture":"#0"},"south":{"uv":[6.5,7.25,7.75,8.25],"tintindex":0,"rotation":0,"texture":"#0"},"north":{"uv":[7.25,1.25,8.5,2.25],"tintindex":0,"rotation":0,"texture":"#0"},"west":{"uv":[7.25,0.0,8.75,1.0],"tintindex":0,"rotation":0,"texture":"#0"},"up":{"uv":[3.25,7.25,2.0,5.75],"tintindex":0,"rotation":0,"texture":"#0"},"down":{"uv":[4.75,5.75,3.5,7.25],"tintindex":0,"rotation":0,"texture":"#0"}},"rotation":{"origin":[8.784952,10.796011,6.1611643],"angle":-22.5,"axis":"y"}},{"from":[9.784952,12.271011,3.1611643],"to":[13.784952,15.271011,6.1611643],"faces":{"east":{"uv":[6.75,8.5,7.5,9.25],"tintindex":0,"rotation":0,"texture":"#0"},"south":{"uv":[8.25,4.5,9.25,5.25],"tintindex":0,"rotation":0,"texture":"#0"},"north":{"uv":[8.0,7.25,9.0,8.0],"tintindex":0,"rotation":0,"texture":"#0"},"west":{"uv":[8.75,1.25,9.5,2.0],"tintindex":0,"rotation":0,"texture":"#0"},"up":{"uv":[9.25,6.25,8.25,5.5],"tintindex":0,"rotation":0,"texture":"#0"},"down":{"uv":[9.0,8.25,8.0,9.0],"tintindex":0,"rotation":0,"texture":"#0"}},"rotation":{"origin":[12.784952,12.771011,6.1611643],"angle":45.0,"axis":"z"}},{"from":[7.6155763,10.453484,12.279508],"to":[9.615576,13.453484,14.279508],"faces":{"east":{"uv":[3.0,9.0,3.5,9.75],"tintindex":0,"rotation":0,"texture":"#0"},"south":{"uv":[9.0,3.5,9.5,4.25],"tintindex":0,"rotation":0,"texture":"#0"},"north":{"uv":[9.0,0.0,9.5,0.75],"tintindex":0,"rotation":0,"texture":"#0"},"west":{"uv":[3.75,9.0,4.25,9.75],"tintindex":0,"rotation":0,"texture":"#0"},"up":{"uv":[2.75,9.75,2.25,9.25],"tintindex":0,"rotation":0,"texture":"#0"},"down":{"uv":[9.75,2.25,9.25,2.75],"tintindex":0,"rotation":0,"texture":"#0"}},"rotation":{"origin":[9.115576,11.953484,12.779508],"angle":-45.0,"axis":"z"}},{"from":[5.7849526,8.271011,1.1611643],"to":[11.784952,13.271011,11.161164],"faces":{"east":{"uv":[0.0,2.75,2.5,4.0],"tintindex":0,"rotation":0,"texture":"#0"},"south":{"uv":[5.5,1.5,7.0,2.75],"tintindex":0,"rotation":0,"texture":"#0"},"north":{"uv":[5.5,0.0,7.0,1.25],"tintindex":0,"rotation":0,"texture":"#0"},"west":{"uv":[2.75,2.75,5.25,4.0],"tintindex":0,"rotation":0,"texture":"#0"},"up":{"uv":[1.5,2.5,0.0,0.0],"tintindex":0,"rotation":0,"texture":"#0"},"down":{"uv":[3.25,0.0,1.75,2.5],"tintindex":0,"rotation":0,"texture":"#0"}}},{"from":[3.6991663,9.478118,7.1611643],"to":[8.699166,12.478118,7.1611643],"faces":{"south":{"uv":[1.25,7.75,0.0,8.5],"tintindex":0,"rotation":0,"texture":"#0"},"north":{"uv":[0.0,7.75,1.25,8.5],"tintindex":0,"rotation":0,"texture":"#0"}},"rotation":{"origin":[6.1991663,13.478118,7.1611643],"angle":-45.0,"axis":"z"}},{"from":[10.784952,15.271011,4.6611643],"to":[14.784952,18.271011,4.6611643],"faces":{"south":{"uv":[6.25,7.5,5.25,8.25],"tintindex":0,"rotation":0,"texture":"#0"},"north":{"uv":[5.25,7.5,6.25,8.25],"tintindex":0,"rotation":0,"texture":"#0"}},"rotation":{"origin":[12.784952,12.771011,6.1611643],"angle":45.0,"axis":"z"}},{"from":[6.2849526,7.796011,11.161164],"to":[12.284952,12.796011,14.161164],"faces":{"east":{"uv":[3.25,7.5,4.0,8.75],"tintindex":0,"rotation":0,"texture":"#0"},"south":{"uv":[6.5,4.5,8.0,5.75],"tintindex":0,"rotation":0,"texture":"#0"},"north":{"uv":[6.0,3.0,7.5,4.25],"tintindex":0,"rotation":0,"texture":"#0"},"west":{"uv":[4.25,7.5,5.0,8.75],"tintindex":0,"rotation":0,"texture":"#0"},"up":{"uv":[5.0,2.5,3.5,1.75],"tintindex":0,"rotation":0,"texture":"#0"},"down":{"uv":[3.0,7.5,1.5,8.25],"tintindex":0,"rotation":0,"texture":"#0"}},"rotation":{"origin":[8.784952,10.796011,6.1611643],"angle":-22.5,"axis":"y"}}],"display":{"gui":{"rotation":[30,225,0]}}}