{"textures":{"0":"modelengine:entity/bug_swarm"},"elements":[{"from":[8.0,6.8798323,14.720055],"to":[8.0,9.879832,18.720055],"faces":{"east":{"uv":[8.25,2.25,7.25,3.0],"tintindex":0,"rotation":0,"texture":"#0"},"west":{"uv":[7.25,2.25,8.25,3.0],"tintindex":0,"rotation":0,"texture":"#0"}},"rotation":{"origin":[8.0,8.121478,6.4960804],"angle":22.5,"axis":"x"}},{"from":[6.5,6.8798323,7.7200546],"to":[9.5,9.879832,14.720055],"faces":{"east":{"uv":[4.25,5.25,6.0,6.0],"tintindex":0,"rotation":0,"texture":"#0"},"south":{"uv":[3.25,7.5,4.0,8.25],"tintindex":0,"rotation":0,"texture":"#0"},"north":{"uv":[3.25,6.5,4.0,7.25],"tintindex":0,"rotation":0,"texture":"#0"},"west":{"uv":[0.0,6.0,1.75,6.75],"tintindex":0,"rotation":0,"texture":"#0"},"up":{"uv":[7.0,1.75,6.25,0.0],"tintindex":0,"rotation":0,"texture":"#0"},"down":{"uv":[7.0,2.0,6.25,3.75],"tintindex":0,"rotation":0,"texture":"#0"}},"rotation":{"origin":[8.0,8.121478,6.4960804],"angle":22.5,"axis":"x"}}],"display":{"gui":{"rotation":[30,225,0]}}}