{"textures":{"0":"modelengine:entity/lich_king"},"elements":[{"from":[6.251389,7.1110325,-10.786633],"to":[9.751389,10.1110325,-5.7866335],"faces":{"east":{"uv":[8.0,0.0,8.625,0.375],"tintindex":0,"rotation":0,"texture":"#0"},"south":{"uv":[6.0625,8.6875,6.5,9.0625],"tintindex":0,"rotation":0,"texture":"#0"},"north":{"uv":[5.5625,8.6875,6.0,9.0625],"tintindex":0,"rotation":0,"texture":"#0"},"west":{"uv":[8.625,0.0,8.0,0.375],"tintindex":0,"rotation":0,"texture":"#0"},"up":{"uv":[7.9375,6.5,7.5,5.875],"tintindex":0,"rotation":0,"texture":"#0"},"down":{"uv":[7.9375,6.5625,7.5,7.1875],"tintindex":0,"rotation":0,"texture":"#0"}},"rotation":{"origin":[8.001389,8.6110325,-8.286633],"angle":22.5,"axis":"x"}},{"from":[6.263889,5.681921,-11.170357],"to":[9.713889,8.181921,-8.670357],"faces":{"east":{"uv":[1.875,9.5,2.1875,9.8125],"tintindex":0,"rotation":0,"texture":"#0"},"south":{"uv":[8.8125,6.8125,9.25,7.125],"tintindex":0,"rotation":0,"texture":"#0"},"north":{"uv":[8.75,3.5625,9.1875,3.875],"tintindex":0,"rotation":0,"texture":"#0"},"west":{"uv":[2.1875,9.5,1.875,9.8125],"tintindex":0,"rotation":0,"texture":"#0"},"up":{"uv":[8.875,9.1875,8.4375,8.875],"tintindex":0,"rotation":0,"texture":"#0"},"down":{"uv":[3.5625,8.9375,3.125,9.25],"tintindex":0,"rotation":0,"texture":"#0"}}},{"from":[8.001389,4.859724,19.329903],"to":[8.001389,11.359724,28.829903],"faces":{"east":{"uv":[2.125,4.5,3.3125,5.3125],"tintindex":0,"rotation":0,"texture":"#0"},"west":{"uv":[3.3125,4.5,2.125,5.3125],"tintindex":0,"rotation":0,"texture":"#0"}}},{"from":[7.251389,1.859724,-10.170097],"to":[8.751389,10.359724,-6.1700974],"faces":{"east":{"uv":[4.3125,4.75,4.8125,5.8125],"tintindex":0,"rotation":0,"texture":"#0"},"south":{"uv":[1.0,7.8125,1.1875,8.875],"tintindex":0,"rotation":0,"texture":"#0"},"north":{"uv":[4.875,7.625,5.0625,8.6875],"tintindex":0,"rotation":0,"texture":"#0"},"west":{"uv":[4.8125,4.75,4.3125,5.8125],"tintindex":0,"rotation":0,"texture":"#0"},"up":{"uv":[2.3125,4.0,2.125,3.5],"tintindex":0,"rotation":0,"texture":"#0"},"down":{"uv":[6.4375,4.75,6.25,5.25],"tintindex":0,"rotation":0,"texture":"#0"}}},{"from":[8.001389,8.859724,-6.1700974],"to":[8.001389,12.859724,-1.1700974],"faces":{"east":{"uv":[7.0625,2.8125,7.6875,3.3125],"tintindex":0,"rotation":0,"texture":"#0"},"west":{"uv":[7.6875,2.8125,7.0625,3.3125],"tintindex":0,"rotation":0,"texture":"#0"}}},{"from":[7.251389,7.359724,-6.1700974],"to":[8.751389,8.859724,24.829903],"faces":{"east":{"uv":[4.5,4.0625,8.375,4.25],"tintindex":0,"rotation":0,"texture":"#0"},"south":{"uv":[2.25,10.25,2.4375,10.4375],"tintindex":0,"rotation":0,"texture":"#0"},"north":{"uv":[1.375,10.25,1.5625,10.4375],"tintindex":0,"rotation":0,"texture":"#0"},"west":{"uv":[8.375,4.0625,4.5,4.25],"tintindex":0,"rotation":0,"texture":"#0"},"up":{"uv":[0.1875,8.5,0.0,4.625],"tintindex":0,"rotation":0,"texture":"#0"},"down":{"uv":[0.1875,4.625,0.0,8.5],"tintindex":0,"rotation":0,"texture":"#0"}}},{"from":[7.5013885,9.543261,-7.574793],"to":[8.501389,13.043261,-5.574794],"faces":{"east":{"uv":[8.0625,8.9375,8.3125,9.375],"tintindex":0,"rotation":0,"texture":"#0"},"south":{"uv":[4.1875,10.0625,4.3125,10.5],"tintindex":0,"rotation":0,"texture":"#0"},"north":{"uv":[9.6875,9.9375,9.8125,10.375],"tintindex":0,"rotation":0,"texture":"#0"},"west":{"uv":[8.3125,8.9375,8.0625,9.375],"tintindex":0,"rotation":0,"texture":"#0"},"up":{"uv":[10.375,6.5625,10.25,6.3125],"tintindex":0,"rotation":0,"texture":"#0"},"down":{"uv":[6.5,10.25,6.375,10.5],"tintindex":0,"rotation":0,"texture":"#0"}},"rotation":{"origin":[8.001389,11.293261,-6.574794],"angle":22.5,"axis":"x"}},{"from":[7.5013885,-3.9518929,-10.092138],"to":[8.501389,2.0481071,-6.5921373],"faces":{"east":{"uv":[6.375,6.25,6.8125,7.0],"tintindex":0,"rotation":0,"texture":"#0"},"south":{"uv":[4.8125,9.75,4.9375,10.5],"tintindex":0,"rotation":0,"texture":"#0"},"north":{"uv":[7.6875,9.5,7.8125,10.25],"tintindex":0,"rotation":0,"texture":"#0"},"west":{"uv":[6.8125,6.25,6.375,7.0],"tintindex":0,"rotation":0,"texture":"#0"},"up":{"uv":[3.625,8.1875,3.5,7.75],"tintindex":0,"rotation":0,"texture":"#0"},"down":{"uv":[0.9375,8.4375,0.8125,8.875],"tintindex":0,"rotation":0,"texture":"#0"}}},{"from":[7.7513885,-6.0732136,-9.19569],"to":[8.251389,-4.0732136,-3.695691],"faces":{"east":{"uv":[8.4375,5.625,9.125,5.875],"tintindex":0,"rotation":0,"texture":"#0"},"south":{"uv":[9.4375,10.25,9.5,10.5],"tintindex":0,"rotation":0,"texture":"#0"},"north":{"uv":[9.3125,10.25,9.375,10.5],"tintindex":0,"rotation":0,"texture":"#0"},"west":{"uv":[8.4375,5.9375,9.125,6.1875],"tintindex":0,"rotation":0,"texture":"#0"},"up":{"uv":[2.875,6.8125,2.8125,6.125],"tintindex":0,"rotation":0,"texture":"#0"},"down":{"uv":[7.125,9.9375,7.0625,10.625],"tintindex":0,"rotation":0,"texture":"#0"}},"rotation":{"origin":[8.001389,-5.0732136,-6.445691],"angle":45.0,"axis":"x"}}],"display":{"gui":{"rotation":[30,225,0]}}}