{"providers":[{"type":"bitmap","file":"nameplates:font/base/space_split.png","ascent":-5000,"height":-3,"chars":["\uf801"]},{"type":"bitmap","file":"nameplates:font/base/space_split.png","ascent":-5000,"height":-4,"chars":["\uf802"]},{"type":"bitmap","file":"nameplates:font/base/space_split.png","ascent":-5000,"height":-5,"chars":["\uf803"]},{"type":"bitmap","file":"nameplates:font/base/space_split.png","ascent":-5000,"height":-6,"chars":["\uf804"]},{"type":"bitmap","file":"nameplates:font/base/space_split.png","ascent":-5000,"height":-7,"chars":["\uf805"]},{"type":"bitmap","file":"nameplates:font/base/space_split.png","ascent":-5000,"height":-8,"chars":["\uf806"]},{"type":"bitmap","file":"nameplates:font/base/space_split.png","ascent":-5000,"height":-9,"chars":["\uf807"]},{"type":"bitmap","file":"nameplates:font/base/space_split.png","ascent":-5000,"height":-10,"chars":["\uf808"]},{"type":"bitmap","file":"nameplates:font/base/space_split.png","ascent":-5000,"height":-18,"chars":["\uf809"]},{"type":"bitmap","file":"nameplates:font/base/space_split.png","ascent":-5000,"height":-34,"chars":["\uf80a"]},{"type":"bitmap","file":"nameplates:font/base/space_split.png","ascent":-5000,"height":-66,"chars":["\uf80b"]},{"type":"bitmap","file":"nameplates:font/base/space_split.png","ascent":-5000,"height":-130,"chars":["\uf80c"]},{"type":"bitmap","file":"nameplates:font/base/space_split.png","ascent":-5000,"height":-1,"chars":["\uf811"]},{"type":"bitmap","file":"nameplates:font/base/space_split.png","ascent":-5000,"height":1,"chars":["\uf812"]},{"type":"bitmap","file":"nameplates:font/base/space_split.png","ascent":-5000,"height":2,"chars":["\uf813"]},{"type":"bitmap","file":"nameplates:font/base/space_split.png","ascent":-5000,"height":3,"chars":["\uf814"]},{"type":"bitmap","file":"nameplates:font/base/space_split.png","ascent":-5000,"height":4,"chars":["\uf815"]},{"type":"bitmap","file":"nameplates:font/base/space_split.png","ascent":-5000,"height":5,"chars":["\uf816"]},{"type":"bitmap","file":"nameplates:font/base/space_split.png","ascent":-5000,"height":6,"chars":["\uf817"]},{"type":"bitmap","file":"nameplates:font/base/space_split.png","ascent":-5000,"height":7,"chars":["\uf818"]},{"type":"bitmap","file":"nameplates:font/base/space_split.png","ascent":-5000,"height":15,"chars":["\uf819"]},{"type":"bitmap","file":"nameplates:font/base/space_split.png","ascent":-5000,"height":31,"chars":["\uf81a"]},{"type":"bitmap","file":"nameplates:font/base/space_split.png","ascent":-5000,"height":63,"chars":["\uf81b"]},{"type":"bitmap","file":"nameplates:font/base/space_split.png","ascent":-5000,"height":127,"chars":["\uf81c"]},{"type":"bitmap","file":"nameplates:font/nameplates/halloween_left.png","ascent":12,"height":16,"chars":["\ub00a"]},{"type":"bitmap","file":"nameplates:font/nameplates/halloween_middle.png","ascent":12,"height":16,"chars":["\ub00c"]},{"type":"bitmap","file":"nameplates:font/nameplates/halloween_right.png","ascent":12,"height":16,"chars":["\ub00b"]},{"type":"bitmap","file":"nameplates:font/nameplates/cheems_left.png","ascent":12,"height":16,"chars":["\ub004"]},{"type":"bitmap","file":"nameplates:font/nameplates/cheems_middle.png","ascent":12,"height":16,"chars":["\ub006"]},{"type":"bitmap","file":"nameplates:font/nameplates/cheems_right.png","ascent":12,"height":16,"chars":["\ub005"]},{"type":"bitmap","file":"nameplates:font/nameplates/trident_left.png","ascent":12,"height":16,"chars":["\ub016"]},{"type":"bitmap","file":"nameplates:font/nameplates/trident_middle.png","ascent":12,"height":16,"chars":["\ub018"]},{"type":"bitmap","file":"nameplates:font/nameplates/trident_right.png","ascent":12,"height":16,"chars":["\ub017"]},{"type":"bitmap","file":"nameplates:font/nameplates/egg_left.png","ascent":12,"height":16,"chars":["\ub007"]},{"type":"bitmap","file":"nameplates:font/nameplates/egg_middle.png","ascent":12,"height":16,"chars":["\ub009"]},{"type":"bitmap","file":"nameplates:font/nameplates/egg_right.png","ascent":12,"height":16,"chars":["\ub008"]},{"type":"bitmap","file":"nameplates:font/nameplates/starsky_left.png","ascent":12,"height":16,"chars":["\ub013"]},{"type":"bitmap","file":"nameplates:font/nameplates/starsky_middle.png","ascent":12,"height":16,"chars":["\ub015"]},{"type":"bitmap","file":"nameplates:font/nameplates/starsky_right.png","ascent":12,"height":16,"chars":["\ub014"]},{"type":"bitmap","file":"nameplates:font/nameplates/hutao_left.png","ascent":12,"height":16,"chars":["\ub00d"]},{"type":"bitmap","file":"nameplates:font/nameplates/hutao_middle.png","ascent":12,"height":16,"chars":["\ub00f"]},{"type":"bitmap","file":"nameplates:font/nameplates/hutao_right.png","ascent":12,"height":16,"chars":["\ub00e"]},{"type":"bitmap","file":"nameplates:font/nameplates/cat_left.png","ascent":12,"height":16,"chars":["\ub001"]},{"type":"bitmap","file":"nameplates:font/nameplates/cat_middle.png","ascent":12,"height":16,"chars":["\ub003"]},{"type":"bitmap","file":"nameplates:font/nameplates/cat_right.png","ascent":12,"height":16,"chars":["\ub002"]},{"type":"bitmap","file":"nameplates:font/nameplates/rabbit_left.png","ascent":12,"height":16,"chars":["\ub010"]},{"type":"bitmap","file":"nameplates:font/nameplates/rabbit_middle.png","ascent":12,"height":16,"chars":["\ub012"]},{"type":"bitmap","file":"nameplates:font/nameplates/rabbit_right.png","ascent":12,"height":16,"chars":["\ub011"]},{"type":"bitmap","file":"nameplates:font/nameplates/wither_left.png","ascent":12,"height":16,"chars":["\ub019"]},{"type":"bitmap","file":"nameplates:font/nameplates/wither_middle.png","ascent":12,"height":16,"chars":["\ub01b"]},{"type":"bitmap","file":"nameplates:font/nameplates/wither_right.png","ascent":12,"height":16,"chars":["\ub01a"]},{"type":"bitmap","file":"nameplates:font/nameplates/xmas_left.png","ascent":12,"height":16,"chars":["\ub01c"]},{"type":"bitmap","file":"nameplates:font/nameplates/xmas_middle.png","ascent":12,"height":16,"chars":["\ub01e"]},{"type":"bitmap","file":"nameplates:font/nameplates/xmas_right.png","ascent":12,"height":16,"chars":["\ub01d"]},{"type":"bitmap","file":"nameplates:font/bubbles/chat_left.png","ascent":9,"height":13,"chars":["\ub01f"]},{"type":"bitmap","file":"nameplates:font/bubbles/chat_middle.png","ascent":9,"height":13,"chars":["\ub021"]},{"type":"bitmap","file":"nameplates:font/bubbles/chat_right.png","ascent":9,"height":13,"chars":["\ub020"]},{"type":"bitmap","file":"nameplates:font/bubbles/chat_tail.png","ascent":9,"height":13,"chars":["\ub022"]}]}