{"textures":{"0":"modelengine:entity/snowflake_fx"},"elements":[{"from":[4.865,4.865,8.0066],"to":[11.135,11.135,8.0066],"faces":{"south":{"uv":[4.75,0.0,0.0,4.75],"tintindex":0,"rotation":180,"texture":"#0"},"north":{"uv":[0.0,0.0,4.75,4.75],"tintindex":0,"rotation":180,"texture":"#0"}}},{"from":[8.74301,9.056591,7.99835],"to":[10.393009,10.046591,7.99835],"faces":{"south":{"uv":[1.25,6.75,2.0,8.0],"tintindex":0,"rotation":270,"texture":"#0"},"north":{"uv":[1.25,8.0,2.0,6.75],"tintindex":0,"rotation":270,"texture":"#0"}},"rotation":{"origin":[8.0,8.0,7.99835],"angle":22.5,"axis":"z"}},{"from":[5.606991,5.953409,7.99835],"to":[7.256991,6.943409,7.99835],"faces":{"south":{"uv":[2.0,8.0,1.25,6.75],"tintindex":0,"rotation":270,"texture":"#0"},"north":{"uv":[2.0,6.75,1.25,8.0],"tintindex":0,"rotation":270,"texture":"#0"}},"rotation":{"origin":[8.0,8.0,7.99835],"angle":22.5,"axis":"z"}},{"from":[8.74301,5.953409,7.99835],"to":[10.393009,6.943409,7.99835],"faces":{"south":{"uv":[2.0,6.75,1.25,8.0],"tintindex":0,"rotation":270,"texture":"#0"},"north":{"uv":[2.0,8.0,1.25,6.75],"tintindex":0,"rotation":270,"texture":"#0"}},"rotation":{"origin":[8.0,8.0,7.99835],"angle":-22.5,"axis":"z"}},{"from":[5.606991,9.056591,7.99835],"to":[7.256991,10.046591,7.99835],"faces":{"south":{"uv":[1.25,8.0,2.0,6.75],"tintindex":0,"rotation":270,"texture":"#0"},"north":{"uv":[1.25,6.75,2.0,8.0],"tintindex":0,"rotation":270,"texture":"#0"}},"rotation":{"origin":[8.0,8.0,7.99835],"angle":-22.5,"axis":"z"}}],"display":{"gui":{"rotation":[30,225,0]}}}