{
	"credit": "Made with Blockbench",
	"texture_size": [64, 64],
	"textures": {
		"1": "nocsy/nocsy_death_spirit_icon",
		"particle": "nocsy/nocsy_death_spirit_icon"
	},
	"elements": [
		{
			"from": [7.5, 10.77648, -0.86094],
			"to": [8.5, 11.77648, 1.13906],
			"rotation": {"angle": -22.5, "axis": "x", "origin": [8, 8, 8]},
			"faces": {
				"north": {"uv": [8.75, 2.25, 9, 2.5], "texture": "#1"},
				"east": {"uv": [8.25, 7.75, 8.75, 8], "texture": "#1"},
				"south": {"uv": [8.75, 2.75, 9, 3], "texture": "#1"},
				"west": {"uv": [8, 8.25, 8.5, 8.5], "texture": "#1"},
				"up": {"uv": [0.25, 9, 0, 8.5], "texture": "#1"},
				"down": {"uv": [0.75, 8.5, 0.5, 9], "texture": "#1"}
			}
		},
		{
			"from": [6.73617, 8.26383, -0.16656],
			"to": [8.73617, 9.26383, 2.83344],
			"rotation": {"angle": -45, "axis": "z", "origin": [8, 8, 8]},
			"faces": {
				"north": {"uv": [8.5, 0.5, 9, 0.75], "texture": "#1"},
				"east": {"uv": [8, 3.25, 8.75, 3.5], "texture": "#1"},
				"south": {"uv": [8.5, 3.75, 9, 4], "texture": "#1"},
				"west": {"uv": [8, 5.25, 8.75, 5.5], "texture": "#1"},
				"up": {"uv": [7.75, 6, 7.25, 5.25], "texture": "#1"},
				"down": {"uv": [6.75, 7.25, 6.25, 8], "texture": "#1"}
			}
		},
		{
			"from": [6.73617, 7.26383, -0.16656],
			"to": [7.73617, 8.26383, 2.83344],
			"rotation": {"angle": -45, "axis": "z", "origin": [8, 8, 8]},
			"faces": {
				"north": {"uv": [4, 8.75, 4.25, 9], "texture": "#1"},
				"east": {"uv": [8, 5.75, 8.75, 6], "texture": "#1"},
				"south": {"uv": [4.5, 8.75, 4.75, 9], "texture": "#1"},
				"west": {"uv": [1, 8.25, 1.75, 8.5], "texture": "#1"},
				"up": {"uv": [2.25, 9, 2, 8.25], "texture": "#1"},
				"down": {"uv": [2.75, 8.25, 2.5, 9], "texture": "#1"}
			}
		},
		{
			"from": [6.73617, 8.26383, 4.83344],
			"to": [10.73617, 9.26383, 8.83344],
			"rotation": {"angle": -45, "axis": "z", "origin": [8, 8, 8]},
			"faces": {
				"north": {"uv": [1, 7.75, 2, 8], "texture": "#1"},
				"east": {"uv": [2.25, 7.75, 3.25, 8], "texture": "#1"},
				"south": {"uv": [3.5, 7.75, 4.5, 8], "texture": "#1"},
				"west": {"uv": [4.75, 7.75, 5.75, 8], "texture": "#1"},
				"up": {"uv": [6.75, 2.5, 5.75, 1.5], "texture": "#1"},
				"down": {"uv": [6.75, 2.75, 5.75, 3.75], "texture": "#1"}
			}
		},
		{
			"from": [6, 7.51956, 7.83344],
			"to": [10, 11.51956, 11.83344],
			"rotation": {"angle": 0, "axis": "x", "origin": [8, 8, 8]},
			"faces": {
				"north": {"uv": [5.75, 4, 6.75, 5], "texture": "#1"},
				"east": {"uv": [6, 5.25, 7, 6.25], "texture": "#1"},
				"south": {"uv": [6.25, 0, 7.25, 1], "texture": "#1"},
				"west": {"uv": [2.5, 6.5, 3.5, 7.5], "texture": "#1"},
				"up": {"uv": [4.75, 7.5, 3.75, 6.5], "texture": "#1"},
				"down": {"uv": [6, 6.5, 5, 7.5], "texture": "#1"}
			}
		},
		{
			"from": [5, 8.10132, 11.11864],
			"to": [11, 13.10132, 15.11864],
			"rotation": {"angle": 22.5, "axis": "x", "origin": [8, 8, 8]},
			"faces": {
				"north": {"uv": [4, 1.5, 5.5, 2.75], "texture": "#1"},
				"east": {"uv": [0, 5.5, 1, 6.75], "texture": "#1"},
				"south": {"uv": [2.25, 4, 3.75, 5.25], "texture": "#1"},
				"west": {"uv": [1.25, 5.5, 2.25, 6.75], "texture": "#1"},
				"up": {"uv": [5.5, 4, 4, 3], "texture": "#1"},
				"down": {"uv": [5.5, 4.25, 4, 5.25], "texture": "#1"}
			}
		},
		{
			"from": [4, 5.51956, 8.83344],
			"to": [12, 7.51956, 13.83344],
			"rotation": {"angle": 0, "axis": "x", "origin": [8, 8, 8]},
			"faces": {
				"north": {"uv": [6.25, 6.5, 8.25, 7], "texture": "#1"},
				"east": {"uv": [7, 3.75, 8.25, 4.25], "texture": "#1"},
				"south": {"uv": [0, 7, 2, 7.5], "texture": "#1"},
				"west": {"uv": [7, 4.5, 8.25, 5], "texture": "#1"},
				"up": {"uv": [2, 5.25, 0, 4], "texture": "#1"},
				"down": {"uv": [6, 0, 4, 1.25], "texture": "#1"}
			}
		},
		{
			"from": [5.025, 8.51956, 11.83344],
			"to": [10.975, 11.51956, 12.83344],
			"rotation": {"angle": 0, "axis": "x", "origin": [8, 8, 8]},
			"faces": {
				"north": {"uv": [2.5, 5.5, 4, 6.25], "texture": "#1"},
				"east": {"uv": [3, 8.25, 3.25, 9], "texture": "#1"},
				"south": {"uv": [4.25, 5.5, 5.75, 6.25], "texture": "#1"},
				"west": {"uv": [3.5, 8.25, 3.75, 9], "texture": "#1"},
				"up": {"uv": [8.5, 7.5, 7, 7.25], "texture": "#1"},
				"down": {"uv": [9, 0, 7.5, 0.25], "texture": "#1"}
			}
		},
		{
			"from": [5.26383, 8.26383, 4.83344],
			"to": [8.26383, 9.26383, 8.83344],
			"rotation": {"angle": 45, "axis": "z", "origin": [8, 8, 8]},
			"faces": {
				"north": {"uv": [4, 8.25, 4.75, 8.5], "texture": "#1"},
				"east": {"uv": [7, 7.75, 8, 8], "texture": "#1"},
				"south": {"uv": [5, 8.25, 5.75, 8.5], "texture": "#1"},
				"west": {"uv": [8, 1.25, 9, 1.5], "texture": "#1"},
				"up": {"uv": [7.75, 2.25, 7, 1.25], "texture": "#1"},
				"down": {"uv": [7.75, 2.5, 7, 3.5], "texture": "#1"}
			}
		},
		{
			"from": [6.26383, 8.26383, 2.83344],
			"to": [8.26383, 9.26383, 4.83344],
			"rotation": {"angle": 45, "axis": "z", "origin": [8, 8, 8]},
			"faces": {
				"north": {"uv": [8.5, 4.25, 9, 4.5], "texture": "#1"},
				"east": {"uv": [8.5, 4.75, 9, 5], "texture": "#1"},
				"south": {"uv": [8.5, 6.25, 9, 6.5], "texture": "#1"},
				"west": {"uv": [8.5, 6.75, 9, 7], "texture": "#1"},
				"up": {"uv": [8.5, 2.25, 8, 1.75], "texture": "#1"},
				"down": {"uv": [8.5, 2.5, 8, 3], "texture": "#1"}
			}
		},
		{
			"from": [6.73617, 8.26383, 2.83344],
			"to": [9.73617, 9.26383, 4.83344],
			"rotation": {"angle": -45, "axis": "z", "origin": [8, 8, 8]},
			"faces": {
				"north": {"uv": [6, 8.25, 6.75, 8.5], "texture": "#1"},
				"east": {"uv": [1, 8.75, 1.5, 9], "texture": "#1"},
				"south": {"uv": [7, 8.25, 7.75, 8.5], "texture": "#1"},
				"west": {"uv": [8.75, 1.75, 9.25, 2], "texture": "#1"},
				"up": {"uv": [8.25, 1, 7.5, 0.5], "texture": "#1"},
				"down": {"uv": [0.75, 7.75, 0, 8.25], "texture": "#1"}
			}
		},
		{
			"from": [5.88215, 2.48044, 13.01641],
			"to": [5.88215, 9.48044, 20.01641],
			"rotation": {"angle": 0, "axis": "x", "origin": [8, 8, 8]},
			"faces": {
				"north": {"uv": [1.75, 8.75, 1.75, 10.5], "texture": "#1"},
				"east": {"uv": [0, 0, 1.75, 1.75], "texture": "#1"},
				"south": {"uv": [5, 8.75, 5, 10.5], "texture": "#1"},
				"west": {"uv": [0, 2, 1.75, 3.75], "texture": "#1"},
				"up": {"uv": [5.25, 10.5, 5.25, 8.75], "texture": "#1"},
				"down": {"uv": [5.5, 8.75, 5.5, 10.5], "texture": "#1"}
			}
		},
		{
			"from": [10.11785, 2.48044, 13.01641],
			"to": [10.11785, 9.48044, 20.01641],
			"rotation": {"angle": 0, "axis": "x", "origin": [8, 8, 8]},
			"faces": {
				"north": {"uv": [5.75, 8.75, 5.75, 10.5], "texture": "#1"},
				"east": {"uv": [2, 0, 3.75, 1.75], "texture": "#1"},
				"south": {"uv": [6, 8.75, 6, 10.5], "texture": "#1"},
				"west": {"uv": [2, 2, 3.75, 3.75], "texture": "#1"},
				"up": {"uv": [6.25, 10.5, 6.25, 8.75], "texture": "#1"},
				"down": {"uv": [6.5, 8.75, 6.5, 10.5], "texture": "#1"}
			}
		}
	],
	"gui_light": "front",
	"display": {
		"thirdperson_righthand": {
			"rotation": [7.32, 39.72, -20.11],
			"translation": [0, 1.75, 0],
			"scale": [0.6, 0.6, 0.6]
		},
		"thirdperson_lefthand": {
			"rotation": [7.32, 39.72, -20.11],
			"translation": [0, 1.75, 0],
			"scale": [0.6, 0.6, 0.6]
		},
		"gui": {
			"rotation": [-133.02, 37.16, 146.19],
			"translation": [-1.5, -0.5, 0]
		},
		"head": {
			"rotation": [-15.25, 0, 0],
			"translation": [0, 7.75, -9.5],
			"scale": [2, 2, 2]
		},
		"fixed": {
			"rotation": [-19.5, 0, 0],
			"translation": [0, -2, -12.75],
			"scale": [2, 2, 2]
		}
	},
	"groups": [
		{
			"name": "icon",
			"origin": [8.11785, 12.48044, -6.98359],
			"color": 0,
			"children": [0, 1, 2, 3, 4, 5, 6, 7, 8, 9, 10, 11, 12]
		}
	]
}