{
	"credit": "Made with Blockbench",
	"ambientocclusion": false,
	"textures": {
		"0": "block/end_stone",
		"1": "block/grassy_end_stone",
		"5": "block/end_grass1"
	},
	"elements": [
		{
			"from": [0, 0, 0],
			"to": [16, 16, 16],
			"faces": {
				"north": {"uv": [0, 0, 16, 16], "texture": "#0", "cullface": "north"},
				"east": {"uv": [0, 0, 16, 16], "texture": "#0", "cullface": "east"},
				"south": {"uv": [0, 0, 16, 16], "texture": "#0", "cullface": "south"},
				"west": {"uv": [0, 0, 16, 16], "texture": "#0", "cullface": "west"},
				"up": {"uv": [0, 0, 16, 16], "texture": "#1", "cullface": "up"},
				"down": {"uv": [0, 0, 16, 16], "texture": "#0", "cullface": "down"}
			}
		},
		{
			"from": [2.8, 16, 10],
			"to": [13.2, 17, 10],
			"shade": false,
			"rotation": {"angle": -45, "axis": "y", "origin": [10, 24, 10], "rescale": true},
			"faces": {
				"north": {"uv": [3, 15, 13, 16], "texture": "#5", "cullface": "up"},
				"south": {"uv": [13, 15, 3, 16], "texture": "#5", "cullface": "up"}
			}
		},
		{
			"from": [1.8, 17, 9],
			"to": [14.2, 21, 9],
			"shade": false,
			"rotation": {"angle": -45, "axis": "y", "origin": [9, 25, 9], "rescale": true},
			"faces": {
				"north": {"uv": [2, 11, 14, 15], "texture": "#5", "cullface": "up"},
				"south": {"uv": [14, 11, 2, 15], "texture": "#5", "cullface": "up"}
			}
		},
		{
			"from": [3.8, 21, 11],
			"to": [13.2, 22, 11],
			"shade": false,
			"rotation": {"angle": -45, "axis": "y", "origin": [11, 29, 11], "rescale": true},
			"faces": {
				"north": {"uv": [3, 10, 12, 11], "texture": "#5", "cullface": "up"},
				"south": {"uv": [12, 10, 3, 11], "texture": "#5", "cullface": "up"}
			}
		},
		{
			"from": [3.8, 22, 11],
			"to": [9, 23, 11],
			"shade": false,
			"rotation": {"angle": -45, "axis": "y", "origin": [11, 30, 11], "rescale": true},
			"faces": {
				"north": {"uv": [7, 9, 12, 10], "texture": "#5", "cullface": "up"},
				"south": {"uv": [12, 9, 7, 10], "texture": "#5", "cullface": "up"}
			}
		},
		{
			"from": [2.85623, 16, 9.45003],
			"to": [13.25623, 17, 9.45003],
			"shade": false,
			"rotation": {"angle": 45, "axis": "y", "origin": [6.45003, 19.5, 9.45003], "rescale": true},
			"faces": {
				"north": {"uv": [3, 15, 13, 16], "texture": "#5", "cullface": "up"},
				"south": {"uv": [13, 15, 3, 16], "texture": "#5", "cullface": "up"}
			}
		},
		{
			"from": [1.44202, 17, 9.45003],
			"to": [13.84202, 21, 9.45003],
			"shade": false,
			"rotation": {"angle": 45, "axis": "y", "origin": [6.45003, 19.5, 9.45003], "rescale": true},
			"faces": {
				"north": {"uv": [2, 11, 14, 15], "texture": "#5", "cullface": "up"},
				"south": {"uv": [14, 11, 2, 15], "texture": "#5", "cullface": "up"}
			}
		},
		{
			"from": [3.27044, 21, 10.45003],
			"to": [12.67044, 22, 10.45003],
			"shade": false,
			"rotation": {"angle": 45, "axis": "y", "origin": [5.45003, 19.5, 10.45003], "rescale": true},
			"faces": {
				"north": {"uv": [3, 10, 12, 11], "texture": "#5", "cullface": "up"},
				"south": {"uv": [12, 10, 3, 11], "texture": "#5", "cullface": "up"}
			}
		},
		{
			"from": [3.27044, 22, 10.45003],
			"to": [8.47044, 23, 10.45003],
			"shade": false,
			"rotation": {"angle": 45, "axis": "y", "origin": [5.45003, 19.5, 10.45003], "rescale": true},
			"faces": {
				"north": {"uv": [7, 9, 12, 10], "texture": "#5", "cullface": "up"},
				"south": {"uv": [12, 9, 7, 10], "texture": "#5", "cullface": "up"}
			}
		}
	]
}