{
	"credit": "Made with Blockbench",
	"textures": {
		"0": "block/moss_carpet_sides",
		"1": "block/moss_block",
		"particle": "block/moss_block"
	},
	"elements": [
		{
			"from": [-0.09, 0.03, -0.09],
			"to": [16.09, 1.03, 16.09],
			"faces": {
				"north": {"uv": [0, 0, 16, 1], "texture": "#1"},
				"east": {"uv": [0, 0, 16, 1], "texture": "#1"},
				"south": {"uv": [0, 0, 16, 1], "texture": "#1"},
				"west": {"uv": [0, 0, 16, 1], "texture": "#1"},
				"up": {"uv": [0, 0, 16, 16], "texture": "#1"},
				"down": {"uv": [0, 0, 16, 16], "texture": "#1", "cullface": "down"}
			}
		},
		{
			"from": [-0.09, -6.97, 16.09],
			"to": [16.09, 0.03, 16.09],
			"rotation": {"angle": 0, "axis": "y", "origin": [0, 9, 0]},
			"faces": {
				"north": {"uv": [16, 1, 0, 8], "texture": "#0"},
				"south": {"uv": [0, 1, 16, 8], "texture": "#0"}
			}
		},
		{
			"from": [-0.09, -7.97, 16.09],
			"to": [7.91, -6.97, 16.09],
			"rotation": {"angle": 0, "axis": "y", "origin": [0, 8, 0]},
			"faces": {
				"north": {"uv": [8, 8, 0, 9], "texture": "#0"},
				"south": {"uv": [0, 9, 8, 8], "texture": "#0"}
			}
		},
		{
			"from": [-0.09, -8.97, 16.09],
			"to": [0.91, -7.97, 16.09],
			"rotation": {"angle": 0, "axis": "y", "origin": [0, 7, 0]},
			"faces": {
				"north": {"uv": [1, 9, 0, 10], "texture": "#0"},
				"south": {"uv": [0, 10, 1, 9], "texture": "#0"}
			}
		},
		{
			"from": [1.91, -8.97, 16.09],
			"to": [3.91, -7.97, 16.09],
			"rotation": {"angle": 0, "axis": "y", "origin": [2, 7, 0]},
			"faces": {
				"north": {"uv": [4, 9, 2, 10], "texture": "#0"},
				"south": {"uv": [2, 10, 4, 9], "texture": "#0"}
			}
		},
		{
			"from": [2.91, -9.97, 16.09],
			"to": [3.91, -8.97, 16.09],
			"rotation": {"angle": 0, "axis": "y", "origin": [3, 6, 0]},
			"faces": {
				"north": {"uv": [4, 10, 3, 11], "texture": "#0"},
				"south": {"uv": [3, 11, 4, 10], "texture": "#0"}
			}
		},
		{
			"from": [4.91, -8.97, 16.09],
			"to": [6.91, -7.97, 16.09],
			"rotation": {"angle": 0, "axis": "y", "origin": [5, 7, 0]},
			"faces": {
				"north": {"uv": [7, 9, 5, 10], "texture": "#0"},
				"south": {"uv": [5, 10, 7, 9], "texture": "#0"}
			}
		},
		{
			"from": [5.91, -9.97, 16.09],
			"to": [6.91, -8.97, 16.09],
			"rotation": {"angle": 0, "axis": "y", "origin": [6, 6, 0]},
			"faces": {
				"north": {"uv": [7, 10, 6, 11], "texture": "#0"},
				"south": {"uv": [6, 11, 7, 10], "texture": "#0"}
			}
		},
		{
			"from": [8.91, -7.97, 16.09],
			"to": [9.91, -6.97, 16.09],
			"rotation": {"angle": 0, "axis": "y", "origin": [9, 8, 0]},
			"faces": {
				"north": {"uv": [10, 8, 9, 9], "texture": "#0"},
				"south": {"uv": [9, 9, 10, 8], "texture": "#0"}
			}
		},
		{
			"from": [10.91, -7.97, 16.09],
			"to": [13.91, -6.97, 16.09],
			"rotation": {"angle": 0, "axis": "y", "origin": [11, 8, 0]},
			"faces": {
				"north": {"uv": [14, 8, 11, 9], "texture": "#0"},
				"south": {"uv": [11, 9, 14, 8], "texture": "#0"}
			}
		},
		{
			"from": [11.91, -8.97, 16.09],
			"to": [12.91, -7.97, 16.09],
			"rotation": {"angle": 0, "axis": "y", "origin": [12, 7, 0]},
			"faces": {
				"north": {"uv": [13, 9, 12, 10], "texture": "#0"},
				"south": {"uv": [12, 10, 13, 9], "texture": "#0"}
			}
		},
		{
			"from": [13.91, -8.97, 16.09],
			"to": [15.91, -6.97, 16.09],
			"rotation": {"angle": 0, "axis": "y", "origin": [14, 7, 0]},
			"faces": {
				"north": {"uv": [16, 8, 14, 10], "texture": "#0"},
				"south": {"uv": [14, 8, 16, 10], "texture": "#0"}
			}
		},
		{
			"from": [13.91, -9.97, 16.09],
			"to": [14.91, -8.97, 16.09],
			"rotation": {"angle": 0, "axis": "y", "origin": [14, 6, 0]},
			"faces": {
				"north": {"uv": [15, 10, 14, 11], "texture": "#0"},
				"south": {"uv": [14, 11, 15, 10], "texture": "#0"}
			}
		},
		{
			"from": [-0.09, -6.97, -0.09],
			"to": [-0.09, 0.03, 16.09],
			"rotation": {"angle": 0, "axis": "y", "origin": [-0.09, -6.47, 7.66]},
			"faces": {
				"east": {"uv": [16, 1, 0, 8], "texture": "#0"},
				"west": {"uv": [0, 1, 16, 8], "texture": "#0"}
			}
		},
		{
			"from": [-0.09, -7.97, -0.09],
			"to": [-0.09, -6.97, 7.91],
			"rotation": {"angle": 0, "axis": "y", "origin": [-0.09, -6.47, 7.66]},
			"faces": {
				"east": {"uv": [8, 8, 0, 9], "texture": "#0"},
				"west": {"uv": [0, 9, 8, 8], "texture": "#0"}
			}
		},
		{
			"from": [-0.09, -8.97, -0.09],
			"to": [-0.09, -7.97, 0.91],
			"rotation": {"angle": 0, "axis": "y", "origin": [-0.09, -6.47, 7.66]},
			"faces": {
				"east": {"uv": [1, 9, 0, 10], "texture": "#0"},
				"west": {"uv": [0, 10, 1, 9], "texture": "#0"}
			}
		},
		{
			"from": [-0.09, -8.97, 1.91],
			"to": [-0.09, -7.97, 3.91],
			"rotation": {"angle": 0, "axis": "y", "origin": [-0.09, -6.47, 7.66]},
			"faces": {
				"east": {"uv": [4, 9, 2, 10], "texture": "#0"},
				"west": {"uv": [2, 10, 4, 9], "texture": "#0"}
			}
		},
		{
			"from": [-0.09, -9.97, 2.91],
			"to": [-0.09, -8.97, 3.91],
			"rotation": {"angle": 0, "axis": "y", "origin": [-0.09, -6.47, 7.66]},
			"faces": {
				"east": {"uv": [4, 10, 3, 11], "texture": "#0"},
				"west": {"uv": [3, 11, 4, 10], "texture": "#0"}
			}
		},
		{
			"from": [-0.09, -8.97, 4.91],
			"to": [-0.09, -7.97, 6.91],
			"rotation": {"angle": 0, "axis": "y", "origin": [-0.09, -6.47, 7.66]},
			"faces": {
				"east": {"uv": [7, 9, 5, 10], "texture": "#0"},
				"west": {"uv": [5, 10, 7, 9], "texture": "#0"}
			}
		},
		{
			"from": [-0.09, -9.97, 5.91],
			"to": [-0.09, -8.97, 6.91],
			"rotation": {"angle": 0, "axis": "y", "origin": [-0.09, -6.47, 7.66]},
			"faces": {
				"east": {"uv": [7, 10, 6, 11], "texture": "#0"},
				"west": {"uv": [6, 11, 7, 10], "texture": "#0"}
			}
		},
		{
			"from": [-0.09, -7.97, 8.91],
			"to": [-0.09, -6.97, 9.91],
			"rotation": {"angle": 0, "axis": "y", "origin": [-0.09, -6.47, 7.66]},
			"faces": {
				"east": {"uv": [10, 8, 9, 9], "texture": "#0"},
				"west": {"uv": [9, 9, 10, 8], "texture": "#0"}
			}
		},
		{
			"from": [-0.09, -7.97, 10.91],
			"to": [-0.09, -6.97, 13.91],
			"rotation": {"angle": 0, "axis": "y", "origin": [-0.09, -6.47, 7.66]},
			"faces": {
				"east": {"uv": [14, 8, 11, 9], "texture": "#0"},
				"west": {"uv": [11, 9, 14, 8], "texture": "#0"}
			}
		},
		{
			"from": [-0.09, -8.97, 11.91],
			"to": [-0.09, -7.97, 12.91],
			"rotation": {"angle": 0, "axis": "y", "origin": [-0.09, -6.47, 7.66]},
			"faces": {
				"east": {"uv": [13, 9, 12, 10], "texture": "#0"},
				"west": {"uv": [12, 10, 13, 9], "texture": "#0"}
			}
		},
		{
			"from": [-0.09, -8.97, 13.91],
			"to": [-0.09, -6.97, 15.91],
			"rotation": {"angle": 0, "axis": "y", "origin": [-0.09, -6.47, 7.66]},
			"faces": {
				"east": {"uv": [16, 8, 14, 10], "texture": "#0"},
				"west": {"uv": [14, 8, 16, 10], "texture": "#0"}
			}
		},
		{
			"from": [-0.09, -9.97, 13.91],
			"to": [-0.09, -8.97, 14.91],
			"rotation": {"angle": 0, "axis": "y", "origin": [-0.09, -6.47, 7.66]},
			"faces": {
				"east": {"uv": [15, 10, 14, 11], "texture": "#0"},
				"west": {"uv": [14, 11, 15, 10], "texture": "#0"}
			}
		},
		{
			"from": [-0.09, -6.97, -0.09],
			"to": [16.09, 0.03, -0.09],
			"rotation": {"angle": 0, "axis": "y", "origin": [8.34, -6.47, -0.09]},
			"faces": {
				"north": {"uv": [0, 1, 16, 8], "texture": "#0"},
				"south": {"uv": [16, 1, 0, 8], "texture": "#0"}
			}
		},
		{
			"from": [8.09, -7.97, -0.09],
			"to": [16.09, -6.97, -0.09],
			"rotation": {"angle": 0, "axis": "y", "origin": [8.34, -6.47, -0.09]},
			"faces": {
				"north": {"uv": [0, 9, 8, 8], "texture": "#0"},
				"south": {"uv": [8, 8, 0, 9], "texture": "#0"}
			}
		},
		{
			"from": [15.09, -8.97, -0.09],
			"to": [16.09, -7.97, -0.09],
			"rotation": {"angle": 0, "axis": "y", "origin": [8.34, -6.47, -0.09]},
			"faces": {
				"north": {"uv": [0, 10, 1, 9], "texture": "#0"},
				"south": {"uv": [1, 9, 0, 10], "texture": "#0"}
			}
		},
		{
			"from": [12.09, -8.97, -0.09],
			"to": [14.09, -7.97, -0.09],
			"rotation": {"angle": 0, "axis": "y", "origin": [8.34, -6.47, -0.09]},
			"faces": {
				"north": {"uv": [2, 10, 4, 9], "texture": "#0"},
				"south": {"uv": [4, 9, 2, 10], "texture": "#0"}
			}
		},
		{
			"from": [12.09, -9.97, -0.09],
			"to": [13.09, -8.97, -0.09],
			"rotation": {"angle": 0, "axis": "y", "origin": [8.34, -6.47, -0.09]},
			"faces": {
				"north": {"uv": [3, 11, 4, 10], "texture": "#0"},
				"south": {"uv": [4, 10, 3, 11], "texture": "#0"}
			}
		},
		{
			"from": [9.09, -8.97, -0.09],
			"to": [11.09, -7.97, -0.09],
			"rotation": {"angle": 0, "axis": "y", "origin": [8.34, -6.47, -0.09]},
			"faces": {
				"north": {"uv": [5, 10, 7, 9], "texture": "#0"},
				"south": {"uv": [7, 9, 5, 10], "texture": "#0"}
			}
		},
		{
			"from": [9.09, -9.97, -0.09],
			"to": [10.09, -8.97, -0.09],
			"rotation": {"angle": 0, "axis": "y", "origin": [8.34, -6.47, -0.09]},
			"faces": {
				"north": {"uv": [6, 11, 7, 10], "texture": "#0"},
				"south": {"uv": [7, 10, 6, 11], "texture": "#0"}
			}
		},
		{
			"from": [6.09, -7.97, -0.09],
			"to": [7.09, -6.97, -0.09],
			"rotation": {"angle": 0, "axis": "y", "origin": [8.34, -6.47, -0.09]},
			"faces": {
				"north": {"uv": [9, 9, 10, 8], "texture": "#0"},
				"south": {"uv": [10, 8, 9, 9], "texture": "#0"}
			}
		},
		{
			"from": [2.09, -7.97, -0.09],
			"to": [5.09, -6.97, -0.09],
			"rotation": {"angle": 0, "axis": "y", "origin": [8.34, -6.47, -0.09]},
			"faces": {
				"north": {"uv": [11, 9, 14, 8], "texture": "#0"},
				"south": {"uv": [14, 8, 11, 9], "texture": "#0"}
			}
		},
		{
			"from": [3.09, -8.97, -0.09],
			"to": [4.09, -7.97, -0.09],
			"rotation": {"angle": 0, "axis": "y", "origin": [8.34, -6.47, -0.09]},
			"faces": {
				"north": {"uv": [12, 10, 13, 9], "texture": "#0"},
				"south": {"uv": [13, 9, 12, 10], "texture": "#0"}
			}
		},
		{
			"from": [0.09, -8.97, -0.09],
			"to": [2.09, -6.97, -0.09],
			"rotation": {"angle": 0, "axis": "y", "origin": [8.34, -6.47, -0.09]},
			"faces": {
				"north": {"uv": [14, 8, 16, 10], "texture": "#0"},
				"south": {"uv": [16, 8, 14, 10], "texture": "#0"}
			}
		},
		{
			"from": [1.09, -9.97, -0.09],
			"to": [2.09, -8.97, -0.09],
			"rotation": {"angle": 0, "axis": "y", "origin": [8.34, -6.47, -0.09]},
			"faces": {
				"north": {"uv": [14, 11, 15, 10], "texture": "#0"},
				"south": {"uv": [15, 10, 14, 11], "texture": "#0"}
			}
		},
		{
			"from": [16.09, -6.97, -0.09],
			"to": [16.09, 0.03, 16.09],
			"rotation": {"angle": 0, "axis": "y", "origin": [16.09, -6.47, 8.34]},
			"faces": {
				"east": {"uv": [0, 1, 16, 8], "texture": "#0"},
				"west": {"uv": [16, 1, 0, 8], "texture": "#0"}
			}
		},
		{
			"from": [16.09, -7.97, 8.09],
			"to": [16.09, -6.97, 16.09],
			"rotation": {"angle": 0, "axis": "y", "origin": [16.09, -6.47, 8.34]},
			"faces": {
				"east": {"uv": [0, 9, 8, 8], "texture": "#0"},
				"west": {"uv": [8, 8, 0, 9], "texture": "#0"}
			}
		},
		{
			"from": [16.09, -8.97, 15.09],
			"to": [16.09, -7.97, 16.09],
			"rotation": {"angle": 0, "axis": "y", "origin": [16.09, -6.47, 8.34]},
			"faces": {
				"east": {"uv": [0, 10, 1, 9], "texture": "#0"},
				"west": {"uv": [1, 9, 0, 10], "texture": "#0"}
			}
		},
		{
			"from": [16.09, -8.97, 12.09],
			"to": [16.09, -7.97, 14.09],
			"rotation": {"angle": 0, "axis": "y", "origin": [16.09, -6.47, 8.34]},
			"faces": {
				"east": {"uv": [2, 10, 4, 9], "texture": "#0"},
				"west": {"uv": [4, 9, 2, 10], "texture": "#0"}
			}
		},
		{
			"from": [16.09, -9.97, 12.09],
			"to": [16.09, -8.97, 13.09],
			"rotation": {"angle": 0, "axis": "y", "origin": [16.09, -6.47, 8.34]},
			"faces": {
				"east": {"uv": [3, 11, 4, 10], "texture": "#0"},
				"west": {"uv": [4, 10, 3, 11], "texture": "#0"}
			}
		},
		{
			"from": [16.09, -8.97, 9.09],
			"to": [16.09, -7.97, 11.09],
			"rotation": {"angle": 0, "axis": "y", "origin": [16.09, -6.47, 8.34]},
			"faces": {
				"east": {"uv": [5, 10, 7, 9], "texture": "#0"},
				"west": {"uv": [7, 9, 5, 10], "texture": "#0"}
			}
		},
		{
			"from": [16.09, -9.97, 9.09],
			"to": [16.09, -8.97, 10.09],
			"rotation": {"angle": 0, "axis": "y", "origin": [16.09, -6.47, 8.34]},
			"faces": {
				"east": {"uv": [6, 11, 7, 10], "texture": "#0"},
				"west": {"uv": [7, 10, 6, 11], "texture": "#0"}
			}
		},
		{
			"from": [16.09, -7.97, 6.09],
			"to": [16.09, -6.97, 7.09],
			"rotation": {"angle": 0, "axis": "y", "origin": [16.09, -6.47, 8.34]},
			"faces": {
				"east": {"uv": [9, 9, 10, 8], "texture": "#0"},
				"west": {"uv": [10, 8, 9, 9], "texture": "#0"}
			}
		},
		{
			"from": [16.09, -7.97, 2.09],
			"to": [16.09, -6.97, 5.09],
			"rotation": {"angle": 0, "axis": "y", "origin": [16.09, -6.47, 8.34]},
			"faces": {
				"east": {"uv": [11, 9, 14, 8], "texture": "#0"},
				"west": {"uv": [14, 8, 11, 9], "texture": "#0"}
			}
		},
		{
			"from": [16.09, -8.97, 3.09],
			"to": [16.09, -7.97, 4.09],
			"rotation": {"angle": 0, "axis": "y", "origin": [16.09, -6.47, 8.34]},
			"faces": {
				"east": {"uv": [12, 10, 13, 9], "texture": "#0"},
				"west": {"uv": [13, 9, 12, 10], "texture": "#0"}
			}
		},
		{
			"from": [16.09, -8.97, 0.09],
			"to": [16.09, -6.97, 2.09],
			"rotation": {"angle": 0, "axis": "y", "origin": [16.09, -6.47, 8.34]},
			"faces": {
				"east": {"uv": [14, 8, 16, 10], "texture": "#0"},
				"west": {"uv": [16, 8, 14, 10], "texture": "#0"}
			}
		},
		{
			"from": [16.09, -9.97, 1.09],
			"to": [16.09, -8.97, 2.09],
			"rotation": {"angle": 0, "axis": "y", "origin": [16.09, -6.47, 8.34]},
			"faces": {
				"east": {"uv": [14, 11, 15, 10], "texture": "#0"},
				"west": {"uv": [15, 10, 14, 11], "texture": "#0"}
			}
		}
	],
	"groups": [
		0,
		{
			"name": "group",
			"origin": [8, 8, 8],
			"color": 0,
			"children": [1, 2, 3, 4, 5, 6, 7, 8, 9, 10, 11, 12]
		},
		{
			"name": "group",
			"origin": [8, 8, 8],
			"color": 0,
			"children": [13, 14, 15, 16, 17, 18, 19, 20, 21, 22, 23, 24]
		},
		{
			"name": "group",
			"origin": [8, 8, 8],
			"color": 0,
			"children": [25, 26, 27, 28, 29, 30, 31, 32, 33, 34, 35, 36]
		},
		{
			"name": "group",
			"origin": [8, 8, 8],
			"color": 0,
			"children": [37, 38, 39, 40, 41, 42, 43, 44, 45, 46, 47, 48]
		}
	]
}