{
	"credit": "Made with Blockbench",
	"ambientocclusion": false,
	"textures": {
		"0": "block/tall_grass",
		"1": "block/inv_tall_grass",
		"2": "block/tall_grass_inv_sunflower",
		"particle": "block/tall_grass"
	},
	"elements": [
		{
			"from": [0.8, 0, 8],
			"to": [15.2, 32, 8],
			"shade": false,
			"rotation": {"angle": 45, "axis": "y", "origin": [8, 8, 8], "rescale": true},
			"faces": {
				"north": {"uv": [0, 0, 8, 16], "texture": "#0", "tintindex": 0},
				"south": {"uv": [0, 0, 8, 16], "texture": "#0", "tintindex": 0}
			}
		},
		{
			"from": [0.8, 0, 8],
			"to": [15.2, 32, 8],
			"shade": false,
			"rotation": {"angle": 45, "axis": "y", "origin": [8, 8, 8], "rescale": true},
			"faces": {
				"north": {"uv": [0, 0, 8, 16], "texture": "#1"},
				"south": {"uv": [0, 0, 8, 16], "texture": "#1"}
			}
		},
		{
			"from": [8, 0, 0.8],
			"to": [8, 32, 15.2],
			"shade": false,
			"rotation": {"angle": 45, "axis": "y", "origin": [8, 8, 8], "rescale": true},
			"faces": {
				"east": {"uv": [0, 0, 8, 16], "texture": "#0", "tintindex": 0},
				"west": {"uv": [0, 0, 8, 16], "texture": "#0", "tintindex": 0}
			}
		},
		{
			"from": [8, 0, 0.8],
			"to": [8, 32, 15.2],
			"shade": false,
			"rotation": {"angle": 45, "axis": "y", "origin": [8, 8, 8], "rescale": true},
			"faces": {
				"east": {"uv": [0, 0, 8, 16], "texture": "#1"},
				"west": {"uv": [0, 0, 8, 16], "texture": "#1"}
			}
		},
		{
			"from": [0.8, 0, 8],
			"to": [15.2, 32, 8],
			"shade": false,
			"rotation": {"angle": 45, "axis": "y", "origin": [8, 8, 8], "rescale": true},
			"faces": {
				"north": {"uv": [0, 0, 8, 16], "texture": "#2"},
				"south": {"uv": [0, 0, 8, 16], "texture": "#2"}
			}
		},
		{
			"from": [8, 0, 0.8],
			"to": [8, 32, 15.2],
			"shade": false,
			"rotation": {"angle": 45, "axis": "y", "origin": [8, 8, 8], "rescale": true},
			"faces": {
				"east": {"uv": [0, 0, 8, 16], "texture": "#2"},
				"west": {"uv": [0, 0, 8, 16], "texture": "#2"}
			}
		}
	]
}