{"textures":{"0":"modelengine:entity/phantom_ender"},"elements":[{"from":[3.142857,6.5714283,7.857143],"to":[12.857143,8.857143,18.142857],"rotation":{"angle":0.0,"axis":"y","origin":[8.0,9.655886,13.428572]},"faces":{"east":{"uv":[6.8125,4.125,7.9375,4.375],"rotation":0,"texture":"#0","tintindex":0},"south":{"uv":[2.9375,6.875,4.0,7.125],"rotation":0,"texture":"#0","tintindex":0},"north":{"uv":[1.0,6.875,2.0625,7.125],"rotation":0,"texture":"#0","tintindex":0},"west":{"uv":[6.8125,4.4375,7.9375,4.6875],"rotation":0,"texture":"#0","tintindex":0},"up":{"uv":[1.0625,6.75,0.0,5.625],"rotation":0,"texture":"#0","tintindex":0},"down":{"uv":[6.75,3.75,5.6875,4.875],"rotation":0,"texture":"#0","tintindex":0}}},{"from":[7.142857,7.714286,7.8428574],"to":[8.857143,9.428572,18.128572],"rotation":{"angle":0.0,"axis":"y","origin":[8.0,9.655886,13.428572]},"faces":{"east":{"uv":[5.125,7.375,6.25,7.5625],"rotation":0,"texture":"#0","tintindex":0},"south":{"uv":[2.25,7.625,2.4375,7.8125],"rotation":0,"texture":"#0","tintindex":0},"north":{"uv":[5.125,6.875,5.3125,7.0625],"rotation":0,"texture":"#0","tintindex":0},"west":{"uv":[7.375,7.3125,8.5,7.5],"rotation":0,"texture":"#0","tintindex":0},"up":{"uv":[4.25,8.0,4.0625,6.875],"rotation":0,"texture":"#0","tintindex":0},"down":{"uv":[4.5,6.875,4.3125,8.0],"rotation":0,"texture":"#0","tintindex":0}}},{"from":[4.285714,8.142858,14.142858],"to":[11.714286,9.285714,15.285715],"rotation":{"angle":0.0,"axis":"y","origin":[8.0,9.655886,13.428572]},"faces":{"east":{"uv":[2.5625,8.25,2.6875,8.375],"rotation":0,"texture":"#0","tintindex":0},"south":{"uv":[8.125,6.0625,8.9375,6.1875],"rotation":0,"texture":"#0","tintindex":0},"north":{"uv":[8.125,3.5,8.9375,3.625],"rotation":0,"texture":"#0","tintindex":0},"west":{"uv":[2.75,8.25,2.875,8.375],"rotation":0,"texture":"#0","tintindex":0},"up":{"uv":[6.9375,8.25,6.125,8.125],"rotation":0,"texture":"#0","tintindex":0},"down":{"uv":[8.9375,6.25,8.125,6.375],"rotation":0,"texture":"#0","tintindex":0}}},{"from":[8.0,9.428572,7.857143],"to":[8.0,10.571428,18.142857],"rotation":{"angle":0.0,"axis":"y","origin":[8.0,9.655886,13.428572]},"faces":{"east":{"uv":[9.125,0.3125,8.0,0.4375],"rotation":0,"texture":"#0","tintindex":0},"south":{"uv":[6.3125,7.375,6.3125,7.5],"rotation":0,"texture":"#0","tintindex":0},"north":{"uv":[4.0,7.1875,4.0,7.3125],"rotation":0,"texture":"#0","tintindex":0},"west":{"uv":[8.0,0.3125,9.125,0.4375],"rotation":0,"texture":"#0","tintindex":0},"up":{"uv":[5.0625,9.4375,5.0625,8.3125],"rotation":0,"texture":"#0","tintindex":0},"down":{"uv":[2.375,8.375,2.375,9.5],"rotation":0,"texture":"#0","tintindex":0}}},{"from":[4.285714,8.142858,10.142858],"to":[11.714286,9.285714,11.285714],"rotation":{"angle":0.0,"axis":"y","origin":[8.0,9.655886,13.428572]},"faces":{"east":{"uv":[1.5,8.25,1.625,8.375],"rotation":0,"texture":"#0","tintindex":0},"south":{"uv":[8.0625,2.9375,8.875,3.0625],"rotation":0,"texture":"#0","tintindex":0},"north":{"uv":[8.0625,2.75,8.875,2.875],"rotation":0,"texture":"#0","tintindex":0},"west":{"uv":[1.6875,8.25,1.8125,8.375],"rotation":0,"texture":"#0","tintindex":0},"up":{"uv":[8.875,3.25,8.0625,3.125],"rotation":0,"texture":"#0","tintindex":0},"down":{"uv":[8.875,3.3125,8.0625,3.4375],"rotation":0,"texture":"#0","tintindex":0}}}],"display":{"head":{"translation":[0.0,-6.4,0.0],"scale":[4.0,4.0,4.0]}}}