{"textures":{"0":"modelengine:entity/phantom_ender"},"elements":[{"from":[0.85714245,6.4318295,-5.8946505],"to":[15.142858,9.288973,8.391065],"rotation":{"angle":0.0,"axis":"y","origin":[8.0,10.087715,13.962494]},"faces":{"east":{"uv":[6.4375,2.375,8.0,2.6875],"rotation":0,"texture":"#0","tintindex":0},"south":{"uv":[6.4375,2.75,8.0,3.0625],"rotation":0,"texture":"#0","tintindex":0},"north":{"uv":[6.4375,2.0,8.0,2.3125],"rotation":0,"texture":"#0","tintindex":0},"west":{"uv":[6.4375,3.125,8.0,3.4375],"rotation":0,"texture":"#0","tintindex":0},"up":{"uv":[1.5625,1.5625,0.0,0.0],"rotation":0,"texture":"#0","tintindex":0},"down":{"uv":[1.5625,1.625,0.0,3.1875],"rotation":0,"texture":"#0","tintindex":0}}},{"from":[0.28571415,7.017544,-0.7517929],"to":[15.714286,9.874687,6.676779],"rotation":{"angle":0.0,"axis":"y","origin":[8.0,10.087715,13.962494]},"faces":{"east":{"uv":[7.125,0.0,7.9375,0.3125],"rotation":0,"texture":"#0","tintindex":0},"south":{"uv":[6.4375,0.875,8.125,1.1875],"rotation":0,"texture":"#0","tintindex":0},"north":{"uv":[5.4375,6.1875,7.125,6.5],"rotation":0,"texture":"#0","tintindex":0},"west":{"uv":[7.125,0.375,7.9375,0.6875],"rotation":0,"texture":"#0","tintindex":0},"up":{"uv":[5.1875,4.5625,3.5,3.75],"rotation":0,"texture":"#0","tintindex":0},"down":{"uv":[3.0,4.25,1.3125,5.0625],"rotation":0,"texture":"#0","tintindex":0}}},{"from":[0.28571415,9.874687,5.5339212],"to":[15.714286,12.73183,6.676779],"rotation":{"angle":0.0,"axis":"y","origin":[8.0,10.087715,13.962494]},"faces":{"east":{"uv":[3.3125,4.25,3.4375,4.5625],"rotation":0,"texture":"#0","tintindex":0},"south":{"uv":[6.4375,1.25,8.125,1.5625],"rotation":0,"texture":"#0","tintindex":0},"north":{"uv":[6.4375,1.25,8.125,1.5625],"rotation":0,"texture":"#0","tintindex":0},"west":{"uv":[1.125,5.625,1.25,5.9375],"rotation":0,"texture":"#0","tintindex":0},"up":{"uv":[8.5,4.875,6.8125,4.75],"rotation":0,"texture":"#0","tintindex":0},"down":{"uv":[1.6875,7.4375,0.0,7.5625],"rotation":0,"texture":"#0","tintindex":0}}},{"from":[-0.2857151,7.984653,6.2865496],"to":[16.285715,13.12751,6.2865496],"rotation":{"angle":22.5,"axis":"x","origin":[8.0,10.087715,13.962494]},"faces":{"east":{"uv":[2.9375,5.125,2.9375,5.6875],"rotation":0,"texture":"#0","tintindex":0},"south":{"uv":[7.5,4.9375,5.6875,5.5],"rotation":0,"texture":"#0","tintindex":0},"north":{"uv":[5.6875,4.9375,7.5,5.5],"rotation":0,"texture":"#0","tintindex":0},"west":{"uv":[3.0,5.125,3.0,5.6875],"rotation":0,"texture":"#0","tintindex":0},"up":{"uv":[7.5,8.4375,5.6875,8.4375],"rotation":0,"texture":"#0","tintindex":0},"down":{"uv":[9.375,8.4375,7.5625,8.4375],"rotation":0,"texture":"#0","tintindex":0}}},{"from":[0.61383295,12.465933,1.5196357],"to":[1.75669,14.751646,6.662493],"rotation":{"angle":22.5,"axis":"z","origin":[8.0,10.087715,13.962494]},"faces":{"east":{"uv":[2.625,7.625,3.1875,7.875],"rotation":0,"texture":"#0","tintindex":0},"south":{"uv":[5.125,8.1875,5.25,8.4375],"rotation":0,"texture":"#0","tintindex":0},"north":{"uv":[2.375,8.0625,2.5,8.3125],"rotation":0,"texture":"#0","tintindex":0},"west":{"uv":[2.625,7.625,3.1875,7.875],"rotation":0,"texture":"#0","tintindex":0},"up":{"uv":[5.625,4.3125,5.5,3.75],"rotation":0,"texture":"#0","tintindex":0},"down":{"uv":[3.375,7.625,3.25,8.1875],"rotation":0,"texture":"#0","tintindex":0}}},{"from":[14.24331,12.465933,1.5196357],"to":[15.386168,14.751646,6.662493],"rotation":{"angle":-22.5,"axis":"z","origin":[8.0,10.087715,13.962494]},"faces":{"east":{"uv":[3.1875,7.625,2.625,7.875],"rotation":0,"texture":"#0","tintindex":0},"south":{"uv":[5.25,8.1875,5.125,8.4375],"rotation":0,"texture":"#0","tintindex":0},"north":{"uv":[2.5,8.0625,2.375,8.3125],"rotation":0,"texture":"#0","tintindex":0},"west":{"uv":[3.1875,7.625,2.625,7.875],"rotation":0,"texture":"#0","tintindex":0},"up":{"uv":[5.5,4.3125,5.625,3.75],"rotation":0,"texture":"#0","tintindex":0},"down":{"uv":[3.25,7.625,3.375,8.1875],"rotation":0,"texture":"#0","tintindex":0}}},{"from":[2.8838644,15.839908,0.39106464],"to":[2.8838644,20.411335,7.2482076],"rotation":{"angle":45.0,"axis":"z","origin":[8.0,10.087715,13.962494]},"faces":{"east":{"uv":[2.125,6.0,2.875,6.5],"rotation":0,"texture":"#0","tintindex":0},"south":{"uv":[1.9375,8.25,1.9375,8.75],"rotation":0,"texture":"#0","tintindex":0},"north":{"uv":[1.875,8.25,1.875,8.75],"rotation":0,"texture":"#0","tintindex":0},"west":{"uv":[2.875,6.0,2.125,6.5],"rotation":0,"texture":"#0","tintindex":0},"up":{"uv":[3.3125,9.0,3.3125,8.25],"rotation":0,"texture":"#0","tintindex":0},"down":{"uv":[3.375,8.25,3.375,9.0],"rotation":0,"texture":"#0","tintindex":0}}},{"from":[13.116136,15.839908,0.39106464],"to":[13.116136,20.411335,7.2482076],"rotation":{"angle":-45.0,"axis":"z","origin":[8.0,10.087715,13.962494]},"faces":{"east":{"uv":[2.125,6.0,2.875,6.5],"rotation":0,"texture":"#0","tintindex":0},"south":{"uv":[1.9375,8.25,1.9375,8.75],"rotation":0,"texture":"#0","tintindex":0},"north":{"uv":[1.875,8.25,1.875,8.75],"rotation":0,"texture":"#0","tintindex":0},"west":{"uv":[2.875,6.0,2.125,6.5],"rotation":0,"texture":"#0","tintindex":0},"up":{"uv":[3.3125,9.0,3.3125,8.25],"rotation":0,"texture":"#0","tintindex":0},"down":{"uv":[3.375,8.25,3.375,9.0],"rotation":0,"texture":"#0","tintindex":0}}},{"from":[7.142857,8.146115,-6.4660797],"to":[8.857143,9.860401,8.433922],"rotation":{"angle":0.0,"axis":"y","origin":[8.0,10.087715,13.962494]},"faces":{"east":{"uv":[6.4375,3.5,8.0625,3.6875],"rotation":0,"texture":"#0","tintindex":0},"south":{"uv":[5.125,6.625,5.3125,6.8125],"rotation":0,"texture":"#0","tintindex":0},"north":{"uv":[6.125,0.875,6.3125,1.0625],"rotation":0,"texture":"#0","tintindex":0},"west":{"uv":[2.9375,6.625,4.5625,6.8125],"rotation":0,"texture":"#0","tintindex":0},"up":{"uv":[4.8125,8.25,4.625,6.625],"rotation":0,"texture":"#0","tintindex":0},"down":{"uv":[5.0625,6.625,4.875,8.25],"rotation":0,"texture":"#0","tintindex":0}}},{"from":[2.5714283,8.574687,-3.6089363],"to":[13.428572,9.717544,-2.4660788],"rotation":{"angle":0.0,"axis":"y","origin":[8.0,10.087715,13.962494]},"faces":{"east":{"uv":[6.875,7.125,7.0,7.25],"rotation":0,"texture":"#0","tintindex":0},"south":{"uv":[7.9375,6.5,9.125,6.625],"rotation":0,"texture":"#0","tintindex":0},"north":{"uv":[6.4375,7.9375,7.625,8.0625],"rotation":0,"texture":"#0","tintindex":0},"west":{"uv":[0.5625,8.25,0.6875,8.375],"rotation":0,"texture":"#0","tintindex":0},"up":{"uv":[9.125,6.8125,7.9375,6.6875],"rotation":0,"texture":"#0","tintindex":0},"down":{"uv":[9.125,6.875,7.9375,7.0],"rotation":0,"texture":"#0","tintindex":0}}},{"from":[3.7142854,8.574687,-0.18036461],"to":[12.285715,9.717544,0.96249294],"rotation":{"angle":0.0,"axis":"y","origin":[8.0,10.087715,13.962494]},"faces":{"east":{"uv":[0.75,8.25,0.875,8.375],"rotation":0,"texture":"#0","tintindex":0},"south":{"uv":[5.125,8.0,6.0625,8.125],"rotation":0,"texture":"#0","tintindex":0},"north":{"uv":[8.0,4.5,8.9375,4.625],"rotation":0,"texture":"#0","tintindex":0},"west":{"uv":[0.9375,8.25,1.0625,8.375],"rotation":0,"texture":"#0","tintindex":0},"up":{"uv":[0.9375,8.1875,0.0,8.0625],"rotation":0,"texture":"#0","tintindex":0},"down":{"uv":[1.9375,8.0625,1.0,8.1875],"rotation":0,"texture":"#0","tintindex":0}}},{"from":[3.7142854,8.574687,4.962493],"to":[12.285715,9.717544,6.10535],"rotation":{"angle":0.0,"axis":"y","origin":[8.0,10.087715,13.962494]},"faces":{"east":{"uv":[1.125,8.25,1.25,8.375],"rotation":0,"texture":"#0","tintindex":0},"south":{"uv":[8.0625,2.1875,9.0,2.3125],"rotation":0,"texture":"#0","tintindex":0},"north":{"uv":[8.0625,2.0,9.0,2.125],"rotation":0,"texture":"#0","tintindex":0},"west":{"uv":[1.3125,8.25,1.4375,8.375],"rotation":0,"texture":"#0","tintindex":0},"up":{"uv":[9.0,2.5,8.0625,2.375],"rotation":0,"texture":"#0","tintindex":0},"down":{"uv":[9.0,2.5625,8.0625,2.6875],"rotation":0,"texture":"#0","tintindex":0}}},{"from":[8.0,9.860401,-6.4660797],"to":[8.0,11.003259,-0.7517929],"rotation":{"angle":0.0,"axis":"y","origin":[8.0,10.087715,13.962494]},"faces":{"east":{"uv":[8.8125,1.375,8.1875,1.5],"rotation":0,"texture":"#0","tintindex":0},"south":{"uv":[3.9375,7.1875,3.9375,7.3125],"rotation":0,"texture":"#0","tintindex":0},"north":{"uv":[5.375,6.8125,5.375,6.9375],"rotation":0,"texture":"#0","tintindex":0},"west":{"uv":[8.1875,1.375,8.8125,1.5],"rotation":0,"texture":"#0","tintindex":0},"up":{"uv":[4.9375,8.9375,4.9375,8.3125],"rotation":0,"texture":"#0","tintindex":0},"down":{"uv":[5.0,8.3125,5.0,8.9375],"rotation":0,"texture":"#0","tintindex":0}}}],"display":{"head":{"translation":[0.0,-6.4,0.0],"scale":[4.0,4.0,4.0]}}}