{
	"credit": "Made with Blockbench",
	"texture_size": [64, 64],
	"textures": {
		"0": "bone_helem",
		"particle": "bone_helem"
	},
	"elements": [
		{
			"from": [12, 5, 3],
			"to": [13, 10, 12],
			"faces": {
				"north": {"uv": [5, 11.5, 5.25, 12.75], "texture": "#0"},
				"east": {"uv": [2.75, 11.5, 5, 12.75], "texture": "#0"},
				"south": {"uv": [7.5, 11.5, 7.75, 12.75], "texture": "#0"},
				"west": {"uv": [5.25, 11.5, 7.5, 12.75], "texture": "#0"},
				"up": {"uv": [5.25, 11.5, 5, 9.25], "texture": "#0"},
				"down": {"uv": [5.5, 9.25, 5.25, 11.5], "texture": "#0"}
			}
		},
		{
			"from": [4, 1, 11],
			"to": [12, 8, 12],
			"faces": {
				"north": {"uv": [5.75, 9.5, 7.75, 11.25], "texture": "#0"},
				"east": {"uv": [5.5, 9.5, 5.75, 11.25], "texture": "#0"},
				"south": {"uv": [8, 9.5, 10, 11.25], "texture": "#0"},
				"west": {"uv": [7.75, 9.5, 8, 11.25], "texture": "#0"},
				"up": {"uv": [7.75, 9.5, 5.75, 9.25], "texture": "#0"},
				"down": {"uv": [9.75, 9.25, 7.75, 9.5], "texture": "#0"}
			}
		},
		{
			"from": [3, 3, 5],
			"to": [4, 5, 10],
			"faces": {
				"north": {"uv": [1.25, 4.5, 1.5, 5], "texture": "#0"},
				"east": {"uv": [0, 4.5, 1.25, 5], "texture": "#0"},
				"south": {"uv": [2.75, 4.5, 3, 5], "texture": "#0"},
				"west": {"uv": [1.5, 4.5, 2.75, 5], "texture": "#0"},
				"up": {"uv": [1.5, 4.5, 1.25, 3.25], "texture": "#0"},
				"down": {"uv": [1.75, 3.25, 1.5, 4.5], "texture": "#0"}
			}
		},
		{
			"from": [12, 3, 5],
			"to": [13, 5, 10],
			"faces": {
				"north": {"uv": [1.25, 4.5, 1.5, 5], "texture": "#0"},
				"east": {"uv": [0, 4.5, 1.25, 5], "texture": "#0"},
				"south": {"uv": [2.75, 4.5, 3, 5], "texture": "#0"},
				"west": {"uv": [1.5, 4.5, 2.75, 5], "texture": "#0"},
				"up": {"uv": [1.5, 4.5, 1.25, 3.25], "texture": "#0"},
				"down": {"uv": [1.75, 3.25, 1.5, 4.5], "texture": "#0"}
			}
		},
		{
			"from": [3, 5, 3],
			"to": [4, 10, 12],
			"faces": {
				"north": {"uv": [2.25, 10, 2.5, 11.25], "texture": "#0"},
				"east": {"uv": [0, 10, 2.25, 11.25], "texture": "#0"},
				"south": {"uv": [4.75, 10, 5, 11.25], "texture": "#0"},
				"west": {"uv": [2.5, 10, 4.75, 11.25], "texture": "#0"},
				"up": {"uv": [2.5, 10, 2.25, 7.75], "texture": "#0"},
				"down": {"uv": [2.75, 7.75, 2.5, 10], "texture": "#0"}
			}
		},
		{
			"from": [4, 8, 2],
			"to": [12, 11, 12],
			"faces": {
				"north": {"uv": [2.5, 2.5, 4.5, 3.25], "texture": "#0"},
				"east": {"uv": [0, 2.5, 2.5, 3.25], "texture": "#0"},
				"south": {"uv": [7, 2.5, 9, 3.25], "texture": "#0"},
				"west": {"uv": [4.5, 2.5, 7, 3.25], "texture": "#0"},
				"up": {"uv": [4.5, 2.5, 2.5, 0], "texture": "#0"},
				"down": {"uv": [6.5, 0, 4.5, 2.5], "texture": "#0"}
			}
		},
		{
			"from": [7, 6, 1],
			"to": [9, 12, 13],
			"faces": {
				"north": {"uv": [3, 6.25, 3.5, 7.75], "texture": "#0"},
				"east": {"uv": [0, 6.25, 3, 7.75], "texture": "#0"},
				"south": {"uv": [6.5, 6.25, 7, 7.75], "texture": "#0"},
				"west": {"uv": [3.5, 6.25, 6.5, 7.75], "texture": "#0"},
				"up": {"uv": [3.5, 6.25, 3, 3.25], "texture": "#0"},
				"down": {"uv": [4, 3.25, 3.5, 6.25], "texture": "#0"}
			}
		},
		{
			"from": [4, 4, 4],
			"to": [12, 8, 10],
			"faces": {
				"north": {"uv": [9, 3.25, 11, 4.25], "texture": "#0"},
				"east": {"uv": [7.5, 3.25, 9, 4.25], "texture": "#0"},
				"south": {"uv": [12.5, 3.25, 14.5, 4.25], "texture": "#0"},
				"west": {"uv": [11, 3.25, 12.5, 4.25], "texture": "#0"},
				"up": {"uv": [11, 3.25, 9, 1.75], "texture": "#0"},
				"down": {"uv": [13, 1.75, 11, 3.25], "texture": "#0"}
			}
		},
		{
			"from": [5, 3, 3],
			"to": [11, 9, 11],
			"faces": {
				"north": {"uv": [7, 7.75, 8.5, 9.25], "texture": "#0"},
				"east": {"uv": [5, 7.75, 7, 9.25], "texture": "#0"},
				"south": {"uv": [10.5, 7.75, 12, 9.25], "texture": "#0"},
				"west": {"uv": [8.5, 7.75, 10.5, 9.25], "texture": "#0"},
				"up": {"uv": [8.5, 7.75, 7, 5.75], "texture": "#0"},
				"down": {"uv": [10, 5.75, 8.5, 7.75], "texture": "#0"}
			}
		}
	],
	"display": {
		"head": {
			"rotation": [-11.39, 21.97, -3.34],
			"translation": [0, -36.5, 0],
			"scale": [1.16, 1.16, 1.16]
		}
	},
	"groups": [
		{
			"name": "group",
			"origin": [0, 0, 0],
			"color": 0,
			"children": [0, 1, 2, 3, 4, 5, 6]
		},
		{
			"name": "group",
			"origin": [0, 0, 0],
			"color": 0,
			"children": [7, 8]
		}
	]
}