{
	"credit": "Made with Blockbench",
	"texture_size": [288, 288],
	"textures": {
		"0": "boss_summon/boss_summon_5",
		"1": "boss_summon/boss_summon_chain",
		"2": "boss_summon/boss_summon_frame",
		"particle": "boss_summon/boss_summon_5"
	},
	"elements": [
		{
			"from": [0, -5, 0],
			"to": [16, 11, 16],
			"rotation": {"angle": 0, "axis": "y", "origin": [0, -2, 0]},
			"faces": {
				"north": {"uv": [0.88889, 10.22222, 1.77778, 11.11111], "texture": "#0"},
				"east": {"uv": [0, 10.22222, 0.88889, 11.11111], "texture": "#0"},
				"south": {"uv": [2.66667, 10.22222, 3.55556, 11.11111], "texture": "#0"},
				"west": {"uv": [1.77778, 10.22222, 2.66667, 11.11111], "texture": "#0"},
				"up": {"uv": [1.77778, 10.22222, 0.88889, 9.33333], "texture": "#0"},
				"down": {"uv": [2.66667, 9.33333, 1.77778, 10.22222], "texture": "#0"}
			}
		},
		{
			"from": [1, -9, 1],
			"to": [15, 15, 15],
			"rotation": {"angle": 0, "axis": "y", "origin": [0, -2, 0]},
			"faces": {
				"north": {"uv": [3.55556, 11.11111, 4.33333, 12.44444], "texture": "#0"},
				"east": {"uv": [2.77778, 11.11111, 3.55556, 12.44444], "texture": "#0"},
				"south": {"uv": [5.11111, 11.11111, 5.88889, 12.44444], "texture": "#0"},
				"west": {"uv": [4.33333, 11.11111, 5.11111, 12.44444], "texture": "#0"},
				"up": {"uv": [4.33333, 11.11111, 3.55556, 10.33333], "texture": "#0"},
				"down": {"uv": [5.11111, 10.33333, 4.33333, 11.11111], "texture": "#0"}
			}
		},
		{
			"from": [1, -8, 1],
			"to": [15, 16, 15],
			"rotation": {"angle": 0, "axis": "y", "origin": [0, -2, 0]},
			"faces": {
				"north": {"uv": [11.55556, 3.11111, 12.33333, 4.44444], "texture": "#0"},
				"east": {"uv": [10.77778, 3.11111, 11.55556, 4.44444], "texture": "#0"},
				"south": {"uv": [13.11111, 3.11111, 13.88889, 4.44444], "texture": "#0"},
				"west": {"uv": [12.33333, 3.11111, 13.11111, 4.44444], "texture": "#0"},
				"up": {"uv": [12.33333, 3.11111, 11.55556, 2.33333], "texture": "#0"},
				"down": {"uv": [13.11111, 2.33333, 12.33333, 3.11111], "texture": "#0"}
			}
		},
		{
			"from": [0, -4, 0],
			"to": [16, 12, 16],
			"rotation": {"angle": 0, "axis": "y", "origin": [0, -2, 0]},
			"faces": {
				"north": {"uv": [8.88889, 2.22222, 9.77778, 3.11111], "texture": "#0"},
				"east": {"uv": [8, 2.22222, 8.88889, 3.11111], "texture": "#0"},
				"south": {"uv": [10.66667, 2.22222, 11.55556, 3.11111], "texture": "#0"},
				"west": {"uv": [9.77778, 2.22222, 10.66667, 3.11111], "texture": "#0"},
				"up": {"uv": [9.77778, 2.22222, 8.88889, 1.33333], "texture": "#0"},
				"down": {"uv": [10.66667, 1.33333, 9.77778, 2.22222], "texture": "#0"}
			}
		},
		{
			"from": [0, -3, 0],
			"to": [16, 13, 16],
			"rotation": {"angle": 0, "axis": "y", "origin": [0, -2, 0]},
			"faces": {
				"north": {"uv": [0.88889, 2.22222, 1.77778, 3.11111], "texture": "#0"},
				"east": {"uv": [0, 2.22222, 0.88889, 3.11111], "texture": "#0"},
				"south": {"uv": [2.66667, 2.22222, 3.55556, 3.11111], "texture": "#0"},
				"west": {"uv": [1.77778, 2.22222, 2.66667, 3.11111], "texture": "#0"},
				"up": {"uv": [1.77778, 2.22222, 0.88889, 1.33333], "texture": "#0"},
				"down": {"uv": [2.66667, 1.33333, 1.77778, 2.22222], "texture": "#0"}
			}
		},
		{
			"from": [1, -7, 1],
			"to": [15, 17, 15],
			"rotation": {"angle": 0, "axis": "y", "origin": [0, -2, 0]},
			"faces": {
				"north": {"uv": [3.55556, 3.11111, 4.33333, 4.44444], "texture": "#0"},
				"east": {"uv": [2.77778, 3.11111, 3.55556, 4.44444], "texture": "#0"},
				"south": {"uv": [5.11111, 3.11111, 5.88889, 4.44444], "texture": "#0"},
				"west": {"uv": [4.33333, 3.11111, 5.11111, 4.44444], "texture": "#0"},
				"up": {"uv": [4.33333, 3.11111, 3.55556, 2.33333], "texture": "#0"},
				"down": {"uv": [5.11111, 2.33333, 4.33333, 3.11111], "texture": "#0"}
			}
		},
		{
			"from": [-10, 21, -10],
			"to": [26, 23, 26],
			"rotation": {"angle": 0, "axis": "y", "origin": [8, 4, 8]},
			"faces": {
				"north": {"uv": [2, 6.44444, 4, 6.55556], "texture": "#2"},
				"east": {"uv": [0, 6.44444, 2, 6.55556], "texture": "#2"},
				"south": {"uv": [6, 6.44444, 8, 6.55556], "texture": "#2"},
				"west": {"uv": [4, 6.44444, 6, 6.55556], "texture": "#2"},
				"up": {"uv": [4, 6.44444, 2, 4.44444], "texture": "#2"},
				"down": {"uv": [6, 4.44444, 4, 6.44444], "texture": "#2"}
			}
		},
		{
			"from": [3, 18, 3],
			"to": [13, 21, 13],
			"rotation": {"angle": 0, "axis": "y", "origin": [8, 4, 8]},
			"faces": {
				"north": {"uv": [0.55556, 0.55556, 1.11111, 0.72222], "texture": "#2"},
				"east": {"uv": [0, 0.55556, 0.55556, 0.72222], "texture": "#2"},
				"south": {"uv": [1.66667, 0.55556, 2.22222, 0.72222], "texture": "#2"},
				"west": {"uv": [1.11111, 0.55556, 1.66667, 0.72222], "texture": "#2"},
				"up": {"uv": [1.11111, 0.55556, 0.55556, 0], "texture": "#2"},
				"down": {"uv": [1.66667, 0, 1.11111, 0.55556], "texture": "#2"}
			}
		},
		{
			"from": [-1, -12, -1],
			"to": [17, -10, 17],
			"rotation": {"angle": 0, "axis": "y", "origin": [8, 4, 8]},
			"faces": {
				"north": {"uv": [1, 7.55556, 2, 7.66667], "texture": "#2"},
				"east": {"uv": [0, 7.55556, 1, 7.66667], "texture": "#2"},
				"south": {"uv": [3, 7.55556, 4, 7.66667], "texture": "#2"},
				"west": {"uv": [2, 7.55556, 3, 7.66667], "texture": "#2"},
				"up": {"uv": [2, 7.55556, 1, 6.55556], "texture": "#2"},
				"down": {"uv": [3, 6.55556, 2, 7.55556], "texture": "#2"}
			}
		},
		{
			"from": [-8, 23, -8],
			"to": [24, 25, 24],
			"rotation": {"angle": 0, "axis": "y", "origin": [8, 4, 8]},
			"faces": {
				"north": {"uv": [7.77778, 6.27778, 9.55556, 6.38889], "texture": "#2"},
				"east": {"uv": [6, 6.27778, 7.77778, 6.38889], "texture": "#2"},
				"south": {"uv": [11.33333, 6.27778, 13.11111, 6.38889], "texture": "#2"},
				"west": {"uv": [9.55556, 6.27778, 11.33333, 6.38889], "texture": "#2"},
				"up": {"uv": [9.55556, 6.27778, 7.77778, 4.5], "texture": "#2"},
				"down": {"uv": [11.33333, 4.5, 9.55556, 6.27778], "texture": "#2"}
			}
		},
		{
			"from": [-10, -14, -10],
			"to": [26, -12, 26],
			"rotation": {"angle": 0, "axis": "y", "origin": [8, 4, 8]},
			"faces": {
				"north": {"uv": [2, 4.33333, 4, 4.44444], "texture": "#2"},
				"east": {"uv": [0, 4.33333, 2, 4.44444], "texture": "#2"},
				"south": {"uv": [6, 4.33333, 8, 4.44444], "texture": "#2"},
				"west": {"uv": [4, 4.33333, 6, 4.44444], "texture": "#2"},
				"up": {"uv": [4, 4.33333, 2, 2.33333], "texture": "#2"},
				"down": {"uv": [6, 2.33333, 4, 4.33333], "texture": "#2"}
			}
		},
		{
			"from": [-9, 25, -9],
			"to": [25, 27, 25],
			"rotation": {"angle": 0, "axis": "y", "origin": [8, 4, 8]},
			"faces": {
				"north": {"uv": [7.88889, 4.22222, 9.77778, 4.33333], "texture": "#2"},
				"east": {"uv": [6, 4.22222, 7.88889, 4.33333], "texture": "#2"},
				"south": {"uv": [11.66667, 4.22222, 13.55556, 4.33333], "texture": "#2"},
				"west": {"uv": [9.77778, 4.22222, 11.66667, 4.33333], "texture": "#2"},
				"up": {"uv": [9.77778, 4.22222, 7.88889, 2.33333], "texture": "#2"},
				"down": {"uv": [11.66667, 2.33333, 9.77778, 4.22222], "texture": "#2"}
			}
		},
		{
			"from": [18, -12, -5],
			"to": [21, 21, -2],
			"rotation": {"angle": 0, "axis": "y", "origin": [8, 4, 8]},
			"faces": {
				"north": {"uv": [0.16667, 4.61111, 0.33333, 6.44444], "texture": "#2"},
				"east": {"uv": [0, 4.61111, 0.16667, 6.44444], "texture": "#2"},
				"south": {"uv": [0.5, 4.61111, 0.66667, 6.44444], "texture": "#2"},
				"west": {"uv": [0.33333, 4.61111, 0.5, 6.44444], "texture": "#2"},
				"up": {"uv": [0.33333, 4.61111, 0.16667, 4.44444], "texture": "#2"},
				"down": {"uv": [0.5, 4.44444, 0.33333, 4.61111], "texture": "#2"}
			}
		},
		{
			"from": [17, 18, -6],
			"to": [22, 21, -1],
			"rotation": {"angle": 0, "axis": "y", "origin": [8, 4, 8]},
			"faces": {
				"north": {"uv": [0.94444, 5.16667, 1.22222, 5.33333], "texture": "#2"},
				"east": {"uv": [0.66667, 5.16667, 0.94444, 5.33333], "texture": "#2"},
				"south": {"uv": [1.5, 5.16667, 1.77778, 5.33333], "texture": "#2"},
				"west": {"uv": [1.22222, 5.16667, 1.5, 5.33333], "texture": "#2"},
				"up": {"uv": [1.22222, 5.16667, 0.94444, 4.88889], "texture": "#2"},
				"down": {"uv": [1.5, 4.88889, 1.22222, 5.16667], "texture": "#2"}
			}
		},
		{
			"from": [17, -12, -6],
			"to": [22, -9, -1],
			"rotation": {"angle": 0, "axis": "y", "origin": [8, 4, 8]},
			"faces": {
				"north": {"uv": [0.94444, 4.72222, 1.22222, 4.88889], "texture": "#2"},
				"east": {"uv": [0.66667, 4.72222, 0.94444, 4.88889], "texture": "#2"},
				"south": {"uv": [1.5, 4.72222, 1.77778, 4.88889], "texture": "#2"},
				"west": {"uv": [1.22222, 4.72222, 1.5, 4.88889], "texture": "#2"},
				"up": {"uv": [1.22222, 4.72222, 0.94444, 4.44444], "texture": "#2"},
				"down": {"uv": [1.5, 4.44444, 1.22222, 4.72222], "texture": "#2"}
			}
		},
		{
			"from": [-6, -12, -6],
			"to": [-1, -9, -1],
			"rotation": {"angle": 0, "axis": "y", "origin": [8, 4, 8]},
			"faces": {
				"north": {"uv": [1.11111, 2.05556, 1.38889, 2.22222], "texture": "#2"},
				"east": {"uv": [0.83333, 2.05556, 1.11111, 2.22222], "texture": "#2"},
				"south": {"uv": [1.66667, 2.05556, 1.94444, 2.22222], "texture": "#2"},
				"west": {"uv": [1.38889, 2.05556, 1.66667, 2.22222], "texture": "#2"},
				"up": {"uv": [1.38889, 2.05556, 1.11111, 1.77778], "texture": "#2"},
				"down": {"uv": [1.66667, 1.77778, 1.38889, 2.05556], "texture": "#2"}
			}
		},
		{
			"from": [-6, -12, 17],
			"to": [-1, -9, 22],
			"rotation": {"angle": 0, "axis": "y", "origin": [8, 4, 8]},
			"faces": {
				"north": {"uv": [0.27778, 1.88889, 0.55556, 2.05556], "texture": "#2"},
				"east": {"uv": [0, 1.88889, 0.27778, 2.05556], "texture": "#2"},
				"south": {"uv": [0.83333, 1.88889, 1.11111, 2.05556], "texture": "#2"},
				"west": {"uv": [0.55556, 1.88889, 0.83333, 2.05556], "texture": "#2"},
				"up": {"uv": [0.55556, 1.88889, 0.27778, 1.61111], "texture": "#2"},
				"down": {"uv": [0.83333, 1.61111, 0.55556, 1.88889], "texture": "#2"}
			}
		},
		{
			"from": [-6, 18, 17],
			"to": [-1, 21, 22],
			"rotation": {"angle": 0, "axis": "y", "origin": [8, 4, 8]},
			"faces": {
				"north": {"uv": [1.11111, 1.61111, 1.38889, 1.77778], "texture": "#2"},
				"east": {"uv": [0.83333, 1.61111, 1.11111, 1.77778], "texture": "#2"},
				"south": {"uv": [1.66667, 1.61111, 1.94444, 1.77778], "texture": "#2"},
				"west": {"uv": [1.38889, 1.61111, 1.66667, 1.77778], "texture": "#2"},
				"up": {"uv": [1.38889, 1.61111, 1.11111, 1.33333], "texture": "#2"},
				"down": {"uv": [1.66667, 1.33333, 1.38889, 1.61111], "texture": "#2"}
			}
		},
		{
			"from": [-6, 18, -6],
			"to": [-1, 21, -1],
			"rotation": {"angle": 0, "axis": "y", "origin": [8, 4, 8]},
			"faces": {
				"north": {"uv": [0.27778, 1.44444, 0.55556, 1.61111], "texture": "#2"},
				"east": {"uv": [0, 1.44444, 0.27778, 1.61111], "texture": "#2"},
				"south": {"uv": [0.83333, 1.44444, 1.11111, 1.61111], "texture": "#2"},
				"west": {"uv": [0.55556, 1.44444, 0.83333, 1.61111], "texture": "#2"},
				"up": {"uv": [0.55556, 1.44444, 0.27778, 1.16667], "texture": "#2"},
				"down": {"uv": [0.83333, 1.16667, 0.55556, 1.44444], "texture": "#2"}
			}
		},
		{
			"from": [17, -12, 17],
			"to": [22, -9, 22],
			"rotation": {"angle": 0, "axis": "y", "origin": [8, 4, 8]},
			"faces": {
				"north": {"uv": [1.11111, 1.16667, 1.38889, 1.33333], "texture": "#2"},
				"east": {"uv": [0.83333, 1.16667, 1.11111, 1.33333], "texture": "#2"},
				"south": {"uv": [1.66667, 1.16667, 1.94444, 1.33333], "texture": "#2"},
				"west": {"uv": [1.38889, 1.16667, 1.66667, 1.33333], "texture": "#2"},
				"up": {"uv": [1.38889, 1.16667, 1.11111, 0.88889], "texture": "#2"},
				"down": {"uv": [1.66667, 0.88889, 1.38889, 1.16667], "texture": "#2"}
			}
		},
		{
			"from": [17, 18, 17],
			"to": [22, 21, 22],
			"rotation": {"angle": 0, "axis": "y", "origin": [8, 4, 8]},
			"faces": {
				"north": {"uv": [0.27778, 1, 0.55556, 1.16667], "texture": "#2"},
				"east": {"uv": [0, 1, 0.27778, 1.16667], "texture": "#2"},
				"south": {"uv": [0.83333, 1, 1.11111, 1.16667], "texture": "#2"},
				"west": {"uv": [0.55556, 1, 0.83333, 1.16667], "texture": "#2"},
				"up": {"uv": [0.55556, 1, 0.27778, 0.72222], "texture": "#2"},
				"down": {"uv": [0.83333, 0.72222, 0.55556, 1], "texture": "#2"}
			}
		},
		{
			"from": [18, -12, 18],
			"to": [21, 21, 21],
			"rotation": {"angle": 0, "axis": "y", "origin": [8, 4, 8]},
			"faces": {
				"north": {"uv": [1.5, 2.5, 1.66667, 4.33333], "texture": "#2"},
				"east": {"uv": [1.33333, 2.5, 1.5, 4.33333], "texture": "#2"},
				"south": {"uv": [1.83333, 2.5, 2, 4.33333], "texture": "#2"},
				"west": {"uv": [1.66667, 2.5, 1.83333, 4.33333], "texture": "#2"},
				"up": {"uv": [1.66667, 2.5, 1.5, 2.33333], "texture": "#2"},
				"down": {"uv": [1.83333, 2.33333, 1.66667, 2.5], "texture": "#2"}
			}
		},
		{
			"from": [-5, -12, 18],
			"to": [-2, 21, 21],
			"rotation": {"angle": 0, "axis": "y", "origin": [8, 4, 8]},
			"faces": {
				"north": {"uv": [0.83333, 2.5, 1, 4.33333], "texture": "#2"},
				"east": {"uv": [0.66667, 2.5, 0.83333, 4.33333], "texture": "#2"},
				"south": {"uv": [1.16667, 2.5, 1.33333, 4.33333], "texture": "#2"},
				"west": {"uv": [1, 2.5, 1.16667, 4.33333], "texture": "#2"},
				"up": {"uv": [1, 2.5, 0.83333, 2.33333], "texture": "#2"},
				"down": {"uv": [1.16667, 2.33333, 1, 2.5], "texture": "#2"}
			}
		},
		{
			"from": [-5, -12, -5],
			"to": [-2, 21, -2],
			"rotation": {"angle": 0, "axis": "y", "origin": [8, 4, 8]},
			"faces": {
				"north": {"uv": [0.16667, 2.5, 0.33333, 4.33333], "texture": "#2"},
				"east": {"uv": [0, 2.5, 0.16667, 4.33333], "texture": "#2"},
				"south": {"uv": [0.5, 2.5, 0.66667, 4.33333], "texture": "#2"},
				"west": {"uv": [0.33333, 2.5, 0.5, 4.33333], "texture": "#2"},
				"up": {"uv": [0.33333, 2.5, 0.16667, 2.33333], "texture": "#2"},
				"down": {"uv": [0.5, 2.33333, 0.33333, 2.5], "texture": "#2"}
			}
		},
		{
			"from": [-12, -16, -12],
			"to": [28, -14, 28],
			"rotation": {"angle": 0, "axis": "y", "origin": [8, 4, 8]},
			"faces": {
				"north": {"uv": [2.22222, 2.22222, 4.44444, 2.33333], "texture": "#2"},
				"east": {"uv": [0, 2.22222, 2.22222, 2.33333], "texture": "#2"},
				"south": {"uv": [6.66667, 2.22222, 8.88889, 2.33333], "texture": "#2"},
				"west": {"uv": [4.44444, 2.22222, 6.66667, 2.33333], "texture": "#2"},
				"up": {"uv": [4.44444, 2.22222, 2.22222, 0], "texture": "#2"},
				"down": {"uv": [6.66667, 0, 4.44444, 2.22222], "texture": "#2"}
			}
		},
		{
			"from": [-3, -5.5, -3],
			"to": [19, 1.5, 19],
			"rotation": {"angle": -22.5, "axis": "y", "origin": [8, 4, 8]},
			"faces": {
				"north": {"uv": [16, 7.27222, 12, 9], "texture": "#1"},
				"east": {"uv": [12, 7.27222, 8, 9], "texture": "#1"},
				"south": {"uv": [8, 7.27222, 4, 9], "texture": "#1"},
				"west": {"uv": [4, 7.27222, 0, 9], "texture": "#1"},
				"up": {"uv": [1, 1.11111, 0, 0.11111], "texture": "#1"},
				"down": {"uv": [2.11111, -0.88889, 1.11111, 0.11111], "texture": "#1"}
			}
		},
		{
			"from": [-3.1, 6.5, -3.1],
			"to": [19.1, 13.5, 19.1],
			"rotation": {"angle": 22.5, "axis": "y", "origin": [8, 4, 8]},
			"faces": {
				"north": {"uv": [8, 7.26111, 4, 9], "texture": "#1"},
				"east": {"uv": [12, 7.26111, 8, 9], "texture": "#1"},
				"south": {"uv": [16, 7.26111, 12, 9], "texture": "#1"},
				"west": {"uv": [4, 7.26111, 0, 9], "texture": "#1"},
				"up": {"uv": [0, 1, 1, 0], "texture": "#1"},
				"down": {"uv": [2, 6.22222, 3, 7.22222], "texture": "#1"}
			}
		}
	],
	"display": {
		"head": {
			"translation": [0, 12.75, 0],
			"scale": [2.3, 2.3, 2.3]
		}
	},
	"groups": [
		{
			"name": "core",
			"origin": [0, 0, 0],
			"color": 0,
			"children": [
				{
					"name": "group",
					"origin": [0, 0, 0],
					"color": 0,
					"children": [0, 1]
				},
				{
					"name": "group",
					"origin": [0, 0, 0],
					"color": 0,
					"children": [2, 3]
				},
				{
					"name": "group",
					"origin": [0, 0, 0],
					"color": 0,
					"children": [4, 5]
				}
			]
		},
		{
			"name": "group",
			"origin": [0, 0, 0],
			"color": 9,
			"children": [6, 7, 8, 9, 10, 11, 12, 13, 14, 15, 16, 17, 18, 19, 20, 21, 22, 23, 24]
		},
		25,
		26
	]
}