{"textures":{"0":"modelengine:entity/chest_ice"},"elements":[{"from":[1.5,8.0,2.5],"to":[14.5,14.0,13.5],"faces":{"east":{"uv":[7.5,7.75,10.25,9.25],"tintindex":0,"rotation":0,"texture":"#0"},"south":{"uv":[7.5,1.75,10.75,3.25],"tintindex":0,"rotation":0,"texture":"#0"},"north":{"uv":[7.5,0.0,10.75,1.5],"tintindex":0,"rotation":0,"texture":"#0"},"west":{"uv":[8.0,5.25,10.75,6.75],"tintindex":0,"rotation":0,"texture":"#0"},"up":{"uv":[7.25,2.75,4.0,0.0],"tintindex":0,"rotation":0,"texture":"#0"},"down":{"uv":[7.25,3.0,4.0,5.75],"tintindex":0,"rotation":0,"texture":"#0"}}}],"display":{"gui":{"rotation":[30,225,0]}}}