{"textures":{"0":"modelengine:entity/chest_ice"},"elements":[{"from":[6.5,6.0,6.5],"to":[9.5,10.0,9.5],"faces":{"east":{"uv":[9.5,10.75,10.25,11.75],"tintindex":0,"rotation":0,"texture":"#0"},"south":{"uv":[11.0,0.0,11.75,1.0],"tintindex":0,"rotation":0,"texture":"#0"},"north":{"uv":[8.5,10.75,9.25,11.75],"tintindex":0,"rotation":0,"texture":"#0"},"west":{"uv":[11.0,1.25,11.75,2.25],"tintindex":0,"rotation":0,"texture":"#0"},"up":{"uv":[11.75,3.25,11.0,2.5],"tintindex":0,"rotation":0,"texture":"#0"},"down":{"uv":[11.75,3.5,11.0,4.25],"tintindex":0,"rotation":0,"texture":"#0"}}}],"display":{"gui":{"rotation":[30,225,0]}}}