{"textures":{"0":"modelengine:entity/chest_ice"},"elements":[{"from":[0.5,8.0,-3.5],"to":[15.5,14.0,9.5],"faces":{"east":{"uv":[7.5,3.5,10.75,5.0],"tintindex":0,"rotation":0,"texture":"#0"},"south":{"uv":[0.0,7.0,3.75,8.5],"tintindex":0,"rotation":0,"texture":"#0"},"north":{"uv":[4.0,6.0,7.75,7.5],"tintindex":0,"rotation":0,"texture":"#0"},"west":{"uv":[4.0,7.75,7.25,9.25],"tintindex":0,"rotation":0,"texture":"#0"},"up":{"uv":[3.75,3.25,0.0,0.0],"tintindex":0,"rotation":0,"texture":"#0"},"down":{"uv":[3.75,3.5,0.0,6.75],"tintindex":0,"rotation":0,"texture":"#0"}}},{"from":[3.464466,11.378679,2.0],"to":[6.464466,17.37868,5.0],"faces":{"east":{"uv":[5.5,10.75,6.25,12.25],"tintindex":0,"rotation":0,"texture":"#0"},"south":{"uv":[6.5,10.75,7.25,12.25],"tintindex":0,"rotation":0,"texture":"#0"},"north":{"uv":[4.5,10.75,5.25,12.25],"tintindex":0,"rotation":0,"texture":"#0"},"west":{"uv":[7.5,10.75,8.25,12.25],"tintindex":0,"rotation":0,"texture":"#0"},"up":{"uv":[0.75,12.0,0.0,11.25],"tintindex":0,"rotation":0,"texture":"#0"},"down":{"uv":[1.75,11.25,1.0,12.0],"tintindex":0,"rotation":0,"texture":"#0"}},"rotation":{"origin":[0.9644661,14.378679,2.5],"angle":22.5,"axis":"z"}},{"from":[12.882252,12.358082,1.0],"to":[14.882252,16.358082,3.0],"faces":{"east":{"uv":[2.75,11.25,3.25,12.25],"tintindex":0,"rotation":0,"texture":"#0"},"south":{"uv":[11.5,6.5,12.0,7.5],"tintindex":0,"rotation":0,"texture":"#0"},"north":{"uv":[2.0,11.25,2.5,12.25],"tintindex":0,"rotation":0,"texture":"#0"},"west":{"uv":[11.5,7.75,12.0,8.75],"tintindex":0,"rotation":0,"texture":"#0"},"up":{"uv":[8.5,7.5,8.0,7.0],"tintindex":0,"rotation":0,"texture":"#0"},"down":{"uv":[9.25,7.0,8.75,7.5],"tintindex":0,"rotation":0,"texture":"#0"}},"rotation":{"origin":[14.382252,14.108082,2.0],"angle":-45.0,"axis":"z"}},{"from":[0.5,14.0,-3.5],"to":[0.5,18.0,9.5],"faces":{"east":{"uv":[7.0,9.5,10.25,10.5],"tintindex":0,"rotation":0,"texture":"#0"},"west":{"uv":[10.25,9.5,7.0,10.5],"tintindex":0,"rotation":0,"texture":"#0"}}},{"from":[9.535534,11.378679,2.0],"to":[12.535534,17.37868,5.0],"faces":{"east":{"uv":[10.5,8.75,11.25,10.25],"tintindex":0,"rotation":0,"texture":"#0"},"south":{"uv":[10.5,10.5,11.25,12.0],"tintindex":0,"rotation":0,"texture":"#0"},"north":{"uv":[10.5,7.0,11.25,8.5],"tintindex":0,"rotation":0,"texture":"#0"},"west":{"uv":[3.5,10.75,4.25,12.25],"tintindex":0,"rotation":0,"texture":"#0"},"up":{"uv":[11.75,5.25,11.0,4.5],"tintindex":0,"rotation":0,"texture":"#0"},"down":{"uv":[11.75,5.5,11.0,6.25],"tintindex":0,"rotation":0,"texture":"#0"}},"rotation":{"origin":[15.035534,14.378679,2.5],"angle":-22.5,"axis":"z"}},{"from":[15.5,14.0,-3.5],"to":[15.5,18.0,9.5],"faces":{"east":{"uv":[7.0,9.5,10.25,10.5],"tintindex":0,"rotation":0,"texture":"#0"},"west":{"uv":[10.25,9.5,7.0,10.5],"tintindex":0,"rotation":0,"texture":"#0"}}},{"from":[1.1177478,12.358082,1.0],"to":[3.1177478,16.358082,3.0],"faces":{"east":{"uv":[11.5,10.25,12.0,11.25],"tintindex":0,"rotation":0,"texture":"#0"},"south":{"uv":[11.5,11.5,12.0,12.5],"tintindex":0,"rotation":0,"texture":"#0"},"north":{"uv":[11.5,9.0,12.0,10.0],"tintindex":0,"rotation":0,"texture":"#0"},"west":{"uv":[12.0,0.0,12.5,1.0],"tintindex":0,"rotation":0,"texture":"#0"},"up":{"uv":[10.0,7.5,9.5,7.0],"tintindex":0,"rotation":0,"texture":"#0"},"down":{"uv":[12.5,1.25,12.0,1.75],"tintindex":0,"rotation":0,"texture":"#0"}},"rotation":{"origin":[1.6177478,14.108082,2.0],"angle":45.0,"axis":"z"}}],"display":{"gui":{"rotation":[30,225,0]}}}