{"textures":{"0":"modelengine:entity/dwarf_knight"},"elements":[{"from":[5.0,3.333332,6.5],"to":[11.0,8.333332,9.5],"faces":{"east":{"uv":[9.25,7.375,9.625,8.0],"tintindex":0,"rotation":0,"texture":"#0"},"south":{"uv":[2.625,5.5,3.375,6.125],"tintindex":0,"rotation":0,"texture":"#0"},"north":{"uv":[1.75,5.5,2.5,6.125],"tintindex":0,"rotation":0,"texture":"#0"},"west":{"uv":[9.25,8.125,9.625,8.75],"tintindex":0,"rotation":0,"texture":"#0"},"up":{"uv":[8.375,5.0,7.625,4.625],"tintindex":0,"rotation":0,"texture":"#0"},"down":{"uv":[0.75,7.75,0.0,8.125],"tintindex":0,"rotation":0,"texture":"#0"}}},{"from":[6.5,2.333332,7.0],"to":[9.5,3.333332,9.0],"faces":{"east":{"uv":[7.125,6.125,7.375,6.25],"tintindex":0,"rotation":0,"texture":"#0"},"south":{"uv":[8.125,6.625,8.5,6.75],"tintindex":0,"rotation":0,"texture":"#0"},"north":{"uv":[7.5,6.875,7.875,7.0],"tintindex":0,"rotation":0,"texture":"#0"},"west":{"uv":[8.125,2.75,8.375,2.875],"tintindex":0,"rotation":0,"texture":"#0"},"up":{"uv":[9.375,4.875,9.0,4.625],"tintindex":0,"rotation":0,"texture":"#0"},"down":{"uv":[11.75,9.875,11.375,10.125],"tintindex":0,"rotation":0,"texture":"#0"}}},{"from":[6.0,-1.6666679,6.5],"to":[10.0,2.333332,9.5],"faces":{"east":{"uv":[4.5,9.75,4.875,10.25],"tintindex":0,"rotation":0,"texture":"#0"},"south":{"uv":[7.375,8.25,7.875,8.75],"tintindex":0,"rotation":0,"texture":"#0"},"north":{"uv":[6.75,8.25,7.25,8.75],"tintindex":0,"rotation":0,"texture":"#0"},"west":{"uv":[5.0,9.75,5.375,10.25],"tintindex":0,"rotation":0,"texture":"#0"},"up":{"uv":[10.25,7.75,9.75,7.375],"tintindex":0,"rotation":0,"texture":"#0"},"down":{"uv":[10.25,7.875,9.75,8.25],"tintindex":0,"rotation":0,"texture":"#0"}}}],"display":{"gui":{"rotation":[30,225,0]}}}