{"textures":{"0":"modelengine:entity/dwarf_knight"},"elements":[{"from":[3.5,7.8865385,4.8825073],"to":[12.5,12.8865385,10.882507],"faces":{"east":{"uv":[0.0,5.5,0.75,6.125],"tintindex":0,"rotation":0,"texture":"#0"},"south":{"uv":[0.0,3.625,1.125,4.25],"tintindex":0,"rotation":0,"texture":"#0"},"north":{"uv":[3.5,2.875,4.625,3.5],"tintindex":0,"rotation":0,"texture":"#0"},"west":{"uv":[0.875,5.5,1.625,6.125],"tintindex":0,"rotation":0,"texture":"#0"},"up":{"uv":[3.375,3.25,2.25,2.5],"tintindex":0,"rotation":0,"texture":"#0"},"down":{"uv":[4.5,1.125,3.375,1.875],"tintindex":0,"rotation":0,"texture":"#0"}}}],"display":{"gui":{"rotation":[30,225,0]}}}