{"textures":{"0":"modelengine:entity/dwarf_knight"},"elements":[{"from":[6.2047567,13.587145,5.764133],"to":[10.204757,17.587145,8.7641325],"faces":{"east":{"uv":[8.625,9.75,9.0,10.25],"tintindex":0,"rotation":0,"texture":"#0"},"south":{"uv":[8.0,8.25,8.5,8.75],"tintindex":0,"rotation":0,"texture":"#0"},"north":{"uv":[8.0,8.25,8.5,8.75],"tintindex":0,"rotation":0,"texture":"#0"},"west":{"uv":[8.625,9.75,9.0,10.25],"tintindex":0,"rotation":0,"texture":"#0"},"up":{"uv":[10.25,8.75,9.75,8.375],"tintindex":0,"rotation":0,"texture":"#0"},"down":{"uv":[10.375,1.25,9.875,1.625],"tintindex":0,"rotation":0,"texture":"#0"}},"rotation":{"origin":[8.0,6.393053,6.1605797],"angle":22.5,"axis":"z"}},{"from":[11.395743,16.83715,-2.3981018],"to":[13.395744,24.837152,-0.3981018],"faces":{"east":{"uv":[2.875,9.625,2.625,8.625],"tintindex":0,"rotation":0,"texture":"#0"},"south":{"uv":[2.125,9.375,1.875,8.375],"tintindex":0,"rotation":0,"texture":"#0"},"north":{"uv":[2.125,9.375,1.875,8.375],"tintindex":0,"rotation":0,"texture":"#0"},"west":{"uv":[2.875,9.625,2.625,8.625],"tintindex":0,"rotation":0,"texture":"#0"},"up":{"uv":[12.0,7.125,12.25,6.875],"tintindex":0,"rotation":0,"texture":"#0"},"down":{"uv":[7.0,12.0,7.25,12.25],"tintindex":0,"rotation":0,"texture":"#0"}},"rotation":{"origin":[8.0,6.393053,6.1605797],"angle":22.5,"axis":"x"}},{"from":[3.4875002,11.655865,1.7641325],"to":[12.5125,15.655865,11.7641325],"faces":{"east":{"uv":[4.75,2.25,6.0,2.75],"tintindex":0,"rotation":0,"texture":"#0"},"south":{"uv":[4.75,4.125,5.875,4.625],"tintindex":0,"rotation":0,"texture":"#0"},"north":{"uv":[4.75,3.5,5.875,4.0],"tintindex":0,"rotation":0,"texture":"#0"},"west":{"uv":[4.75,2.875,6.0,3.375],"tintindex":0,"rotation":0,"texture":"#0"},"up":{"uv":[1.125,1.25,0.0,0.0],"tintindex":0,"rotation":0,"texture":"#0"},"down":{"uv":[2.375,0.0,1.25,1.25],"tintindex":0,"rotation":0,"texture":"#0"}}},{"from":[4.0,7.6808643,3.2641325],"to":[12.0,15.6058655,11.2641325],"faces":{"east":{"uv":[1.125,1.375,2.125,2.375],"tintindex":0,"rotation":0,"texture":"#0"},"south":{"uv":[2.25,1.375,3.25,2.375],"tintindex":0,"rotation":0,"texture":"#0"},"north":{"uv":[0.0,1.375,1.0,2.375],"tintindex":0,"rotation":0,"texture":"#0"},"west":{"uv":[0.0,2.5,1.0,3.5],"tintindex":0,"rotation":0,"texture":"#0"},"up":{"uv":[3.5,1.0,2.5,0.0],"tintindex":0,"rotation":0,"texture":"#0"},"down":{"uv":[2.125,2.5,1.125,3.5],"tintindex":0,"rotation":0,"texture":"#0"}}},{"from":[5.7952433,13.587145,5.764133],"to":[9.795243,17.587145,8.7641325],"faces":{"east":{"uv":[9.0,9.75,8.625,10.25],"tintindex":0,"rotation":0,"texture":"#0"},"south":{"uv":[8.5,8.25,8.0,8.75],"tintindex":0,"rotation":0,"texture":"#0"},"north":{"uv":[8.5,8.25,8.0,8.75],"tintindex":0,"rotation":0,"texture":"#0"},"west":{"uv":[9.0,9.75,8.625,10.25],"tintindex":0,"rotation":0,"texture":"#0"},"up":{"uv":[9.75,8.75,10.25,8.375],"tintindex":0,"rotation":0,"texture":"#0"},"down":{"uv":[9.875,1.25,10.375,1.625],"tintindex":0,"rotation":0,"texture":"#0"}},"rotation":{"origin":[8.0,6.393053,6.1605797],"angle":-22.5,"axis":"z"}},{"from":[3.4875002,7.6558647,6.764133],"to":[12.5125,11.655865,11.7641325],"faces":{"east":{"uv":[1.25,7.0,1.875,7.5],"tintindex":0,"rotation":0,"texture":"#0"},"south":{"uv":[4.875,0.0,6.0,0.5],"tintindex":0,"rotation":0,"texture":"#0"},"north":{"uv":[4.75,4.75,5.875,5.25],"tintindex":0,"rotation":0,"texture":"#0"},"west":{"uv":[2.0,7.0,2.625,7.5],"tintindex":0,"rotation":0,"texture":"#0"},"up":{"uv":[4.75,0.625,3.625,0.0],"tintindex":0,"rotation":0,"texture":"#0"},"down":{"uv":[4.625,3.625,3.5,4.25],"tintindex":0,"rotation":0,"texture":"#0"}}},{"from":[10.420744,12.297028,12.534402],"to":[13.420744,18.297028,15.534402],"faces":{"east":{"uv":[5.5,7.75,5.125,8.5],"tintindex":0,"rotation":0,"texture":"#0"},"south":{"uv":[4.625,5.5,4.25,6.25],"tintindex":0,"rotation":0,"texture":"#0"},"north":{"uv":[4.625,5.5,4.25,6.25],"tintindex":0,"rotation":0,"texture":"#0"},"west":{"uv":[5.5,7.75,5.125,8.5],"tintindex":0,"rotation":0,"texture":"#0"},"up":{"uv":[0.5,11.25,0.875,10.875],"tintindex":0,"rotation":0,"texture":"#0"},"down":{"uv":[2.5,10.875,2.875,11.25],"tintindex":0,"rotation":0,"texture":"#0"}},"rotation":{"origin":[8.0,6.393053,6.1605797],"angle":-45.0,"axis":"x"}},{"from":[6.4875,9.655865,1.7641325],"to":[9.5125,11.655865,3.7641325],"faces":{"east":{"uv":[9.875,2.375,10.125,2.625],"tintindex":0,"rotation":0,"texture":"#0"},"south":{"uv":[11.5,2.125,11.875,2.375],"tintindex":0,"rotation":0,"texture":"#0"},"north":{"uv":[1.5,11.5,1.875,11.75],"tintindex":0,"rotation":0,"texture":"#0"},"west":{"uv":[10.0,7.0,10.25,7.25],"tintindex":0,"rotation":0,"texture":"#0"},"up":{"uv":[11.875,2.75,11.5,2.5],"tintindex":0,"rotation":0,"texture":"#0"},"down":{"uv":[4.875,11.5,4.5,11.75],"tintindex":0,"rotation":0,"texture":"#0"}}},{"from":[3.4875002,7.6558647,3.7641325],"to":[12.5125,9.655865,6.764133],"faces":{"east":{"uv":[11.5,0.375,11.875,0.625],"tintindex":0,"rotation":0,"texture":"#0"},"south":{"uv":[7.75,1.125,8.875,1.375],"tintindex":0,"rotation":0,"texture":"#0"},"north":{"uv":[7.75,0.75,8.875,1.0],"tintindex":0,"rotation":0,"texture":"#0"},"west":{"uv":[1.0,11.5,1.375,11.75],"tintindex":0,"rotation":0,"texture":"#0"},"up":{"uv":[6.875,1.0,5.75,0.625],"tintindex":0,"rotation":0,"texture":"#0"},"down":{"uv":[7.0,1.125,5.875,1.5],"tintindex":0,"rotation":0,"texture":"#0"}}},{"from":[2.6042562,16.83715,-2.3981018],"to":[4.6042566,24.837152,-0.3981018],"faces":{"east":{"uv":[2.625,9.625,2.875,8.625],"tintindex":0,"rotation":0,"texture":"#0"},"south":{"uv":[1.875,9.375,2.125,8.375],"tintindex":0,"rotation":0,"texture":"#0"},"north":{"uv":[1.875,9.375,2.125,8.375],"tintindex":0,"rotation":0,"texture":"#0"},"west":{"uv":[2.625,9.625,2.875,8.625],"tintindex":0,"rotation":0,"texture":"#0"},"up":{"uv":[12.25,7.125,12.0,6.875],"tintindex":0,"rotation":0,"texture":"#0"},"down":{"uv":[7.25,12.0,7.0,12.25],"tintindex":0,"rotation":0,"texture":"#0"}},"rotation":{"origin":[8.0,6.393053,6.1605797],"angle":22.5,"axis":"x"}},{"from":[2.5792565,12.297028,12.534402],"to":[5.579256,18.297028,15.534402],"faces":{"east":{"uv":[5.125,7.75,5.5,8.5],"tintindex":0,"rotation":0,"texture":"#0"},"south":{"uv":[4.25,5.5,4.625,6.25],"tintindex":0,"rotation":0,"texture":"#0"},"north":{"uv":[4.25,5.5,4.625,6.25],"tintindex":0,"rotation":0,"texture":"#0"},"west":{"uv":[5.125,7.75,5.5,8.5],"tintindex":0,"rotation":0,"texture":"#0"},"up":{"uv":[0.875,11.25,0.5,10.875],"tintindex":0,"rotation":0,"texture":"#0"},"down":{"uv":[2.875,10.875,2.5,11.25],"tintindex":0,"rotation":0,"texture":"#0"}},"rotation":{"origin":[8.0,6.393053,6.1605797],"angle":-45.0,"axis":"x"}}],"display":{"gui":{"rotation":[30,225,0]}}}