{"textures":{"0":"modelengine:entity/dwarf_knight"},"elements":[{"from":[5.228261,8.704008,7.9600215],"to":[7.228261,11.704008,7.9600215],"faces":{"south":{"uv":[12.0,2.875,11.75,3.25],"tintindex":0,"rotation":0,"texture":"#0"},"north":{"uv":[11.75,2.875,12.0,3.25],"tintindex":0,"rotation":0,"texture":"#0"}}},{"from":[4.228261,4.204008,9.960022],"to":[8.228261,9.204008,10.960022],"faces":{"east":{"uv":[3.375,10.375,3.625,11.0],"tintindex":0,"rotation":0,"texture":"#0"},"south":{"uv":[7.0,4.625,7.5,5.25],"tintindex":0,"rotation":0,"texture":"#0"},"north":{"uv":[2.75,7.0,3.25,7.625],"tintindex":0,"rotation":0,"texture":"#0"},"west":{"uv":[4.5,10.375,4.75,11.0],"tintindex":0,"rotation":0,"texture":"#0"},"up":{"uv":[5.0,11.375,4.5,11.125],"tintindex":0,"rotation":0,"texture":"#0"},"down":{"uv":[11.625,7.375,11.125,7.625],"tintindex":0,"rotation":0,"texture":"#0"}}},{"from":[4.228261,4.204008,4.9600215],"to":[8.228261,9.204008,5.960022],"faces":{"east":{"uv":[3.375,10.375,3.625,11.0],"tintindex":0,"rotation":0,"texture":"#0"},"south":{"uv":[7.0,4.625,7.5,5.25],"tintindex":0,"rotation":0,"texture":"#0"},"north":{"uv":[2.75,7.0,3.25,7.625],"tintindex":0,"rotation":0,"texture":"#0"},"west":{"uv":[4.5,10.375,4.75,11.0],"tintindex":0,"rotation":0,"texture":"#0"},"up":{"uv":[5.0,11.375,4.5,11.125],"tintindex":0,"rotation":0,"texture":"#0"},"down":{"uv":[11.625,7.375,11.125,7.625],"tintindex":0,"rotation":0,"texture":"#0"}}},{"from":[1.728261,5.704008,7.9600215],"to":[4.728261,7.704008,7.9600215],"faces":{"south":{"uv":[11.875,11.5,11.5,11.75],"tintindex":0,"rotation":0,"texture":"#0"},"north":{"uv":[11.5,11.5,11.875,11.75],"tintindex":0,"rotation":0,"texture":"#0"}}},{"from":[4.728261,4.704008,5.960022],"to":[7.728261,8.704008,9.960022],"faces":{"east":{"uv":[3.625,11.625,3.125,11.125],"tintindex":0,"rotation":0,"texture":"#0"},"south":{"uv":[9.875,8.875,10.25,9.375],"tintindex":0,"rotation":0,"texture":"#0"},"north":{"uv":[4.0,9.875,4.375,10.375],"tintindex":0,"rotation":0,"texture":"#0"},"west":{"uv":[3.125,11.125,3.625,11.625],"tintindex":0,"rotation":0,"texture":"#0"},"up":{"uv":[11.875,11.125,11.5,10.625],"tintindex":0,"rotation":0,"texture":"#0"},"down":{"uv":[11.5,10.625,11.875,11.125],"tintindex":0,"rotation":0,"texture":"#0"}}},{"from":[5.228261,3.204008,5.960022],"to":[9.228261,8.204008,9.960022],"faces":{"east":{"uv":[6.875,2.375,7.375,3.0],"tintindex":0,"rotation":0,"texture":"#0"},"south":{"uv":[6.875,6.375,7.375,7.0],"tintindex":0,"rotation":0,"texture":"#0"},"north":{"uv":[6.875,1.625,7.375,2.25],"tintindex":0,"rotation":0,"texture":"#0"},"west":{"uv":[0.0,7.0,0.5,7.625],"tintindex":0,"rotation":0,"texture":"#0"},"up":{"uv":[8.625,2.0,8.125,1.5],"tintindex":0,"rotation":0,"texture":"#0"},"down":{"uv":[8.625,2.125,8.125,2.625],"tintindex":0,"rotation":0,"texture":"#0"}}}],"display":{"gui":{"rotation":[30,225,0]}}}