{"textures":{"0":"modelengine:entity/dwarf_knight"},"elements":[{"from":[6.0882354,3.0113058,16.990028],"to":[10.088236,7.011306,18.990028],"faces":{"east":{"uv":[10.375,11.25,10.125,11.75],"tintindex":0,"rotation":0,"texture":"#0"},"south":{"uv":[6.25,8.875,6.75,9.375],"tintindex":0,"rotation":0,"texture":"#0"},"north":{"uv":[5.625,8.875,6.125,9.375],"tintindex":0,"rotation":0,"texture":"#0"},"west":{"uv":[10.125,11.25,10.375,11.75],"tintindex":0,"rotation":0,"texture":"#0"},"up":{"uv":[0.5,11.625,0.0,11.375],"tintindex":0,"rotation":0,"texture":"#0"},"down":{"uv":[11.875,0.0,11.375,0.25],"tintindex":0,"rotation":0,"texture":"#0"}}},{"from":[8.088236,3.0113058,-10.00997],"to":[8.088236,7.011306,-6.0099707],"faces":{"east":{"uv":[9.375,5.0,8.875,5.5],"tintindex":0,"rotation":0,"texture":"#0"},"west":{"uv":[8.875,5.0,9.375,5.5],"tintindex":0,"rotation":0,"texture":"#0"}}},{"from":[7.5882354,3.8632622,-8.173376],"to":[8.588236,7.863262,-2.173377],"faces":{"east":{"uv":[3.75,6.375,3.0,6.875],"tintindex":0,"rotation":0,"texture":"#0"},"south":{"uv":[3.0,12.125,3.125,12.625],"tintindex":0,"rotation":0,"texture":"#0"},"north":{"uv":[6.375,12.0,6.5,12.5],"tintindex":0,"rotation":0,"texture":"#0"},"west":{"uv":[3.0,6.375,3.75,6.875],"tintindex":0,"rotation":0,"texture":"#0"},"up":{"uv":[4.125,12.5,4.0,11.75],"tintindex":0,"rotation":0,"texture":"#0"},"down":{"uv":[11.0,11.75,10.875,12.5],"tintindex":0,"rotation":0,"texture":"#0"}},"rotation":{"origin":[14.338236,10.998494,5.8864756],"angle":-45.0,"axis":"x"}},{"from":[7.0882354,0.18717432,15.549143],"to":[9.088236,4.187174,18.54914],"faces":{"east":{"uv":[1.875,10.125,1.5,10.625],"tintindex":0,"rotation":0,"texture":"#0"},"south":{"uv":[2.25,11.375,2.5,11.875],"tintindex":0,"rotation":0,"texture":"#0"},"north":{"uv":[0.625,11.375,0.875,11.875],"tintindex":0,"rotation":0,"texture":"#0"},"west":{"uv":[1.5,10.125,1.875,10.625],"tintindex":0,"rotation":0,"texture":"#0"},"up":{"uv":[12.125,6.25,11.875,5.875],"tintindex":0,"rotation":0,"texture":"#0"},"down":{"uv":[12.125,6.375,11.875,6.75],"tintindex":0,"rotation":0,"texture":"#0"}},"rotation":{"origin":[14.338236,10.998494,5.8864756],"angle":-22.5,"axis":"x"}},{"from":[7.3382354,6.261306,5.4900293],"to":[10.338236,7.261306,10.490029],"faces":{"east":{"uv":[2.5,1.125,3.125,1.25],"tintindex":0,"rotation":0,"texture":"#0"},"south":{"uv":[5.625,8.625,6.0,8.75],"tintindex":0,"rotation":0,"texture":"#0"},"north":{"uv":[8.25,5.75,8.625,5.875],"tintindex":0,"rotation":0,"texture":"#0"},"west":{"uv":[11.75,9.625,12.375,9.75],"tintindex":0,"rotation":0,"texture":"#0"},"up":{"uv":[9.75,6.25,9.375,5.625],"tintindex":0,"rotation":0,"texture":"#0"},"down":{"uv":[9.75,8.875,9.375,9.5],"tintindex":0,"rotation":0,"texture":"#0"}}},{"from":[7.5632353,-3.9886932,-8.00997],"to":[8.613235,1.0113063,0.99002934],"faces":{"east":{"uv":[1.125,4.375,0.0,5.0],"tintindex":0,"rotation":0,"texture":"#0"},"south":{"uv":[5.25,12.0,5.375,12.625],"tintindex":0,"rotation":0,"texture":"#0"},"north":{"uv":[5.0,12.0,5.125,12.625],"tintindex":0,"rotation":0,"texture":"#0"},"west":{"uv":[0.0,4.375,1.125,5.0],"tintindex":0,"rotation":0,"texture":"#0"},"up":{"uv":[3.125,12.0,3.0,10.875],"tintindex":0,"rotation":0,"texture":"#0"},"down":{"uv":[4.375,10.875,4.25,12.0],"tintindex":0,"rotation":0,"texture":"#0"}}},{"from":[5.8382354,5.261306,5.9900293],"to":[9.838236,8.261306,9.990029],"faces":{"east":{"uv":[1.625,9.625,2.125,10.0],"tintindex":0,"rotation":0,"texture":"#0"},"south":{"uv":[9.625,3.25,10.125,3.625],"tintindex":0,"rotation":0,"texture":"#0"},"north":{"uv":[1.0,9.625,1.5,10.0],"tintindex":0,"rotation":0,"texture":"#0"},"west":{"uv":[9.625,3.75,10.125,4.125],"tintindex":0,"rotation":0,"texture":"#0"},"up":{"uv":[8.625,6.5,8.125,6.0],"tintindex":0,"rotation":0,"texture":"#0"},"down":{"uv":[0.5,8.25,0.0,8.75],"tintindex":0,"rotation":0,"texture":"#0"}}},{"from":[7.0882354,9.011306,-5.5099707],"to":[9.088236,13.011306,-1.5099707],"faces":{"east":{"uv":[9.25,9.125,8.75,9.625],"tintindex":0,"rotation":0,"texture":"#0"},"south":{"uv":[11.375,9.25,11.625,9.75],"tintindex":0,"rotation":0,"texture":"#0"},"north":{"uv":[7.125,11.375,7.375,11.875],"tintindex":0,"rotation":0,"texture":"#0"},"west":{"uv":[8.75,9.125,9.25,9.625],"tintindex":0,"rotation":0,"texture":"#0"},"up":{"uv":[9.875,11.875,9.625,11.375],"tintindex":0,"rotation":0,"texture":"#0"},"down":{"uv":[11.375,11.375,11.125,11.875],"tintindex":0,"rotation":0,"texture":"#0"}}},{"from":[5.8382354,3.2613058,5.9900293],"to":[9.838236,5.261306,9.990029],"faces":{"east":{"uv":[1.0,11.125,1.5,11.375],"tintindex":0,"rotation":0,"texture":"#0"},"south":{"uv":[1.625,11.125,2.125,11.375],"tintindex":0,"rotation":0,"texture":"#0"},"north":{"uv":[5.75,11.0,6.25,11.25],"tintindex":0,"rotation":0,"texture":"#0"},"west":{"uv":[11.125,1.75,11.625,2.0],"tintindex":0,"rotation":0,"texture":"#0"},"up":{"uv":[8.75,5.625,8.25,5.125],"tintindex":0,"rotation":0,"texture":"#0"},"down":{"uv":[6.625,8.25,6.125,8.75],"tintindex":0,"rotation":0,"texture":"#0"}}},{"from":[7.0882354,4.011306,-1.0099707],"to":[9.088236,6.011306,16.990028],"faces":{"east":{"uv":[4.625,5.125,2.375,5.375],"tintindex":0,"rotation":0,"texture":"#0"},"south":{"uv":[11.125,12.0,11.375,12.25],"tintindex":0,"rotation":0,"texture":"#0"},"north":{"uv":[12.0,11.0,12.25,11.25],"tintindex":0,"rotation":0,"texture":"#0"},"west":{"uv":[2.375,5.125,4.625,5.375],"tintindex":0,"rotation":0,"texture":"#0"},"up":{"uv":[5.0,7.625,4.75,5.375],"tintindex":0,"rotation":0,"texture":"#0"},"down":{"uv":[5.375,5.375,5.125,7.625],"tintindex":0,"rotation":0,"texture":"#0"}}},{"from":[7.5882354,-9.42532,0.6577468],"to":[8.588236,-5.4253197,6.6577463],"faces":{"east":{"uv":[6.875,0.0,6.125,0.5],"tintindex":0,"rotation":0,"texture":"#0"},"south":{"uv":[4.25,8.75,4.375,9.25],"tintindex":0,"rotation":0,"texture":"#0"},"north":{"uv":[5.875,1.625,6.0,2.125],"tintindex":0,"rotation":0,"texture":"#0"},"west":{"uv":[6.125,0.0,6.875,0.5],"tintindex":0,"rotation":0,"texture":"#0"},"up":{"uv":[9.5,12.25,9.375,11.5],"tintindex":0,"rotation":0,"texture":"#0"},"down":{"uv":[0.5,11.75,0.375,12.5],"tintindex":0,"rotation":0,"texture":"#0"}},"rotation":{"origin":[14.338236,10.998494,5.8864756],"angle":45.0,"axis":"x"}},{"from":[5.3382354,5.261306,5.4900293],"to":[7.3382354,8.286306,10.490029],"faces":{"east":{"uv":[3.0,9.375,3.625,9.75],"tintindex":0,"rotation":0,"texture":"#0"},"south":{"uv":[11.75,1.625,12.0,2.0],"tintindex":0,"rotation":0,"texture":"#0"},"north":{"uv":[0.0,11.75,0.25,12.125],"tintindex":0,"rotation":0,"texture":"#0"},"west":{"uv":[3.75,9.375,4.375,9.75],"tintindex":0,"rotation":0,"texture":"#0"},"up":{"uv":[10.625,8.375,10.375,7.75],"tintindex":0,"rotation":0,"texture":"#0"},"down":{"uv":[8.375,10.375,8.125,11.0],"tintindex":0,"rotation":0,"texture":"#0"}}},{"from":[7.0882354,6.661147,20.010216],"to":[9.088236,10.661147,23.010216],"faces":{"east":{"uv":[0.375,10.25,0.0,10.75],"tintindex":0,"rotation":0,"texture":"#0"},"south":{"uv":[11.375,2.875,11.625,3.375],"tintindex":0,"rotation":0,"texture":"#0"},"north":{"uv":[2.625,11.375,2.875,11.875],"tintindex":0,"rotation":0,"texture":"#0"},"west":{"uv":[0.0,10.25,0.375,10.75],"tintindex":0,"rotation":0,"texture":"#0"},"up":{"uv":[6.875,12.25,6.625,11.875],"tintindex":0,"rotation":0,"texture":"#0"},"down":{"uv":[8.125,11.875,7.875,12.25],"tintindex":0,"rotation":0,"texture":"#0"}},"rotation":{"origin":[14.338236,10.998494,5.8864756],"angle":22.5,"axis":"x"}},{"from":[8.088236,8.262225,-5.3149786],"to":[8.088236,12.262225,-2.3149786],"faces":{"east":{"uv":[7.625,10.25,7.25,10.75],"tintindex":0,"rotation":0,"texture":"#0"},"west":{"uv":[7.25,10.25,7.625,10.75],"tintindex":0,"rotation":0,"texture":"#0"}},"rotation":{"origin":[14.338236,10.998494,5.8864756],"angle":22.5,"axis":"x"}},{"from":[6.5882354,1.0113063,-6.0099707],"to":[9.588236,7.011306,-1.0099707],"faces":{"east":{"uv":[6.125,5.375,5.5,6.125],"tintindex":0,"rotation":0,"texture":"#0"},"south":{"uv":[8.0,3.0,8.375,3.75],"tintindex":0,"rotation":0,"texture":"#0"},"north":{"uv":[4.0,7.875,4.375,8.625],"tintindex":0,"rotation":0,"texture":"#0"},"west":{"uv":[5.5,5.375,6.125,6.125],"tintindex":0,"rotation":0,"texture":"#0"},"up":{"uv":[8.0,10.125,7.625,9.5],"tintindex":0,"rotation":0,"texture":"#0"},"down":{"uv":[10.0,0.5,9.625,1.125],"tintindex":0,"rotation":0,"texture":"#0"}}},{"from":[6.0882354,4.011306,18.990028],"to":[10.088236,6.011306,21.990028],"faces":{"east":{"uv":[9.125,11.875,8.75,12.125],"tintindex":0,"rotation":0,"texture":"#0"},"south":{"uv":[11.375,8.875,11.875,9.125],"tintindex":0,"rotation":0,"texture":"#0"},"north":{"uv":[5.5,11.375,6.0,11.625],"tintindex":0,"rotation":0,"texture":"#0"},"west":{"uv":[8.75,11.875,9.125,12.125],"tintindex":0,"rotation":0,"texture":"#0"},"up":{"uv":[10.75,3.375,10.25,3.0],"tintindex":0,"rotation":0,"texture":"#0"},"down":{"uv":[10.75,3.5,10.25,3.875],"tintindex":0,"rotation":0,"texture":"#0"}}},{"from":[7.5882354,7.011306,-5.0099707],"to":[8.588236,9.011306,-2.0099707],"faces":{"east":{"uv":[12.25,5.5,11.875,5.75],"tintindex":0,"rotation":0,"texture":"#0"},"south":{"uv":[5.75,12.125,5.875,12.375],"tintindex":0,"rotation":0,"texture":"#0"},"north":{"uv":[5.5,12.125,5.625,12.375],"tintindex":0,"rotation":0,"texture":"#0"},"west":{"uv":[11.875,5.5,12.25,5.75],"tintindex":0,"rotation":0,"texture":"#0"},"up":{"uv":[5.375,10.75,5.25,10.375],"tintindex":0,"rotation":0,"texture":"#0"},"down":{"uv":[10.625,11.25,10.5,11.625],"tintindex":0,"rotation":0,"texture":"#0"}}}],"display":{"gui":{"rotation":[30,225,0]}}}