{"textures":{"0":"modelengine:entity/dwarf_knight"},"elements":[{"from":[9.5,3.9968753,5.3125],"to":[10.5,5.9968753,10.3125],"faces":{"east":{"uv":[11.25,10.0,10.625,10.25],"tintindex":0,"rotation":0,"texture":"#0"},"south":{"uv":[12.25,2.875,12.125,3.125],"tintindex":0,"rotation":0,"texture":"#0"},"north":{"uv":[2.125,11.5,2.0,11.75],"tintindex":0,"rotation":0,"texture":"#0"},"west":{"uv":[11.25,9.625,10.625,9.875],"tintindex":0,"rotation":0,"texture":"#0"},"up":{"uv":[11.75,12.5,11.875,11.875],"tintindex":0,"rotation":0,"texture":"#0"},"down":{"uv":[12.0,0.0,12.125,0.625],"tintindex":0,"rotation":0,"texture":"#0"}}},{"from":[6.0,2.9968753,5.8125],"to":[10.0,7.996875,9.8125],"faces":{"east":{"uv":[6.25,6.375,6.75,7.0],"tintindex":0,"rotation":0,"texture":"#0"},"south":{"uv":[6.75,3.125,7.25,3.75],"tintindex":0,"rotation":0,"texture":"#0"},"north":{"uv":[3.875,6.375,4.375,7.0],"tintindex":0,"rotation":0,"texture":"#0"},"west":{"uv":[6.75,3.875,7.25,4.5],"tintindex":0,"rotation":0,"texture":"#0"},"up":{"uv":[8.5,4.375,8.0,3.875],"tintindex":0,"rotation":0,"texture":"#0"},"down":{"uv":[8.5,6.875,8.0,7.375],"tintindex":0,"rotation":0,"texture":"#0"}}},{"from":[5.5,3.9968753,5.3125],"to":[6.5,5.9968753,10.3125],"faces":{"east":{"uv":[3.75,10.5,4.375,10.75],"tintindex":0,"rotation":0,"texture":"#0"},"south":{"uv":[6.75,4.625,6.875,4.875],"tintindex":0,"rotation":0,"texture":"#0"},"north":{"uv":[6.0,5.0,6.125,5.25],"tintindex":0,"rotation":0,"texture":"#0"},"west":{"uv":[10.5,4.0,11.125,4.25],"tintindex":0,"rotation":0,"texture":"#0"},"up":{"uv":[4.625,7.0,4.5,6.375],"tintindex":0,"rotation":0,"texture":"#0"},"down":{"uv":[10.125,11.875,10.0,12.5],"tintindex":0,"rotation":0,"texture":"#0"}}},{"from":[5.5,5.9968753,5.3125],"to":[10.5,8.046875,10.3125],"faces":{"east":{"uv":[10.5,1.0,11.125,1.25],"tintindex":0,"rotation":0,"texture":"#0"},"south":{"uv":[10.5,1.375,11.125,1.625],"tintindex":0,"rotation":0,"texture":"#0"},"north":{"uv":[10.375,1.75,11.0,2.0],"tintindex":0,"rotation":0,"texture":"#0"},"west":{"uv":[2.625,10.5,3.25,10.75],"tintindex":0,"rotation":0,"texture":"#0"},"up":{"uv":[6.75,2.25,6.125,1.625],"tintindex":0,"rotation":0,"texture":"#0"},"down":{"uv":[6.75,2.375,6.125,3.0],"tintindex":0,"rotation":0,"texture":"#0"}}}],"display":{"gui":{"rotation":[30,225,0]}}}