{"textures":{"0":"modelengine:entity/dwarf_knight"},"elements":[{"from":[5.5,5.9968753,5.3125],"to":[10.5,8.046875,10.3125],"faces":{"east":{"uv":[3.25,10.5,2.625,10.75],"tintindex":0,"rotation":0,"texture":"#0"},"south":{"uv":[11.125,1.375,10.5,1.625],"tintindex":0,"rotation":0,"texture":"#0"},"north":{"uv":[11.0,1.75,10.375,2.0],"tintindex":0,"rotation":0,"texture":"#0"},"west":{"uv":[11.125,1.0,10.5,1.25],"tintindex":0,"rotation":0,"texture":"#0"},"up":{"uv":[6.125,2.25,6.75,1.625],"tintindex":0,"rotation":0,"texture":"#0"},"down":{"uv":[6.125,2.375,6.75,3.0],"tintindex":0,"rotation":0,"texture":"#0"}}},{"from":[5.5,3.9968753,5.3125],"to":[6.5,5.9968753,10.3125],"faces":{"east":{"uv":[10.625,9.625,11.25,9.875],"tintindex":0,"rotation":0,"texture":"#0"},"south":{"uv":[12.125,2.875,12.25,3.125],"tintindex":0,"rotation":0,"texture":"#0"},"north":{"uv":[2.0,11.5,2.125,11.75],"tintindex":0,"rotation":0,"texture":"#0"},"west":{"uv":[10.625,10.0,11.25,10.25],"tintindex":0,"rotation":0,"texture":"#0"},"up":{"uv":[11.875,12.5,11.75,11.875],"tintindex":0,"rotation":0,"texture":"#0"},"down":{"uv":[12.125,0.0,12.0,0.625],"tintindex":0,"rotation":0,"texture":"#0"}}},{"from":[6.0,2.9968753,5.8125],"to":[10.0,7.996875,9.8125],"faces":{"east":{"uv":[7.25,3.875,6.75,4.5],"tintindex":0,"rotation":0,"texture":"#0"},"south":{"uv":[7.25,3.125,6.75,3.75],"tintindex":0,"rotation":0,"texture":"#0"},"north":{"uv":[4.375,6.375,3.875,7.0],"tintindex":0,"rotation":0,"texture":"#0"},"west":{"uv":[6.75,6.375,6.25,7.0],"tintindex":0,"rotation":0,"texture":"#0"},"up":{"uv":[8.0,4.375,8.5,3.875],"tintindex":0,"rotation":0,"texture":"#0"},"down":{"uv":[8.0,6.875,8.5,7.375],"tintindex":0,"rotation":0,"texture":"#0"}}},{"from":[9.5,3.9968753,5.3125],"to":[10.5,5.9968753,10.3125],"faces":{"east":{"uv":[11.125,4.0,10.5,4.25],"tintindex":0,"rotation":0,"texture":"#0"},"south":{"uv":[6.875,4.625,6.75,4.875],"tintindex":0,"rotation":0,"texture":"#0"},"north":{"uv":[6.125,5.0,6.0,5.25],"tintindex":0,"rotation":0,"texture":"#0"},"west":{"uv":[4.375,10.5,3.75,10.75],"tintindex":0,"rotation":0,"texture":"#0"},"up":{"uv":[4.5,7.0,4.625,6.375],"tintindex":0,"rotation":0,"texture":"#0"},"down":{"uv":[10.0,11.875,10.125,12.5],"tintindex":0,"rotation":0,"texture":"#0"}}}],"display":{"gui":{"rotation":[30,225,0]}}}