{"textures":{"0":"modelengine:entity/dwarf_knight"},"elements":[{"from":[6.1617646,5.261306,5.9900293],"to":[10.161764,8.261306,9.990029],"faces":{"east":{"uv":[10.125,3.75,9.625,4.125],"tintindex":0,"rotation":0,"texture":"#0"},"south":{"uv":[10.125,3.25,9.625,3.625],"tintindex":0,"rotation":0,"texture":"#0"},"north":{"uv":[1.5,9.625,1.0,10.0],"tintindex":0,"rotation":0,"texture":"#0"},"west":{"uv":[2.125,9.625,1.625,10.0],"tintindex":0,"rotation":0,"texture":"#0"},"up":{"uv":[8.125,6.5,8.625,6.0],"tintindex":0,"rotation":0,"texture":"#0"},"down":{"uv":[0.0,8.25,0.5,8.75],"tintindex":0,"rotation":0,"texture":"#0"}}},{"from":[8.661764,5.261306,5.4900293],"to":[10.661764,8.286306,10.490029],"faces":{"east":{"uv":[4.375,9.375,3.75,9.75],"tintindex":0,"rotation":0,"texture":"#0"},"south":{"uv":[12.0,1.625,11.75,2.0],"tintindex":0,"rotation":0,"texture":"#0"},"north":{"uv":[0.25,11.75,0.0,12.125],"tintindex":0,"rotation":0,"texture":"#0"},"west":{"uv":[3.625,9.375,3.0,9.75],"tintindex":0,"rotation":0,"texture":"#0"},"up":{"uv":[10.375,8.375,10.625,7.75],"tintindex":0,"rotation":0,"texture":"#0"},"down":{"uv":[8.125,10.375,8.375,11.0],"tintindex":0,"rotation":0,"texture":"#0"}}},{"from":[6.1617646,5.8395176,14.610027],"to":[10.161764,9.839519,18.610027],"faces":{"east":{"uv":[7.5,8.875,8.0,9.375],"tintindex":0,"rotation":0,"texture":"#0"},"south":{"uv":[9.0,0.625,9.5,1.125],"tintindex":0,"rotation":0,"texture":"#0"},"north":{"uv":[6.875,8.875,7.375,9.375],"tintindex":0,"rotation":0,"texture":"#0"},"west":{"uv":[8.0,8.875,7.5,9.375],"tintindex":0,"rotation":0,"texture":"#0"},"up":{"uv":[9.5,3.875,9.0,3.375],"tintindex":0,"rotation":0,"texture":"#0"},"down":{"uv":[9.5,4.0,9.0,4.5],"tintindex":0,"rotation":0,"texture":"#0"}},"rotation":{"origin":[1.6617646,10.998494,5.8864756],"angle":45.0,"axis":"x"}},{"from":[5.6617646,6.261306,5.4900293],"to":[8.661764,7.261306,10.490029],"faces":{"east":{"uv":[12.375,9.625,11.75,9.75],"tintindex":0,"rotation":0,"texture":"#0"},"south":{"uv":[6.0,8.625,5.625,8.75],"tintindex":0,"rotation":0,"texture":"#0"},"north":{"uv":[8.625,5.75,8.25,5.875],"tintindex":0,"rotation":0,"texture":"#0"},"west":{"uv":[3.125,1.125,2.5,1.25],"tintindex":0,"rotation":0,"texture":"#0"},"up":{"uv":[9.375,6.25,9.75,5.625],"tintindex":0,"rotation":0,"texture":"#0"},"down":{"uv":[9.375,8.875,9.75,9.5],"tintindex":0,"rotation":0,"texture":"#0"}}},{"from":[6.1617646,3.2613058,5.9900293],"to":[10.161764,5.261306,9.990029],"faces":{"east":{"uv":[11.625,1.75,11.125,2.0],"tintindex":0,"rotation":0,"texture":"#0"},"south":{"uv":[2.125,11.125,1.625,11.375],"tintindex":0,"rotation":0,"texture":"#0"},"north":{"uv":[6.25,11.0,5.75,11.25],"tintindex":0,"rotation":0,"texture":"#0"},"west":{"uv":[1.5,11.125,1.0,11.375],"tintindex":0,"rotation":0,"texture":"#0"},"up":{"uv":[8.25,5.625,8.75,5.125],"tintindex":0,"rotation":0,"texture":"#0"},"down":{"uv":[6.125,8.25,6.625,8.75],"tintindex":0,"rotation":0,"texture":"#0"}}},{"from":[6.6617646,3.3521395,9.410985],"to":[9.661764,6.3521395,13.410985],"faces":{"east":{"uv":[10.25,0.0,10.75,0.375],"tintindex":0,"rotation":0,"texture":"#0"},"south":{"uv":[9.625,10.875,10.0,11.25],"tintindex":0,"rotation":0,"texture":"#0"},"north":{"uv":[7.125,10.875,7.5,11.25],"tintindex":0,"rotation":0,"texture":"#0"},"west":{"uv":[10.75,0.0,10.25,0.375],"tintindex":0,"rotation":0,"texture":"#0"},"up":{"uv":[0.875,10.75,0.5,10.25],"tintindex":0,"rotation":0,"texture":"#0"},"down":{"uv":[10.625,2.375,10.25,2.875],"tintindex":0,"rotation":0,"texture":"#0"}},"rotation":{"origin":[1.6617646,10.998494,5.8864756],"angle":22.5,"axis":"x"}},{"from":[7.1617646,2.926608,3.5231276],"to":[9.161764,4.926608,7.5231276],"faces":{"east":{"uv":[11.375,3.5,11.875,3.75],"tintindex":0,"rotation":0,"texture":"#0"},"south":{"uv":[12.0,11.75,12.25,12.0],"tintindex":0,"rotation":0,"texture":"#0"},"north":{"uv":[12.0,11.375,12.25,11.625],"tintindex":0,"rotation":0,"texture":"#0"},"west":{"uv":[11.875,3.5,11.375,3.75],"tintindex":0,"rotation":0,"texture":"#0"},"up":{"uv":[11.625,4.75,11.375,4.25],"tintindex":0,"rotation":0,"texture":"#0"},"down":{"uv":[5.375,11.375,5.125,11.875],"tintindex":0,"rotation":0,"texture":"#0"}}}],"display":{"gui":{"rotation":[30,225,0]}}}