{"textures":{"0":"modelengine:entity/dwarf_knight"},"elements":[{"from":[8.271739,4.704008,5.960022],"to":[11.271739,8.704008,9.960022],"faces":{"east":{"uv":[3.625,11.125,3.125,11.625],"tintindex":0,"rotation":0,"texture":"#0"},"south":{"uv":[10.25,8.875,9.875,9.375],"tintindex":0,"rotation":0,"texture":"#0"},"north":{"uv":[4.375,9.875,4.0,10.375],"tintindex":0,"rotation":0,"texture":"#0"},"west":{"uv":[3.125,11.625,3.625,11.125],"tintindex":0,"rotation":0,"texture":"#0"},"up":{"uv":[11.5,11.125,11.875,10.625],"tintindex":0,"rotation":0,"texture":"#0"},"down":{"uv":[11.875,10.625,11.5,11.125],"tintindex":0,"rotation":0,"texture":"#0"}}},{"from":[6.771739,3.204008,5.960022],"to":[10.771739,8.204008,9.960022],"faces":{"east":{"uv":[0.5,7.0,0.0,7.625],"tintindex":0,"rotation":0,"texture":"#0"},"south":{"uv":[7.375,6.375,6.875,7.0],"tintindex":0,"rotation":0,"texture":"#0"},"north":{"uv":[7.375,1.625,6.875,2.25],"tintindex":0,"rotation":0,"texture":"#0"},"west":{"uv":[7.375,2.375,6.875,3.0],"tintindex":0,"rotation":0,"texture":"#0"},"up":{"uv":[8.125,2.0,8.625,1.5],"tintindex":0,"rotation":0,"texture":"#0"},"down":{"uv":[8.125,2.125,8.625,2.625],"tintindex":0,"rotation":0,"texture":"#0"}}},{"from":[11.271739,5.704008,7.9600215],"to":[14.271739,7.704008,7.9600215],"faces":{"south":{"uv":[11.5,11.5,11.875,11.75],"tintindex":0,"rotation":0,"texture":"#0"},"north":{"uv":[11.875,11.5,11.5,11.75],"tintindex":0,"rotation":0,"texture":"#0"}}},{"from":[7.771739,4.204008,9.960022],"to":[11.771739,9.204008,10.960022],"faces":{"east":{"uv":[4.75,10.375,4.5,11.0],"tintindex":0,"rotation":0,"texture":"#0"},"south":{"uv":[7.5,4.625,7.0,5.25],"tintindex":0,"rotation":0,"texture":"#0"},"north":{"uv":[3.25,7.0,2.75,7.625],"tintindex":0,"rotation":0,"texture":"#0"},"west":{"uv":[3.625,10.375,3.375,11.0],"tintindex":0,"rotation":0,"texture":"#0"},"up":{"uv":[4.5,11.375,5.0,11.125],"tintindex":0,"rotation":0,"texture":"#0"},"down":{"uv":[11.125,7.375,11.625,7.625],"tintindex":0,"rotation":0,"texture":"#0"}}},{"from":[8.771739,8.704008,7.9600215],"to":[10.771739,11.704008,7.9600215],"faces":{"south":{"uv":[11.75,2.875,12.0,3.25],"tintindex":0,"rotation":0,"texture":"#0"},"north":{"uv":[12.0,2.875,11.75,3.25],"tintindex":0,"rotation":0,"texture":"#0"}}},{"from":[7.771739,4.204008,4.9600215],"to":[11.771739,9.204008,5.960022],"faces":{"east":{"uv":[4.75,10.375,4.5,11.0],"tintindex":0,"rotation":0,"texture":"#0"},"south":{"uv":[7.5,4.625,7.0,5.25],"tintindex":0,"rotation":0,"texture":"#0"},"north":{"uv":[3.25,7.0,2.75,7.625],"tintindex":0,"rotation":0,"texture":"#0"},"west":{"uv":[3.625,10.375,3.375,11.0],"tintindex":0,"rotation":0,"texture":"#0"},"up":{"uv":[4.5,11.375,5.0,11.125],"tintindex":0,"rotation":0,"texture":"#0"},"down":{"uv":[11.125,7.375,11.625,7.625],"tintindex":0,"rotation":0,"texture":"#0"}}}],"display":{"gui":{"rotation":[30,225,0]}}}