{"textures":{"0":"modelengine:entity/dwarf_knight"},"elements":[{"from":[6.0,6.125,6.125],"to":[10.0,8.125,10.125],"faces":{"east":{"uv":[10.625,10.875,10.125,11.125],"tintindex":0,"rotation":0,"texture":"#0"},"south":{"uv":[11.25,8.875,10.75,9.125],"tintindex":0,"rotation":0,"texture":"#0"},"north":{"uv":[6.625,3.125,6.125,3.375],"tintindex":0,"rotation":0,"texture":"#0"},"west":{"uv":[8.5,7.5,8.0,7.75],"tintindex":0,"rotation":0,"texture":"#0"},"up":{"uv":[8.25,0.5,8.75,0.0],"tintindex":0,"rotation":0,"texture":"#0"},"down":{"uv":[0.625,8.25,1.125,8.75],"tintindex":0,"rotation":0,"texture":"#0"}}},{"from":[8.0,6.125,2.625],"to":[8.0,8.125,5.625],"faces":{"east":{"uv":[11.75,8.125,12.125,8.375],"tintindex":0,"rotation":0,"texture":"#0"},"west":{"uv":[12.125,8.125,11.75,8.375],"tintindex":0,"rotation":0,"texture":"#0"}}},{"from":[5.5,6.125,5.625],"to":[10.5,8.15,10.625],"faces":{"east":{"uv":[10.625,10.5,10.0,10.75],"tintindex":0,"rotation":0,"texture":"#0"},"south":{"uv":[11.125,6.625,10.5,6.875],"tintindex":0,"rotation":0,"texture":"#0"},"north":{"uv":[11.125,5.875,10.5,6.125],"tintindex":0,"rotation":0,"texture":"#0"},"west":{"uv":[11.125,6.25,10.5,6.5],"tintindex":0,"rotation":0,"texture":"#0"},"up":{"uv":[0.0,6.875,0.625,6.25],"tintindex":0,"rotation":0,"texture":"#0"},"down":{"uv":[0.75,6.25,1.375,6.875],"tintindex":0,"rotation":0,"texture":"#0"}}},{"from":[6.0,3.125,5.125],"to":[10.0,6.125,10.125],"faces":{"east":{"uv":[9.875,6.875,9.25,7.25],"tintindex":0,"rotation":0,"texture":"#0"},"south":{"uv":[2.75,9.75,2.25,10.125],"tintindex":0,"rotation":0,"texture":"#0"},"north":{"uv":[9.875,9.625,9.375,10.0],"tintindex":0,"rotation":0,"texture":"#0"},"west":{"uv":[9.875,6.375,9.25,6.75],"tintindex":0,"rotation":0,"texture":"#0"},"up":{"uv":[7.0,0.625,7.5,0.0],"tintindex":0,"rotation":0,"texture":"#0"},"down":{"uv":[0.625,7.0,1.125,7.625],"tintindex":0,"rotation":0,"texture":"#0"}}}],"display":{"gui":{"rotation":[30,225,0]}}}