{"textures":{"0":"modelengine:entity/dwarf_knight"},"elements":[{"from":[7.86709,1.8368187,7.0],"to":[10.86709,6.8368187,9.0],"faces":{"east":{"uv":[9.625,10.125,9.875,10.75],"tintindex":0,"rotation":0,"texture":"#0"},"south":{"uv":[9.375,2.0,9.75,2.625],"tintindex":0,"rotation":0,"texture":"#0"},"north":{"uv":[9.375,1.25,9.75,1.875],"tintindex":0,"rotation":0,"texture":"#0"},"west":{"uv":[7.75,10.25,8.0,10.875],"tintindex":0,"rotation":0,"texture":"#0"},"up":{"uv":[8.75,11.75,8.375,11.5],"tintindex":0,"rotation":0,"texture":"#0"},"down":{"uv":[9.25,11.5,8.875,11.75],"tintindex":0,"rotation":0,"texture":"#0"}},"rotation":{"origin":[4.958913,3.5475845,10.396446],"angle":22.5,"axis":"z"}},{"from":[7.86709,-2.1631813,7.0],"to":[10.86709,0.8368187,9.0],"faces":{"east":{"uv":[0.875,7.75,1.125,8.125],"tintindex":0,"rotation":0,"texture":"#0"},"south":{"uv":[10.875,0.0,11.25,0.375],"tintindex":0,"rotation":0,"texture":"#0"},"north":{"uv":[0.0,10.875,0.375,11.25],"tintindex":0,"rotation":0,"texture":"#0"},"west":{"uv":[7.5,11.5,7.75,11.875],"tintindex":0,"rotation":0,"texture":"#0"},"up":{"uv":[11.875,7.25,11.5,7.0],"tintindex":0,"rotation":0,"texture":"#0"},"down":{"uv":[8.25,11.5,7.875,11.75],"tintindex":0,"rotation":0,"texture":"#0"}},"rotation":{"origin":[4.958913,3.5475845,10.396446],"angle":22.5,"axis":"z"}},{"from":[8.36709,0.8368187,7.0],"to":[10.36709,1.8368187,9.0],"faces":{"east":{"uv":[9.5,5.375,9.75,5.5],"tintindex":0,"rotation":0,"texture":"#0"},"south":{"uv":[10.0,5.125,10.25,5.25],"tintindex":0,"rotation":0,"texture":"#0"},"north":{"uv":[9.0,1.25,9.25,1.375],"tintindex":0,"rotation":0,"texture":"#0"},"west":{"uv":[7.25,10.0,7.5,10.125],"tintindex":0,"rotation":0,"texture":"#0"},"up":{"uv":[12.25,3.625,12.0,3.375],"tintindex":0,"rotation":0,"texture":"#0"},"down":{"uv":[6.25,12.0,6.0,12.25],"tintindex":0,"rotation":0,"texture":"#0"}},"rotation":{"origin":[4.958913,3.5475845,10.396446],"angle":22.5,"axis":"z"}}],"display":{"gui":{"rotation":[30,225,0]}}}