{"textures":{"0":"modelengine:entity/dwarf_knight"},"elements":[{"from":[4.0,7.786622,5.3612022],"to":[12.0,12.786622,10.361202],"faces":{"east":{"uv":[6.0,3.5,6.625,4.125],"tintindex":0,"rotation":0,"texture":"#0"},"south":{"uv":[3.625,4.375,4.625,5.0],"tintindex":0,"rotation":0,"texture":"#0"},"north":{"uv":[2.5,4.375,3.5,5.0],"tintindex":0,"rotation":0,"texture":"#0"},"west":{"uv":[6.0,4.25,6.625,4.875],"tintindex":0,"rotation":0,"texture":"#0"},"up":{"uv":[5.625,1.375,4.625,0.75],"tintindex":0,"rotation":0,"texture":"#0"},"down":{"uv":[5.75,1.5,4.75,2.125],"tintindex":0,"rotation":0,"texture":"#0"}}},{"from":[3.5,7.8116226,4.8362026],"to":[12.5,9.811623,10.836203],"faces":{"east":{"uv":[3.625,0.75,4.375,1.0],"tintindex":0,"rotation":0,"texture":"#0"},"south":{"uv":[7.375,7.875,8.5,8.125],"tintindex":0,"rotation":0,"texture":"#0"},"north":{"uv":[6.125,7.875,7.25,8.125],"tintindex":0,"rotation":0,"texture":"#0"},"west":{"uv":[9.625,4.25,10.375,4.5],"tintindex":0,"rotation":0,"texture":"#0"},"up":{"uv":[3.375,4.125,2.25,3.375],"tintindex":0,"rotation":0,"texture":"#0"},"down":{"uv":[4.625,2.0,3.5,2.75],"tintindex":0,"rotation":0,"texture":"#0"}}}],"display":{"gui":{"rotation":[30,225,0]}}}