{
	"credit": "Made with Blockbench",
	"textures": {
		"0": "items/0t_work_gon_h_1_1",
		"particle": "items/0t_work_gon_h_1_1"
	},
	"elements": [
		{
			"from": [4.5, 17, 2.58579],
			"to": [11.5, 21.25, 4.58579],
			"rotation": {"angle": 0, "axis": "y", "origin": [8, 20, 3.58579]},
			"faces": {
				"north": {"uv": [0, 0, 6, 6], "texture": "#0"},
				"east": {"uv": [0, 0, 6, 6], "texture": "#0"},
				"south": {"uv": [0, 0, 6, 6], "texture": "#0"},
				"west": {"uv": [0, 0, 6, 6], "texture": "#0"},
				"up": {"uv": [0, 0, 0.5, 6], "texture": "#0"},
				"down": {"uv": [0, 0, 6, 6], "texture": "#0"}
			}
		},
		{
			"from": [10.5, 17, 3],
			"to": [12.5, 21.25, 5],
			"rotation": {"angle": 45, "axis": "y", "origin": [11.5, 20, 4]},
			"faces": {
				"north": {"uv": [0, 0, 0.5, 6], "texture": "#0"},
				"east": {"uv": [0, 0, 0.5, 6], "texture": "#0"},
				"south": {"uv": [0, 0, 0.5, 6], "texture": "#0"},
				"west": {"uv": [0, 0, 0.5, 6], "texture": "#0"},
				"up": {"uv": [0, 0, 0.5, 6], "texture": "#0"},
				"down": {"uv": [0, 0, 0.5, 6], "texture": "#0"}
			}
		},
		{
			"from": [3.5, 17, 3],
			"to": [5.5, 21.25, 5],
			"rotation": {"angle": -45, "axis": "y", "origin": [4.5, 20, 4]},
			"faces": {
				"north": {"uv": [0, 0, 0.5, 6], "texture": "#0"},
				"east": {"uv": [0, 0, 0.5, 6], "texture": "#0"},
				"south": {"uv": [0, 0, 0.5, 6], "texture": "#0"},
				"west": {"uv": [0, 0, 0.5, 6], "texture": "#0"},
				"up": {"uv": [0, 0, 0.5, 6], "texture": "#0"},
				"down": {"uv": [0, 0, 0.5, 6], "texture": "#0"}
			}
		},
		{
			"from": [3.5, 17, 11],
			"to": [5.5, 21.25, 13],
			"rotation": {"angle": 45, "axis": "y", "origin": [4.5, 20, 12]},
			"faces": {
				"north": {"uv": [0, 0, 0.5, 6], "texture": "#0"},
				"east": {"uv": [0, 0, 0.5, 6], "texture": "#0"},
				"south": {"uv": [0, 0, 0.5, 6], "texture": "#0"},
				"west": {"uv": [0, 0, 0.5, 6], "texture": "#0"},
				"up": {"uv": [0, 0, 0.5, 6], "texture": "#0"},
				"down": {"uv": [0, 0, 0.5, 6], "texture": "#0"}
			}
		},
		{
			"from": [10.5, 17, 11],
			"to": [12.5, 21.25, 13],
			"rotation": {"angle": -45, "axis": "y", "origin": [11.5, 20, 12]},
			"faces": {
				"north": {"uv": [0, 0, 0.5, 6], "texture": "#0"},
				"east": {"uv": [0, 0, 0.5, 6], "texture": "#0"},
				"south": {"uv": [0, 0, 0.5, 6], "texture": "#0"},
				"west": {"uv": [0, 0, 0.5, 6], "texture": "#0"},
				"up": {"uv": [0, 0, 0.5, 6], "texture": "#0"},
				"down": {"uv": [0, 0, 0.5, 6], "texture": "#0"}
			}
		},
		{
			"from": [4.5, 17, 11.41421],
			"to": [11.5, 21.25, 13.41421],
			"rotation": {"angle": 0, "axis": "y", "origin": [8, 20, 12.41421]},
			"faces": {
				"north": {"uv": [0, 0, 6, 6], "texture": "#0"},
				"east": {"uv": [0, 0, 6, 6], "texture": "#0"},
				"south": {"uv": [0, 0, 6, 6], "texture": "#0"},
				"west": {"uv": [0, 0, 6, 6], "texture": "#0"},
				"up": {"uv": [0.5, 0, 0, 6], "texture": "#0"},
				"down": {"uv": [0, 0, 6, 6], "texture": "#0"}
			}
		},
		{
			"from": [3.08579, 17, 4],
			"to": [4.58579, 21.25, 12],
			"rotation": {"angle": 0, "axis": "y", "origin": [8, 20, 8]},
			"faces": {
				"north": {"uv": [0, 0, 6, 6], "texture": "#0"},
				"east": {"uv": [0, 0, 6, 6], "texture": "#0"},
				"south": {"uv": [0, 0, 6, 6], "texture": "#0"},
				"west": {"uv": [0, 0, 6, 6], "texture": "#0"},
				"up": {"uv": [0, 0, 0.5, 6], "rotation": 90, "texture": "#0"},
				"down": {"uv": [0, 0, 6, 6], "rotation": 90, "texture": "#0"}
			}
		},
		{
			"from": [11.41421, 17, 4],
			"to": [12.91421, 21.25, 12],
			"rotation": {"angle": 0, "axis": "y", "origin": [8, 20, 8]},
			"faces": {
				"north": {"uv": [0, 0, 6, 6], "texture": "#0"},
				"east": {"uv": [0, 0, 6, 6], "texture": "#0"},
				"south": {"uv": [0, 0, 6, 6], "texture": "#0"},
				"west": {"uv": [0, 0, 6, 6], "texture": "#0"},
				"up": {"uv": [0, 0, 0.5, 6], "rotation": 90, "texture": "#0"},
				"down": {"uv": [0, 0, 6, 6], "rotation": 90, "texture": "#0"}
			}
		},
		{
			"from": [5.75, 21.25, 5.58579],
			"to": [10.25, 24.25, 7.58579],
			"rotation": {"angle": 0, "axis": "y", "origin": [8, 24.25, 6.58579]},
			"faces": {
				"north": {"uv": [0, 0, 6, 6], "texture": "#0"},
				"east": {"uv": [0, 0, 6, 6], "texture": "#0"},
				"south": {"uv": [0, 0, 6, 6], "texture": "#0"},
				"west": {"uv": [0, 0, 6, 6], "texture": "#0"},
				"up": {"uv": [0, 0, 0.5, 6], "texture": "#0"},
				"down": {"uv": [0, 0, 6, 6], "texture": "#0"}
			}
		},
		{
			"from": [9.25, 21.25, 6],
			"to": [11.25, 24.25, 8],
			"rotation": {"angle": 45, "axis": "y", "origin": [10.25, 24.25, 7]},
			"faces": {
				"north": {"uv": [0, 0, 0, 6], "texture": "#0"},
				"east": {"uv": [0, 0, 0.5, 6], "texture": "#0"},
				"south": {"uv": [0, 0, 0, 6], "texture": "#0"},
				"west": {"uv": [0, 0, 0, 6], "texture": "#0"},
				"up": {"uv": [0, 0, 0.5, 6], "texture": "#0"},
				"down": {"uv": [0, 0, 0, 6], "texture": "#0"}
			}
		},
		{
			"from": [4.75, 21.25, 6],
			"to": [6.75, 24.25, 8],
			"rotation": {"angle": -45, "axis": "y", "origin": [5.75, 24.25, 7]},
			"faces": {
				"north": {"uv": [0, 0, 0, 6], "texture": "#0"},
				"east": {"uv": [0, 0, 0, 6], "texture": "#0"},
				"south": {"uv": [0, 0, 0, 6], "texture": "#0"},
				"west": {"uv": [0, 0, 0.5, 6], "texture": "#0"},
				"up": {"uv": [0, 0, 0.5, 6], "texture": "#0"},
				"down": {"uv": [0, 0, 0, 6], "texture": "#0"}
			}
		},
		{
			"from": [4.75, 21.25, 11],
			"to": [6.75, 24.25, 13],
			"rotation": {"angle": 45, "axis": "y", "origin": [5.75, 24.25, 12]},
			"faces": {
				"north": {"uv": [0, 0, 0.5, 6], "texture": "#0"},
				"east": {"uv": [0, 0, 0.5, 6], "texture": "#0"},
				"south": {"uv": [0, 0, 0.5, 6], "texture": "#0"},
				"west": {"uv": [0, 0, 0.5, 6], "texture": "#0"},
				"up": {"uv": [0, 0, 0.5, 6], "texture": "#0"},
				"down": {"uv": [0, 0, 0.5, 6], "texture": "#0"}
			}
		},
		{
			"from": [9.25, 21.25, 11],
			"to": [11.25, 24.25, 13],
			"rotation": {"angle": -45, "axis": "y", "origin": [10.25, 24.25, 12]},
			"faces": {
				"north": {"uv": [0, 0, 0.5, 6], "texture": "#0"},
				"east": {"uv": [0, 0, 0.5, 6], "texture": "#0"},
				"south": {"uv": [0, 0, 0.5, 6], "texture": "#0"},
				"west": {"uv": [0, 0, 0.5, 6], "texture": "#0"},
				"up": {"uv": [0, 0, 0.5, 6], "texture": "#0"},
				"down": {"uv": [0, 0, 0.5, 6], "texture": "#0"}
			}
		},
		{
			"from": [5.75, 21.25, 11.41421],
			"to": [10.25, 24.25, 13.41421],
			"rotation": {"angle": 0, "axis": "y", "origin": [8, 24.25, 12.41421]},
			"faces": {
				"north": {"uv": [0, 0, 6, 6], "texture": "#0"},
				"east": {"uv": [0, 0, 6, 6], "texture": "#0"},
				"south": {"uv": [0, 0, 6, 6], "texture": "#0"},
				"west": {"uv": [0, 0, 6, 6], "texture": "#0"},
				"up": {"uv": [0, 0, 0.5, 6], "texture": "#0"},
				"down": {"uv": [0, 0, 6, 6], "texture": "#0"}
			}
		},
		{
			"from": [4.33579, 21.25, 7],
			"to": [6.33579, 24.25, 12],
			"rotation": {"angle": 0, "axis": "y", "origin": [9.75, 24.25, 8]},
			"faces": {
				"north": {"uv": [0, 0, 6, 6], "texture": "#0"},
				"east": {"uv": [0, 0, 6, 6], "texture": "#0"},
				"south": {"uv": [0, 0, 6, 6], "texture": "#0"},
				"west": {"uv": [0, 0, 6, 6], "texture": "#0"},
				"up": {"uv": [0, 0, 0.5, 6], "texture": "#0"},
				"down": {"uv": [0, 0, 6, 6], "texture": "#0"}
			}
		},
		{
			"from": [9.66421, 21.25, 7],
			"to": [11.66421, 24.25, 12],
			"rotation": {"angle": 0, "axis": "y", "origin": [6.25, 24.25, 8]},
			"faces": {
				"north": {"uv": [0, 0, 6, 6], "texture": "#0"},
				"east": {"uv": [0, 0, 6, 6], "texture": "#0"},
				"south": {"uv": [0, 0, 6, 6], "texture": "#0"},
				"west": {"uv": [0, 0, 6, 6], "texture": "#0"},
				"up": {"uv": [0, 0, 0.5, 6], "texture": "#0"},
				"down": {"uv": [0, 0, 6, 6], "texture": "#0"}
			}
		},
		{
			"from": [5.22, 21.18, 3.66307],
			"to": [10.78, 22.82, 5.30307],
			"rotation": {"angle": 0, "axis": "y", "origin": [8.5, 23.64, 4.48307]},
			"faces": {
				"north": {"uv": [0, 0, 6, 6], "texture": "#0"},
				"east": {"uv": [0, 0, 6, 6], "texture": "#0"},
				"south": {"uv": [0, 0, 6, 6], "texture": "#0"},
				"west": {"uv": [0, 0, 6, 6], "texture": "#0"},
				"up": {"uv": [0, 0, 0.5, 6], "texture": "#0"},
				"down": {"uv": [0, 0, 6, 6], "texture": "#0"}
			}
		},
		{
			"from": [9.96, 21.18, 4.00272],
			"to": [11.6, 22.82, 5.64272],
			"rotation": {"angle": 45, "axis": "y", "origin": [10.78, 22, 4.82272]},
			"faces": {
				"north": {"uv": [0, 0, 0, 6], "texture": "#0"},
				"east": {"uv": [0, 0, 0.5, 6], "texture": "#0"},
				"south": {"uv": [0, 0, 0, 6], "texture": "#0"},
				"west": {"uv": [0, 0, 0, 6], "texture": "#0"},
				"up": {"uv": [0, 0, 0.5, 6], "texture": "#0"},
				"down": {"uv": [0, 0, 0, 6], "texture": "#0"}
			}
		},
		{
			"from": [4.4, 21.18, 4.00272],
			"to": [6.04, 22.82, 5.64272],
			"rotation": {"angle": -45, "axis": "y", "origin": [5.22, 22, 4.82272]},
			"faces": {
				"north": {"uv": [0, 0, 0, 6], "texture": "#0"},
				"east": {"uv": [0, 0, 0, 6], "texture": "#0"},
				"south": {"uv": [0, 0, 0, 6], "texture": "#0"},
				"west": {"uv": [0, 0, 0.5, 6], "texture": "#0"},
				"up": {"uv": [0, 0, 0.5, 6], "texture": "#0"},
				"down": {"uv": [0, 0, 0, 6], "texture": "#0"}
			}
		},
		{
			"from": [4.06034, 21.18, 4.82272],
			"to": [5.70034, 22.82, 11.38272],
			"rotation": {"angle": 0, "axis": "y", "origin": [8.5, 23.64, 8.10272]},
			"faces": {
				"north": {"uv": [0, 0, 6, 6], "texture": "#0"},
				"east": {"uv": [0, 0, 6, 6], "texture": "#0"},
				"south": {"uv": [0, 0, 6, 6], "texture": "#0"},
				"west": {"uv": [0, 0, 6, 6], "texture": "#0"},
				"up": {"uv": [0, 0, 0.5, 6], "texture": "#0"},
				"down": {"uv": [0, 0, 6, 6], "texture": "#0"}
			}
		},
		{
			"from": [10.29966, 21.18, 4.82272],
			"to": [11.93966, 22.82, 11.38272],
			"rotation": {"angle": 0, "axis": "y", "origin": [7.5, 23.64, 8.10272]},
			"faces": {
				"north": {"uv": [0, 0, 6, 6], "texture": "#0"},
				"east": {"uv": [0, 0, 6, 6], "texture": "#0"},
				"south": {"uv": [0, 0, 6, 6], "texture": "#0"},
				"west": {"uv": [0, 0, 6, 6], "texture": "#0"},
				"up": {"uv": [0, 0, 0.5, 6], "texture": "#0"},
				"down": {"uv": [0, 0, 6, 6], "texture": "#0"}
			}
		},
		{
			"from": [9.59045, 22.256, 5.17555],
			"to": [10.88645, 24.244, 7.47155],
			"rotation": {"angle": 22.5, "axis": "y", "origin": [10.23845, 23.75, 6.32355]},
			"faces": {
				"north": {"uv": [0, 0, 6, 6], "texture": "#0"},
				"east": {"uv": [0, 0, 6, 6], "texture": "#0"},
				"south": {"uv": [0, 0, 6, 6], "texture": "#0"},
				"west": {"uv": [0, 0, 6, 6], "texture": "#0"},
				"up": {"uv": [0, 0, 0.5, 6], "texture": "#0"},
				"down": {"uv": [0, 0, 6, 6], "texture": "#0"}
			}
		},
		{
			"from": [5.5772, 22.256, 5.01495],
			"to": [10.3862, 24.244, 6.56095],
			"rotation": {"angle": 0, "axis": "y", "origin": [7.2692, 24.2, 5.66295]},
			"faces": {
				"north": {"uv": [0, 0, 6, 6], "texture": "#0"},
				"east": {"uv": [0, 0, 6, 6], "texture": "#0"},
				"south": {"uv": [0, 0, 6, 6], "texture": "#0"},
				"west": {"uv": [0, 0, 6, 6], "texture": "#0"},
				"up": {"uv": [0, 0, 0.5, 6], "texture": "#0"},
				"down": {"uv": [0, 0, 6, 6], "texture": "#0"}
			}
		},
		{
			"from": [5.11355, 22.256, 5.17555],
			"to": [6.40955, 24.244, 7.47155],
			"rotation": {"angle": -22.5, "axis": "y", "origin": [5.76155, 23.75, 6.32355]},
			"faces": {
				"north": {"uv": [0, 0, 6, 6], "texture": "#0"},
				"east": {"uv": [0, 0, 6, 6], "texture": "#0"},
				"south": {"uv": [0, 0, 6, 6], "texture": "#0"},
				"west": {"uv": [0, 0, 6, 6], "texture": "#0"},
				"up": {"uv": [0, 0, 0.5, 6], "texture": "#0"},
				"down": {"uv": [0, 0, 6, 6], "texture": "#0"}
			}
		},
		{
			"from": [6.13, 23.155, 6.63202],
			"to": [9.87, 26.435, 8.27202],
			"rotation": {"angle": 0, "axis": "y", "origin": [8, 25.615, 7.45202]},
			"faces": {
				"north": {"uv": [0, 0, 6, 6], "texture": "#0"},
				"east": {"uv": [0, 0, 6, 6], "texture": "#0"},
				"south": {"uv": [0, 0, 6, 6], "texture": "#0"},
				"west": {"uv": [0, 0, 6, 6], "texture": "#0"},
				"up": {"uv": [0, 0, 0.5, 6], "texture": "#0"},
				"down": {"uv": [0, 0, 6, 6], "texture": "#0"}
			}
		},
		{
			"from": [9.05, 23.155, 6.97167],
			"to": [10.69, 26.435, 8.61167],
			"rotation": {"angle": 45, "axis": "y", "origin": [9.87, 25.615, 7.79167]},
			"faces": {
				"north": {"uv": [0, 0, 0, 6], "texture": "#0"},
				"east": {"uv": [0, 0, 0.5, 6], "texture": "#0"},
				"south": {"uv": [0, 0, 0, 6], "texture": "#0"},
				"west": {"uv": [0, 0, 0, 6], "texture": "#0"},
				"up": {"uv": [0, 0, 0.5, 6], "texture": "#0"},
				"down": {"uv": [0, 0, 0, 6], "texture": "#0"}
			}
		},
		{
			"from": [5.31, 23.155, 6.97167],
			"to": [6.95, 26.435, 8.61167],
			"rotation": {"angle": -45, "axis": "y", "origin": [6.13, 25.615, 7.79167]},
			"faces": {
				"north": {"uv": [0, 0, 0, 6], "texture": "#0"},
				"east": {"uv": [0, 0, 0, 6], "texture": "#0"},
				"south": {"uv": [0, 0, 0, 6], "texture": "#0"},
				"west": {"uv": [0, 0, 0.5, 6], "texture": "#0"},
				"up": {"uv": [0, 0, 0.5, 6], "texture": "#0"},
				"down": {"uv": [0, 0, 0, 6], "texture": "#0"}
			}
		},
		{
			"from": [5.31, 23.155, 11.42167],
			"to": [6.95, 26.435, 13.06167],
			"rotation": {"angle": 45, "axis": "y", "origin": [6.13, 25.615, 12.24167]},
			"faces": {
				"north": {"uv": [0, 0, 0.5, 6], "texture": "#0"},
				"east": {"uv": [0, 0, 0.5, 6], "texture": "#0"},
				"south": {"uv": [0, 0, 0.5, 6], "texture": "#0"},
				"west": {"uv": [0, 0, 0.5, 6], "texture": "#0"},
				"up": {"uv": [0, 0, 0.5, 6], "texture": "#0"},
				"down": {"uv": [0, 0, 0.5, 6], "texture": "#0"}
			}
		},
		{
			"from": [9.05, 23.155, 11.42167],
			"to": [10.69, 26.435, 13.06167],
			"rotation": {"angle": -45, "axis": "y", "origin": [9.87, 25.615, 12.24167]},
			"faces": {
				"north": {"uv": [0, 0, 0.5, 6], "texture": "#0"},
				"east": {"uv": [0, 0, 0.5, 6], "texture": "#0"},
				"south": {"uv": [0, 0, 0.5, 6], "texture": "#0"},
				"west": {"uv": [0, 0, 0.5, 6], "texture": "#0"},
				"up": {"uv": [0, 0, 0.5, 6], "texture": "#0"},
				"down": {"uv": [0, 0, 0.5, 6], "texture": "#0"}
			}
		},
		{
			"from": [6.13, 23.155, 11.76133],
			"to": [9.87, 26.435, 13.40133],
			"rotation": {"angle": 0, "axis": "y", "origin": [8, 25.615, 12.58133]},
			"faces": {
				"north": {"uv": [0, 0, 6, 6], "texture": "#0"},
				"east": {"uv": [0, 0, 6, 6], "texture": "#0"},
				"south": {"uv": [0, 0, 6, 6], "texture": "#0"},
				"west": {"uv": [0, 0, 6, 6], "texture": "#0"},
				"up": {"uv": [0, 0, 0.5, 6], "texture": "#0"},
				"down": {"uv": [0, 0, 6, 6], "texture": "#0"}
			}
		},
		{
			"from": [4.97034, 23.155, 7.79167],
			"to": [6.61034, 26.435, 12.24167],
			"rotation": {"angle": 0, "axis": "y", "origin": [9.41, 25.615, 8.61167]},
			"faces": {
				"north": {"uv": [0, 0, 6, 6], "texture": "#0"},
				"east": {"uv": [0, 0, 6, 6], "texture": "#0"},
				"south": {"uv": [0, 0, 6, 6], "texture": "#0"},
				"west": {"uv": [0, 0, 6, 6], "texture": "#0"},
				"up": {"uv": [0, 0, 0.5, 6], "texture": "#0"},
				"down": {"uv": [0, 0, 6, 6], "texture": "#0"}
			}
		},
		{
			"from": [9.38966, 23.155, 7.79167],
			"to": [11.02966, 26.435, 12.24167],
			"rotation": {"angle": 0, "axis": "y", "origin": [6.59, 25.615, 8.61167]},
			"faces": {
				"north": {"uv": [0, 0, 6, 6], "texture": "#0"},
				"east": {"uv": [0, 0, 6, 6], "texture": "#0"},
				"south": {"uv": [0, 0, 6, 6], "texture": "#0"},
				"west": {"uv": [0, 0, 6, 6], "texture": "#0"},
				"up": {"uv": [0, 0, 0.5, 6], "texture": "#0"},
				"down": {"uv": [0, 0, 6, 6], "texture": "#0"}
			}
		},
		{
			"from": [6, 26.25, 8],
			"to": [10, 27.25, 12],
			"rotation": {"angle": 0, "axis": "y", "origin": [8, 16.25, 10]},
			"faces": {
				"north": {"uv": [0, 0, 6, 6], "texture": "#0"},
				"east": {"uv": [0, 0, 6, 6], "texture": "#0"},
				"south": {"uv": [0, 0, 6, 6], "texture": "#0"},
				"west": {"uv": [0, 0, 6, 6], "texture": "#0"},
				"up": {"uv": [0, 0, 0.5, 6], "texture": "#0"},
				"down": {"uv": [0, 0, 6, 6], "texture": "#0"}
			}
		},
		{
			"from": [8.30417, 23.97992, 5.47562],
			"to": [9.36689, 25.68008, 7.35834],
			"rotation": {"angle": 22.5, "axis": "y", "origin": [9.08553, 25.205, 6.41698]},
			"faces": {
				"north": {"uv": [0, 0, 6, 6], "texture": "#0"},
				"east": {"uv": [0, 0, 6, 6], "texture": "#0"},
				"south": {"uv": [0, 0, 6, 6], "texture": "#0"},
				"west": {"uv": [0, 0, 6, 6], "texture": "#0"},
				"up": {"uv": [0, 0, 0.5, 6], "texture": "#0"},
				"down": {"uv": [0, 0, 6, 6], "texture": "#0"}
			}
		},
		{
			"from": [7.03823, 23.97992, 5.42561],
			"to": [8.97061, 25.68008, 6.64333],
			"rotation": {"angle": 0, "axis": "y", "origin": [7.42017, 25.574, 5.90697]},
			"faces": {
				"north": {"uv": [0, 0, 6, 6], "texture": "#0"},
				"east": {"uv": [0, 0, 6, 6], "texture": "#0"},
				"south": {"uv": [0, 0, 6, 6], "texture": "#0"},
				"west": {"uv": [0, 0, 6, 6], "texture": "#0"},
				"up": {"uv": [0, 0, 0.5, 6], "texture": "#0"},
				"down": {"uv": [0, 0, 6, 6], "texture": "#0"}
			}
		},
		{
			"from": [6.64196, 23.97992, 5.47562],
			"to": [7.70468, 25.68008, 7.35834],
			"rotation": {"angle": -22.5, "axis": "y", "origin": [6.92332, 25.205, 6.41698]},
			"faces": {
				"north": {"uv": [0, 0, 6, 6], "texture": "#0"},
				"east": {"uv": [0, 0, 6, 6], "texture": "#0"},
				"south": {"uv": [0, 0, 6, 6], "texture": "#0"},
				"west": {"uv": [0, 0, 6, 6], "texture": "#0"},
				"up": {"uv": [0, 0, 0.5, 6], "texture": "#0"},
				"down": {"uv": [0, 0, 6, 6], "texture": "#0"}
			}
		},
		{
			"from": [8.30417, 21.97992, 4.47562],
			"to": [9.36689, 23.68008, 6.35834],
			"rotation": {"angle": 22.5, "axis": "y", "origin": [9.08553, 23.205, 5.41698]},
			"faces": {
				"north": {"uv": [0, 0, 6, 6], "texture": "#0"},
				"east": {"uv": [0, 0, 6, 6], "texture": "#0"},
				"south": {"uv": [0, 0, 6, 6], "texture": "#0"},
				"west": {"uv": [0, 0, 6, 6], "texture": "#0"},
				"up": {"uv": [0, 0, 0.5, 6], "texture": "#0"},
				"down": {"uv": [0, 0, 6, 6], "texture": "#0"}
			}
		},
		{
			"from": [7.03823, 21.97992, 4.42561],
			"to": [8.97061, 23.68008, 5.64333],
			"rotation": {"angle": 0, "axis": "y", "origin": [7.42017, 23.574, 4.90697]},
			"faces": {
				"north": {"uv": [0, 0, 6, 6], "texture": "#0"},
				"east": {"uv": [0, 0, 6, 6], "texture": "#0"},
				"south": {"uv": [0, 0, 6, 6], "texture": "#0"},
				"west": {"uv": [0, 0, 6, 6], "texture": "#0"},
				"up": {"uv": [0, 0, 0.5, 6], "texture": "#0"},
				"down": {"uv": [0, 0, 6, 6], "texture": "#0"}
			}
		},
		{
			"from": [6.64196, 21.97992, 4.47562],
			"to": [7.70468, 23.68008, 6.35834],
			"rotation": {"angle": -22.5, "axis": "y", "origin": [6.92332, 23.205, 5.41698]},
			"faces": {
				"north": {"uv": [0, 0, 6, 6], "texture": "#0"},
				"east": {"uv": [0, 0, 6, 6], "texture": "#0"},
				"south": {"uv": [0, 0, 6, 6], "texture": "#0"},
				"west": {"uv": [0, 0, 6, 6], "texture": "#0"},
				"up": {"uv": [0, 0, 0.5, 6], "texture": "#0"},
				"down": {"uv": [0, 0, 6, 6], "texture": "#0"}
			}
		},
		{
			"from": [8.30417, 20.72992, 2.97562],
			"to": [9.36689, 22.43008, 4.85834],
			"rotation": {"angle": 22.5, "axis": "y", "origin": [9.08553, 21.955, 3.91698]},
			"faces": {
				"north": {"uv": [0, 0, 6, 6], "texture": "#0"},
				"east": {"uv": [0, 0, 6, 6], "texture": "#0"},
				"south": {"uv": [0, 0, 6, 6], "texture": "#0"},
				"west": {"uv": [0, 0, 6, 6], "texture": "#0"},
				"up": {"uv": [0, 0, 0.5, 6], "texture": "#0"},
				"down": {"uv": [0, 0, 6, 6], "texture": "#0"}
			}
		},
		{
			"from": [7.03823, 20.72992, 2.92561],
			"to": [8.97061, 22.43008, 4.14333],
			"rotation": {"angle": 0, "axis": "y", "origin": [7.42017, 22.324, 3.40697]},
			"faces": {
				"north": {"uv": [0, 0, 6, 6], "texture": "#0"},
				"east": {"uv": [0, 0, 6, 6], "texture": "#0"},
				"south": {"uv": [0, 0, 6, 6], "texture": "#0"},
				"west": {"uv": [0, 0, 6, 6], "texture": "#0"},
				"up": {"uv": [0, 0, 0.5, 6], "texture": "#0"},
				"down": {"uv": [0, 0, 6, 6], "texture": "#0"}
			}
		},
		{
			"from": [6.64196, 20.72992, 2.97562],
			"to": [7.70468, 22.43008, 4.85834],
			"rotation": {"angle": -22.5, "axis": "y", "origin": [6.92332, 21.955, 3.91698]},
			"faces": {
				"north": {"uv": [0, 0, 6, 6], "texture": "#0"},
				"east": {"uv": [0, 0, 6, 6], "texture": "#0"},
				"south": {"uv": [0, 0, 6, 6], "texture": "#0"},
				"west": {"uv": [0, 0, 6, 6], "texture": "#0"},
				"up": {"uv": [0, 0, 0.5, 6], "texture": "#0"},
				"down": {"uv": [0, 0, 6, 6], "texture": "#0"}
			}
		},
		{
			"from": [5, 26.25, 10],
			"to": [11, 30, 10],
			"rotation": {"angle": 0, "axis": "y", "origin": [8, 16.25, 10]},
			"faces": {
				"north": {"uv": [0, 6, 7, 9], "texture": "#0"},
				"east": {"uv": [0, 16, 0, 16], "texture": "#0"},
				"south": {"uv": [0, 6, 7, 9], "texture": "#0"},
				"west": {"uv": [0, 16, 0, 16], "texture": "#0"},
				"up": {"uv": [0, 16, 0, 16], "texture": "#0"},
				"down": {"uv": [0, 16, 0, 16], "texture": "#0"}
			}
		}
	],
	"display": {
		"thirdperson_righthand": {
			"rotation": [51.56, 24.16, 6.67],
			"translation": [0.5, -2.75, -6],
			"scale": [0.5, 0.5, 0.5]
		},
		"thirdperson_lefthand": {
			"rotation": [67.5, 0, -3.75],
			"translation": [-5.5, -2.75, 8],
			"scale": [1.05, 1.05, 1.05]
		},
		"firstperson_righthand": {
			"rotation": [-180, 67.5, -180],
			"translation": [11, -15.25, -13]
		},
		"firstperson_lefthand": {
			"rotation": [-180, 67.5, -180],
			"translation": [80, -15.25, -13]
		},
		"ground": {
			"translation": [0, -12.75, 0]
		},
		"gui": {
			"rotation": [-162.75, 26.75, -180],
			"translation": [0, -11.75, 1],
			"scale": [0.86, 0.86, 1.2]
		},
		"head": {
			"translation": [0, -14, 0],
			"scale": [1.63, 1.63, 1.63]
		},
		"fixed": {
			"translation": [0, -15.5, -2]
		}
	},
	"groups": [
		{
			"name": "group",
			"origin": [8, 3, 8],
			"color": 0,
			"children": [
				0,
				1,
				2,
				3,
				4,
				5,
				6,
				7,
				{
					"name": "group",
					"origin": [8, 3, 8],
					"color": 0,
					"children": [8, 9, 10, 11, 12, 13, 14, 15]
				},
				{
					"name": "group",
					"origin": [8, 3, 8],
					"color": 0,
					"children": [16, 17, 18, 19, 20]
				},
				{
					"name": "group",
					"origin": [5.408, 1.95, 2.6771],
					"color": 0,
					"children": [21, 22, 23]
				},
				{
					"name": "group",
					"origin": [5.408, 8.95, 5.6771],
					"color": 0,
					"children": [24, 25, 26, 27, 28, 29, 30, 31]
				},
				32,
				{
					"name": "group",
					"origin": [6.92332, 9.955, 6.41698],
					"color": 0,
					"children": [33, 34, 35]
				},
				{
					"name": "group",
					"origin": [6.92332, 9.955, 6.41698],
					"color": 0,
					"children": [36, 37, 38]
				},
				{
					"name": "group",
					"origin": [6.92332, 9.955, 6.41698],
					"color": 0,
					"children": [39, 40, 41]
				},
				42
			]
		}
	]
}