{
	"credit": "Made with Blockbench",
	"textures": {
		"0": "flk/3",
		"1": "flk/2",
		"particle": "flk/3"
	},
	"elements": [
		{
			"name": "head",
			"from": [4, 23.5, 4],
			"to": [12, 31.5, 12],
			"faces": {
				"north": {"uv": [2, 2, 4, 4], "texture": "#0"},
				"east": {"uv": [0, 2, 2, 4], "texture": "#0"},
				"south": {"uv": [6, 2, 8, 4], "texture": "#0"},
				"west": {"uv": [4, 2, 6, 4], "texture": "#0"},
				"up": {"uv": [4, 2, 2, 0], "texture": "#0"},
				"down": {"uv": [6, 0, 4, 2], "texture": "#0"}
			}
		},
		{
			"name": "head_2nd_layer",
			"from": [3.5, 23, 3.5],
			"to": [12.5, 32, 12.5],
			"faces": {
				"north": {"uv": [10, 2, 12, 4], "texture": "#0"},
				"east": {"uv": [8, 2, 10, 4], "texture": "#0"},
				"south": {"uv": [14, 2, 16, 4], "texture": "#0"},
				"west": {"uv": [12, 2, 14, 4], "texture": "#0"},
				"up": {"uv": [12, 2, 10, 0], "texture": "#0"},
				"down": {"uv": [14, 0, 12, 2], "texture": "#0"}
			}
		},
		{
			"name": "left_leg",
			"from": [-0.47698, 1.3927, 6],
			"to": [3.52302, 13.3927, 10],
			"rotation": {"angle": -22.5, "axis": "z", "origin": [0.52302, 1.8927, 0]},
			"faces": {
				"north": {"uv": [5, 13, 6, 16], "texture": "#0"},
				"east": {"uv": [4, 13, 5, 16], "texture": "#0"},
				"south": {"uv": [7, 13, 8, 16], "texture": "#0"},
				"west": {"uv": [6, 13, 7, 16], "texture": "#0"},
				"up": {"uv": [6, 13, 5, 12], "texture": "#0"},
				"down": {"uv": [7, 12, 6, 13], "texture": "#0"}
			}
		},
		{
			"name": "left_leg_2nd_layer",
			"from": [-0.97698, 0.8927, 5.5],
			"to": [4.02302, 13.8927, 10.5],
			"rotation": {"angle": -22.5, "axis": "z", "origin": [0.52302, 1.8927, 0]},
			"faces": {
				"north": {"uv": [1, 13, 2, 16], "texture": "#0"},
				"east": {"uv": [0, 13, 1, 16], "texture": "#0"},
				"south": {"uv": [3, 13, 4, 16], "texture": "#0"},
				"west": {"uv": [2, 13, 3, 16], "texture": "#0"},
				"up": {"uv": [2, 13, 1, 12], "texture": "#0"},
				"down": {"uv": [3, 12, 2, 13], "texture": "#0"}
			}
		},
		{
			"name": "right_leg",
			"from": [13.31431, -2.81682, 6],
			"to": [17.31431, 9.18318, 10],
			"rotation": {"angle": 22.5, "axis": "z", "origin": [5.31431, -2.31682, 0]},
			"faces": {
				"north": {"uv": [1, 5, 2, 8], "texture": "#0"},
				"east": {"uv": [0, 5, 1, 8], "texture": "#0"},
				"south": {"uv": [3, 5, 4, 8], "texture": "#0"},
				"west": {"uv": [2, 5, 3, 8], "texture": "#0"},
				"up": {"uv": [2, 5, 1, 4], "texture": "#0"},
				"down": {"uv": [3, 4, 2, 5], "texture": "#0"}
			}
		},
		{
			"name": "right_leg_2nd_layer",
			"from": [12.81431, -3.31682, 5.5],
			"to": [17.81431, 9.68318, 10.5],
			"rotation": {"angle": 22.5, "axis": "z", "origin": [5.31431, -2.31682, 0]},
			"faces": {
				"north": {"uv": [1, 9, 2, 12], "texture": "#0"},
				"east": {"uv": [0, 9, 1, 12], "texture": "#0"},
				"south": {"uv": [3, 9, 4, 12], "texture": "#0"},
				"west": {"uv": [2, 9, 3, 12], "texture": "#0"},
				"up": {"uv": [2, 9, 1, 8], "texture": "#0"},
				"down": {"uv": [3, 8, 2, 9], "texture": "#0"}
			}
		},
		{
			"name": "right_arm",
			"from": [15.2745, 12.56806, 6],
			"to": [19.2745, 24.56806, 10],
			"rotation": {"angle": 45, "axis": "z", "origin": [15.772, 18.56806, 8]},
			"faces": {
				"north": {"uv": [11, 5, 12, 8], "texture": "#0"},
				"east": {"uv": [10, 5, 11, 8], "texture": "#0"},
				"south": {"uv": [13, 5, 14, 8], "texture": "#0"},
				"west": {"uv": [12, 5, 13, 8], "texture": "#0"},
				"up": {"uv": [12, 5, 11, 4], "texture": "#0"},
				"down": {"uv": [13, 4, 12, 5], "texture": "#0"}
			}
		},
		{
			"name": "right_arm_2nd_layer",
			"from": [14.7745, 12.06806, 5.5],
			"to": [19.7645, 25.06806, 10.5],
			"rotation": {"angle": 45, "axis": "z", "origin": [15.772, 18.56806, 8]},
			"faces": {
				"north": {"uv": [11, 9, 12, 12], "texture": "#0"},
				"east": {"uv": [10, 9, 11, 12], "texture": "#0"},
				"south": {"uv": [13, 9, 14, 12], "texture": "#0"},
				"west": {"uv": [12, 9, 13, 12], "texture": "#0"},
				"up": {"uv": [12, 9, 11, 8], "texture": "#0"},
				"down": {"uv": [13, 8, 12, 9], "texture": "#0"}
			}
		},
		{
			"name": "left_arm_2nd_layer",
			"from": [-3.77431, 12.06901, 5.5],
			"to": [1.22569, 25.06901, 10.5],
			"rotation": {"angle": -45, "axis": "z", "origin": [0.22569, 18.56901, 8]},
			"faces": {
				"north": {"uv": [13, 13, 14, 16], "texture": "#0"},
				"east": {"uv": [12, 13, 13, 16], "texture": "#0"},
				"south": {"uv": [15, 13, 16, 16], "texture": "#0"},
				"west": {"uv": [14, 13, 15, 16], "texture": "#0"},
				"up": {"uv": [14, 13, 13, 12], "texture": "#0"},
				"down": {"uv": [15, 12, 14, 13], "texture": "#0"}
			}
		},
		{
			"name": "left_arm",
			"from": [-3.27431, 12.56901, 6],
			"to": [0.72569, 24.56901, 10],
			"rotation": {"angle": -45, "axis": "z", "origin": [0.22569, 18.56901, 8]},
			"faces": {
				"north": {"uv": [9, 13, 10, 16], "texture": "#0"},
				"east": {"uv": [8, 13, 9, 16], "texture": "#0"},
				"south": {"uv": [11, 13, 12, 16], "texture": "#0"},
				"west": {"uv": [10, 13, 11, 16], "texture": "#0"},
				"up": {"uv": [10, 13, 9, 12], "texture": "#0"},
				"down": {"uv": [11, 12, 10, 13], "texture": "#0"}
			}
		},
		{
			"name": "body_2nd_layer",
			"from": [4, 11.02, 5.5],
			"to": [12, 24.03, 10.5],
			"faces": {
				"north": {"uv": [5, 9, 7, 12], "texture": "#0"},
				"east": {"uv": [4, 9, 5, 12], "texture": "#0"},
				"south": {"uv": [8, 9, 10, 12], "texture": "#0"},
				"west": {"uv": [7, 9, 8, 12], "texture": "#0"},
				"up": {"uv": [7, 9, 5, 8], "texture": "#0"},
				"down": {"uv": [9, 8, 7, 9], "texture": "#0"}
			}
		},
		{
			"name": "body",
			"from": [4, 11.5, 6],
			"to": [12, 23.5, 10],
			"faces": {
				"north": {"uv": [5, 5, 7, 7.98], "texture": "#0"},
				"east": {"uv": [4, 5, 5, 8], "texture": "#0"},
				"south": {"uv": [8, 5, 10, 8], "texture": "#0"},
				"west": {"uv": [7, 5, 8, 7.98], "texture": "#0"},
				"up": {"uv": [7, 5, 5, 4], "texture": "#0"},
				"down": {"uv": [9, 4, 7, 5], "texture": "#0"}
			}
		},
		{
			"name": "1",
			"from": [11.2745, 13.96806, 2],
			"to": [23.2745, 13.96806, 14],
			"rotation": {"angle": 45, "axis": "z", "origin": [15.772, 18.56806, 8]},
			"faces": {
				"north": {"uv": [11, 5, 12, 8], "texture": "#1"},
				"east": {"uv": [10, 5, 11, 8], "texture": "#1"},
				"south": {"uv": [13, 5, 14, 8], "texture": "#1"},
				"west": {"uv": [12, 5, 13, 8], "texture": "#1"},
				"up": {"uv": [16, 16, 0, 0], "texture": "#1"},
				"down": {"uv": [16, 0, 0, 16], "texture": "#1"}
			}
		},
		{
			"name": "1",
			"from": [-7.2745, 13.96806, 2],
			"to": [4.7255, 13.96806, 14],
			"rotation": {"angle": -45, "axis": "z", "origin": [0.228, 18.56806, 8]},
			"faces": {
				"north": {"uv": [12, 5, 11, 8], "texture": "#1"},
				"east": {"uv": [13, 5, 12, 8], "texture": "#1"},
				"south": {"uv": [14, 5, 13, 8], "texture": "#1"},
				"west": {"uv": [11, 5, 10, 8], "texture": "#1"},
				"up": {"uv": [0, 16, 16, 0], "texture": "#1"},
				"down": {"uv": [0, 0, 16, 16], "texture": "#1"}
			}
		},
		{
			"name": "1",
			"from": [0.7255, -2.03194, 2],
			"to": [12.7255, -2.03194, 14],
			"rotation": {"angle": 22.5, "axis": "z", "origin": [0.228, 18.56806, 8]},
			"faces": {
				"north": {"uv": [12, 5, 11, 8], "texture": "#1"},
				"east": {"uv": [13, 5, 12, 8], "texture": "#1"},
				"south": {"uv": [14, 5, 13, 8], "texture": "#1"},
				"west": {"uv": [11, 5, 10, 8], "texture": "#1"},
				"up": {"uv": [0, 16, 16, 0], "texture": "#1"},
				"down": {"uv": [0, 0, 16, 16], "texture": "#1"}
			}
		},
		{
			"name": "1",
			"from": [3.2745, -2.03194, 2],
			"to": [15.2745, -2.03194, 14],
			"rotation": {"angle": -22.5, "axis": "z", "origin": [15.772, 18.56806, 8]},
			"faces": {
				"north": {"uv": [11, 5, 12, 8], "texture": "#1"},
				"east": {"uv": [10, 5, 11, 8], "texture": "#1"},
				"south": {"uv": [13, 5, 14, 8], "texture": "#1"},
				"west": {"uv": [12, 5, 13, 8], "texture": "#1"},
				"up": {"uv": [16, 16, 0, 0], "texture": "#1"},
				"down": {"uv": [16, 0, 0, 16], "texture": "#1"}
			}
		},
		{
			"name": "1",
			"from": [-4.451, 17.93612, -4],
			"to": [19.549, 17.93612, 20],
			"rotation": {"angle": 0, "axis": "z", "origin": [23.544, 37.13612, 8]},
			"faces": {
				"north": {"uv": [11, 5, 12, 8], "texture": "#1"},
				"east": {"uv": [10, 5, 11, 8], "texture": "#1"},
				"south": {"uv": [13, 5, 14, 8], "texture": "#1"},
				"west": {"uv": [12, 5, 13, 8], "texture": "#1"},
				"up": {"uv": [16, 16, 0, 0], "texture": "#1"},
				"down": {"uv": [16, 0, 0, 16], "texture": "#1"}
			}
		}
	],
	"display": {
		"thirdperson_righthand": {
			"rotation": [86, 0, 0],
			"translation": [9, -6.25, 14],
			"scale": [0.46, 0.43, 0.58]
		},
		"thirdperson_lefthand": {
			"rotation": [67, 0, 0],
			"translation": [9, -3.5, 14],
			"scale": [0.46, 0.43, 0.58]
		},
		"firstperson_righthand": {
			"rotation": [0, 136, 0],
			"translation": [1, 0, 0],
			"scale": [0.45, 0.49, 0.49]
		},
		"gui": {
			"rotation": [0, 180, 0],
			"translation": [0, -4, 0],
			"scale": [0.53, 0.46, 0.55]
		},
		"head": {
			"translation": [23.25, -2, 0],
			"scale": [0.7, 0.7, 0.7]
		}
	},
	"groups": [
		{
			"name": "steve",
			"origin": [8, 8, 8],
			"color": 0,
			"children": [0, 1]
		},
		{
			"name": "group",
			"origin": [8, 8, 8],
			"color": 0,
			"children": [2, 3]
		},
		{
			"name": "group",
			"origin": [8, 8, 8],
			"color": 0,
			"children": [4, 5]
		},
		{
			"name": "group",
			"origin": [8, 8, 8],
			"color": 0,
			"children": [6, 7]
		},
		{
			"name": "group",
			"origin": [8, 8, 8],
			"color": 0,
			"children": [8, 9]
		},
		{
			"name": "group",
			"origin": [8, 8, 8],
			"color": 0,
			"children": [10, 11]
		},
		{
			"name": "group",
			"origin": [8, 8, 8],
			"color": 0,
			"children": [12, 13, 14, 15, 16]
		}
	]
}