{"textures":{"0":"modelengine:entity/arctic_colossus"},"elements":[{"from":[-0.60937023,-2.0155334,-9.439482],"to":[19.141537,12.417822,6.5131726],"faces":{"east":{"uv":[3.0,3.6875,4.3125,4.875],"tintindex":0,"rotation":0,"texture":"#0"},"south":{"uv":[1.6875,0.0,3.3125,1.1875],"tintindex":0,"rotation":0,"texture":"#0"},"north":{"uv":[1.6875,0.0,3.3125,1.1875],"tintindex":0,"rotation":0,"texture":"#0"},"west":{"uv":[0.0,3.9375,1.3125,5.125],"tintindex":0,"rotation":0,"texture":"#0"},"up":{"uv":[1.625,1.3125,0.0,0.0],"tintindex":0,"rotation":0,"texture":"#0"},"down":{"uv":[1.625,1.375,0.0,2.6875],"tintindex":0,"rotation":0,"texture":"#0"}},"rotation":{"origin":[8.126608,12.106674,-0.9805546],"angle":-22.5,"axis":"x"}},{"from":[9.266084,12.417822,-13.237734],"to":[9.266084,26.091526,6.5131726],"faces":{"east":{"uv":[1.625,2.75,0.0,3.875],"tintindex":0,"rotation":0,"texture":"#0"},"west":{"uv":[0.0,2.75,1.625,3.875],"tintindex":0,"rotation":0,"texture":"#0"}},"rotation":{"origin":[8.126608,12.106674,-0.9805546],"angle":-22.5,"axis":"x"}},{"from":[15.3432865,6.983568,-6.2527866],"to":[18.381887,14.5800705,-3.2141876],"faces":{"east":{"uv":[2.4375,11.875,2.1875,12.5],"tintindex":0,"rotation":0,"texture":"#0"},"south":{"uv":[5.375,7.0,5.125,7.625],"tintindex":0,"rotation":0,"texture":"#0"},"north":{"uv":[5.375,7.0,5.125,7.625],"tintindex":0,"rotation":0,"texture":"#0"},"west":{"uv":[2.4375,11.875,2.1875,12.5],"tintindex":0,"rotation":0,"texture":"#0"},"up":{"uv":[6.5625,12.5625,6.8125,12.3125],"tintindex":0,"rotation":0,"texture":"#0"},"down":{"uv":[12.3125,12.25,12.5625,12.5],"tintindex":0,"rotation":0,"texture":"#0"}},"rotation":{"origin":[10.40556,12.106674,-0.9805546],"angle":22.5,"axis":"x"}},{"from":[-0.60937023,12.417822,-1.0833302],"to":[19.141537,26.091526,-1.0833302],"faces":{"south":{"uv":[1.625,2.75,0.0,3.875],"tintindex":0,"rotation":0,"texture":"#0"},"north":{"uv":[0.0,2.75,1.625,3.875],"tintindex":0,"rotation":0,"texture":"#0"}},"rotation":{"origin":[8.126608,12.106674,-0.9805546],"angle":-22.5,"axis":"x"}},{"from":[0.15028,6.983568,-6.2527866],"to":[3.1888814,14.5800705,-3.2141876],"faces":{"east":{"uv":[2.1875,11.875,2.4375,12.5],"tintindex":0,"rotation":0,"texture":"#0"},"south":{"uv":[5.125,7.0,5.375,7.625],"tintindex":0,"rotation":0,"texture":"#0"},"north":{"uv":[5.125,7.0,5.375,7.625],"tintindex":0,"rotation":0,"texture":"#0"},"west":{"uv":[2.1875,11.875,2.4375,12.5],"tintindex":0,"rotation":0,"texture":"#0"},"up":{"uv":[6.8125,12.5625,6.5625,12.3125],"tintindex":0,"rotation":0,"texture":"#0"},"down":{"uv":[12.5625,12.25,12.3125,12.5],"tintindex":0,"rotation":0,"texture":"#0"}},"rotation":{"origin":[8.126608,12.106674,-0.9805546],"angle":22.5,"axis":"x"}},{"from":[13.064335,11.612167,-1.1022053],"to":[16.102936,23.766571,1.9363952],"faces":{"east":{"uv":[3.0625,11.1875,2.8125,12.1875],"tintindex":0,"rotation":0,"texture":"#0"},"south":{"uv":[11.375,6.875,11.125,7.875],"tintindex":0,"rotation":0,"texture":"#0"},"north":{"uv":[11.375,6.875,11.125,7.875],"tintindex":0,"rotation":0,"texture":"#0"},"west":{"uv":[3.0625,11.1875,2.8125,12.1875],"tintindex":0,"rotation":0,"texture":"#0"},"up":{"uv":[12.3125,3.125,12.5625,2.875],"tintindex":0,"rotation":0,"texture":"#0"},"down":{"uv":[12.3125,3.1875,12.5625,3.4375],"tintindex":0,"rotation":0,"texture":"#0"}},"rotation":{"origin":[8.126608,12.106674,-0.9805546],"angle":45.0,"axis":"x"}},{"from":[2.4292312,11.612167,-1.1022053],"to":[5.4678326,23.766571,1.9363952],"faces":{"east":{"uv":[2.8125,11.1875,3.0625,12.1875],"tintindex":0,"rotation":0,"texture":"#0"},"south":{"uv":[11.125,6.875,11.375,7.875],"tintindex":0,"rotation":0,"texture":"#0"},"north":{"uv":[11.125,6.875,11.375,7.875],"tintindex":0,"rotation":0,"texture":"#0"},"west":{"uv":[2.8125,11.1875,3.0625,12.1875],"tintindex":0,"rotation":0,"texture":"#0"},"up":{"uv":[12.5625,3.125,12.3125,2.875],"tintindex":0,"rotation":0,"texture":"#0"},"down":{"uv":[12.5625,3.1875,12.3125,3.4375],"tintindex":0,"rotation":0,"texture":"#0"}},"rotation":{"origin":[8.126608,12.106674,-0.9805546],"angle":45.0,"axis":"x"}}],"display":{"gui":{"rotation":[30,225,0]}}}