{"textures":{"0":"modelengine:entity/arctic_colossus"},"elements":[{"from":[1.4887114,-4.2267513,-2.1286726],"to":[1.4887114,2.8633194,8.0],"faces":{"east":{"uv":[11.125,2.0625,11.75,2.5],"tintindex":0,"rotation":0,"texture":"#0"},"west":{"uv":[11.75,2.0625,11.125,2.5],"tintindex":0,"rotation":0,"texture":"#0"}}},{"from":[1.4887114,2.8633194,-2.1286726],"to":[15.668851,9.953387,8.0],"faces":{"east":{"uv":[11.0625,5.875,11.6875,6.3125],"tintindex":0,"rotation":0,"texture":"#0"},"south":{"uv":[6.25,1.875,7.125,2.3125],"tintindex":0,"rotation":0,"texture":"#0"},"north":{"uv":[6.25,1.875,7.125,2.3125],"tintindex":0,"rotation":0,"texture":"#0"},"west":{"uv":[11.125,1.1875,11.75,1.625],"tintindex":0,"rotation":0,"texture":"#0"},"up":{"uv":[8.4375,9.6875,7.5625,9.0625],"tintindex":0,"rotation":0,"texture":"#0"},"down":{"uv":[6.0,9.125,5.125,9.75],"tintindex":0,"rotation":0,"texture":"#0"}}},{"from":[1.4887114,9.953387,-2.1286726],"to":[15.668851,16.03059,-2.1286726],"faces":{"south":{"uv":[1.8125,10.8125,0.9375,11.1875],"tintindex":0,"rotation":0,"texture":"#0"},"north":{"uv":[0.9375,10.8125,1.8125,11.1875],"tintindex":0,"rotation":0,"texture":"#0"}}},{"from":[15.668851,9.953387,-2.1286726],"to":[15.668851,16.03059,8.0],"faces":{"east":{"uv":[5.9375,11.375,5.3125,11.75],"tintindex":0,"rotation":0,"texture":"#0"},"west":{"uv":[5.3125,11.375,5.9375,11.75],"tintindex":0,"rotation":0,"texture":"#0"}}},{"from":[-0.5370226,2.8633194,8.0],"to":[17.694586,11.979121,22.180136],"faces":{"east":{"uv":[10.5625,8.6875,9.6875,9.25],"tintindex":0,"rotation":0,"texture":"#0"},"south":{"uv":[7.875,3.6875,9.0,4.25],"tintindex":0,"rotation":0,"texture":"#0"},"north":{"uv":[7.875,3.6875,9.0,4.25],"tintindex":0,"rotation":0,"texture":"#0"},"west":{"uv":[9.6875,8.6875,10.5625,9.25],"tintindex":0,"rotation":0,"texture":"#0"},"up":{"uv":[7.375,0.875,6.25,0.0],"tintindex":0,"rotation":0,"texture":"#0"},"down":{"uv":[7.375,0.9375,6.25,1.8125],"tintindex":0,"rotation":0,"texture":"#0"}}},{"from":[1.4887114,9.953387,-2.1286726],"to":[1.4887114,16.03059,8.0],"faces":{"east":{"uv":[5.9375,11.375,5.3125,11.75],"tintindex":0,"rotation":0,"texture":"#0"},"west":{"uv":[5.3125,11.375,5.9375,11.75],"tintindex":0,"rotation":0,"texture":"#0"}}},{"from":[8.578781,11.979121,8.0],"to":[8.578781,21.094925,28.25734],"faces":{"east":{"uv":[4.6875,7.6875,3.4375,8.25],"tintindex":0,"rotation":0,"texture":"#0"},"west":{"uv":[3.4375,7.6875,4.6875,8.25],"tintindex":0,"rotation":0,"texture":"#0"}}},{"from":[-0.5370226,11.979121,8.0],"to":[1.4887114,18.056324,8.0],"faces":{"south":{"uv":[7.5,9.25,7.375,9.625],"tintindex":0,"rotation":0,"texture":"#0"},"north":{"uv":[7.375,9.25,7.5,9.625],"tintindex":0,"rotation":0,"texture":"#0"}}},{"from":[15.668851,-4.2267513,-2.1286726],"to":[15.668851,2.8633194,8.0],"faces":{"east":{"uv":[11.125,2.0625,11.75,2.5],"tintindex":0,"rotation":0,"texture":"#0"},"west":{"uv":[11.75,2.0625,11.125,2.5],"tintindex":0,"rotation":0,"texture":"#0"}}},{"from":[-0.5370226,-3.2138844,8.0],"to":[-0.5370226,2.8633194,22.180136],"faces":{"east":{"uv":[10.375,10.9375,11.25,11.3125],"tintindex":0,"rotation":0,"texture":"#0"},"west":{"uv":[11.25,10.9375,10.375,11.3125],"tintindex":0,"rotation":0,"texture":"#0"}}},{"from":[17.694586,-3.2138844,8.0],"to":[17.694586,2.8633194,22.180136],"faces":{"east":{"uv":[10.375,10.9375,11.25,11.3125],"tintindex":0,"rotation":0,"texture":"#0"},"west":{"uv":[11.25,10.9375,10.375,11.3125],"tintindex":0,"rotation":0,"texture":"#0"}}},{"from":[17.694586,11.979121,8.0],"to":[17.694586,18.056324,22.180136],"faces":{"east":{"uv":[11.625,10.5,10.75,10.875],"tintindex":0,"rotation":0,"texture":"#0"},"west":{"uv":[10.75,10.5,11.625,10.875],"tintindex":0,"rotation":0,"texture":"#0"}}},{"from":[-0.5370226,11.979121,8.0],"to":[-0.5370226,18.056324,22.180136],"faces":{"east":{"uv":[11.625,10.5,10.75,10.875],"tintindex":0,"rotation":0,"texture":"#0"},"west":{"uv":[10.75,10.5,11.625,10.875],"tintindex":0,"rotation":0,"texture":"#0"}}},{"from":[1.4887114,-4.2267513,-2.1286726],"to":[15.668851,2.8633194,-2.1286726],"faces":{"south":{"uv":[11.3125,8.0625,10.4375,8.5],"tintindex":0,"rotation":0,"texture":"#0"},"north":{"uv":[10.4375,8.0625,11.3125,8.5],"tintindex":0,"rotation":0,"texture":"#0"}}}],"display":{"gui":{"rotation":[30,225,0]}}}