{"textures":{"0":"modelengine:entity/arctic_colossus"},"elements":[{"from":[15.596503,-11.514526,-3.4302826],"to":[17.622238,-5.4373236,-3.4302826],"faces":{"south":{"uv":[2.375,7.5,2.5,7.875],"tintindex":0,"rotation":0,"texture":"#0"},"north":{"uv":[2.5,7.5,2.375,7.875],"tintindex":0,"rotation":0,"texture":"#0"}},"rotation":{"origin":[8.0,-0.55840206,-4.501953],"angle":-22.5,"axis":"x"}},{"from":[0.40349674,-8.475925,-13.558956],"to":[15.596503,-3.4115896,-13.558956],"faces":{"south":{"uv":[12.0,5.125,11.0625,5.4375],"tintindex":0,"rotation":0,"texture":"#0"},"north":{"uv":[11.0625,5.125,12.0,5.4375],"tintindex":0,"rotation":0,"texture":"#0"}},"rotation":{"origin":[8.0,-0.55840206,-4.501953],"angle":-22.5,"axis":"x"}},{"from":[-1.6222372,-5.4373236,-3.4302826],"to":[17.622238,2.6656122,10.749855],"faces":{"east":{"uv":[10.125,6.125,11.0,6.625],"tintindex":0,"rotation":0,"texture":"#0"},"south":{"uv":[8.5,1.5625,9.6875,2.0625],"tintindex":0,"rotation":0,"texture":"#0"},"north":{"uv":[8.5,1.5625,9.6875,2.0625],"tintindex":0,"rotation":0,"texture":"#0"},"west":{"uv":[10.1875,2.0625,11.0625,2.5625],"tintindex":0,"rotation":0,"texture":"#0"},"up":{"uv":[5.5,6.9375,4.3125,6.0625],"tintindex":0,"rotation":0,"texture":"#0"},"down":{"uv":[5.5,6.9375,4.3125,6.0625],"tintindex":0,"rotation":0,"texture":"#0"}},"rotation":{"origin":[8.0,-0.55840206,-4.501953],"angle":-22.5,"axis":"x"}},{"from":[0.40349674,2.6656122,-13.558956],"to":[15.596503,7.7299476,-13.558956],"faces":{"south":{"uv":[12.0,4.375,11.0625,4.6875],"tintindex":0,"rotation":0,"texture":"#0"},"north":{"uv":[11.0625,4.375,12.0,4.6875],"tintindex":0,"rotation":0,"texture":"#0"}},"rotation":{"origin":[8.0,-0.55840206,-4.501953],"angle":-22.5,"axis":"x"}},{"from":[-1.6222372,2.6656122,-3.4302826],"to":[0.40349674,7.7299476,-3.4302826],"faces":{"south":{"uv":[2.8125,9.8125,2.9375,10.125],"tintindex":0,"rotation":0,"texture":"#0"},"north":{"uv":[9.5,1.1875,9.625,1.5],"tintindex":0,"rotation":0,"texture":"#0"}},"rotation":{"origin":[8.0,-0.55840206,-4.501953],"angle":-22.5,"axis":"x"}},{"from":[15.596503,2.6656122,-13.558956],"to":[15.596503,7.7299476,-3.4302826],"faces":{"east":{"uv":[2.5,11.5,1.875,11.8125],"tintindex":0,"rotation":0,"texture":"#0"},"west":{"uv":[1.875,11.5,2.5,11.8125],"tintindex":0,"rotation":0,"texture":"#0"}},"rotation":{"origin":[8.0,-0.55840206,-4.501953],"angle":-22.5,"axis":"x"}},{"from":[-1.6222372,-11.514526,-3.4302826],"to":[-1.6222372,-5.4373236,10.749855],"faces":{"east":{"uv":[10.3125,10.875,9.4375,11.25],"tintindex":0,"rotation":0,"texture":"#0"},"west":{"uv":[9.4375,10.875,10.3125,11.25],"tintindex":0,"rotation":0,"texture":"#0"}},"rotation":{"origin":[8.0,-0.55840206,-4.501953],"angle":-22.5,"axis":"x"}},{"from":[15.596503,-8.475925,-13.558956],"to":[15.596503,-3.4115896,-3.4302826],"faces":{"east":{"uv":[4.4375,11.5,3.8125,11.8125],"tintindex":0,"rotation":0,"texture":"#0"},"west":{"uv":[3.8125,11.5,4.4375,11.8125],"tintindex":0,"rotation":0,"texture":"#0"}},"rotation":{"origin":[8.0,-0.55840206,-4.501953],"angle":-22.5,"axis":"x"}},{"from":[0.40349674,2.6656122,-13.558956],"to":[0.40349674,7.7299476,-3.4302826],"faces":{"east":{"uv":[2.5,11.5,1.875,11.8125],"tintindex":0,"rotation":0,"texture":"#0"},"west":{"uv":[1.875,11.5,2.5,11.8125],"tintindex":0,"rotation":0,"texture":"#0"}},"rotation":{"origin":[8.0,-0.55840206,-4.501953],"angle":-22.5,"axis":"x"}},{"from":[17.622238,2.6656122,-3.4302826],"to":[17.622238,7.7299476,10.749855],"faces":{"east":{"uv":[2.75,11.125,1.875,11.4375],"tintindex":0,"rotation":0,"texture":"#0"},"west":{"uv":[1.875,11.125,2.75,11.4375],"tintindex":0,"rotation":0,"texture":"#0"}},"rotation":{"origin":[8.0,-0.55840206,-4.501953],"angle":-22.5,"axis":"x"}},{"from":[0.40349674,-3.4115896,-13.558956],"to":[15.596503,2.6656122,-3.4302826],"faces":{"east":{"uv":[11.375,7.9375,12.0,8.3125],"tintindex":0,"rotation":0,"texture":"#0"},"south":{"uv":[10.625,9.1875,11.5625,9.5625],"tintindex":0,"rotation":0,"texture":"#0"},"north":{"uv":[10.625,9.1875,11.5625,9.5625],"tintindex":0,"rotation":0,"texture":"#0"},"west":{"uv":[10.125,11.375,10.75,11.75],"tintindex":0,"rotation":0,"texture":"#0"},"up":{"uv":[9.4375,8.5,8.5,7.875],"tintindex":0,"rotation":0,"texture":"#0"},"down":{"uv":[9.4375,8.5,8.5,7.875],"tintindex":0,"rotation":0,"texture":"#0"}},"rotation":{"origin":[8.0,-0.55840206,-4.501953],"angle":-22.5,"axis":"x"}},{"from":[17.622238,-11.514526,-3.4302826],"to":[17.622238,-5.4373236,10.749855],"faces":{"east":{"uv":[10.3125,10.875,9.4375,11.25],"tintindex":0,"rotation":0,"texture":"#0"},"west":{"uv":[9.4375,10.875,10.3125,11.25],"tintindex":0,"rotation":0,"texture":"#0"}},"rotation":{"origin":[8.0,-0.55840206,-4.501953],"angle":-22.5,"axis":"x"}},{"from":[-1.6222372,2.6656122,-3.4302826],"to":[-1.6222372,7.7299476,10.749855],"faces":{"east":{"uv":[2.75,11.125,1.875,11.4375],"tintindex":0,"rotation":0,"texture":"#0"},"west":{"uv":[1.875,11.125,2.75,11.4375],"tintindex":0,"rotation":0,"texture":"#0"}},"rotation":{"origin":[8.0,-0.55840206,-4.501953],"angle":-22.5,"axis":"x"}},{"from":[0.40349674,-8.475925,-13.558956],"to":[0.40349674,-3.4115896,-3.4302826],"faces":{"east":{"uv":[4.4375,11.5,3.8125,11.8125],"tintindex":0,"rotation":0,"texture":"#0"},"west":{"uv":[3.8125,11.5,4.4375,11.8125],"tintindex":0,"rotation":0,"texture":"#0"}},"rotation":{"origin":[8.0,-0.55840206,-4.501953],"angle":-22.5,"axis":"x"}},{"from":[-1.6222372,-11.514526,-3.4302826],"to":[0.40349674,-5.4373236,-3.4302826],"faces":{"south":{"uv":[2.5,7.5,2.375,7.875],"tintindex":0,"rotation":0,"texture":"#0"},"north":{"uv":[2.375,7.5,2.5,7.875],"tintindex":0,"rotation":0,"texture":"#0"}},"rotation":{"origin":[8.0,-0.55840206,-4.501953],"angle":-22.5,"axis":"x"}},{"from":[15.596503,2.6656122,-3.4302826],"to":[17.622238,7.7299476,-3.4302826],"faces":{"south":{"uv":[2.9375,9.8125,2.8125,10.125],"tintindex":0,"rotation":0,"texture":"#0"},"north":{"uv":[9.625,1.1875,9.5,1.5],"tintindex":0,"rotation":0,"texture":"#0"}},"rotation":{"origin":[8.0,-0.55840206,-4.501953],"angle":-22.5,"axis":"x"}}],"display":{"gui":{"rotation":[30,225,0]}}}