{"textures":{"0":"modelengine:entity/arctic_colossus"},"elements":[{"from":[2.7333984,3.8207345,-5.300295],"to":[5.7719994,11.923671,-2.261693],"faces":{"east":{"uv":[12.125,7.1875,12.3125,7.6875],"tintindex":0,"rotation":0,"texture":"#0"},"south":{"uv":[7.875,11.125,8.0625,11.625],"tintindex":0,"rotation":0,"texture":"#0"},"north":{"uv":[7.875,11.125,8.0625,11.625],"tintindex":0,"rotation":0,"texture":"#0"},"west":{"uv":[12.125,7.1875,12.3125,7.6875],"tintindex":0,"rotation":0,"texture":"#0"},"up":{"uv":[8.0625,3.625,7.875,3.4375],"tintindex":0,"rotation":0,"texture":"#0"},"down":{"uv":[3.25,8.0625,3.0625,8.25],"tintindex":0,"rotation":0,"texture":"#0"}},"rotation":{"origin":[7.7153716,8.6957655,5.616044],"angle":22.5,"axis":"z"}},{"from":[4.67677,11.922049,1.4990406],"to":[4.67677,27.115051,14.666312],"faces":{"east":{"uv":[8.25,0.0,7.4375,0.9375],"tintindex":0,"rotation":0,"texture":"#0"},"west":{"uv":[7.4375,0.0,8.25,0.9375],"tintindex":0,"rotation":0,"texture":"#0"}},"rotation":{"origin":[7.7153716,8.6957655,5.616044],"angle":45.0,"axis":"x"}},{"from":[4.556559,7.8722024,3.8155088],"to":[7.59516,15.975139,6.8541107],"faces":{"east":{"uv":[12.125,7.1875,12.3125,7.6875],"tintindex":0,"rotation":0,"texture":"#0"},"south":{"uv":[7.875,11.125,8.0625,11.625],"tintindex":0,"rotation":0,"texture":"#0"},"north":{"uv":[7.875,11.125,8.0625,11.625],"tintindex":0,"rotation":0,"texture":"#0"},"west":{"uv":[12.125,7.1875,12.3125,7.6875],"tintindex":0,"rotation":0,"texture":"#0"},"up":{"uv":[8.0625,3.625,7.875,3.4375],"tintindex":0,"rotation":0,"texture":"#0"},"down":{"uv":[3.25,8.0625,3.0625,8.25],"tintindex":0,"rotation":0,"texture":"#0"}},"rotation":{"origin":[7.7153716,8.6957655,5.616044],"angle":22.5,"axis":"z"}},{"from":[5.569426,5.8464684,-1.6792936],"to":[9.620894,16.988007,2.3721743],"faces":{"east":{"uv":[10.75,11.8125,11.0,12.5],"tintindex":0,"rotation":0,"texture":"#0"},"south":{"uv":[5.625,11.8125,5.875,12.5],"tintindex":0,"rotation":0,"texture":"#0"},"north":{"uv":[5.625,11.8125,5.875,12.5],"tintindex":0,"rotation":0,"texture":"#0"},"west":{"uv":[10.75,11.8125,11.0,12.5],"tintindex":0,"rotation":0,"texture":"#0"},"up":{"uv":[12.625,4.9375,12.375,4.6875],"tintindex":0,"rotation":0,"texture":"#0"},"down":{"uv":[12.625,5.0,12.375,5.25],"tintindex":0,"rotation":0,"texture":"#0"}},"rotation":{"origin":[7.7153716,8.6957655,5.616044],"angle":22.5,"axis":"z"}},{"from":[4.67677,-6.309559,1.4990406],"to":[16.831177,11.922049,14.666312],"faces":{"east":{"uv":[0.875,6.3125,1.6875,7.4375],"tintindex":0,"rotation":0,"texture":"#0"},"south":{"uv":[1.75,6.3125,2.5,7.4375],"tintindex":0,"rotation":0,"texture":"#0"},"north":{"uv":[1.75,6.3125,2.5,7.4375],"tintindex":0,"rotation":0,"texture":"#0"},"west":{"uv":[0.875,6.3125,1.6875,7.4375],"tintindex":0,"rotation":0,"texture":"#0"},"up":{"uv":[9.125,1.5,8.375,0.6875],"tintindex":0,"rotation":0,"texture":"#0"},"down":{"uv":[9.125,1.5,8.375,0.6875],"tintindex":0,"rotation":0,"texture":"#0"}},"rotation":{"origin":[7.7153716,8.6957655,5.616044],"angle":45.0,"axis":"x"}}],"display":{"gui":{"rotation":[30,225,0]}}}