{"textures":{"0":"modelengine:entity/arctic_colossus"},"elements":[{"from":[0.45947075,-0.31817055,0.61885834],"to":[15.766424,8.797633,15.811863],"faces":{"east":{"uv":[11.9375,10.9375,11.3125,11.3125],"tintindex":0,"rotation":0,"texture":"#0"},"south":{"uv":[11.9375,3.5,11.3125,3.875],"tintindex":0,"rotation":0,"texture":"#0"},"north":{"uv":[11.9375,3.5,11.3125,3.875],"tintindex":0,"rotation":0,"texture":"#0"},"west":{"uv":[11.3125,10.9375,11.9375,11.3125],"tintindex":0,"rotation":0,"texture":"#0"},"up":{"uv":[2.0,11.0625,2.625,10.4375],"tintindex":0,"rotation":0,"texture":"#0"},"down":{"uv":[10.4375,6.6875,11.0625,7.3125],"tintindex":0,"rotation":0,"texture":"#0"}}},{"from":[8.912289,-0.3561535,-7.628913],"to":[14.9894905,8.75965,-0.032409668],"faces":{"east":{"uv":[12.125,1.1875,11.8125,1.5625],"tintindex":0,"rotation":0,"texture":"#0"},"south":{"uv":[8.5,2.125,8.75,2.5],"tintindex":0,"rotation":0,"texture":"#0"},"north":{"uv":[8.75,2.125,8.5,2.5],"tintindex":0,"rotation":0,"texture":"#0"},"west":{"uv":[11.8125,1.1875,12.125,1.5625],"tintindex":0,"rotation":0,"texture":"#0"},"up":{"uv":[8.5,9.375,8.75,9.0625],"tintindex":0,"rotation":0,"texture":"#0"},"down":{"uv":[9.1875,1.1875,9.4375,1.5],"tintindex":0,"rotation":0,"texture":"#0"}},"rotation":{"origin":[7.896549,4.2017484,2.5179844],"angle":-22.5,"axis":"y"}},{"from":[0.73864365,-0.3561535,-7.4720755],"to":[6.8158455,8.75965,0.124427795],"faces":{"east":{"uv":[12.125,1.1875,11.8125,1.5625],"tintindex":0,"rotation":0,"texture":"#0"},"south":{"uv":[8.5,2.125,8.75,2.5],"tintindex":0,"rotation":0,"texture":"#0"},"north":{"uv":[8.75,2.125,8.5,2.5],"tintindex":0,"rotation":0,"texture":"#0"},"west":{"uv":[11.8125,1.1875,12.125,1.5625],"tintindex":0,"rotation":0,"texture":"#0"},"up":{"uv":[8.5,9.375,8.75,9.0625],"tintindex":0,"rotation":0,"texture":"#0"},"down":{"uv":[9.1875,1.1875,9.4375,1.5],"tintindex":0,"rotation":0,"texture":"#0"}},"rotation":{"origin":[7.896549,4.2017484,2.5179844],"angle":22.5,"axis":"y"}},{"from":[5.055355,-0.39413548,-6.977644],"to":[11.132557,8.721667,0.61885834],"faces":{"east":{"uv":[12.125,1.1875,11.8125,1.5625],"tintindex":0,"rotation":0,"texture":"#0"},"south":{"uv":[8.5,2.125,8.75,2.5],"tintindex":0,"rotation":0,"texture":"#0"},"north":{"uv":[8.75,2.125,8.5,2.5],"tintindex":0,"rotation":0,"texture":"#0"},"west":{"uv":[11.8125,1.1875,12.125,1.5625],"tintindex":0,"rotation":0,"texture":"#0"},"up":{"uv":[8.5,9.375,8.75,9.0625],"tintindex":0,"rotation":0,"texture":"#0"},"down":{"uv":[9.1875,1.1875,9.4375,1.5],"tintindex":0,"rotation":0,"texture":"#0"}}}],"display":{"gui":{"rotation":[30,225,0]}}}