{"textures":{"0":"modelengine:entity/arctic_colossus"},"elements":[{"from":[8.4048395,7.8722024,3.8155088],"to":[11.443441,15.975139,6.8541107],"faces":{"east":{"uv":[12.3125,7.1875,12.125,7.6875],"tintindex":0,"rotation":0,"texture":"#0"},"south":{"uv":[8.0625,11.125,7.875,11.625],"tintindex":0,"rotation":0,"texture":"#0"},"north":{"uv":[8.0625,11.125,7.875,11.625],"tintindex":0,"rotation":0,"texture":"#0"},"west":{"uv":[12.3125,7.1875,12.125,7.6875],"tintindex":0,"rotation":0,"texture":"#0"},"up":{"uv":[7.875,3.625,8.0625,3.4375],"tintindex":0,"rotation":0,"texture":"#0"},"down":{"uv":[3.0625,8.0625,3.25,8.25],"tintindex":0,"rotation":0,"texture":"#0"}},"rotation":{"origin":[8.284629,8.6957655,5.616044],"angle":-22.5,"axis":"z"}},{"from":[11.32323,11.922049,1.4990406],"to":[11.32323,27.115051,14.666312],"faces":{"east":{"uv":[8.25,0.0,7.4375,0.9375],"tintindex":0,"rotation":0,"texture":"#0"},"west":{"uv":[7.4375,0.0,8.25,0.9375],"tintindex":0,"rotation":0,"texture":"#0"}},"rotation":{"origin":[8.284629,8.6957655,5.616044],"angle":45.0,"axis":"x"}},{"from":[6.3791056,5.8464684,-1.6792936],"to":[10.430574,16.988007,2.3721743],"faces":{"east":{"uv":[11.0,11.8125,10.75,12.5],"tintindex":0,"rotation":0,"texture":"#0"},"south":{"uv":[5.875,11.8125,5.625,12.5],"tintindex":0,"rotation":0,"texture":"#0"},"north":{"uv":[5.875,11.8125,5.625,12.5],"tintindex":0,"rotation":0,"texture":"#0"},"west":{"uv":[11.0,11.8125,10.75,12.5],"tintindex":0,"rotation":0,"texture":"#0"},"up":{"uv":[12.375,4.9375,12.625,4.6875],"tintindex":0,"rotation":0,"texture":"#0"},"down":{"uv":[12.375,5.0,12.625,5.25],"tintindex":0,"rotation":0,"texture":"#0"}},"rotation":{"origin":[8.284629,8.6957655,5.616044],"angle":-22.5,"axis":"z"}},{"from":[-0.8311758,-6.309559,1.4990406],"to":[11.32323,11.922049,14.666312],"faces":{"east":{"uv":[1.6875,6.3125,0.875,7.4375],"tintindex":0,"rotation":0,"texture":"#0"},"south":{"uv":[2.5,6.3125,1.75,7.4375],"tintindex":0,"rotation":0,"texture":"#0"},"north":{"uv":[2.5,6.3125,1.75,7.4375],"tintindex":0,"rotation":0,"texture":"#0"},"west":{"uv":[1.6875,6.3125,0.875,7.4375],"tintindex":0,"rotation":0,"texture":"#0"},"up":{"uv":[8.375,1.5,9.125,0.6875],"tintindex":0,"rotation":0,"texture":"#0"},"down":{"uv":[8.375,1.5,9.125,0.6875],"tintindex":0,"rotation":0,"texture":"#0"}},"rotation":{"origin":[8.284629,8.6957655,5.616044],"angle":45.0,"axis":"x"}},{"from":[10.228001,3.8207345,-5.300295],"to":[13.266602,11.923671,-2.261693],"faces":{"east":{"uv":[12.3125,7.1875,12.125,7.6875],"tintindex":0,"rotation":0,"texture":"#0"},"south":{"uv":[8.0625,11.125,7.875,11.625],"tintindex":0,"rotation":0,"texture":"#0"},"north":{"uv":[8.0625,11.125,7.875,11.625],"tintindex":0,"rotation":0,"texture":"#0"},"west":{"uv":[12.3125,7.1875,12.125,7.6875],"tintindex":0,"rotation":0,"texture":"#0"},"up":{"uv":[7.875,3.625,8.0625,3.4375],"tintindex":0,"rotation":0,"texture":"#0"},"down":{"uv":[3.0625,8.0625,3.25,8.25],"tintindex":0,"rotation":0,"texture":"#0"}},"rotation":{"origin":[8.284629,8.6957655,5.616044],"angle":-22.5,"axis":"z"}}],"display":{"gui":{"rotation":[30,225,0]}}}