{"textures":{"0":"modelengine:entity/arctic_colossus"},"elements":[{"from":[10.658945,4.5518045,6.016529],"to":[10.658945,9.869356,21.969185],"faces":{"east":{"uv":[10.125,2.125,8.8125,2.5625],"tintindex":0,"rotation":0,"texture":"#0"},"west":{"uv":[8.8125,2.125,10.125,2.5625],"tintindex":0,"rotation":0,"texture":"#0"}},"rotation":{"origin":[8.000169,11.588114,19.509865],"angle":-22.5,"axis":"x"}},{"from":[5.340633,9.869356,21.969185],"to":[10.658185,9.869356,31.844639],"faces":{"up":{"uv":[6.5,11.4375,6.0625,10.625],"tintindex":0,"rotation":0,"texture":"#0"},"down":{"uv":[6.5,10.625,6.0625,11.4375],"tintindex":0,"rotation":0,"texture":"#0"}},"rotation":{"origin":[8.000169,11.588114,19.509865],"angle":-22.5,"axis":"x"}},{"from":[5.3413925,15.186909,6.016529],"to":[5.3413925,20.50446,21.969185],"faces":{"east":{"uv":[10.0625,5.6875,8.75,6.125],"tintindex":0,"rotation":0,"texture":"#0"},"west":{"uv":[8.75,5.6875,10.0625,6.125],"tintindex":0,"rotation":0,"texture":"#0"}},"rotation":{"origin":[8.000169,11.588114,19.509865],"angle":-22.5,"axis":"x"}},{"from":[10.658185,9.869356,21.969185],"to":[10.658185,15.186909,31.844639],"faces":{"east":{"uv":[10.5,0.6875,11.3125,1.125],"tintindex":0,"rotation":0,"texture":"#0"},"west":{"uv":[11.3125,0.6875,10.5,1.125],"tintindex":0,"rotation":0,"texture":"#0"}},"rotation":{"origin":[8.000169,11.588114,19.509865],"angle":-22.5,"axis":"x"}},{"from":[5.3413925,9.869356,6.7761803],"to":[10.658945,15.186909,21.969185],"faces":{"east":{"uv":[1.0,9.0625,2.25,9.5],"tintindex":0,"rotation":0,"texture":"#0"},"south":{"uv":[4.5,11.5,4.9375,11.9375],"tintindex":0,"rotation":0,"texture":"#0"},"north":{"uv":[4.5,11.5,4.9375,11.9375],"tintindex":0,"rotation":0,"texture":"#0"},"west":{"uv":[9.0625,3.5,10.3125,3.9375],"tintindex":0,"rotation":0,"texture":"#0"},"up":{"uv":[3.5,10.25,3.0625,9.0],"tintindex":0,"rotation":0,"texture":"#0"},"down":{"uv":[3.5,10.25,3.0625,9.0],"tintindex":0,"rotation":0,"texture":"#0"}},"rotation":{"origin":[8.000169,11.588114,19.509865],"angle":-22.5,"axis":"x"}},{"from":[10.658945,15.186909,6.016529],"to":[10.658945,20.50446,21.969185],"faces":{"east":{"uv":[10.0625,5.6875,8.75,6.125],"tintindex":0,"rotation":0,"texture":"#0"},"west":{"uv":[8.75,5.6875,10.0625,6.125],"tintindex":0,"rotation":0,"texture":"#0"}},"rotation":{"origin":[8.000169,11.588114,19.509865],"angle":-22.5,"axis":"x"}},{"from":[5.340633,15.186909,21.969185],"to":[10.658185,15.186909,31.844639],"faces":{"up":{"uv":[4.25,6.9375,3.8125,6.125],"tintindex":0,"rotation":0,"texture":"#0"},"down":{"uv":[4.25,6.125,3.8125,6.9375],"tintindex":0,"rotation":0,"texture":"#0"}},"rotation":{"origin":[8.000169,11.588114,19.509865],"angle":-22.5,"axis":"x"}},{"from":[5.3413925,4.5518045,6.016529],"to":[5.3413925,9.869356,21.969185],"faces":{"east":{"uv":[10.125,2.125,8.8125,2.5625],"tintindex":0,"rotation":0,"texture":"#0"},"west":{"uv":[8.8125,2.125,10.125,2.5625],"tintindex":0,"rotation":0,"texture":"#0"}},"rotation":{"origin":[8.000169,11.588114,19.509865],"angle":-22.5,"axis":"x"}},{"from":[5.3421526,9.869356,21.969185],"to":[5.3421526,15.186909,31.844639],"faces":{"east":{"uv":[10.5,0.6875,11.3125,1.125],"tintindex":0,"rotation":0,"texture":"#0"},"west":{"uv":[11.3125,0.6875,10.5,1.125],"tintindex":0,"rotation":0,"texture":"#0"}},"rotation":{"origin":[8.000169,11.588114,19.509865],"angle":-22.5,"axis":"x"}}],"display":{"gui":{"rotation":[30,225,0]}}}