{"textures":{"0":"modelengine:entity/arctic_colossus"},"elements":[{"from":[11.570501,-7.8503904,3.6863298],"to":[11.570501,11.394084,10.776401],"faces":{"east":{"uv":[1.9375,9.5625,1.5,10.75],"tintindex":0,"rotation":0,"texture":"#0"},"west":{"uv":[1.5,9.5625,1.9375,10.75],"tintindex":0,"rotation":0,"texture":"#0"}},"rotation":{"origin":[8.000145,1.7718477,14.321434],"angle":-45.0,"axis":"x"}},{"from":[4.429788,-1.7731886,4.6991982],"to":[11.570501,5.3168817,24.95654],"faces":{"east":{"uv":[1.0,9.0625,2.25,9.5],"tintindex":0,"rotation":0,"texture":"#0"},"south":{"uv":[4.5,11.5,4.9375,11.9375],"tintindex":0,"rotation":0,"texture":"#0"},"north":{"uv":[4.5,11.5,4.9375,11.9375],"tintindex":0,"rotation":0,"texture":"#0"},"west":{"uv":[9.0625,3.5,10.3125,3.9375],"tintindex":0,"rotation":0,"texture":"#0"},"up":{"uv":[3.5,10.25,3.0625,9.0],"tintindex":0,"rotation":0,"texture":"#0"},"down":{"uv":[3.5,10.25,3.0625,9.0],"tintindex":0,"rotation":0,"texture":"#0"}},"rotation":{"origin":[8.000145,1.7718477,14.321434],"angle":45.0,"axis":"x"}},{"from":[4.429788,-7.8503904,17.86647],"to":[4.429788,11.394084,24.95654],"faces":{"east":{"uv":[9.9375,9.4375,9.5,10.625],"tintindex":0,"rotation":0,"texture":"#0"},"west":{"uv":[9.5,9.4375,9.9375,10.625],"tintindex":0,"rotation":0,"texture":"#0"}},"rotation":{"origin":[8.000145,1.7718477,14.321434],"angle":-45.0,"axis":"x"}},{"from":[4.429788,-7.8503904,3.6863298],"to":[4.429788,11.394084,10.776401],"faces":{"east":{"uv":[1.9375,9.5625,1.5,10.75],"tintindex":0,"rotation":0,"texture":"#0"},"west":{"uv":[1.5,9.5625,1.9375,10.75],"tintindex":0,"rotation":0,"texture":"#0"}},"rotation":{"origin":[8.000145,1.7718477,14.321434],"angle":-45.0,"axis":"x"}},{"from":[11.570501,-7.8503904,17.86647],"to":[11.570501,11.394084,24.95654],"faces":{"east":{"uv":[9.9375,9.4375,9.5,10.625],"tintindex":0,"rotation":0,"texture":"#0"},"west":{"uv":[9.5,9.4375,9.9375,10.625],"tintindex":0,"rotation":0,"texture":"#0"}},"rotation":{"origin":[8.000145,1.7718477,14.321434],"angle":-45.0,"axis":"x"}}],"display":{"gui":{"rotation":[30,225,0]}}}