{"textures":{"0":"modelengine:entity/arctic_colossus"},"elements":[{"from":[4.455072,-2.8692884,7.279203],"to":[4.455072,4.2207794,27.536545],"faces":{"east":{"uv":[7.3125,9.25,6.0625,9.6875],"tintindex":0,"rotation":0,"texture":"#0"},"west":{"uv":[6.0625,9.25,7.3125,9.6875],"tintindex":0,"rotation":0,"texture":"#0"}}},{"from":[11.545142,-2.8692884,7.279203],"to":[11.545142,4.2207794,27.536545],"faces":{"east":{"uv":[7.3125,9.25,6.0625,9.6875],"tintindex":0,"rotation":0,"texture":"#0"},"west":{"uv":[6.0625,9.25,7.3125,9.6875],"tintindex":0,"rotation":0,"texture":"#0"}}},{"from":[4.455072,4.2207794,7.279203],"to":[11.545142,11.31085,27.536545],"faces":{"east":{"uv":[1.0,9.0625,2.25,9.5],"tintindex":0,"rotation":0,"texture":"#0"},"south":{"uv":[4.5,11.5,4.9375,11.9375],"tintindex":0,"rotation":0,"texture":"#0"},"north":{"uv":[4.5,11.5,4.9375,11.9375],"tintindex":0,"rotation":0,"texture":"#0"},"west":{"uv":[9.0625,3.5,10.3125,3.9375],"tintindex":0,"rotation":0,"texture":"#0"},"up":{"uv":[3.5,10.25,3.0625,9.0],"tintindex":0,"rotation":0,"texture":"#0"},"down":{"uv":[3.5,10.25,3.0625,9.0],"tintindex":0,"rotation":0,"texture":"#0"}}},{"from":[4.455072,11.31085,7.279203],"to":[4.455072,18.400917,27.536545],"faces":{"east":{"uv":[10.5,4.0,9.25,4.4375],"tintindex":0,"rotation":0,"texture":"#0"},"west":{"uv":[9.25,4.0,10.5,4.4375],"tintindex":0,"rotation":0,"texture":"#0"}}},{"from":[11.545142,11.31085,7.279203],"to":[11.545142,18.400917,27.536545],"faces":{"east":{"uv":[10.5,4.0,9.25,4.4375],"tintindex":0,"rotation":0,"texture":"#0"},"west":{"uv":[9.25,4.0,10.5,4.4375],"tintindex":0,"rotation":0,"texture":"#0"}}}],"display":{"gui":{"rotation":[30,225,0]}}}