{"textures":{"0":"modelengine:entity/arctic_colossus"},"elements":[{"from":[1.6695809,18.706665,-0.17814541],"to":[1.6695809,26.30317,11.976259],"faces":{"east":{"uv":[4.0625,8.3125,3.0625,8.9375],"tintindex":0,"rotation":0,"texture":"#0"},"west":{"uv":[3.0625,8.3125,4.0625,8.9375],"tintindex":0,"rotation":0,"texture":"#0"}},"rotation":{"origin":[8.5064335,16.505388,7.2443314],"angle":-22.5,"axis":"x"}},{"from":[15.3432865,18.706665,-0.17814541],"to":[15.3432865,26.30317,11.976259],"faces":{"east":{"uv":[4.0625,8.3125,3.0625,8.9375],"tintindex":0,"rotation":0,"texture":"#0"},"west":{"uv":[3.0625,8.3125,4.0625,8.9375],"tintindex":0,"rotation":0,"texture":"#0"}},"rotation":{"origin":[8.5064335,16.505388,7.2443314],"angle":-22.5,"axis":"x"}},{"from":[3.9485316,17.950716,5.4860578],"to":[6.987133,25.547218,8.524659],"faces":{"east":{"uv":[2.1875,11.875,2.4375,12.5],"tintindex":0,"rotation":0,"texture":"#0"},"south":{"uv":[5.125,7.0,5.375,7.625],"tintindex":0,"rotation":0,"texture":"#0"},"north":{"uv":[5.125,7.0,5.375,7.625],"tintindex":0,"rotation":0,"texture":"#0"},"west":{"uv":[2.1875,11.875,2.4375,12.5],"tintindex":0,"rotation":0,"texture":"#0"},"up":{"uv":[6.8125,12.5625,6.5625,12.3125],"tintindex":0,"rotation":0,"texture":"#0"},"down":{"uv":[12.5625,12.25,12.3125,12.5],"tintindex":0,"rotation":0,"texture":"#0"}},"rotation":{"origin":[8.5064335,16.505388,7.2443314],"angle":45.0,"axis":"x"}},{"from":[1.6695809,5.79261,-3.2167463],"to":[15.3432865,18.706665,11.976259],"faces":{"east":{"uv":[0.0,5.1875,1.25,6.25],"tintindex":0,"rotation":0,"texture":"#0"},"south":{"uv":[5.6875,5.8125,6.8125,6.875],"tintindex":0,"rotation":0,"texture":"#0"},"north":{"uv":[5.6875,5.8125,6.8125,6.875],"tintindex":0,"rotation":0,"texture":"#0"},"west":{"uv":[5.6875,3.5625,6.9375,4.625],"tintindex":0,"rotation":0,"texture":"#0"},"up":{"uv":[2.5,6.25,1.375,5.0],"tintindex":0,"rotation":0,"texture":"#0"},"down":{"uv":[6.1875,0.0,5.0625,1.25],"tintindex":0,"rotation":0,"texture":"#0"}},"rotation":{"origin":[8.5064335,16.505388,7.2443314],"angle":-22.5,"axis":"x"}},{"from":[10.025734,17.950716,5.4860578],"to":[13.064335,25.547218,8.524659],"faces":{"east":{"uv":[2.4375,11.875,2.1875,12.5],"tintindex":0,"rotation":0,"texture":"#0"},"south":{"uv":[5.375,7.0,5.125,7.625],"tintindex":0,"rotation":0,"texture":"#0"},"north":{"uv":[5.375,7.0,5.125,7.625],"tintindex":0,"rotation":0,"texture":"#0"},"west":{"uv":[2.4375,11.875,2.1875,12.5],"tintindex":0,"rotation":0,"texture":"#0"},"up":{"uv":[6.5625,12.5625,6.8125,12.3125],"tintindex":0,"rotation":0,"texture":"#0"},"down":{"uv":[12.3125,12.25,12.5625,12.5],"tintindex":0,"rotation":0,"texture":"#0"}},"rotation":{"origin":[8.5064335,16.505388,7.2443314],"angle":45.0,"axis":"x"}}],"display":{"gui":{"rotation":[30,225,0]}}}