{"textures":{"0":"modelengine:entity/chest_forest"},"elements":[{"from":[1.5,8.0,2.5],"to":[14.5,14.0,13.5],"faces":{"east":{"uv":[5.25,4.75,6.625,5.5],"tintindex":0,"rotation":0,"texture":"#0"},"south":{"uv":[2.0,3.875,3.625,4.625],"tintindex":0,"rotation":0,"texture":"#0"},"north":{"uv":[3.75,1.75,5.375,2.5],"tintindex":0,"rotation":0,"texture":"#0"},"west":{"uv":[5.5,1.75,6.875,2.5],"tintindex":0,"rotation":0,"texture":"#0"},"up":{"uv":[3.625,1.375,2.0,0.0],"tintindex":0,"rotation":0,"texture":"#0"},"down":{"uv":[3.625,1.5,2.0,2.875],"tintindex":0,"rotation":0,"texture":"#0"}}}],"display":{"gui":{"rotation":[30,225,0]}}}