{"textures":{"0":"modelengine:entity/chest_forest"},"elements":[{"from":[6.5,6.0,6.5],"to":[9.5,10.0,9.5],"faces":{"east":{"uv":[0.5,6.125,0.875,6.625],"tintindex":0,"rotation":0,"texture":"#0"},"south":{"uv":[1.0,6.125,1.375,6.625],"tintindex":0,"rotation":0,"texture":"#0"},"north":{"uv":[0.0,6.125,0.375,6.625],"tintindex":0,"rotation":0,"texture":"#0"},"west":{"uv":[5.875,6.125,6.25,6.625],"tintindex":0,"rotation":0,"texture":"#0"},"up":{"uv":[5.5,6.75,5.125,6.375],"tintindex":0,"rotation":0,"texture":"#0"},"down":{"uv":[6.75,6.125,6.375,6.5],"tintindex":0,"rotation":0,"texture":"#0"}}}],"display":{"gui":{"rotation":[30,225,0]}}}