{"textures":{"0":"modelengine:entity/chest_forest"},"elements":[{"from":[11.5,16.041195,1.8065629],"to":[16.5,19.041197,6.806563],"faces":{"east":{"uv":[5.75,1.25,6.375,1.625],"tintindex":0,"rotation":0,"texture":"#0"},"south":{"uv":[5.75,2.625,6.375,3.0],"tintindex":0,"rotation":0,"texture":"#0"},"north":{"uv":[5.75,0.75,6.375,1.125],"tintindex":0,"rotation":0,"texture":"#0"},"west":{"uv":[5.875,5.625,6.5,6.0],"tintindex":0,"rotation":0,"texture":"#0"},"up":{"uv":[5.75,6.25,5.125,5.625],"tintindex":0,"rotation":0,"texture":"#0"},"down":{"uv":[6.375,0.0,5.75,0.625],"tintindex":0,"rotation":0,"texture":"#0"}},"rotation":{"origin":[12.0,16.041195,4.306563],"angle":-22.5,"axis":"z"}},{"from":[4.5,14.0,-2.5],"to":[4.5,20.0,5.5],"faces":{"east":{"uv":[6.5,3.5,5.5,4.25],"tintindex":0,"rotation":0,"texture":"#0"},"west":{"uv":[5.5,3.5,6.5,4.25],"tintindex":0,"rotation":0,"texture":"#0"}},"rotation":{"origin":[4.5,17.0,1.5],"angle":-45.0,"axis":"y"}},{"from":[0.5,2.0,-3.5],"to":[0.5,8.0,9.5],"faces":{"east":{"uv":[1.625,5.25,0.0,6.0],"tintindex":0,"rotation":0,"texture":"#0"},"west":{"uv":[0.0,5.25,1.625,6.0],"tintindex":0,"rotation":0,"texture":"#0"}}},{"from":[0.5,14.0,1.5],"to":[8.5,20.0,1.5],"faces":{"south":{"uv":[6.5,3.5,5.5,4.25],"tintindex":0,"rotation":0,"texture":"#0"},"north":{"uv":[5.5,3.5,6.5,4.25],"tintindex":0,"rotation":0,"texture":"#0"}},"rotation":{"origin":[4.5,17.0,1.5],"angle":-45.0,"axis":"y"}},{"from":[0.5,8.0,-3.5],"to":[15.5,14.0,9.5],"faces":{"east":{"uv":[3.75,3.875,5.375,4.625],"tintindex":0,"rotation":0,"texture":"#0"},"south":{"uv":[0.0,3.5,1.875,4.25],"tintindex":0,"rotation":0,"texture":"#0"},"north":{"uv":[2.0,3.0,3.875,3.75],"tintindex":0,"rotation":0,"texture":"#0"},"west":{"uv":[4.0,2.625,5.625,3.375],"tintindex":0,"rotation":0,"texture":"#0"},"up":{"uv":[1.875,1.625,0.0,0.0],"tintindex":0,"rotation":0,"texture":"#0"},"down":{"uv":[1.875,1.75,0.0,3.375],"tintindex":0,"rotation":0,"texture":"#0"}}},{"from":[15.5,2.0,-3.5],"to":[15.5,8.0,9.5],"faces":{"east":{"uv":[1.625,5.25,0.0,6.0],"tintindex":0,"rotation":0,"texture":"#0"},"west":{"uv":[0.0,5.25,1.625,6.0],"tintindex":0,"rotation":0,"texture":"#0"}}},{"from":[11.773734,12.39001,2.806563],"to":[14.773734,15.39001,5.806563],"faces":{"east":{"uv":[6.5,0.5,6.875,0.875],"tintindex":0,"rotation":0,"texture":"#0"},"south":{"uv":[6.5,1.0,6.875,1.375],"tintindex":0,"rotation":0,"texture":"#0"},"north":{"uv":[6.5,0.0,6.875,0.375],"tintindex":0,"rotation":0,"texture":"#0"},"west":{"uv":[1.5,6.5,1.875,6.875],"tintindex":0,"rotation":0,"texture":"#0"},"up":{"uv":[2.375,6.875,2.0,6.5],"tintindex":0,"rotation":0,"texture":"#0"},"down":{"uv":[2.875,6.5,2.5,6.875],"tintindex":0,"rotation":0,"texture":"#0"}},"rotation":{"origin":[13.273734,13.89001,4.306563],"angle":-22.5,"axis":"z"}},{"from":[0.5,2.0,-3.5],"to":[15.5,8.0,-3.5],"faces":{"south":{"uv":[5.625,0.0,3.75,0.75],"tintindex":0,"rotation":0,"texture":"#0"},"north":{"uv":[3.75,0.0,5.625,0.75],"tintindex":0,"rotation":0,"texture":"#0"}}}],"display":{"gui":{"rotation":[30,225,0]}}}