{"textures":{"0":"modelengine:entity/chest_wind"},"elements":[{"from":[1.5,8.0,2.5],"to":[14.5,14.0,13.5],"faces":{"east":{"uv":[7.0,8.75,9.75,10.25],"tintindex":0,"rotation":0,"texture":"#0"},"south":{"uv":[7.5,5.25,10.75,6.75],"tintindex":0,"rotation":0,"texture":"#0"},"north":{"uv":[7.5,3.5,10.75,5.0],"tintindex":0,"rotation":0,"texture":"#0"},"west":{"uv":[0.0,9.0,2.75,10.5],"tintindex":0,"rotation":0,"texture":"#0"},"up":{"uv":[7.25,2.75,4.0,0.0],"tintindex":0,"rotation":0,"texture":"#0"},"down":{"uv":[7.25,3.0,4.0,5.75],"tintindex":0,"rotation":0,"texture":"#0"}}}],"display":{"gui":{"rotation":[30,225,0]}}}