{"textures":{"0":"modelengine:entity/chest_wind"},"elements":[{"from":[6.5,6.0,6.5],"to":[9.5,10.0,9.5],"faces":{"east":{"uv":[4.0,9.75,4.75,10.75],"tintindex":0,"rotation":0,"texture":"#0"},"south":{"uv":[5.0,9.75,5.75,10.75],"tintindex":0,"rotation":0,"texture":"#0"},"north":{"uv":[3.0,9.75,3.75,10.75],"tintindex":0,"rotation":0,"texture":"#0"},"west":{"uv":[6.0,9.75,6.75,10.75],"tintindex":0,"rotation":0,"texture":"#0"},"up":{"uv":[10.75,9.5,10.0,8.75],"tintindex":0,"rotation":0,"texture":"#0"},"down":{"uv":[10.75,9.75,10.0,10.5],"tintindex":0,"rotation":0,"texture":"#0"}}}],"display":{"gui":{"rotation":[30,225,0]}}}