{"textures":{"0":"modelengine:entity/chest_wind"},"elements":[{"from":[15.5,14.0,-3.5],"to":[15.5,21.0,9.5],"faces":{"east":{"uv":[3.25,7.0,0.0,8.75],"tintindex":0,"rotation":0,"texture":"#0"},"west":{"uv":[0.0,7.0,3.25,8.75],"tintindex":0,"rotation":0,"texture":"#0"}}},{"from":[0.5,14.0,-3.5],"to":[0.5,21.0,9.5],"faces":{"east":{"uv":[3.25,7.0,0.0,8.75],"tintindex":0,"rotation":0,"texture":"#0"},"west":{"uv":[0.0,7.0,3.25,8.75],"tintindex":0,"rotation":0,"texture":"#0"}}},{"from":[0.5,8.0,-3.5],"to":[15.5,14.0,9.5],"faces":{"east":{"uv":[7.5,7.0,10.75,8.5],"tintindex":0,"rotation":0,"texture":"#0"},"south":{"uv":[7.5,1.75,11.25,3.25],"tintindex":0,"rotation":0,"texture":"#0"},"north":{"uv":[7.5,0.0,11.25,1.5],"tintindex":0,"rotation":0,"texture":"#0"},"west":{"uv":[3.5,8.0,6.75,9.5],"tintindex":0,"rotation":0,"texture":"#0"},"up":{"uv":[3.75,3.25,0.0,0.0],"tintindex":0,"rotation":0,"texture":"#0"},"down":{"uv":[3.75,3.5,0.0,6.75],"tintindex":0,"rotation":0,"texture":"#0"}}}],"display":{"gui":{"rotation":[30,225,0]}}}