{"textures":{"0":"modelengine:entity/mutant_flower"},"elements":[{"from":[8.0,6.183051,13.260033],"to":[8.0,22.942059,19.174976],"faces":{"east":{"uv":[4.125,8.875,4.5,9.9375],"tintindex":0,"rotation":0,"texture":"#0"},"west":{"uv":[5.625,8.875,6.0,9.9375],"tintindex":0,"rotation":0,"texture":"#0"}},"rotation":{"origin":[8.0,15.646533,13.106025],"angle":22.5,"axis":"x"}},{"from":[6.028352,6.183051,9.316736],"to":[9.971648,22.942059,13.260033],"faces":{"east":{"uv":[1.5625,9.875,1.8125,10.9375],"tintindex":0,"rotation":0,"texture":"#0"},"south":{"uv":[9.0625,9.9375,9.3125,11.0],"tintindex":0,"rotation":0,"texture":"#0"},"north":{"uv":[1.25,9.75,1.5,10.8125],"tintindex":0,"rotation":0,"texture":"#0"},"west":{"uv":[9.375,9.9375,9.625,11.0],"tintindex":0,"rotation":0,"texture":"#0"},"up":{"uv":[10.4375,7.3125,10.1875,7.0625],"tintindex":0,"rotation":0,"texture":"#0"},"down":{"uv":[11.4375,11.125,11.1875,11.375],"tintindex":0,"rotation":0,"texture":"#0"}},"rotation":{"origin":[8.0,15.646533,13.106025],"angle":22.5,"axis":"x"}}],"display":{"gui":{"rotation":[30,225,0]}}}