{"textures":{"0":"modelengine:entity/boulder"},"elements":[{"from":[1.5,8.25,2.0],"to":[14.5,16.25,14.0],"faces":{"east":{"uv":[3.75,5.5,6.75,7.5],"tintindex":0,"rotation":0,"texture":"#0"},"south":{"uv":[6.75,5.5,3.5,7.5],"tintindex":0,"rotation":0,"texture":"#0"},"north":{"uv":[3.5,5.5,6.75,7.5],"tintindex":0,"rotation":0,"texture":"#0"},"west":{"uv":[6.75,5.5,3.75,7.5],"tintindex":0,"rotation":0,"texture":"#0"},"up":{"uv":[3.25,3.0,0.0,0.0],"tintindex":0,"rotation":0,"texture":"#0"},"down":{"uv":[3.25,3.25,0.0,6.25],"tintindex":0,"rotation":0,"texture":"#0"}}},{"from":[2.5,16.25,3.0],"to":[13.5,23.25,13.0],"faces":{"east":{"uv":[7.0,4.5,9.5,6.25],"tintindex":0,"rotation":0,"texture":"#0"},"south":{"uv":[9.75,4.5,7.0,6.25],"tintindex":0,"rotation":0,"texture":"#0"},"north":{"uv":[7.0,4.5,9.75,6.25],"tintindex":0,"rotation":0,"texture":"#0"},"west":{"uv":[9.5,4.5,7.0,6.25],"tintindex":0,"rotation":0,"texture":"#0"},"up":{"uv":[6.25,2.5,3.5,0.0],"tintindex":0,"rotation":0,"texture":"#0"},"down":{"uv":[6.25,2.75,3.5,5.25],"tintindex":0,"rotation":0,"texture":"#0"}}}],"display":{"gui":{"rotation":[30,225,0]}}}