{"textures":{"0":"modelengine:entity/ice_crystal"},"elements":[{"from":[12.523813,4.723748,4.6754227],"to":[17.743813,14.293749,9.895422],"faces":{"east":{"uv":[10.75,8.0,12.25,10.75],"tintindex":0,"rotation":0,"texture":"#0"},"south":{"uv":[10.75,11.0,12.25,13.75],"tintindex":0,"rotation":0,"texture":"#0"},"north":{"uv":[10.75,11.0,12.25,13.75],"tintindex":0,"rotation":0,"texture":"#0"},"west":{"uv":[10.75,8.0,12.25,10.75],"tintindex":0,"rotation":0,"texture":"#0"},"up":{"uv":[14.0,11.0,12.5,9.5],"tintindex":0,"rotation":0,"texture":"#0"},"down":{"uv":[14.0,11.25,12.5,12.75],"tintindex":0,"rotation":0,"texture":"#0"}},"rotation":{"origin":[8.0229845,9.402749,7.6417933],"angle":-22.5,"axis":"z"}},{"from":[-0.8915491,4.7501354,4.6754227],"to":[3.4584513,16.060135,9.025422],"faces":{"east":{"uv":[6.75,12.0,8.0,15.25],"tintindex":0,"rotation":0,"texture":"#0"},"south":{"uv":[5.25,11.5,6.5,14.75],"tintindex":0,"rotation":0,"texture":"#0"},"north":{"uv":[5.25,11.5,6.5,14.75],"tintindex":0,"rotation":0,"texture":"#0"},"west":{"uv":[6.75,12.0,8.0,15.25],"tintindex":0,"rotation":0,"texture":"#0"},"up":{"uv":[15.25,4.75,14.0,3.5],"tintindex":0,"rotation":0,"texture":"#0"},"down":{"uv":[15.25,5.0,14.0,6.25],"tintindex":0,"rotation":0,"texture":"#0"}},"rotation":{"origin":[8.0229845,9.402749,7.6417933],"angle":22.5,"axis":"z"}},{"from":[4.5085077,2.2658892,0.7664461],"to":[11.468508,25.75589,8.596446],"faces":{"east":{"uv":[0.0,0.0,2.25,6.75],"tintindex":0,"rotation":0,"texture":"#0"},"south":{"uv":[5.0,0.0,7.0,6.75],"tintindex":0,"rotation":0,"texture":"#0"},"north":{"uv":[5.0,0.0,7.0,6.75],"tintindex":0,"rotation":0,"texture":"#0"},"west":{"uv":[2.5,0.0,4.75,6.75],"tintindex":0,"rotation":0,"texture":"#0"},"up":{"uv":[11.0,2.25,9.0,0.0],"tintindex":0,"rotation":0,"texture":"#0"},"down":{"uv":[11.25,2.5,9.25,4.75],"tintindex":0,"rotation":0,"texture":"#0"}},"rotation":{"origin":[8.0229845,9.402749,7.6417933],"angle":-22.5,"axis":"x"}},{"from":[5.3785076,2.7908373,9.576529],"to":[10.598508,17.580837,14.796529],"faces":{"east":{"uv":[7.25,0.0,8.75,4.25],"tintindex":0,"rotation":0,"texture":"#0"},"south":{"uv":[5.75,7.0,7.25,11.25],"tintindex":0,"rotation":0,"texture":"#0"},"north":{"uv":[5.75,7.0,7.25,11.25],"tintindex":0,"rotation":0,"texture":"#0"},"west":{"uv":[7.25,0.0,8.75,4.25],"tintindex":0,"rotation":0,"texture":"#0"},"up":{"uv":[14.0,14.5,12.5,13.0],"tintindex":0,"rotation":0,"texture":"#0"},"down":{"uv":[14.75,0.0,13.25,1.5],"tintindex":0,"rotation":0,"texture":"#0"}},"rotation":{"origin":[8.0229845,9.402749,7.6417933],"angle":22.5,"axis":"x"}},{"from":[10.15994,1.0582585,5.64522],"to":[13.63994,11.498259,9.995219],"faces":{"east":{"uv":[13.75,6.25,12.5,9.25],"tintindex":0,"rotation":0,"texture":"#0"},"south":{"uv":[10.5,12.5,9.5,15.5],"tintindex":0,"rotation":0,"texture":"#0"},"north":{"uv":[10.5,12.5,9.5,15.5],"tintindex":0,"rotation":0,"texture":"#0"},"west":{"uv":[13.75,6.25,12.5,9.25],"tintindex":0,"rotation":0,"texture":"#0"},"up":{"uv":[14.0,7.75,15.0,6.5],"tintindex":0,"rotation":0,"texture":"#0"},"down":{"uv":[14.0,8.0,15.0,9.25],"tintindex":0,"rotation":0,"texture":"#0"}},"rotation":{"origin":[8.0229845,9.402749,7.6417933],"angle":-22.5,"axis":"y"}},{"from":[2.3423243,1.0582585,5.6188326],"to":[5.8223248,11.498259,9.968833],"faces":{"east":{"uv":[12.5,6.25,13.75,9.25],"tintindex":0,"rotation":0,"texture":"#0"},"south":{"uv":[9.5,12.5,10.5,15.5],"tintindex":0,"rotation":0,"texture":"#0"},"north":{"uv":[9.5,12.5,10.5,15.5],"tintindex":0,"rotation":0,"texture":"#0"},"west":{"uv":[12.5,6.25,13.75,9.25],"tintindex":0,"rotation":0,"texture":"#0"},"up":{"uv":[15.0,7.75,14.0,6.5],"tintindex":0,"rotation":0,"texture":"#0"},"down":{"uv":[15.0,8.0,14.0,9.25],"tintindex":0,"rotation":0,"texture":"#0"}},"rotation":{"origin":[8.0229845,9.402749,7.6417933],"angle":22.5,"axis":"y"}}],"display":{"gui":{"rotation":[30,225,0]}}}