{
	"textures": {
		"texture": "c/85"
	},
	"elements": [ 	 
		{
			"from": [ -16, -16, 16 ],
			"to": [ 32, 32, 16.0625 ],
			"faces": {
				"north": { "uv": [ 16, 16, 0, 0 ], "texture": "#texture", "rotation": 180 },
				"south": { "uv": [ 0, 0, 16, 16 ], "texture": "#texture" }
			}
		}
	],
	"display": {
		"thirdperson_righthand": {
			"scale": [0, 0, 0]
		},
		"firstperson_lefthand": {
			"scale": [0, 0, 0]
		},
		"gui": {
			"translation": [-80, -61, -80],
			"scale": [3.66, 3.66, 3]
		}
	}
}