{
	"credit": "Made with Blockbench",
	"textures": {
		"0": "items/0t_harp_light_1",
		"3": "items/0t_harp_light_3",
		"4": "items/0t_harp_light_2",
		"5": "items/0t_harp_forst_3",
		"6": "items/jisoo_chi3_3",
		"7": "items/jisoo_chi3_4",
		"particle": "items/0t_harp_light_1"
	},
	"elements": [
		{
			"from": [9.10114, 6.16861, 7.5],
			"to": [10.10114, 8.21861, 8.5],
			"rotation": {"angle": 22.5, "axis": "z", "origin": [9.60114, 7.21861, 8]},
			"faces": {
				"north": {"uv": [0.25, 0, 1.25, 2], "texture": "#0"},
				"east": {"uv": [0.25, 0, 1.25, 2], "texture": "#0"},
				"south": {"uv": [0.25, 0, 1.25, 2], "texture": "#0"},
				"west": {"uv": [1.25, 0, 0.25, 2], "texture": "#0"},
				"up": {"uv": [0.25, 0, 1.25, 1], "texture": "#0"},
				"down": {"uv": [0.25, 0, 1.25, 1], "texture": "#0"}
			}
		},
		{
			"from": [7.23408, 9.24804, 7.675],
			"to": [7.88408, 10.24804, 8.325],
			"rotation": {"angle": 45, "axis": "z", "origin": [7.55908, 9.74804, 8]},
			"faces": {
				"north": {"uv": [4.5, 0, 5, 1], "texture": "#0"},
				"east": {"uv": [4.5, 0, 5, 1], "texture": "#0"},
				"south": {"uv": [4.5, 0, 5, 1], "texture": "#0"},
				"west": {"uv": [4.5, 0, 5, 1], "texture": "#0"},
				"up": {"uv": [4.5, 0, 5, 1], "texture": "#0"},
				"down": {"uv": [4.5, 0, 5, 1], "texture": "#0"}
			}
		},
		{
			"from": [4.43509, 10.78661, 7.625],
			"to": [5.18509, 12.03661, 8.375],
			"rotation": {"angle": 45, "axis": "z", "origin": [4.78509, 11.41161, 8]},
			"faces": {
				"north": {"uv": [1, 0.5, 2, 1.75], "texture": "#0"},
				"east": {"uv": [2.25, 0, 4.25, 2], "texture": "#0"},
				"south": {"uv": [1, 0.5, 2, 1.75], "texture": "#0"},
				"west": {"uv": [2.25, 0, 4.25, 2], "texture": "#0"},
				"up": {"uv": [1, 0.5, 2, 1.75], "texture": "#0"},
				"down": {"uv": [1, 0.5, 2, 1.75], "texture": "#0"}
			}
		},
		{
			"from": [8.11974, 7.68738, 7.5],
			"to": [9.11974, 9.68738, 8.5],
			"rotation": {"angle": 45, "axis": "z", "origin": [8.61974, 8.68738, 8]},
			"faces": {
				"north": {"uv": [0.25, 2, 1.25, 0], "texture": "#0"},
				"east": {"uv": [1.25, 0, 0.25, 2], "texture": "#0"},
				"south": {"uv": [0.25, 2, 1.25, 0], "texture": "#0"},
				"west": {"uv": [1.25, 0, 0.25, 2], "texture": "#0"},
				"up": {"uv": [2.25, 0, 4.25, 2], "texture": "#0"},
				"down": {"uv": [0.25, 0, 1.25, 2], "texture": "#0"}
			}
		},
		{
			"from": [5.38197, 9.89692, 7.5],
			"to": [7.38197, 10.89692, 8.5],
			"rotation": {"angle": -22.5, "axis": "z", "origin": [6.38197, 10.39692, 8]},
			"faces": {
				"north": {"uv": [1, 0.5, 2, 1.75], "texture": "#0"},
				"east": {"uv": [2.25, 0, 4.25, 2], "texture": "#0"},
				"south": {"uv": [1, 0.5, 2, 1.75], "texture": "#0"},
				"west": {"uv": [2.25, 0, 4.25, 2], "texture": "#0"},
				"up": {"uv": [1, 0.5, 2, 1.75], "texture": "#0"},
				"down": {"uv": [1, 0.5, 2, 1.75], "texture": "#0"}
			}
		},
		{
			"from": [9.66073, 5.44639, 7.65],
			"to": [10.36073, 6.44639, 8.35],
			"rotation": {"angle": 0, "axis": "y", "origin": [10.01073, 5.94639, 8]},
			"faces": {
				"north": {"uv": [4.5, 0, 5, 1], "texture": "#0"},
				"east": {"uv": [4.5, 0, 5, 1], "texture": "#0"},
				"south": {"uv": [4.5, 0, 5, 1], "texture": "#0"},
				"west": {"uv": [4.5, 0, 5, 1], "texture": "#0"},
				"up": {"uv": [4.5, 0, 5, 1], "texture": "#0"},
				"down": {"uv": [4.5, 0, 5, 1], "texture": "#0"}
			}
		},
		{
			"from": [3.81706, 11.10977, 7.7],
			"to": [5.81706, 11.70977, 8.3],
			"rotation": {"angle": -45, "axis": "z", "origin": [4.81706, 11.40977, 8]},
			"faces": {
				"north": {"uv": [4.5, 0, 5.5, 0.5], "texture": "#0"},
				"east": {"uv": [4.5, 0, 5.5, 0.5], "texture": "#0"},
				"south": {"uv": [4.5, 0, 5.5, 0.5], "texture": "#0"},
				"west": {"uv": [4.5, 0, 5.5, 1], "texture": "#0"},
				"up": {"uv": [4.5, 0, 5.5, 0.5], "texture": "#0"},
				"down": {"uv": [4.5, 0, 5.5, 0.5], "texture": "#0"}
			}
		},
		{
			"from": [9.5, 2.5, 7.5],
			"to": [10.5, 5.5, 8.5],
			"rotation": {"angle": 0, "axis": "y", "origin": [10, 2.5, 8]},
			"faces": {
				"north": {"uv": [0.25, 0, 1.25, 2], "texture": "#0"},
				"east": {"uv": [1.25, 0, 0.25, 2], "texture": "#0"},
				"south": {"uv": [0.25, 0, 1.25, 2], "texture": "#0"},
				"west": {"uv": [1.25, 0, 0.25, 2], "texture": "#0"},
				"up": {"uv": [2.25, 0, 4.25, 2], "texture": "#0"},
				"down": {"uv": [0.25, 0, 1.25, 2], "texture": "#0"}
			}
		},
		{
			"from": [9.63806, 0.69134, 7.6],
			"to": [10.43806, 2.69134, 8.4],
			"rotation": {"angle": -22.5, "axis": "z", "origin": [10.03806, 2.69134, 8]},
			"faces": {
				"north": {"uv": [0.25, 0, 1.25, 2], "texture": "#0"},
				"east": {"uv": [1.25, 0, 0.25, 2], "texture": "#0"},
				"south": {"uv": [0.25, 0, 1.25, 2], "texture": "#0"},
				"west": {"uv": [1.25, 0, 0.25, 2], "texture": "#0"},
				"up": {"uv": [0.25, 0, 1.25, 2], "texture": "#0"},
				"down": {"uv": [0.25, 0, 1.25, 2], "texture": "#0"}
			}
		},
		{
			"from": [8.36855, -1.20942, 7.7],
			"to": [8.96855, 1.29058, 8.3],
			"rotation": {"angle": -45, "axis": "z", "origin": [8.66855, 0.29058, 8]},
			"faces": {
				"north": {"uv": [0.25, 0, 1.25, 2], "texture": "#0"},
				"east": {"uv": [1.25, 0, 0.25, 2], "texture": "#0"},
				"south": {"uv": [0.25, 0, 1.25, 2], "texture": "#0"},
				"west": {"uv": [1.25, 0, 0.25, 2], "texture": "#0"},
				"up": {"uv": [0.25, 0, 1.25, 2], "texture": "#0"},
				"down": {"uv": [0.25, 0, 1.25, 2], "texture": "#0"}
			}
		},
		{
			"from": [4.6, 5.5, 7.6],
			"to": [5.4, 10.5, 8.4],
			"rotation": {"angle": 0, "axis": "y", "origin": [5, 8, 8]},
			"faces": {
				"north": {"uv": [1, 0, 0.25, 2], "texture": "#0"},
				"east": {"uv": [1, 0, 0.25, 2], "texture": "#0"},
				"south": {"uv": [1, 0, 0.25, 2], "texture": "#0"},
				"west": {"uv": [1, 0, 0.25, 2], "texture": "#0"},
				"up": {"uv": [1, 0, 0.25, 2], "texture": "#0"},
				"down": {"uv": [1, 0, 0.25, 2], "texture": "#0"}
			}
		},
		{
			"from": [4.76427, 10.44639, 7.775],
			"to": [5.21427, 11.44639, 8.225],
			"rotation": {"angle": 0, "axis": "y", "origin": [5.83713, 7.94171, 8]},
			"faces": {
				"north": {"uv": [5, 0, 4.5, 1], "texture": "#0"},
				"east": {"uv": [5, 0, 4.5, 1], "texture": "#0"},
				"south": {"uv": [5, 0, 4.5, 1], "texture": "#0"},
				"west": {"uv": [5, 0, 4.5, 1], "texture": "#0"},
				"up": {"uv": [5, 0, 4.5, 1], "texture": "#0"},
				"down": {"uv": [5, 0, 4.5, 1], "texture": "#0"}
			}
		},
		{
			"from": [4.48722, 4.4532, 7.675],
			"to": [5.13722, 5.7032, 8.325],
			"rotation": {"angle": -22.5, "axis": "z", "origin": [4.81222, 5.0782, 8]},
			"faces": {
				"north": {"uv": [1.25, 0, 0.25, 2], "texture": "#0"},
				"east": {"uv": [0.25, 0, 1.25, 2], "texture": "#0"},
				"south": {"uv": [1.25, 0, 0.25, 2], "texture": "#0"},
				"west": {"uv": [0.25, 0, 1.25, 2], "texture": "#0"},
				"up": {"uv": [4.25, 0, 2.25, 2], "texture": "#0"},
				"down": {"uv": [1.25, 0, 0.25, 2], "texture": "#0"}
			}
		},
		{
			"from": [4.32278, 1.87514, 7.725],
			"to": [4.87278, 4.62514, 8.275],
			"rotation": {"angle": 0, "axis": "y", "origin": [4.59778, 4.00014, 8]},
			"faces": {
				"north": {"uv": [5.5, 0, 4.5, 1], "texture": "#0"},
				"east": {"uv": [5.5, 0, 4.5, 1], "texture": "#0"},
				"south": {"uv": [5.5, 0, 4.5, 1], "texture": "#0"},
				"west": {"uv": [5.5, 0, 4.5, 1], "texture": "#0"},
				"up": {"uv": [5.5, 0, 4.5, 1], "texture": "#0"},
				"down": {"uv": [5.5, 0, 4.5, 1], "texture": "#0"}
			}
		},
		{
			"from": [5.35423, -1.56029, 7.725],
			"to": [5.90423, 0.43971, 8.275],
			"rotation": {"angle": 22.5, "axis": "z", "origin": [5.62923, -0.56029, 8]},
			"faces": {
				"north": {"uv": [0.75, 0, 0.25, 2], "texture": "#0"},
				"east": {"uv": [0.75, 0, 0.25, 2], "texture": "#0"},
				"south": {"uv": [0.75, 0, 0.25, 2], "texture": "#0"},
				"west": {"uv": [0.75, 0, 0.25, 2], "texture": "#0"},
				"up": {"uv": [0.75, 0, 0.25, 2], "texture": "#0"},
				"down": {"uv": [0.75, 0, 0.25, 2], "texture": "#0"}
			}
		},
		{
			"from": [5.55037, -1.40841, 7.775],
			"to": [7.80037, -0.95841, 8.225],
			"rotation": {"angle": 22.5, "axis": "z", "origin": [6.55037, -1.18341, 8]},
			"faces": {
				"north": {"uv": [0.25, 0, 1.25, 2], "rotation": 270, "texture": "#0"},
				"east": {"uv": [0.25, 0, 1.25, 2], "rotation": 90, "texture": "#0"},
				"south": {"uv": [0.25, 0, 1.25, 2], "rotation": 90, "texture": "#0"},
				"west": {"uv": [2.25, 0, 4.25, 2], "rotation": 90, "texture": "#0"},
				"up": {"uv": [1.25, 0, 0.25, 2], "rotation": 90, "texture": "#0"},
				"down": {"uv": [1.25, 0, 0.25, 2], "rotation": 90, "texture": "#0"}
			}
		},
		{
			"from": [4.87804, 0.33505, 7.775],
			"to": [5.32804, 2.08505, 8.225],
			"rotation": {"angle": 22.5, "axis": "z", "origin": [5.10304, 0.71005, 8]},
			"faces": {
				"north": {"uv": [5.5, 0, 4.5, 1], "texture": "#0"},
				"east": {"uv": [5.5, 0, 4.5, 1], "texture": "#0"},
				"south": {"uv": [5.5, 0, 4.5, 1], "texture": "#0"},
				"west": {"uv": [5.5, 0, 4.5, 1], "texture": "#0"},
				"up": {"uv": [5.5, 0, 4.5, 1], "texture": "#0"},
				"down": {"uv": [5.5, 0, 4.5, 1], "texture": "#0"}
			}
		},
		{
			"from": [5.25, -1.125, 8],
			"to": [9.25, 10.125, 8.01],
			"rotation": {"angle": 0, "axis": "y", "origin": [6.5, 4.625, 8.005]},
			"faces": {
				"north": {"uv": [11.75, 0, 15.5, 16], "texture": "#0"},
				"east": {"uv": [0, 16, 0, 16], "texture": "#0"},
				"south": {"uv": [15.5, 0, 11.75, 16], "texture": "#0"},
				"west": {"uv": [0, 16, 0, 16], "texture": "#0"},
				"up": {"uv": [0, 16, 0, 16], "texture": "#0"},
				"down": {"uv": [0, 16, 0, 16], "texture": "#0"}
			}
		},
		{
			"from": [0.25, 8.5, 8],
			"to": [6.25, 14.5, 8.01],
			"rotation": {"angle": 0, "axis": "y", "origin": [3.25, 11.5, 8.005]},
			"faces": {
				"north": {"uv": [0, 0, 16, 16], "texture": "#4"},
				"east": {"uv": [0, 16, 0, 16], "texture": "#4"},
				"south": {"uv": [16, 0, 0, 16], "texture": "#4"},
				"west": {"uv": [0, 16, 0, 16], "texture": "#4"},
				"up": {"uv": [0, 16, 0, 16], "texture": "#4"},
				"down": {"uv": [0, 16, 0, 16], "texture": "#4"}
			}
		},
		{
			"from": [3.075, 11.075, 8],
			"to": [6.925, 14.925, 8.01],
			"rotation": {"angle": -45, "axis": "z", "origin": [4.5, 11.5, 8.005]},
			"faces": {
				"north": {"uv": [0, 0, 16, 16], "texture": "#4"},
				"east": {"uv": [0, 16, 0, 16], "texture": "#4"},
				"south": {"uv": [16, 0, 0, 16], "texture": "#4"},
				"west": {"uv": [0, 16, 0, 16], "texture": "#4"},
				"up": {"uv": [0, 16, 0, 16], "texture": "#4"},
				"down": {"uv": [0, 16, 0, 16], "texture": "#4"}
			}
		},
		{
			"from": [0, 3.25, 8],
			"to": [8.5, 11.75, 8.01],
			"rotation": {"angle": 0, "axis": "y", "origin": [3.25, 8.5, 8.005]},
			"faces": {
				"north": {"uv": [0, 0, 16, 16], "texture": "#5"},
				"east": {"uv": [0, 16, 0, 16], "texture": "#5"},
				"south": {"uv": [16, 0, 0, 16], "texture": "#5"},
				"west": {"uv": [0, 16, 0, 16], "texture": "#5"},
				"up": {"uv": [0, 16, 0, 16], "texture": "#5"},
				"down": {"uv": [0, 16, 0, 16], "texture": "#5"}
			}
		},
		{
			"from": [7.64484, 8.45477, 7.9875],
			"to": [10.02084, 10.83077, 7.9875],
			"rotation": {"angle": 0, "axis": "y", "origin": [9.33284, 10.39277, 7.9875]},
			"faces": {
				"north": {"uv": [0, 0, 6.5, 6.5], "rotation": 270, "texture": "#3"},
				"east": {"uv": [0, 16, 0, 16], "rotation": 90, "texture": "#3"},
				"south": {"uv": [6.5, 0, 0, 6.5], "rotation": 90, "texture": "#3"},
				"west": {"uv": [0, 16, 0, 16], "rotation": 90, "texture": "#3"},
				"up": {"uv": [0, 16, 0, 16], "rotation": 90, "texture": "#3"},
				"down": {"uv": [0, 16, 0, 16], "rotation": 90, "texture": "#3"}
			}
		},
		{
			"from": [7.08685, 10.3885, 7.9875],
			"to": [7.95285, 11.2545, 7.9875],
			"rotation": {"angle": -22.5, "axis": "z", "origin": [7.39485, 11.0465, 7.9875]},
			"faces": {
				"north": {"uv": [10.5, 0.5, 8, 2.5], "texture": "#3"},
				"east": {"uv": [0, 16, 0, 16], "texture": "#3"},
				"south": {"uv": [8, 0.5, 10.5, 2.5], "texture": "#3"},
				"west": {"uv": [0, 16, 0, 16], "texture": "#3"},
				"up": {"uv": [0, 16, 0, 16], "texture": "#3"},
				"down": {"uv": [0, 16, 0, 16], "texture": "#3"}
			}
		},
		{
			"from": [3.75685, 7.8985, 7.9875],
			"to": [4.81285, 8.9545, 7.9875],
			"rotation": {"angle": 0, "axis": "y", "origin": [12.44985, 10.1865, 7.9875]},
			"faces": {
				"north": {"uv": [12, 3.5, 8, 8.5], "texture": "#3"},
				"east": {"uv": [0, 16, 0, 16], "texture": "#3"},
				"south": {"uv": [8, 3.5, 12, 8.5], "texture": "#3"},
				"west": {"uv": [0, 16, 0, 16], "texture": "#3"},
				"up": {"uv": [0, 16, 0, 16], "texture": "#3"},
				"down": {"uv": [0, 16, 0, 16], "texture": "#3"}
			}
		},
		{
			"from": [3.76685, 9.2785, 7.9875],
			"to": [4.82285, 10.3345, 7.9875],
			"rotation": {"angle": 22.5, "axis": "z", "origin": [10.04485, 8.3065, 7.9875]},
			"faces": {
				"north": {"uv": [11.5, 9.5, 6.5, 14], "rotation": 180, "texture": "#3"},
				"east": {"uv": [0, 16, 0, 16], "rotation": 180, "texture": "#3"},
				"south": {"uv": [6.5, 9.5, 11.5, 14], "rotation": 180, "texture": "#3"},
				"west": {"uv": [0, 16, 0, 16], "rotation": 180, "texture": "#3"},
				"up": {"uv": [0, 16, 0, 16], "rotation": 180, "texture": "#3"},
				"down": {"uv": [0, 16, 0, 16], "rotation": 180, "texture": "#3"}
			}
		},
		{
			"from": [10.75, 1.75, 8],
			"to": [11.75, 3, 8.01],
			"rotation": {"angle": 0, "axis": "y", "origin": [11.25, 0.375, 8.005]},
			"faces": {
				"north": {"uv": [6.5, 2, 9.5, 6], "texture": "#0"},
				"east": {"uv": [0, 16, 0, 16], "texture": "#0"},
				"south": {"uv": [9.5, 2, 6.5, 6], "texture": "#0"},
				"west": {"uv": [0, 16, 0, 16], "texture": "#0"},
				"up": {"uv": [0, 16, 0, 16], "texture": "#0"},
				"down": {"uv": [0, 16, 0, 16], "texture": "#0"}
			}
		},
		{
			"from": [2, 5.5, 8],
			"to": [3.5, 7.25, 8.01],
			"rotation": {"angle": 0, "axis": "y", "origin": [2.75, 6.375, 8.005]},
			"faces": {
				"north": {"uv": [6.5, 6, 9.5, 10], "texture": "#0"},
				"east": {"uv": [0, 16, 0, 16], "texture": "#0"},
				"south": {"uv": [9.5, 6, 6.5, 10], "texture": "#0"},
				"west": {"uv": [0, 16, 0, 16], "texture": "#0"},
				"up": {"uv": [0, 16, 0, 16], "texture": "#0"},
				"down": {"uv": [0, 16, 0, 16], "texture": "#0"}
			}
		},
		{
			"from": [3.21673, -3.70533, 8],
			"to": [6.96673, -1.45533, 8.01],
			"rotation": {"angle": 0, "axis": "y", "origin": [5.59173, -2.33033, 8.005]},
			"faces": {
				"north": {"uv": [3.75, 10.25, 8.25, 16], "texture": "#0"},
				"east": {"uv": [0, 16, 0, 16], "texture": "#0"},
				"south": {"uv": [8.25, 10.25, 3.75, 16], "texture": "#0"},
				"west": {"uv": [0, 16, 0, 16], "texture": "#0"},
				"up": {"uv": [0, 16, 0, 16], "texture": "#0"},
				"down": {"uv": [0, 16, 0, 16], "texture": "#0"}
			}
		},
		{
			"from": [5.18819, -3.71183, 7.975],
			"to": [8.18819, -1.46183, 8.035],
			"rotation": {"angle": 45, "axis": "z", "origin": [6.68819, -2.43683, 8.005]},
			"faces": {
				"north": {"uv": [3.75, 10.25, 8.25, 16], "texture": "#0"},
				"east": {"uv": [0, 16, 0, 16], "texture": "#0"},
				"south": {"uv": [8.25, 10.25, 3.75, 16], "texture": "#0"},
				"west": {"uv": [0, 16, 0, 16], "texture": "#0"},
				"up": {"uv": [0, 16, 0, 16], "texture": "#0"},
				"down": {"uv": [0, 16, 0, 16], "texture": "#0"}
			}
		},
		{
			"name": "Voxels",
			"from": [9.80834, 0.12814, 7.75],
			"to": [10.30834, 0.37814, 8],
			"rotation": {"angle": -45, "axis": "z", "origin": [10.09584, 0.90402, 8.0625]},
			"faces": {
				"north": {"uv": [9, 7, 8, 8], "texture": "#6"},
				"east": {"uv": [9, 7, 8, 8], "texture": "#6"},
				"south": {"uv": [9, 7, 8, 8], "texture": "#6"},
				"west": {"uv": [9, 7, 8, 8], "texture": "#6"},
				"up": {"uv": [9, 7, 8, 8], "texture": "#6"},
				"down": {"uv": [9, 7, 8, 8], "texture": "#6"}
			}
		},
		{
			"name": "Voxels",
			"from": [10.05834, 0.37814, 7.5],
			"to": [10.30834, 0.62814, 8.25],
			"rotation": {"angle": -45, "axis": "z", "origin": [10.09584, 0.90402, 8.0625]},
			"faces": {
				"north": {"uv": [9, 7, 8, 8], "texture": "#6"},
				"east": {"uv": [9, 7, 8, 8], "texture": "#6"},
				"south": {"uv": [9, 7, 8, 8], "texture": "#6"},
				"west": {"uv": [9, 7, 8, 8], "texture": "#6"},
				"up": {"uv": [9, 7, 8, 8], "texture": "#6"},
				"down": {"uv": [9, 7, 8, 8], "texture": "#6"}
			}
		},
		{
			"name": "Voxels",
			"from": [9.93334, 0.57814, 7.75],
			"to": [10.18334, 0.82814, 8],
			"rotation": {"angle": -22.5, "axis": "z", "origin": [10.09584, 0.90402, 8.0625]},
			"faces": {
				"north": {"uv": [9, 7, 8, 8], "texture": "#6"},
				"east": {"uv": [9, 7, 8, 8], "texture": "#6"},
				"south": {"uv": [9, 7, 8, 8], "texture": "#6"},
				"west": {"uv": [9, 7, 8, 8], "texture": "#6"},
				"up": {"uv": [9, 7, 8, 8], "texture": "#6"},
				"down": {"uv": [9, 7, 8, 8], "texture": "#6"}
			}
		},
		{
			"name": "Voxels",
			"from": [9.80834, -0.62186, 7.25],
			"to": [10.05834, 0.37814, 7.5],
			"rotation": {"angle": -45, "axis": "z", "origin": [10.09584, 0.90402, 8.0625]},
			"faces": {
				"north": {"uv": [9, 7, 8, 8], "texture": "#7"},
				"east": {"uv": [9, 7, 8, 8], "texture": "#7"},
				"south": {"uv": [9, 7, 8, 8], "texture": "#7"},
				"west": {"uv": [9, 7, 8, 8], "texture": "#7"},
				"up": {"uv": [9, 7, 8, 8], "texture": "#7"},
				"down": {"uv": [9, 7, 8, 8], "texture": "#7"}
			}
		},
		{
			"name": "Voxels",
			"from": [9.80834, -0.62186, 8.25],
			"to": [10.05834, 0.37814, 8.75],
			"rotation": {"angle": -45, "axis": "z", "origin": [10.09584, 0.90402, 8.0625]},
			"faces": {
				"north": {"uv": [9, 7, 8, 8], "texture": "#7"},
				"east": {"uv": [9, 7, 8, 8], "texture": "#7"},
				"south": {"uv": [9, 7, 8, 8], "texture": "#7"},
				"west": {"uv": [9, 7, 8, 8], "texture": "#7"},
				"up": {"uv": [9, 7, 8, 8], "texture": "#7"},
				"down": {"uv": [9, 7, 8, 8], "texture": "#7"}
			}
		},
		{
			"name": "Voxels",
			"from": [9.80834, -0.37186, 7],
			"to": [10.05834, 0.12814, 7.25],
			"rotation": {"angle": -45, "axis": "z", "origin": [10.09584, 0.90402, 8.0625]},
			"faces": {
				"north": {"uv": [9, 7, 8, 8], "texture": "#7"},
				"east": {"uv": [9, 7, 8, 8], "texture": "#7"},
				"south": {"uv": [9, 7, 8, 8], "texture": "#7"},
				"west": {"uv": [9, 7, 8, 8], "texture": "#7"},
				"up": {"uv": [9, 7, 8, 8], "texture": "#7"},
				"down": {"uv": [9, 7, 8, 8], "texture": "#7"}
			}
		},
		{
			"name": "Voxels",
			"from": [9.80834, -0.37186, 7.5],
			"to": [10.05834, 0.37814, 7.75],
			"rotation": {"angle": -45, "axis": "z", "origin": [10.09584, 0.90402, 8.0625]},
			"faces": {
				"north": {"uv": [9, 7, 8, 8], "texture": "#7"},
				"east": {"uv": [9, 7, 8, 8], "texture": "#7"},
				"south": {"uv": [9, 7, 8, 8], "texture": "#7"},
				"west": {"uv": [9, 7, 8, 8], "texture": "#7"},
				"up": {"uv": [9, 7, 8, 8], "texture": "#7"},
				"down": {"uv": [9, 7, 8, 8], "texture": "#7"}
			}
		},
		{
			"name": "Voxels",
			"from": [9.80834, -0.37186, 8.75],
			"to": [10.05834, 0.12814, 9],
			"rotation": {"angle": -45, "axis": "z", "origin": [10.09584, 0.90402, 8.0625]},
			"faces": {
				"north": {"uv": [9, 7, 8, 8], "texture": "#7"},
				"east": {"uv": [9, 7, 8, 8], "texture": "#7"},
				"south": {"uv": [9, 7, 8, 8], "texture": "#7"},
				"west": {"uv": [9, 7, 8, 8], "texture": "#7"},
				"up": {"uv": [9, 7, 8, 8], "texture": "#7"},
				"down": {"uv": [9, 7, 8, 8], "texture": "#7"}
			}
		},
		{
			"name": "Voxels",
			"from": [9.80834, -0.12186, 8],
			"to": [10.05834, 0.37814, 8.25],
			"rotation": {"angle": -45, "axis": "z", "origin": [10.09584, 0.90402, 8.0625]},
			"faces": {
				"north": {"uv": [9, 7, 8, 8], "texture": "#7"},
				"east": {"uv": [9, 7, 8, 8], "texture": "#7"},
				"south": {"uv": [9, 7, 8, 8], "texture": "#7"},
				"west": {"uv": [9, 7, 8, 8], "texture": "#7"},
				"up": {"uv": [9, 7, 8, 8], "texture": "#7"},
				"down": {"uv": [9, 7, 8, 8], "texture": "#7"}
			}
		},
		{
			"name": "Voxels",
			"from": [9.50834, 0.62814, 7.25],
			"to": [9.75834, 1.62814, 7.5],
			"rotation": {"angle": -22.5, "axis": "z", "origin": [10.09584, 0.90402, 8.0625]},
			"faces": {
				"north": {"uv": [9, 7, 8, 8], "texture": "#7"},
				"east": {"uv": [9, 7, 8, 8], "texture": "#7"},
				"south": {"uv": [9, 7, 8, 8], "texture": "#7"},
				"west": {"uv": [9, 7, 8, 8], "texture": "#7"},
				"up": {"uv": [9, 7, 8, 8], "texture": "#7"},
				"down": {"uv": [9, 7, 8, 8], "texture": "#7"}
			}
		},
		{
			"name": "Voxels",
			"from": [9.75834, 0.62814, 7.25],
			"to": [10.00834, 1.37814, 7.5],
			"rotation": {"angle": -22.5, "axis": "z", "origin": [10.09584, 0.90402, 8.0625]},
			"faces": {
				"north": {"uv": [9, 7, 8, 8], "texture": "#7"},
				"east": {"uv": [9, 7, 8, 8], "texture": "#7"},
				"south": {"uv": [9, 7, 8, 8], "texture": "#7"},
				"west": {"uv": [9, 7, 8, 8], "texture": "#7"},
				"up": {"uv": [9, 7, 8, 8], "texture": "#7"},
				"down": {"uv": [9, 7, 8, 8], "texture": "#7"}
			}
		},
		{
			"name": "Voxels",
			"from": [9.75834, 0.62814, 7.5],
			"to": [10.00834, 1.12814, 7.75],
			"rotation": {"angle": -22.5, "axis": "z", "origin": [10.09584, 0.90402, 8.0625]},
			"faces": {
				"north": {"uv": [9, 7, 8, 8], "texture": "#7"},
				"east": {"uv": [9, 7, 8, 8], "texture": "#7"},
				"south": {"uv": [9, 7, 8, 8], "texture": "#7"},
				"west": {"uv": [9, 7, 8, 8], "texture": "#7"},
				"up": {"uv": [9, 7, 8, 8], "texture": "#7"},
				"down": {"uv": [9, 7, 8, 8], "texture": "#7"}
			}
		},
		{
			"name": "Voxels",
			"from": [9.80834, 0.62814, 8],
			"to": [10.05834, 0.87814, 8.75],
			"rotation": {"angle": -22.5, "axis": "z", "origin": [10.09584, 0.90402, 8.0625]},
			"faces": {
				"north": {"uv": [9, 7, 8, 8], "texture": "#7"},
				"east": {"uv": [9, 7, 8, 8], "texture": "#7"},
				"south": {"uv": [9, 7, 8, 8], "texture": "#7"},
				"west": {"uv": [9, 7, 8, 8], "texture": "#7"},
				"up": {"uv": [9, 7, 8, 8], "texture": "#7"},
				"down": {"uv": [9, 7, 8, 8], "texture": "#7"}
			}
		},
		{
			"name": "Voxels",
			"from": [9.00834, 0.87814, 7],
			"to": [9.50834, 1.12814, 7.25],
			"rotation": {"angle": -22.5, "axis": "z", "origin": [10.09584, 0.90402, 8.0625]},
			"faces": {
				"north": {"uv": [9, 7, 8, 8], "texture": "#7"},
				"east": {"uv": [9, 7, 8, 8], "texture": "#7"},
				"south": {"uv": [9, 7, 8, 8], "texture": "#7"},
				"west": {"uv": [9, 7, 8, 8], "texture": "#7"},
				"up": {"uv": [8, 8, 9, 7], "rotation": 90, "texture": "#7"},
				"down": {"uv": [8, 8, 9, 7], "rotation": 270, "texture": "#7"}
			}
		},
		{
			"name": "Voxels",
			"from": [9.25834, 0.62814, 7],
			"to": [9.50834, 0.87814, 7.25],
			"rotation": {"angle": -22.5, "axis": "z", "origin": [10.09584, 0.90402, 8.0625]},
			"faces": {
				"north": {"uv": [9, 7, 8, 8], "texture": "#7"},
				"east": {"uv": [9, 7, 8, 8], "texture": "#7"},
				"south": {"uv": [9, 7, 8, 8], "texture": "#7"},
				"west": {"uv": [9, 7, 8, 8], "texture": "#7"},
				"up": {"uv": [9, 7, 8, 8], "texture": "#7"},
				"down": {"uv": [9, 7, 8, 8], "texture": "#7"}
			}
		},
		{
			"name": "Voxels",
			"from": [9.75834, 0.87814, 8.25],
			"to": [10.00834, 1.12814, 9],
			"rotation": {"angle": -22.5, "axis": "z", "origin": [10.09584, 0.90402, 8.0625]},
			"faces": {
				"north": {"uv": [9, 7, 8, 8], "texture": "#7"},
				"east": {"uv": [9, 7, 8, 8], "texture": "#7"},
				"south": {"uv": [9, 7, 8, 8], "texture": "#7"},
				"west": {"uv": [9, 7, 8, 8], "texture": "#7"},
				"up": {"uv": [9, 7, 8, 8], "texture": "#7"},
				"down": {"uv": [9, 7, 8, 8], "texture": "#7"}
			}
		},
		{
			"name": "Voxels",
			"from": [9.50834, 1.12814, 8.5],
			"to": [9.75834, 1.37814, 9.25],
			"rotation": {"angle": -22.5, "axis": "z", "origin": [10.09584, 0.90402, 8.0625]},
			"faces": {
				"north": {"uv": [9, 7, 8, 8], "texture": "#7"},
				"east": {"uv": [9, 7, 8, 8], "texture": "#7"},
				"south": {"uv": [9, 7, 8, 8], "texture": "#7"},
				"west": {"uv": [9, 7, 8, 8], "texture": "#7"},
				"up": {"uv": [9, 7, 8, 8], "texture": "#7"},
				"down": {"uv": [9, 7, 8, 8], "texture": "#7"}
			}
		},
		{
			"name": "Voxels",
			"from": [9.25834, 1.12814, 7],
			"to": [9.50834, 1.37814, 7.25],
			"rotation": {"angle": -22.5, "axis": "z", "origin": [10.09584, 0.90402, 8.0625]},
			"faces": {
				"north": {"uv": [9, 7, 8, 8], "texture": "#7"},
				"east": {"uv": [9, 7, 8, 8], "texture": "#7"},
				"south": {"uv": [9, 7, 8, 8], "texture": "#7"},
				"west": {"uv": [9, 7, 8, 8], "texture": "#7"},
				"up": {"uv": [9, 7, 8, 8], "texture": "#7"},
				"down": {"uv": [9, 7, 8, 8], "texture": "#7"}
			}
		},
		{
			"name": "Voxels",
			"from": [9.25834, 1.37814, 8.75],
			"to": [9.50834, 1.62814, 9.25],
			"rotation": {"angle": -22.5, "axis": "z", "origin": [10.09584, 0.90402, 8.0625]},
			"faces": {
				"north": {"uv": [9, 7, 8, 8], "texture": "#7"},
				"east": {"uv": [9, 7, 8, 8], "texture": "#7"},
				"south": {"uv": [9, 7, 8, 8], "texture": "#7"},
				"west": {"uv": [9, 7, 8, 8], "texture": "#7"},
				"up": {"uv": [9, 7, 8, 8], "texture": "#7"},
				"down": {"uv": [9, 7, 8, 8], "texture": "#7"}
			}
		},
		{
			"name": "Voxels",
			"from": [9.75834, 0.87814, 7.75],
			"to": [10.00834, 1.62814, 8],
			"rotation": {"angle": -22.5, "axis": "z", "origin": [10.09584, 0.90402, 8.0625]},
			"faces": {
				"north": {"uv": [7, 8, 10, 4], "texture": "#7"},
				"east": {"uv": [7, 8, 10, 4], "texture": "#7"},
				"south": {"uv": [7, 8, 10, 4], "texture": "#7"},
				"west": {"uv": [7, 8, 10, 4], "texture": "#7"},
				"up": {"uv": [7, 8, 10, 4], "texture": "#7"},
				"down": {"uv": [7, 8, 10, 4], "texture": "#7"}
			}
		},
		{
			"name": "Voxels",
			"from": [9.80834, -0.87186, 7.5],
			"to": [10.05834, -0.62186, 7.75],
			"rotation": {"angle": -45, "axis": "z", "origin": [10.09584, 0.90402, 8.0625]},
			"faces": {
				"north": {"uv": [7, 8, 10, 4], "texture": "#7"},
				"east": {"uv": [7, 8, 10, 4], "texture": "#7"},
				"south": {"uv": [7, 8, 10, 4], "texture": "#7"},
				"west": {"uv": [7, 8, 10, 4], "texture": "#7"},
				"up": {"uv": [7, 8, 10, 4], "texture": "#7"},
				"down": {"uv": [7, 8, 10, 4], "texture": "#7"}
			}
		},
		{
			"name": "Voxels",
			"from": [9.98626, 7.25457, 7.8075],
			"to": [10.25626, 7.38957, 7.9425],
			"rotation": {"angle": 22.5, "axis": "z", "origin": [10.14151, 7.67355, 7.97625]},
			"faces": {
				"north": {"uv": [9, 7, 8, 8], "texture": "#6"},
				"east": {"uv": [9, 7, 8, 8], "texture": "#6"},
				"south": {"uv": [9, 7, 8, 8], "texture": "#6"},
				"west": {"uv": [9, 7, 8, 8], "texture": "#6"},
				"up": {"uv": [9, 7, 8, 8], "texture": "#6"},
				"down": {"uv": [9, 7, 8, 8], "texture": "#6"}
			}
		},
		{
			"name": "Voxels",
			"from": [10.12126, 7.38957, 7.6725],
			"to": [10.25626, 7.52457, 8.0775],
			"rotation": {"angle": 22.5, "axis": "z", "origin": [10.14151, 7.67355, 7.97625]},
			"faces": {
				"north": {"uv": [9, 7, 8, 8], "texture": "#6"},
				"east": {"uv": [9, 7, 8, 8], "texture": "#6"},
				"south": {"uv": [9, 7, 8, 8], "texture": "#6"},
				"west": {"uv": [9, 7, 8, 8], "texture": "#6"},
				"up": {"uv": [9, 7, 8, 8], "texture": "#6"},
				"down": {"uv": [9, 7, 8, 8], "texture": "#6"}
			}
		},
		{
			"name": "Voxels",
			"from": [10.12126, 7.52457, 7.8075],
			"to": [10.25626, 7.65957, 7.9425],
			"rotation": {"angle": 22.5, "axis": "z", "origin": [10.14151, 7.67355, 7.97625]},
			"faces": {
				"north": {"uv": [9, 7, 8, 8], "texture": "#6"},
				"east": {"uv": [9, 7, 8, 8], "texture": "#6"},
				"south": {"uv": [9, 7, 8, 8], "texture": "#6"},
				"west": {"uv": [9, 7, 8, 8], "texture": "#6"},
				"up": {"uv": [9, 7, 8, 8], "texture": "#6"},
				"down": {"uv": [9, 7, 8, 8], "texture": "#6"}
			}
		},
		{
			"name": "Voxels",
			"from": [9.98626, 6.84957, 7.5375],
			"to": [10.12126, 7.38957, 7.6725],
			"rotation": {"angle": 22.5, "axis": "z", "origin": [10.14151, 7.67355, 7.97625]},
			"faces": {
				"north": {"uv": [9, 7, 8, 8], "texture": "#7"},
				"east": {"uv": [9, 7, 8, 8], "texture": "#7"},
				"south": {"uv": [9, 7, 8, 8], "texture": "#7"},
				"west": {"uv": [9, 7, 8, 8], "texture": "#7"},
				"up": {"uv": [9, 7, 8, 8], "texture": "#7"},
				"down": {"uv": [9, 7, 8, 8], "texture": "#7"}
			}
		},
		{
			"name": "Voxels",
			"from": [9.98626, 6.84957, 8.0775],
			"to": [10.12126, 7.38957, 8.3475],
			"rotation": {"angle": 22.5, "axis": "z", "origin": [10.14151, 7.67355, 7.97625]},
			"faces": {
				"north": {"uv": [9, 7, 8, 8], "texture": "#7"},
				"east": {"uv": [9, 7, 8, 8], "texture": "#7"},
				"south": {"uv": [9, 7, 8, 8], "texture": "#7"},
				"west": {"uv": [9, 7, 8, 8], "texture": "#7"},
				"up": {"uv": [9, 7, 8, 8], "texture": "#7"},
				"down": {"uv": [9, 7, 8, 8], "texture": "#7"}
			}
		},
		{
			"name": "Voxels",
			"from": [9.98626, 6.98457, 7.4025],
			"to": [10.12126, 7.25457, 7.5375],
			"rotation": {"angle": 22.5, "axis": "z", "origin": [10.14151, 7.67355, 7.97625]},
			"faces": {
				"north": {"uv": [9, 7, 8, 8], "texture": "#7"},
				"east": {"uv": [9, 7, 8, 8], "texture": "#7"},
				"south": {"uv": [9, 7, 8, 8], "texture": "#7"},
				"west": {"uv": [9, 7, 8, 8], "texture": "#7"},
				"up": {"uv": [9, 7, 8, 8], "texture": "#7"},
				"down": {"uv": [9, 7, 8, 8], "texture": "#7"}
			}
		},
		{
			"name": "Voxels",
			"from": [9.98626, 6.98457, 7.6725],
			"to": [10.12126, 7.38957, 7.8075],
			"rotation": {"angle": 22.5, "axis": "z", "origin": [10.14151, 7.67355, 7.97625]},
			"faces": {
				"north": {"uv": [9, 7, 8, 8], "texture": "#7"},
				"east": {"uv": [9, 7, 8, 8], "texture": "#7"},
				"south": {"uv": [9, 7, 8, 8], "texture": "#7"},
				"west": {"uv": [9, 7, 8, 8], "texture": "#7"},
				"up": {"uv": [9, 7, 8, 8], "texture": "#7"},
				"down": {"uv": [9, 7, 8, 8], "texture": "#7"}
			}
		},
		{
			"name": "Voxels",
			"from": [9.98626, 6.98457, 8.3475],
			"to": [10.12126, 7.25457, 8.4825],
			"rotation": {"angle": 22.5, "axis": "z", "origin": [10.14151, 7.67355, 7.97625]},
			"faces": {
				"north": {"uv": [9, 7, 8, 8], "texture": "#7"},
				"east": {"uv": [9, 7, 8, 8], "texture": "#7"},
				"south": {"uv": [9, 7, 8, 8], "texture": "#7"},
				"west": {"uv": [9, 7, 8, 8], "texture": "#7"},
				"up": {"uv": [9, 7, 8, 8], "texture": "#7"},
				"down": {"uv": [9, 7, 8, 8], "texture": "#7"}
			}
		},
		{
			"name": "Voxels",
			"from": [9.98626, 7.11957, 7.9425],
			"to": [10.12126, 7.38957, 8.0775],
			"rotation": {"angle": 22.5, "axis": "z", "origin": [10.14151, 7.67355, 7.97625]},
			"faces": {
				"north": {"uv": [9, 7, 8, 8], "texture": "#7"},
				"east": {"uv": [9, 7, 8, 8], "texture": "#7"},
				"south": {"uv": [9, 7, 8, 8], "texture": "#7"},
				"west": {"uv": [9, 7, 8, 8], "texture": "#7"},
				"up": {"uv": [9, 7, 8, 8], "texture": "#7"},
				"down": {"uv": [9, 7, 8, 8], "texture": "#7"}
			}
		},
		{
			"name": "Voxels",
			"from": [10.01649, 7.60323, 7.4025],
			"to": [10.15149, 8.14323, 7.5375],
			"rotation": {"angle": 22.5, "axis": "z", "origin": [10.26624, 7.72521, 7.84125]},
			"faces": {
				"north": {"uv": [9, 7, 8, 8], "texture": "#7"},
				"east": {"uv": [9, 7, 8, 8], "texture": "#7"},
				"south": {"uv": [9, 7, 8, 8], "texture": "#7"},
				"west": {"uv": [9, 7, 8, 8], "texture": "#7"},
				"up": {"uv": [9, 7, 8, 8], "texture": "#7"},
				"down": {"uv": [9, 7, 8, 8], "texture": "#7"}
			}
		},
		{
			"name": "Voxels",
			"from": [10.02676, 7.55157, 7.5375],
			"to": [10.16176, 7.95657, 7.6725],
			"rotation": {"angle": 22.5, "axis": "z", "origin": [10.14151, 7.67355, 7.97625]},
			"faces": {
				"north": {"uv": [9, 7, 8, 8], "texture": "#7"},
				"east": {"uv": [9, 7, 8, 8], "texture": "#7"},
				"south": {"uv": [9, 7, 8, 8], "texture": "#7"},
				"west": {"uv": [9, 7, 8, 8], "texture": "#7"},
				"up": {"uv": [9, 7, 8, 8], "texture": "#7"},
				"down": {"uv": [9, 7, 8, 8], "texture": "#7"}
			}
		},
		{
			"name": "Voxels",
			"from": [10.02676, 7.55157, 7.6725],
			"to": [10.16176, 7.82157, 7.8075],
			"rotation": {"angle": 22.5, "axis": "z", "origin": [10.14151, 7.67355, 7.97625]},
			"faces": {
				"north": {"uv": [9, 7, 8, 8], "texture": "#7"},
				"east": {"uv": [9, 7, 8, 8], "texture": "#7"},
				"south": {"uv": [9, 7, 8, 8], "texture": "#7"},
				"west": {"uv": [9, 7, 8, 8], "texture": "#7"},
				"up": {"uv": [9, 7, 8, 8], "texture": "#7"},
				"down": {"uv": [9, 7, 8, 8], "texture": "#7"}
			}
		},
		{
			"name": "Voxels",
			"from": [10.05376, 7.55157, 7.9425],
			"to": [10.18876, 7.68657, 8.3475],
			"rotation": {"angle": 22.5, "axis": "z", "origin": [10.14151, 7.67355, 7.97625]},
			"faces": {
				"north": {"uv": [9, 7, 8, 8], "texture": "#7"},
				"east": {"uv": [9, 7, 8, 8], "texture": "#7"},
				"south": {"uv": [9, 7, 8, 8], "texture": "#7"},
				"west": {"uv": [9, 7, 8, 8], "texture": "#7"},
				"up": {"uv": [9, 7, 8, 8], "texture": "#7"},
				"down": {"uv": [9, 7, 8, 8], "texture": "#7"}
			}
		},
		{
			"name": "Voxels",
			"from": [9.99955, 7.66236, 7.1325],
			"to": [10.13455, 7.79736, 7.4025],
			"rotation": {"angle": 22.5, "axis": "z", "origin": [10.06705, 7.72986, 7.2675]},
			"faces": {
				"north": {"uv": [9, 7, 8, 8], "texture": "#7"},
				"east": {"uv": [9, 7, 8, 8], "texture": "#7"},
				"south": {"uv": [9, 7, 8, 8], "texture": "#7"},
				"west": {"uv": [9, 7, 8, 8], "texture": "#7"},
				"up": {"uv": [8, 8, 9, 7], "rotation": 180, "texture": "#7"},
				"down": {"uv": [8, 8, 9, 7], "rotation": 180, "texture": "#7"}
			}
		},
		{
			"name": "Voxels",
			"from": [10.00621, 7.6549, 7.2675],
			"to": [10.14121, 7.7899, 7.4025],
			"rotation": {"angle": 22.5, "axis": "z", "origin": [10.39096, 7.77688, 7.84125]},
			"faces": {
				"north": {"uv": [9, 7, 8, 8], "texture": "#7"},
				"east": {"uv": [9, 7, 8, 8], "texture": "#7"},
				"south": {"uv": [9, 7, 8, 8], "texture": "#7"},
				"west": {"uv": [9, 7, 8, 8], "texture": "#7"},
				"up": {"uv": [9, 7, 8, 8], "texture": "#7"},
				"down": {"uv": [9, 7, 8, 8], "texture": "#7"}
			}
		},
		{
			"name": "Voxels",
			"from": [10.05376, 7.68657, 8.0775],
			"to": [10.18876, 7.82157, 8.4825],
			"rotation": {"angle": 22.5, "axis": "z", "origin": [10.14151, 7.67355, 7.97625]},
			"faces": {
				"north": {"uv": [9, 7, 8, 8], "texture": "#7"},
				"east": {"uv": [9, 7, 8, 8], "texture": "#7"},
				"south": {"uv": [9, 7, 8, 8], "texture": "#7"},
				"west": {"uv": [9, 7, 8, 8], "texture": "#7"},
				"up": {"uv": [9, 7, 8, 8], "texture": "#7"},
				"down": {"uv": [9, 7, 8, 8], "texture": "#7"}
			}
		},
		{
			"name": "Voxels",
			"from": [10.05376, 7.82157, 8.2125],
			"to": [10.18876, 7.95657, 8.6175],
			"rotation": {"angle": 22.5, "axis": "z", "origin": [10.14151, 7.67355, 7.97625]},
			"faces": {
				"north": {"uv": [9, 7, 8, 8], "texture": "#7"},
				"east": {"uv": [9, 7, 8, 8], "texture": "#7"},
				"south": {"uv": [9, 7, 8, 8], "texture": "#7"},
				"west": {"uv": [9, 7, 8, 8], "texture": "#7"},
				"up": {"uv": [9, 7, 8, 8], "texture": "#7"},
				"down": {"uv": [9, 7, 8, 8], "texture": "#7"}
			}
		},
		{
			"name": "Voxels",
			"from": [10.00621, 7.9249, 7.2675],
			"to": [10.14121, 8.0599, 7.4025],
			"rotation": {"angle": 22.5, "axis": "z", "origin": [10.39096, 7.77688, 7.84125]},
			"faces": {
				"north": {"uv": [9, 7, 8, 8], "texture": "#7"},
				"east": {"uv": [9, 7, 8, 8], "texture": "#7"},
				"south": {"uv": [9, 7, 8, 8], "texture": "#7"},
				"west": {"uv": [9, 7, 8, 8], "texture": "#7"},
				"up": {"uv": [9, 7, 8, 8], "texture": "#7"},
				"down": {"uv": [9, 7, 8, 8], "texture": "#7"}
			}
		},
		{
			"name": "Voxels",
			"from": [10.05376, 7.95657, 8.3475],
			"to": [10.18876, 8.09157, 8.6175],
			"rotation": {"angle": 22.5, "axis": "z", "origin": [10.14151, 7.67355, 7.97625]},
			"faces": {
				"north": {"uv": [9, 7, 8, 8], "texture": "#7"},
				"east": {"uv": [9, 7, 8, 8], "texture": "#7"},
				"south": {"uv": [9, 7, 8, 8], "texture": "#7"},
				"west": {"uv": [9, 7, 8, 8], "texture": "#7"},
				"up": {"uv": [9, 7, 8, 8], "texture": "#7"},
				"down": {"uv": [9, 7, 8, 8], "texture": "#7"}
			}
		},
		{
			"name": "Voxels",
			"from": [10.02676, 7.68657, 7.8075],
			"to": [10.16176, 8.09157, 7.9425],
			"rotation": {"angle": 22.5, "axis": "z", "origin": [10.14151, 7.67355, 7.97625]},
			"faces": {
				"north": {"uv": [7, 8, 10, 4], "texture": "#7"},
				"east": {"uv": [7, 8, 10, 4], "texture": "#7"},
				"south": {"uv": [7, 8, 10, 4], "texture": "#7"},
				"west": {"uv": [7, 8, 10, 4], "texture": "#7"},
				"up": {"uv": [7, 8, 10, 4], "texture": "#7"},
				"down": {"uv": [7, 8, 10, 4], "texture": "#7"}
			}
		},
		{
			"name": "Voxels",
			"from": [9.98626, 6.71457, 7.6725],
			"to": [10.12126, 6.84957, 7.8075],
			"rotation": {"angle": 22.5, "axis": "z", "origin": [10.14151, 7.67355, 7.97625]},
			"faces": {
				"north": {"uv": [7, 8, 10, 4], "texture": "#7"},
				"east": {"uv": [7, 8, 10, 4], "texture": "#7"},
				"south": {"uv": [7, 8, 10, 4], "texture": "#7"},
				"west": {"uv": [7, 8, 10, 4], "texture": "#7"},
				"up": {"uv": [7, 8, 10, 4], "texture": "#7"},
				"down": {"uv": [7, 8, 10, 4], "texture": "#7"}
			}
		},
		{
			"name": "Voxels",
			"from": [4.67526, 10.00457, 7.384],
			"to": [4.81026, 10.13957, 7.654],
			"rotation": {"angle": 0, "axis": "y", "origin": [10.14151, 7.67355, 8.02375]},
			"faces": {
				"north": {"uv": [8, 7, 9, 8], "texture": "#6"},
				"east": {"uv": [8, 7, 9, 8], "texture": "#6"},
				"south": {"uv": [8, 7, 9, 8], "texture": "#6"},
				"west": {"uv": [8, 7, 9, 8], "texture": "#6"},
				"up": {"uv": [8, 7, 9, 8], "rotation": 90, "texture": "#6"},
				"down": {"uv": [8, 7, 9, 8], "rotation": 270, "texture": "#6"}
			}
		},
		{
			"name": "Voxels",
			"from": [4.54026, 10.13957, 7.384],
			"to": [4.94526, 10.27457, 7.519],
			"rotation": {"angle": 0, "axis": "y", "origin": [10.14151, 7.67355, 8.02375]},
			"faces": {
				"north": {"uv": [8, 7, 9, 8], "texture": "#6"},
				"east": {"uv": [8, 7, 9, 8], "texture": "#6"},
				"south": {"uv": [8, 7, 9, 8], "texture": "#6"},
				"west": {"uv": [8, 7, 9, 8], "texture": "#6"},
				"up": {"uv": [8, 7, 9, 8], "rotation": 90, "texture": "#6"},
				"down": {"uv": [8, 7, 9, 8], "rotation": 270, "texture": "#6"}
			}
		},
		{
			"name": "Voxels",
			"from": [4.67526, 10.27457, 7.384],
			"to": [4.81026, 10.40957, 7.519],
			"rotation": {"angle": 0, "axis": "y", "origin": [10.14151, 7.67355, 8.02375]},
			"faces": {
				"north": {"uv": [8, 7, 9, 8], "texture": "#6"},
				"east": {"uv": [8, 7, 9, 8], "texture": "#6"},
				"south": {"uv": [8, 7, 9, 8], "texture": "#6"},
				"west": {"uv": [8, 7, 9, 8], "texture": "#6"},
				"up": {"uv": [8, 7, 9, 8], "rotation": 90, "texture": "#6"},
				"down": {"uv": [8, 7, 9, 8], "rotation": 270, "texture": "#6"}
			}
		},
		{
			"name": "Voxels",
			"from": [4.94526, 9.59957, 7.519],
			"to": [5.08026, 10.13957, 7.654],
			"rotation": {"angle": 0, "axis": "y", "origin": [10.14151, 7.67355, 8.02375]},
			"faces": {
				"north": {"uv": [8, 7, 9, 8], "texture": "#7"},
				"east": {"uv": [8, 7, 9, 8], "texture": "#7"},
				"south": {"uv": [8, 7, 9, 8], "texture": "#7"},
				"west": {"uv": [8, 7, 9, 8], "texture": "#7"},
				"up": {"uv": [8, 7, 9, 8], "rotation": 90, "texture": "#7"},
				"down": {"uv": [8, 7, 9, 8], "rotation": 270, "texture": "#7"}
			}
		},
		{
			"name": "Voxels",
			"from": [4.27026, 9.59957, 7.519],
			"to": [4.54026, 10.13957, 7.654],
			"rotation": {"angle": 0, "axis": "y", "origin": [10.14151, 7.67355, 8.02375]},
			"faces": {
				"north": {"uv": [8, 7, 9, 8], "texture": "#7"},
				"east": {"uv": [8, 7, 9, 8], "texture": "#7"},
				"south": {"uv": [8, 7, 9, 8], "texture": "#7"},
				"west": {"uv": [8, 7, 9, 8], "texture": "#7"},
				"up": {"uv": [8, 7, 9, 8], "rotation": 90, "texture": "#7"},
				"down": {"uv": [8, 7, 9, 8], "rotation": 270, "texture": "#7"}
			}
		},
		{
			"name": "Voxels",
			"from": [5.08026, 9.73457, 7.519],
			"to": [5.21526, 10.00457, 7.654],
			"rotation": {"angle": 0, "axis": "y", "origin": [10.14151, 7.67355, 8.02375]},
			"faces": {
				"north": {"uv": [8, 7, 9, 8], "texture": "#7"},
				"east": {"uv": [8, 7, 9, 8], "texture": "#7"},
				"south": {"uv": [8, 7, 9, 8], "texture": "#7"},
				"west": {"uv": [8, 7, 9, 8], "texture": "#7"},
				"up": {"uv": [8, 7, 9, 8], "rotation": 90, "texture": "#7"},
				"down": {"uv": [8, 7, 9, 8], "rotation": 270, "texture": "#7"}
			}
		},
		{
			"name": "Voxels",
			"from": [4.81026, 9.73457, 7.519],
			"to": [4.94526, 10.13957, 7.654],
			"rotation": {"angle": 0, "axis": "y", "origin": [10.14151, 7.67355, 8.02375]},
			"faces": {
				"north": {"uv": [8, 7, 9, 8], "texture": "#7"},
				"east": {"uv": [8, 7, 9, 8], "texture": "#7"},
				"south": {"uv": [8, 7, 9, 8], "texture": "#7"},
				"west": {"uv": [8, 7, 9, 8], "texture": "#7"},
				"up": {"uv": [8, 7, 9, 8], "rotation": 90, "texture": "#7"},
				"down": {"uv": [8, 7, 9, 8], "rotation": 270, "texture": "#7"}
			}
		},
		{
			"name": "Voxels",
			"from": [4.13526, 9.73457, 7.519],
			"to": [4.27026, 10.00457, 7.654],
			"rotation": {"angle": 0, "axis": "y", "origin": [10.14151, 7.67355, 8.02375]},
			"faces": {
				"north": {"uv": [8, 7, 9, 8], "texture": "#7"},
				"east": {"uv": [8, 7, 9, 8], "texture": "#7"},
				"south": {"uv": [8, 7, 9, 8], "texture": "#7"},
				"west": {"uv": [8, 7, 9, 8], "texture": "#7"},
				"up": {"uv": [8, 7, 9, 8], "rotation": 90, "texture": "#7"},
				"down": {"uv": [8, 7, 9, 8], "rotation": 270, "texture": "#7"}
			}
		},
		{
			"name": "Voxels",
			"from": [4.54026, 9.86957, 7.519],
			"to": [4.67526, 10.13957, 7.654],
			"rotation": {"angle": 0, "axis": "y", "origin": [10.14151, 7.67355, 8.02375]},
			"faces": {
				"north": {"uv": [8, 7, 9, 8], "texture": "#7"},
				"east": {"uv": [8, 7, 9, 8], "texture": "#7"},
				"south": {"uv": [8, 7, 9, 8], "texture": "#7"},
				"west": {"uv": [8, 7, 9, 8], "texture": "#7"},
				"up": {"uv": [8, 7, 9, 8], "rotation": 90, "texture": "#7"},
				"down": {"uv": [8, 7, 9, 8], "rotation": 270, "texture": "#7"}
			}
		},
		{
			"name": "Voxels",
			"from": [5.08026, 10.35323, 7.48878],
			"to": [5.21526, 10.89323, 7.62378],
			"rotation": {"angle": 0, "axis": "y", "origin": [10.27651, 7.72521, 7.89903]},
			"faces": {
				"north": {"uv": [8, 7, 9, 8], "texture": "#7"},
				"east": {"uv": [8, 7, 9, 8], "texture": "#7"},
				"south": {"uv": [8, 7, 9, 8], "texture": "#7"},
				"west": {"uv": [8, 7, 9, 8], "texture": "#7"},
				"up": {"uv": [8, 7, 9, 8], "rotation": 90, "texture": "#7"},
				"down": {"uv": [8, 7, 9, 8], "rotation": 270, "texture": "#7"}
			}
		},
		{
			"name": "Voxels",
			"from": [4.94526, 10.30157, 7.4785],
			"to": [5.08026, 10.70657, 7.6135],
			"rotation": {"angle": 0, "axis": "y", "origin": [10.14151, 7.67355, 8.02375]},
			"faces": {
				"north": {"uv": [8, 7, 9, 8], "texture": "#7"},
				"east": {"uv": [8, 7, 9, 8], "texture": "#7"},
				"south": {"uv": [8, 7, 9, 8], "texture": "#7"},
				"west": {"uv": [8, 7, 9, 8], "texture": "#7"},
				"up": {"uv": [8, 7, 9, 8], "rotation": 90, "texture": "#7"},
				"down": {"uv": [8, 7, 9, 8], "rotation": 270, "texture": "#7"}
			}
		},
		{
			"name": "Voxels",
			"from": [4.81026, 10.30157, 7.4785],
			"to": [4.94526, 10.57157, 7.6135],
			"rotation": {"angle": 0, "axis": "y", "origin": [10.14151, 7.67355, 8.02375]},
			"faces": {
				"north": {"uv": [8, 7, 9, 8], "texture": "#7"},
				"east": {"uv": [8, 7, 9, 8], "texture": "#7"},
				"south": {"uv": [8, 7, 9, 8], "texture": "#7"},
				"west": {"uv": [8, 7, 9, 8], "texture": "#7"},
				"up": {"uv": [8, 7, 9, 8], "rotation": 90, "texture": "#7"},
				"down": {"uv": [8, 7, 9, 8], "rotation": 270, "texture": "#7"}
			}
		},
		{
			"name": "Voxels",
			"from": [4.27026, 10.30157, 7.4515],
			"to": [4.67526, 10.43657, 7.5865],
			"rotation": {"angle": 0, "axis": "y", "origin": [10.14151, 7.67355, 8.02375]},
			"faces": {
				"north": {"uv": [8, 7, 9, 8], "texture": "#7"},
				"east": {"uv": [8, 7, 9, 8], "texture": "#7"},
				"south": {"uv": [8, 7, 9, 8], "texture": "#7"},
				"west": {"uv": [8, 7, 9, 8], "texture": "#7"},
				"up": {"uv": [8, 7, 9, 8], "rotation": 90, "texture": "#7"},
				"down": {"uv": [8, 7, 9, 8], "rotation": 270, "texture": "#7"}
			}
		},
		{
			"name": "Voxels",
			"from": [5.21526, 10.41236, 7.50572],
			"to": [5.48526, 10.54736, 7.64072],
			"rotation": {"angle": 0, "axis": "y", "origin": [10.85026, 7.72986, 8.09822]},
			"faces": {
				"north": {"uv": [8, 7, 9, 8], "texture": "#7"},
				"east": {"uv": [8, 7, 9, 8], "texture": "#7"},
				"south": {"uv": [8, 7, 9, 8], "texture": "#7"},
				"west": {"uv": [8, 7, 9, 8], "texture": "#7"},
				"up": {"uv": [9, 8, 8, 7], "rotation": 270, "texture": "#7"},
				"down": {"uv": [9, 8, 8, 7], "rotation": 90, "texture": "#7"}
			}
		},
		{
			"name": "Voxels",
			"from": [5.21526, 10.4049, 7.49905],
			"to": [5.35026, 10.5399, 7.63405],
			"rotation": {"angle": 0, "axis": "y", "origin": [10.27651, 7.77688, 7.7743]},
			"faces": {
				"north": {"uv": [8, 7, 9, 8], "texture": "#7"},
				"east": {"uv": [8, 7, 9, 8], "texture": "#7"},
				"south": {"uv": [8, 7, 9, 8], "texture": "#7"},
				"west": {"uv": [8, 7, 9, 8], "texture": "#7"},
				"up": {"uv": [8, 7, 9, 8], "rotation": 90, "texture": "#7"},
				"down": {"uv": [8, 7, 9, 8], "rotation": 270, "texture": "#7"}
			}
		},
		{
			"name": "Voxels",
			"from": [4.13526, 10.43657, 7.4515],
			"to": [4.54026, 10.57157, 7.5865],
			"rotation": {"angle": 0, "axis": "y", "origin": [10.14151, 7.67355, 8.02375]},
			"faces": {
				"north": {"uv": [8, 7, 9, 8], "texture": "#7"},
				"east": {"uv": [8, 7, 9, 8], "texture": "#7"},
				"south": {"uv": [8, 7, 9, 8], "texture": "#7"},
				"west": {"uv": [8, 7, 9, 8], "texture": "#7"},
				"up": {"uv": [8, 7, 9, 8], "rotation": 90, "texture": "#7"},
				"down": {"uv": [8, 7, 9, 8], "rotation": 270, "texture": "#7"}
			}
		},
		{
			"name": "Voxels",
			"from": [4.00026, 10.57157, 7.4515],
			"to": [4.40526, 10.70657, 7.5865],
			"rotation": {"angle": 0, "axis": "y", "origin": [10.14151, 7.67355, 8.02375]},
			"faces": {
				"north": {"uv": [8, 7, 9, 8], "texture": "#7"},
				"east": {"uv": [8, 7, 9, 8], "texture": "#7"},
				"south": {"uv": [8, 7, 9, 8], "texture": "#7"},
				"west": {"uv": [8, 7, 9, 8], "texture": "#7"},
				"up": {"uv": [8, 7, 9, 8], "rotation": 90, "texture": "#7"},
				"down": {"uv": [8, 7, 9, 8], "rotation": 270, "texture": "#7"}
			}
		},
		{
			"name": "Voxels",
			"from": [5.21526, 10.6749, 7.49905],
			"to": [5.35026, 10.8099, 7.63405],
			"rotation": {"angle": 0, "axis": "y", "origin": [10.27651, 7.77688, 7.7743]},
			"faces": {
				"north": {"uv": [8, 7, 9, 8], "texture": "#7"},
				"east": {"uv": [8, 7, 9, 8], "texture": "#7"},
				"south": {"uv": [8, 7, 9, 8], "texture": "#7"},
				"west": {"uv": [8, 7, 9, 8], "texture": "#7"},
				"up": {"uv": [8, 7, 9, 8], "rotation": 90, "texture": "#7"},
				"down": {"uv": [8, 7, 9, 8], "rotation": 270, "texture": "#7"}
			}
		},
		{
			"name": "Voxels",
			"from": [4.00026, 10.70657, 7.4515],
			"to": [4.27026, 10.84157, 7.5865],
			"rotation": {"angle": 0, "axis": "y", "origin": [10.14151, 7.67355, 8.02375]},
			"faces": {
				"north": {"uv": [8, 7, 9, 8], "texture": "#7"},
				"east": {"uv": [8, 7, 9, 8], "texture": "#7"},
				"south": {"uv": [8, 7, 9, 8], "texture": "#7"},
				"west": {"uv": [8, 7, 9, 8], "texture": "#7"},
				"up": {"uv": [8, 7, 9, 8], "rotation": 90, "texture": "#7"},
				"down": {"uv": [8, 7, 9, 8], "rotation": 270, "texture": "#7"}
			}
		},
		{
			"name": "Voxels",
			"from": [4.67526, 10.43657, 7.4785],
			"to": [4.81026, 10.84157, 7.6135],
			"rotation": {"angle": 0, "axis": "y", "origin": [10.14151, 7.67355, 8.02375]},
			"faces": {
				"north": {"uv": [10, 8, 7, 4], "texture": "#7"},
				"east": {"uv": [10, 8, 7, 4], "texture": "#7"},
				"south": {"uv": [10, 8, 7, 4], "texture": "#7"},
				"west": {"uv": [10, 8, 7, 4], "texture": "#7"},
				"up": {"uv": [10, 8, 7, 4], "rotation": 90, "texture": "#7"},
				"down": {"uv": [10, 8, 7, 4], "rotation": 270, "texture": "#7"}
			}
		},
		{
			"name": "Voxels",
			"from": [4.81026, 9.46457, 7.519],
			"to": [4.94526, 9.59957, 7.654],
			"rotation": {"angle": 0, "axis": "y", "origin": [10.14151, 7.67355, 8.02375]},
			"faces": {
				"north": {"uv": [10, 8, 7, 4], "texture": "#7"},
				"east": {"uv": [10, 8, 7, 4], "texture": "#7"},
				"south": {"uv": [10, 8, 7, 4], "texture": "#7"},
				"west": {"uv": [10, 8, 7, 4], "texture": "#7"},
				"up": {"uv": [10, 8, 7, 4], "rotation": 90, "texture": "#7"},
				"down": {"uv": [10, 8, 7, 4], "rotation": 270, "texture": "#7"}
			}
		},
		{
			"name": "Voxels",
			"from": [5.92526, -1.49543, 7.559],
			"to": [6.06026, -1.36043, 7.829],
			"rotation": {"angle": 0, "axis": "y", "origin": [10.14151, 7.67355, 8.02375]},
			"faces": {
				"north": {"uv": [8, 7, 9, 8], "texture": "#6"},
				"east": {"uv": [8, 7, 9, 8], "texture": "#6"},
				"south": {"uv": [8, 7, 9, 8], "texture": "#6"},
				"west": {"uv": [8, 7, 9, 8], "texture": "#6"},
				"up": {"uv": [8, 7, 9, 8], "rotation": 90, "texture": "#6"},
				"down": {"uv": [8, 7, 9, 8], "rotation": 270, "texture": "#6"}
			}
		},
		{
			"name": "Voxels",
			"from": [5.79026, -1.36043, 7.559],
			"to": [6.19526, -1.22543, 7.694],
			"rotation": {"angle": 0, "axis": "y", "origin": [10.14151, 7.67355, 8.02375]},
			"faces": {
				"north": {"uv": [8, 7, 9, 8], "texture": "#6"},
				"east": {"uv": [8, 7, 9, 8], "texture": "#6"},
				"south": {"uv": [8, 7, 9, 8], "texture": "#6"},
				"west": {"uv": [8, 7, 9, 8], "texture": "#6"},
				"up": {"uv": [8, 7, 9, 8], "rotation": 90, "texture": "#6"},
				"down": {"uv": [8, 7, 9, 8], "rotation": 270, "texture": "#6"}
			}
		},
		{
			"name": "Voxels",
			"from": [5.92526, -1.22543, 7.559],
			"to": [6.06026, -1.09043, 7.694],
			"rotation": {"angle": 0, "axis": "y", "origin": [10.14151, 7.67355, 8.02375]},
			"faces": {
				"north": {"uv": [8, 7, 9, 8], "texture": "#6"},
				"east": {"uv": [8, 7, 9, 8], "texture": "#6"},
				"south": {"uv": [8, 7, 9, 8], "texture": "#6"},
				"west": {"uv": [8, 7, 9, 8], "texture": "#6"},
				"up": {"uv": [8, 7, 9, 8], "rotation": 90, "texture": "#6"},
				"down": {"uv": [8, 7, 9, 8], "rotation": 270, "texture": "#6"}
			}
		},
		{
			"name": "Voxels",
			"from": [6.19526, -1.90043, 7.694],
			"to": [6.33026, -1.36043, 7.829],
			"rotation": {"angle": 0, "axis": "y", "origin": [10.14151, 7.67355, 8.02375]},
			"faces": {
				"north": {"uv": [8, 7, 9, 8], "texture": "#7"},
				"east": {"uv": [8, 7, 9, 8], "texture": "#7"},
				"south": {"uv": [8, 7, 9, 8], "texture": "#7"},
				"west": {"uv": [8, 7, 9, 8], "texture": "#7"},
				"up": {"uv": [8, 7, 9, 8], "rotation": 90, "texture": "#7"},
				"down": {"uv": [8, 7, 9, 8], "rotation": 270, "texture": "#7"}
			}
		},
		{
			"name": "Voxels",
			"from": [5.52026, -1.90043, 7.694],
			"to": [5.79026, -1.36043, 7.829],
			"rotation": {"angle": 0, "axis": "y", "origin": [10.14151, 7.67355, 8.02375]},
			"faces": {
				"north": {"uv": [8, 7, 9, 8], "texture": "#7"},
				"east": {"uv": [8, 7, 9, 8], "texture": "#7"},
				"south": {"uv": [8, 7, 9, 8], "texture": "#7"},
				"west": {"uv": [8, 7, 9, 8], "texture": "#7"},
				"up": {"uv": [8, 7, 9, 8], "rotation": 90, "texture": "#7"},
				"down": {"uv": [8, 7, 9, 8], "rotation": 270, "texture": "#7"}
			}
		},
		{
			"name": "Voxels",
			"from": [6.33026, -1.76543, 7.694],
			"to": [6.46526, -1.49543, 7.829],
			"rotation": {"angle": 0, "axis": "y", "origin": [10.14151, 7.67355, 8.02375]},
			"faces": {
				"north": {"uv": [8, 7, 9, 8], "texture": "#7"},
				"east": {"uv": [8, 7, 9, 8], "texture": "#7"},
				"south": {"uv": [8, 7, 9, 8], "texture": "#7"},
				"west": {"uv": [8, 7, 9, 8], "texture": "#7"},
				"up": {"uv": [8, 7, 9, 8], "rotation": 90, "texture": "#7"},
				"down": {"uv": [8, 7, 9, 8], "rotation": 270, "texture": "#7"}
			}
		},
		{
			"name": "Voxels",
			"from": [6.06026, -1.76543, 7.694],
			"to": [6.19526, -1.36043, 7.829],
			"rotation": {"angle": 0, "axis": "y", "origin": [10.14151, 7.67355, 8.02375]},
			"faces": {
				"north": {"uv": [8, 7, 9, 8], "texture": "#7"},
				"east": {"uv": [8, 7, 9, 8], "texture": "#7"},
				"south": {"uv": [8, 7, 9, 8], "texture": "#7"},
				"west": {"uv": [8, 7, 9, 8], "texture": "#7"},
				"up": {"uv": [8, 7, 9, 8], "rotation": 90, "texture": "#7"},
				"down": {"uv": [8, 7, 9, 8], "rotation": 270, "texture": "#7"}
			}
		},
		{
			"name": "Voxels",
			"from": [5.38526, -1.76543, 7.694],
			"to": [5.52026, -1.49543, 7.829],
			"rotation": {"angle": 0, "axis": "y", "origin": [10.14151, 7.67355, 8.02375]},
			"faces": {
				"north": {"uv": [8, 7, 9, 8], "texture": "#7"},
				"east": {"uv": [8, 7, 9, 8], "texture": "#7"},
				"south": {"uv": [8, 7, 9, 8], "texture": "#7"},
				"west": {"uv": [8, 7, 9, 8], "texture": "#7"},
				"up": {"uv": [8, 7, 9, 8], "rotation": 90, "texture": "#7"},
				"down": {"uv": [8, 7, 9, 8], "rotation": 270, "texture": "#7"}
			}
		},
		{
			"name": "Voxels",
			"from": [5.79026, -1.63043, 7.694],
			"to": [5.92526, -1.36043, 7.829],
			"rotation": {"angle": 0, "axis": "y", "origin": [10.14151, 7.67355, 8.02375]},
			"faces": {
				"north": {"uv": [8, 7, 9, 8], "texture": "#7"},
				"east": {"uv": [8, 7, 9, 8], "texture": "#7"},
				"south": {"uv": [8, 7, 9, 8], "texture": "#7"},
				"west": {"uv": [8, 7, 9, 8], "texture": "#7"},
				"up": {"uv": [8, 7, 9, 8], "rotation": 90, "texture": "#7"},
				"down": {"uv": [8, 7, 9, 8], "rotation": 270, "texture": "#7"}
			}
		},
		{
			"name": "Voxels",
			"from": [6.33026, -1.14677, 7.66378],
			"to": [6.46526, -0.60677, 7.79878],
			"rotation": {"angle": 0, "axis": "y", "origin": [10.27651, 7.72521, 7.89903]},
			"faces": {
				"north": {"uv": [8, 7, 9, 8], "texture": "#7"},
				"east": {"uv": [8, 7, 9, 8], "texture": "#7"},
				"south": {"uv": [8, 7, 9, 8], "texture": "#7"},
				"west": {"uv": [8, 7, 9, 8], "texture": "#7"},
				"up": {"uv": [8, 7, 9, 8], "rotation": 90, "texture": "#7"},
				"down": {"uv": [8, 7, 9, 8], "rotation": 270, "texture": "#7"}
			}
		},
		{
			"name": "Voxels",
			"from": [6.19526, -1.19843, 7.6535],
			"to": [6.33026, -0.79343, 7.7885],
			"rotation": {"angle": 0, "axis": "y", "origin": [10.14151, 7.67355, 8.02375]},
			"faces": {
				"north": {"uv": [8, 7, 9, 8], "texture": "#7"},
				"east": {"uv": [8, 7, 9, 8], "texture": "#7"},
				"south": {"uv": [8, 7, 9, 8], "texture": "#7"},
				"west": {"uv": [8, 7, 9, 8], "texture": "#7"},
				"up": {"uv": [8, 7, 9, 8], "rotation": 90, "texture": "#7"},
				"down": {"uv": [8, 7, 9, 8], "rotation": 270, "texture": "#7"}
			}
		},
		{
			"name": "Voxels",
			"from": [6.06026, -1.19843, 7.6535],
			"to": [6.19526, -0.92843, 7.7885],
			"rotation": {"angle": 0, "axis": "y", "origin": [10.14151, 7.67355, 8.02375]},
			"faces": {
				"north": {"uv": [8, 7, 9, 8], "texture": "#7"},
				"east": {"uv": [8, 7, 9, 8], "texture": "#7"},
				"south": {"uv": [8, 7, 9, 8], "texture": "#7"},
				"west": {"uv": [8, 7, 9, 8], "texture": "#7"},
				"up": {"uv": [8, 7, 9, 8], "rotation": 90, "texture": "#7"},
				"down": {"uv": [8, 7, 9, 8], "rotation": 270, "texture": "#7"}
			}
		},
		{
			"name": "Voxels",
			"from": [5.52026, -1.19843, 7.6265],
			"to": [5.92526, -1.06343, 7.7615],
			"rotation": {"angle": 0, "axis": "y", "origin": [10.14151, 7.67355, 8.02375]},
			"faces": {
				"north": {"uv": [8, 7, 9, 8], "texture": "#7"},
				"east": {"uv": [8, 7, 9, 8], "texture": "#7"},
				"south": {"uv": [8, 7, 9, 8], "texture": "#7"},
				"west": {"uv": [8, 7, 9, 8], "texture": "#7"},
				"up": {"uv": [8, 7, 9, 8], "rotation": 90, "texture": "#7"},
				"down": {"uv": [8, 7, 9, 8], "rotation": 270, "texture": "#7"}
			}
		},
		{
			"name": "Voxels",
			"from": [6.46526, -1.08764, 7.68072],
			"to": [6.73526, -0.95264, 7.81572],
			"rotation": {"angle": 0, "axis": "y", "origin": [10.85026, 7.72986, 8.09822]},
			"faces": {
				"north": {"uv": [8, 7, 9, 8], "texture": "#7"},
				"east": {"uv": [8, 7, 9, 8], "texture": "#7"},
				"south": {"uv": [8, 7, 9, 8], "texture": "#7"},
				"west": {"uv": [8, 7, 9, 8], "texture": "#7"},
				"up": {"uv": [9, 8, 8, 7], "rotation": 270, "texture": "#7"},
				"down": {"uv": [9, 8, 8, 7], "rotation": 90, "texture": "#7"}
			}
		},
		{
			"name": "Voxels",
			"from": [6.46526, -1.0951, 7.67405],
			"to": [6.60026, -0.9601, 7.80905],
			"rotation": {"angle": 0, "axis": "y", "origin": [10.27651, 7.77688, 7.7743]},
			"faces": {
				"north": {"uv": [8, 7, 9, 8], "texture": "#7"},
				"east": {"uv": [8, 7, 9, 8], "texture": "#7"},
				"south": {"uv": [8, 7, 9, 8], "texture": "#7"},
				"west": {"uv": [8, 7, 9, 8], "texture": "#7"},
				"up": {"uv": [8, 7, 9, 8], "rotation": 90, "texture": "#7"},
				"down": {"uv": [8, 7, 9, 8], "rotation": 270, "texture": "#7"}
			}
		},
		{
			"name": "Voxels",
			"from": [5.38526, -1.06343, 7.6265],
			"to": [5.79026, -0.92843, 7.7615],
			"rotation": {"angle": 0, "axis": "y", "origin": [10.14151, 7.67355, 8.02375]},
			"faces": {
				"north": {"uv": [8, 7, 9, 8], "texture": "#7"},
				"east": {"uv": [8, 7, 9, 8], "texture": "#7"},
				"south": {"uv": [8, 7, 9, 8], "texture": "#7"},
				"west": {"uv": [8, 7, 9, 8], "texture": "#7"},
				"up": {"uv": [8, 7, 9, 8], "rotation": 90, "texture": "#7"},
				"down": {"uv": [8, 7, 9, 8], "rotation": 270, "texture": "#7"}
			}
		},
		{
			"name": "Voxels",
			"from": [5.25026, -0.92843, 7.6265],
			"to": [5.65526, -0.79343, 7.7615],
			"rotation": {"angle": 0, "axis": "y", "origin": [10.14151, 7.67355, 8.02375]},
			"faces": {
				"north": {"uv": [8, 7, 9, 8], "texture": "#7"},
				"east": {"uv": [8, 7, 9, 8], "texture": "#7"},
				"south": {"uv": [8, 7, 9, 8], "texture": "#7"},
				"west": {"uv": [8, 7, 9, 8], "texture": "#7"},
				"up": {"uv": [8, 7, 9, 8], "rotation": 90, "texture": "#7"},
				"down": {"uv": [8, 7, 9, 8], "rotation": 270, "texture": "#7"}
			}
		},
		{
			"name": "Voxels",
			"from": [6.46526, -0.8251, 7.67405],
			"to": [6.60026, -0.6901, 7.80905],
			"rotation": {"angle": 0, "axis": "y", "origin": [10.27651, 7.77688, 7.7743]},
			"faces": {
				"north": {"uv": [8, 7, 9, 8], "texture": "#7"},
				"east": {"uv": [8, 7, 9, 8], "texture": "#7"},
				"south": {"uv": [8, 7, 9, 8], "texture": "#7"},
				"west": {"uv": [8, 7, 9, 8], "texture": "#7"},
				"up": {"uv": [8, 7, 9, 8], "rotation": 90, "texture": "#7"},
				"down": {"uv": [8, 7, 9, 8], "rotation": 270, "texture": "#7"}
			}
		},
		{
			"name": "Voxels",
			"from": [5.25026, -0.79343, 7.6265],
			"to": [5.52026, -0.65843, 7.7615],
			"rotation": {"angle": 0, "axis": "y", "origin": [10.14151, 7.67355, 8.02375]},
			"faces": {
				"north": {"uv": [8, 7, 9, 8], "texture": "#7"},
				"east": {"uv": [8, 7, 9, 8], "texture": "#7"},
				"south": {"uv": [8, 7, 9, 8], "texture": "#7"},
				"west": {"uv": [8, 7, 9, 8], "texture": "#7"},
				"up": {"uv": [8, 7, 9, 8], "rotation": 90, "texture": "#7"},
				"down": {"uv": [8, 7, 9, 8], "rotation": 270, "texture": "#7"}
			}
		},
		{
			"name": "Voxels",
			"from": [5.92526, -1.06343, 7.6535],
			"to": [6.06026, -0.65843, 7.7885],
			"rotation": {"angle": 0, "axis": "y", "origin": [10.14151, 7.67355, 8.02375]},
			"faces": {
				"north": {"uv": [10, 8, 7, 4], "texture": "#7"},
				"east": {"uv": [10, 8, 7, 4], "texture": "#7"},
				"south": {"uv": [10, 8, 7, 4], "texture": "#7"},
				"west": {"uv": [10, 8, 7, 4], "texture": "#7"},
				"up": {"uv": [10, 8, 7, 4], "rotation": 90, "texture": "#7"},
				"down": {"uv": [10, 8, 7, 4], "rotation": 270, "texture": "#7"}
			}
		},
		{
			"name": "Voxels",
			"from": [6.06026, -2.03543, 7.694],
			"to": [6.19526, -1.90043, 7.829],
			"rotation": {"angle": 0, "axis": "y", "origin": [10.14151, 7.67355, 8.02375]},
			"faces": {
				"north": {"uv": [10, 8, 7, 4], "texture": "#7"},
				"east": {"uv": [10, 8, 7, 4], "texture": "#7"},
				"south": {"uv": [10, 8, 7, 4], "texture": "#7"},
				"west": {"uv": [10, 8, 7, 4], "texture": "#7"},
				"up": {"uv": [10, 8, 7, 4], "rotation": 90, "texture": "#7"},
				"down": {"uv": [10, 8, 7, 4], "rotation": 270, "texture": "#7"}
			}
		},
		{
			"name": "Voxels",
			"from": [8.42526, 8.75457, 8.521],
			"to": [8.56026, 8.88957, 8.791],
			"rotation": {"angle": 0, "axis": "y", "origin": [10.14151, 7.67355, 7.97625]},
			"faces": {
				"north": {"uv": [9, 7, 8, 8], "texture": "#6"},
				"east": {"uv": [9, 7, 8, 8], "texture": "#6"},
				"south": {"uv": [9, 7, 8, 8], "texture": "#6"},
				"west": {"uv": [9, 7, 8, 8], "texture": "#6"},
				"up": {"uv": [9, 7, 8, 8], "rotation": 90, "texture": "#6"},
				"down": {"uv": [9, 7, 8, 8], "rotation": 270, "texture": "#6"}
			}
		},
		{
			"name": "Voxels",
			"from": [8.29026, 8.88957, 8.656],
			"to": [8.69526, 9.02457, 8.791],
			"rotation": {"angle": 0, "axis": "y", "origin": [10.14151, 7.67355, 7.97625]},
			"faces": {
				"north": {"uv": [9, 7, 8, 8], "texture": "#6"},
				"east": {"uv": [9, 7, 8, 8], "texture": "#6"},
				"south": {"uv": [9, 7, 8, 8], "texture": "#6"},
				"west": {"uv": [9, 7, 8, 8], "texture": "#6"},
				"up": {"uv": [9, 7, 8, 8], "rotation": 90, "texture": "#6"},
				"down": {"uv": [9, 7, 8, 8], "rotation": 270, "texture": "#6"}
			}
		},
		{
			"name": "Voxels",
			"from": [8.42526, 9.02457, 8.656],
			"to": [8.56026, 9.15957, 8.791],
			"rotation": {"angle": 0, "axis": "y", "origin": [10.14151, 7.67355, 7.97625]},
			"faces": {
				"north": {"uv": [9, 7, 8, 8], "texture": "#6"},
				"east": {"uv": [9, 7, 8, 8], "texture": "#6"},
				"south": {"uv": [9, 7, 8, 8], "texture": "#6"},
				"west": {"uv": [9, 7, 8, 8], "texture": "#6"},
				"up": {"uv": [9, 7, 8, 8], "rotation": 90, "texture": "#6"},
				"down": {"uv": [9, 7, 8, 8], "rotation": 270, "texture": "#6"}
			}
		},
		{
			"name": "Voxels",
			"from": [8.69526, 8.34957, 8.521],
			"to": [8.83026, 8.88957, 8.656],
			"rotation": {"angle": 0, "axis": "y", "origin": [10.14151, 7.67355, 7.97625]},
			"faces": {
				"north": {"uv": [9, 7, 8, 8], "texture": "#7"},
				"east": {"uv": [9, 7, 8, 8], "texture": "#7"},
				"south": {"uv": [9, 7, 8, 8], "texture": "#7"},
				"west": {"uv": [9, 7, 8, 8], "texture": "#7"},
				"up": {"uv": [9, 7, 8, 8], "rotation": 90, "texture": "#7"},
				"down": {"uv": [9, 7, 8, 8], "rotation": 270, "texture": "#7"}
			}
		},
		{
			"name": "Voxels",
			"from": [8.02026, 8.34957, 8.521],
			"to": [8.29026, 8.88957, 8.656],
			"rotation": {"angle": 0, "axis": "y", "origin": [10.14151, 7.67355, 7.97625]},
			"faces": {
				"north": {"uv": [9, 7, 8, 8], "texture": "#7"},
				"east": {"uv": [9, 7, 8, 8], "texture": "#7"},
				"south": {"uv": [9, 7, 8, 8], "texture": "#7"},
				"west": {"uv": [9, 7, 8, 8], "texture": "#7"},
				"up": {"uv": [9, 7, 8, 8], "rotation": 90, "texture": "#7"},
				"down": {"uv": [9, 7, 8, 8], "rotation": 270, "texture": "#7"}
			}
		},
		{
			"name": "Voxels",
			"from": [8.83026, 8.48457, 8.521],
			"to": [8.96526, 8.75457, 8.656],
			"rotation": {"angle": 0, "axis": "y", "origin": [10.14151, 7.67355, 7.97625]},
			"faces": {
				"north": {"uv": [9, 7, 8, 8], "texture": "#7"},
				"east": {"uv": [9, 7, 8, 8], "texture": "#7"},
				"south": {"uv": [9, 7, 8, 8], "texture": "#7"},
				"west": {"uv": [9, 7, 8, 8], "texture": "#7"},
				"up": {"uv": [9, 7, 8, 8], "rotation": 90, "texture": "#7"},
				"down": {"uv": [9, 7, 8, 8], "rotation": 270, "texture": "#7"}
			}
		},
		{
			"name": "Voxels",
			"from": [8.56026, 8.48457, 8.521],
			"to": [8.69526, 8.88957, 8.656],
			"rotation": {"angle": 0, "axis": "y", "origin": [10.14151, 7.67355, 7.97625]},
			"faces": {
				"north": {"uv": [9, 7, 8, 8], "texture": "#7"},
				"east": {"uv": [9, 7, 8, 8], "texture": "#7"},
				"south": {"uv": [9, 7, 8, 8], "texture": "#7"},
				"west": {"uv": [9, 7, 8, 8], "texture": "#7"},
				"up": {"uv": [9, 7, 8, 8], "rotation": 90, "texture": "#7"},
				"down": {"uv": [9, 7, 8, 8], "rotation": 270, "texture": "#7"}
			}
		},
		{
			"name": "Voxels",
			"from": [7.88526, 8.48457, 8.521],
			"to": [8.02026, 8.75457, 8.656],
			"rotation": {"angle": 0, "axis": "y", "origin": [10.14151, 7.67355, 7.97625]},
			"faces": {
				"north": {"uv": [9, 7, 8, 8], "texture": "#7"},
				"east": {"uv": [9, 7, 8, 8], "texture": "#7"},
				"south": {"uv": [9, 7, 8, 8], "texture": "#7"},
				"west": {"uv": [9, 7, 8, 8], "texture": "#7"},
				"up": {"uv": [9, 7, 8, 8], "rotation": 90, "texture": "#7"},
				"down": {"uv": [9, 7, 8, 8], "rotation": 270, "texture": "#7"}
			}
		},
		{
			"name": "Voxels",
			"from": [8.29026, 8.61957, 8.521],
			"to": [8.42526, 8.88957, 8.656],
			"rotation": {"angle": 0, "axis": "y", "origin": [10.14151, 7.67355, 7.97625]},
			"faces": {
				"north": {"uv": [9, 7, 8, 8], "texture": "#7"},
				"east": {"uv": [9, 7, 8, 8], "texture": "#7"},
				"south": {"uv": [9, 7, 8, 8], "texture": "#7"},
				"west": {"uv": [9, 7, 8, 8], "texture": "#7"},
				"up": {"uv": [9, 7, 8, 8], "rotation": 90, "texture": "#7"},
				"down": {"uv": [9, 7, 8, 8], "rotation": 270, "texture": "#7"}
			}
		},
		{
			"name": "Voxels",
			"from": [8.83026, 9.10323, 8.55122],
			"to": [8.96526, 9.64323, 8.68622],
			"rotation": {"angle": 0, "axis": "y", "origin": [10.27651, 7.72521, 8.10097]},
			"faces": {
				"north": {"uv": [9, 7, 8, 8], "texture": "#7"},
				"east": {"uv": [9, 7, 8, 8], "texture": "#7"},
				"south": {"uv": [9, 7, 8, 8], "texture": "#7"},
				"west": {"uv": [9, 7, 8, 8], "texture": "#7"},
				"up": {"uv": [9, 7, 8, 8], "rotation": 90, "texture": "#7"},
				"down": {"uv": [9, 7, 8, 8], "rotation": 270, "texture": "#7"}
			}
		},
		{
			"name": "Voxels",
			"from": [8.69526, 9.05157, 8.5615],
			"to": [8.83026, 9.45657, 8.6965],
			"rotation": {"angle": 0, "axis": "y", "origin": [10.14151, 7.67355, 7.97625]},
			"faces": {
				"north": {"uv": [9, 7, 8, 8], "texture": "#7"},
				"east": {"uv": [9, 7, 8, 8], "texture": "#7"},
				"south": {"uv": [9, 7, 8, 8], "texture": "#7"},
				"west": {"uv": [9, 7, 8, 8], "texture": "#7"},
				"up": {"uv": [9, 7, 8, 8], "rotation": 90, "texture": "#7"},
				"down": {"uv": [9, 7, 8, 8], "rotation": 270, "texture": "#7"}
			}
		},
		{
			"name": "Voxels",
			"from": [8.56026, 9.05157, 8.5615],
			"to": [8.69526, 9.32157, 8.6965],
			"rotation": {"angle": 0, "axis": "y", "origin": [10.14151, 7.67355, 7.97625]},
			"faces": {
				"north": {"uv": [9, 7, 8, 8], "texture": "#7"},
				"east": {"uv": [9, 7, 8, 8], "texture": "#7"},
				"south": {"uv": [9, 7, 8, 8], "texture": "#7"},
				"west": {"uv": [9, 7, 8, 8], "texture": "#7"},
				"up": {"uv": [9, 7, 8, 8], "rotation": 90, "texture": "#7"},
				"down": {"uv": [9, 7, 8, 8], "rotation": 270, "texture": "#7"}
			}
		},
		{
			"name": "Voxels",
			"from": [8.02026, 9.05157, 8.5885],
			"to": [8.42526, 9.18657, 8.7235],
			"rotation": {"angle": 0, "axis": "y", "origin": [10.14151, 7.67355, 7.97625]},
			"faces": {
				"north": {"uv": [9, 7, 8, 8], "texture": "#7"},
				"east": {"uv": [9, 7, 8, 8], "texture": "#7"},
				"south": {"uv": [9, 7, 8, 8], "texture": "#7"},
				"west": {"uv": [9, 7, 8, 8], "texture": "#7"},
				"up": {"uv": [9, 7, 8, 8], "rotation": 90, "texture": "#7"},
				"down": {"uv": [9, 7, 8, 8], "rotation": 270, "texture": "#7"}
			}
		},
		{
			"name": "Voxels",
			"from": [8.96526, 9.16236, 8.53428],
			"to": [9.23526, 9.29736, 8.66928],
			"rotation": {"angle": 0, "axis": "y", "origin": [10.85026, 7.72986, 7.90178]},
			"faces": {
				"north": {"uv": [9, 7, 8, 8], "texture": "#7"},
				"east": {"uv": [9, 7, 8, 8], "texture": "#7"},
				"south": {"uv": [9, 7, 8, 8], "texture": "#7"},
				"west": {"uv": [9, 7, 8, 8], "texture": "#7"},
				"up": {"uv": [8, 8, 9, 7], "rotation": 270, "texture": "#7"},
				"down": {"uv": [8, 8, 9, 7], "rotation": 90, "texture": "#7"}
			}
		},
		{
			"name": "Voxels",
			"from": [8.96526, 9.1549, 8.54095],
			"to": [9.10026, 9.2899, 8.67595],
			"rotation": {"angle": 0, "axis": "y", "origin": [10.27651, 7.77688, 8.2257]},
			"faces": {
				"north": {"uv": [9, 7, 8, 8], "texture": "#7"},
				"east": {"uv": [9, 7, 8, 8], "texture": "#7"},
				"south": {"uv": [9, 7, 8, 8], "texture": "#7"},
				"west": {"uv": [9, 7, 8, 8], "texture": "#7"},
				"up": {"uv": [9, 7, 8, 8], "rotation": 90, "texture": "#7"},
				"down": {"uv": [9, 7, 8, 8], "rotation": 270, "texture": "#7"}
			}
		},
		{
			"name": "Voxels",
			"from": [7.88526, 9.18657, 8.5885],
			"to": [8.29026, 9.32157, 8.7235],
			"rotation": {"angle": 0, "axis": "y", "origin": [10.14151, 7.67355, 7.97625]},
			"faces": {
				"north": {"uv": [9, 7, 8, 8], "texture": "#7"},
				"east": {"uv": [9, 7, 8, 8], "texture": "#7"},
				"south": {"uv": [9, 7, 8, 8], "texture": "#7"},
				"west": {"uv": [9, 7, 8, 8], "texture": "#7"},
				"up": {"uv": [9, 7, 8, 8], "rotation": 90, "texture": "#7"},
				"down": {"uv": [9, 7, 8, 8], "rotation": 270, "texture": "#7"}
			}
		},
		{
			"name": "Voxels",
			"from": [7.75026, 9.32157, 8.5885],
			"to": [8.15526, 9.45657, 8.7235],
			"rotation": {"angle": 0, "axis": "y", "origin": [10.14151, 7.67355, 7.97625]},
			"faces": {
				"north": {"uv": [9, 7, 8, 8], "texture": "#7"},
				"east": {"uv": [9, 7, 8, 8], "texture": "#7"},
				"south": {"uv": [9, 7, 8, 8], "texture": "#7"},
				"west": {"uv": [9, 7, 8, 8], "texture": "#7"},
				"up": {"uv": [9, 7, 8, 8], "rotation": 90, "texture": "#7"},
				"down": {"uv": [9, 7, 8, 8], "rotation": 270, "texture": "#7"}
			}
		},
		{
			"name": "Voxels",
			"from": [8.96526, 9.4249, 8.54095],
			"to": [9.10026, 9.5599, 8.67595],
			"rotation": {"angle": 0, "axis": "y", "origin": [10.27651, 7.77688, 8.2257]},
			"faces": {
				"north": {"uv": [9, 7, 8, 8], "texture": "#7"},
				"east": {"uv": [9, 7, 8, 8], "texture": "#7"},
				"south": {"uv": [9, 7, 8, 8], "texture": "#7"},
				"west": {"uv": [9, 7, 8, 8], "texture": "#7"},
				"up": {"uv": [9, 7, 8, 8], "rotation": 90, "texture": "#7"},
				"down": {"uv": [9, 7, 8, 8], "rotation": 270, "texture": "#7"}
			}
		},
		{
			"name": "Voxels",
			"from": [7.75026, 9.45657, 8.5885],
			"to": [8.02026, 9.59157, 8.7235],
			"rotation": {"angle": 0, "axis": "y", "origin": [10.14151, 7.67355, 7.97625]},
			"faces": {
				"north": {"uv": [9, 7, 8, 8], "texture": "#7"},
				"east": {"uv": [9, 7, 8, 8], "texture": "#7"},
				"south": {"uv": [9, 7, 8, 8], "texture": "#7"},
				"west": {"uv": [9, 7, 8, 8], "texture": "#7"},
				"up": {"uv": [9, 7, 8, 8], "rotation": 90, "texture": "#7"},
				"down": {"uv": [9, 7, 8, 8], "rotation": 270, "texture": "#7"}
			}
		},
		{
			"name": "Voxels",
			"from": [8.42526, 9.18657, 8.5615],
			"to": [8.56026, 9.59157, 8.6965],
			"rotation": {"angle": 0, "axis": "y", "origin": [10.14151, 7.67355, 7.97625]},
			"faces": {
				"north": {"uv": [7, 8, 10, 4], "texture": "#7"},
				"east": {"uv": [7, 8, 10, 4], "texture": "#7"},
				"south": {"uv": [7, 8, 10, 4], "texture": "#7"},
				"west": {"uv": [7, 8, 10, 4], "texture": "#7"},
				"up": {"uv": [7, 8, 10, 4], "rotation": 90, "texture": "#7"},
				"down": {"uv": [7, 8, 10, 4], "rotation": 270, "texture": "#7"}
			}
		},
		{
			"name": "Voxels",
			"from": [8.56026, 8.21457, 8.521],
			"to": [8.69526, 8.34957, 8.656],
			"rotation": {"angle": 0, "axis": "y", "origin": [10.14151, 7.67355, 7.97625]},
			"faces": {
				"north": {"uv": [7, 8, 10, 4], "texture": "#7"},
				"east": {"uv": [7, 8, 10, 4], "texture": "#7"},
				"south": {"uv": [7, 8, 10, 4], "texture": "#7"},
				"west": {"uv": [7, 8, 10, 4], "texture": "#7"},
				"up": {"uv": [7, 8, 10, 4], "rotation": 90, "texture": "#7"},
				"down": {"uv": [7, 8, 10, 4], "rotation": 270, "texture": "#7"}
			}
		}
	],
	"display": {
		"thirdperson_righthand": {
			"rotation": [21, 90, 0],
			"translation": [0, 3, 2.75],
			"scale": [1.5, 1.5, 1.5]
		},
		"thirdperson_lefthand": {
			"rotation": [21, 90, 0],
			"translation": [0, 3, 2.75],
			"scale": [1.5, 1.5, 1.5]
		},
		"firstperson_righthand": {
			"rotation": [0, 87, 0],
			"translation": [0.25, 7.5, 0]
		},
		"firstperson_lefthand": {
			"rotation": [0, -87, 0],
			"translation": [0.25, 7.5, 0]
		},
		"ground": {
			"translation": [0, 5.5, 0]
		},
		"gui": {
			"rotation": [0, 180, 17],
			"translation": [-0.75, 4.5, 1],
			"scale": [1.3, 1.3, 1.3]
		},
		"fixed": {
			"translation": [0, 4, 0]
		}
	},
	"groups": [
		{
			"name": "group",
			"origin": [5.91774, -2.38859, 8],
			"color": 0,
			"nbt": "{}",
			"armAnimationEnabled": false,
			"children": [0, 1, 2, 3, 4, 5, 6, 7, 8, 9, 10, 11, 12, 13, 14, 15, 16]
		},
		{
			"name": "group",
			"origin": [6.68819, -2.43683, 8.005],
			"color": 0,
			"nbt": "{}",
			"armAnimationEnabled": false,
			"children": [17, 18, 19, 20, 21, 22, 23, 24, 25, 26, 27, 28]
		},
		{
			"name": "group",
			"origin": [10.09584, 0.90402, 8.0625],
			"color": 0,
			"nbt": "{}",
			"armAnimationEnabled": false,
			"children": [29, 30, 31, 32, 33, 34, 35, 36, 37, 38, 39, 40, 41, 42, 43, 44, 45, 46, 47, 48, 49]
		},
		{
			"name": "group",
			"origin": [10.09584, 0.90402, 8.0625],
			"color": 0,
			"nbt": "{}",
			"armAnimationEnabled": false,
			"children": [50, 51, 52, 53, 54, 55, 56, 57, 58, 59, 60, 61, 62, 63, 64, 65, 66, 67, 68, 69, 70]
		},
		{
			"name": "group",
			"origin": [10.09584, 0.90402, 8.0625],
			"color": 0,
			"nbt": "{}",
			"armAnimationEnabled": false,
			"children": [71, 72, 73, 74, 75, 76, 77, 78, 79, 80, 81, 82, 83, 84, 85, 86, 87, 88, 89, 90, 91]
		},
		{
			"name": "group",
			"origin": [10.09584, 0.90402, 8.0625],
			"color": 0,
			"nbt": "{}",
			"armAnimationEnabled": false,
			"children": [92, 93, 94, 95, 96, 97, 98, 99, 100, 101, 102, 103, 104, 105, 106, 107, 108, 109, 110, 111, 112]
		},
		{
			"name": "group",
			"origin": [10.09584, 0.90402, 8.0625],
			"color": 0,
			"nbt": "{}",
			"armAnimationEnabled": false,
			"children": [113, 114, 115, 116, 117, 118, 119, 120, 121, 122, 123, 124, 125, 126, 127, 128, 129, 130, 131, 132, 133]
		}
	]
}