{"textures":{"0":"modelengine:entity/permafrost_lance"},"elements":[{"from":[3.6444101,18.07116,8.0],"to":[6.95641,22.045559,8.0],"faces":{"south":{"uv":[3.0,6.75,4.25,8.25],"tintindex":0,"rotation":0,"texture":"#0"},"north":{"uv":[4.25,6.75,3.0,8.25],"tintindex":0,"rotation":0,"texture":"#0"}},"rotation":{"origin":[8.0,7.5824203,8.0],"angle":-22.5,"axis":"z"}},{"from":[7.0064,9.23842,7.0064],"to":[8.9936,13.87522,8.9936],"faces":{"east":{"uv":[6.5,9.0,7.25,10.75],"tintindex":0,"rotation":0,"texture":"#0"},"south":{"uv":[6.5,9.0,7.25,10.75],"tintindex":0,"rotation":0,"texture":"#0"},"north":{"uv":[6.5,9.0,7.25,10.75],"tintindex":0,"rotation":0,"texture":"#0"},"west":{"uv":[6.5,9.0,7.25,10.75],"tintindex":0,"rotation":0,"texture":"#0"},"up":{"uv":[12.0,8.5,11.25,7.75],"tintindex":0,"rotation":0,"texture":"#0"},"down":{"uv":[12.0,8.75,11.25,9.5],"tintindex":0,"rotation":0,"texture":"#0"}}},{"from":[11.698241,12.235492,8.0],"to":[16.335041,16.209892,8.0],"faces":{"south":{"uv":[6.75,0.0,8.5,1.5],"tintindex":0,"rotation":0,"texture":"#0"},"north":{"uv":[8.5,0.0,6.75,1.5],"tintindex":0,"rotation":0,"texture":"#0"}},"rotation":{"origin":[8.0,7.5824203,8.0],"angle":22.5,"axis":"z"}},{"from":[-0.33504105,12.235492,8.0],"to":[4.301759,16.209892,8.0],"faces":{"south":{"uv":[8.5,0.0,6.75,1.5],"tintindex":0,"rotation":0,"texture":"#0"},"north":{"uv":[6.75,0.0,8.5,1.5],"tintindex":0,"rotation":0,"texture":"#0"}},"rotation":{"origin":[8.0,7.5824203,8.0],"angle":-22.5,"axis":"z"}},{"from":[8.9936,7.2512207,8.0],"to":[14.2928,13.87522,8.0],"faces":{"south":{"uv":[4.5,0.0,6.5,2.5],"tintindex":0,"rotation":0,"texture":"#0"},"north":{"uv":[6.5,0.0,4.5,2.5],"tintindex":0,"rotation":0,"texture":"#0"}}},{"from":[7.0064,18.51202,7.0064],"to":[8.9936,21.161621,8.9936],"faces":{"east":{"uv":[11.0,5.25,11.75,6.25],"tintindex":0,"rotation":0,"texture":"#0"},"south":{"uv":[11.0,5.25,11.75,6.25],"tintindex":0,"rotation":0,"texture":"#0"},"north":{"uv":[11.0,5.25,11.75,6.25],"tintindex":0,"rotation":0,"texture":"#0"},"west":{"uv":[11.0,5.25,11.75,6.25],"tintindex":0,"rotation":0,"texture":"#0"},"up":{"uv":[12.25,0.75,11.5,0.0],"tintindex":0,"rotation":0,"texture":"#0"},"down":{"uv":[3.75,11.5,3.0,12.25],"tintindex":0,"rotation":0,"texture":"#0"}}},{"from":[5.0192003,21.161621,8.0],"to":[10.9808,31.097622,8.0],"faces":{"south":{"uv":[2.25,0.0,0.0,3.75],"tintindex":0,"rotation":0,"texture":"#0"},"north":{"uv":[0.0,0.0,2.25,3.75],"tintindex":0,"rotation":0,"texture":"#0"}}},{"from":[1.7072,7.2512207,8.0],"to":[7.0064,13.87522,8.0],"faces":{"south":{"uv":[6.5,0.0,4.5,2.5],"tintindex":0,"rotation":0,"texture":"#0"},"north":{"uv":[4.5,0.0,6.5,2.5],"tintindex":0,"rotation":0,"texture":"#0"}}},{"from":[6.0128,-15.270378,8.0],"to":[9.9872,-6.6591797,8.0],"faces":{"south":{"uv":[6.0,5.5,4.5,8.75],"tintindex":0,"rotation":0,"texture":"#0"},"north":{"uv":[4.5,5.5,6.0,8.75],"tintindex":0,"rotation":0,"texture":"#0"}}},{"from":[8.9936,-5.9967794,8.0],"to":[13.6304,-3.3471794,8.0],"faces":{"south":{"uv":[8.75,1.75,10.5,2.75],"tintindex":0,"rotation":0,"texture":"#0"},"north":{"uv":[10.5,1.75,8.75,2.75],"tintindex":0,"rotation":0,"texture":"#0"}}},{"from":[6.6752,13.87522,6.6752],"to":[9.3248005,17.187222,9.3248005],"faces":{"east":{"uv":[10.0,8.25,11.0,9.5],"tintindex":0,"rotation":0,"texture":"#0"},"south":{"uv":[10.0,8.25,11.0,9.5],"tintindex":0,"rotation":0,"texture":"#0"},"north":{"uv":[10.0,8.25,11.0,9.5],"tintindex":0,"rotation":0,"texture":"#0"},"west":{"uv":[10.0,8.25,11.0,9.5],"tintindex":0,"rotation":0,"texture":"#0"},"up":{"uv":[4.0,11.25,3.0,10.25],"tintindex":0,"rotation":0,"texture":"#0"},"down":{"uv":[5.25,10.25,4.25,11.25],"tintindex":0,"rotation":0,"texture":"#0"}}},{"from":[7.3375998,17.187222,7.3375998],"to":[8.6624,18.51202,8.6624],"faces":{"east":{"uv":[5.5,11.5,6.0,12.0],"tintindex":0,"rotation":0,"texture":"#0"},"south":{"uv":[8.5,11.5,9.0,12.0],"tintindex":0,"rotation":0,"texture":"#0"},"north":{"uv":[10.0,11.5,10.5,12.0],"tintindex":0,"rotation":0,"texture":"#0"},"west":{"uv":[9.25,11.5,9.75,12.0],"tintindex":0,"rotation":0,"texture":"#0"},"up":{"uv":[12.25,1.5,11.75,1.0],"tintindex":0,"rotation":90,"texture":"#0"},"down":{"uv":[12.25,1.75,11.75,2.25],"tintindex":0,"rotation":270,"texture":"#0"}}},{"from":[7.3375998,-9.97118,7.3375998],"to":[8.6624,11.225621,8.6624],"faces":{"east":{"uv":[0.75,6.75,1.25,14.75],"tintindex":0,"rotation":0,"texture":"#0"},"south":{"uv":[1.5,6.75,2.0,14.75],"tintindex":0,"rotation":0,"texture":"#0"},"north":{"uv":[0.0,6.75,0.5,14.75],"tintindex":0,"rotation":0,"texture":"#0"},"west":{"uv":[2.25,6.75,2.75,14.75],"tintindex":0,"rotation":0,"texture":"#0"},"up":{"uv":[4.5,12.0,4.0,11.5],"tintindex":0,"rotation":0,"texture":"#0"},"down":{"uv":[5.25,11.5,4.75,12.0],"tintindex":0,"rotation":0,"texture":"#0"}}},{"from":[7.0064,-5.9967794,7.0064],"to":[8.9936,-3.3471794,8.9936],"faces":{"east":{"uv":[5.5,10.25,6.25,11.25],"tintindex":0,"rotation":0,"texture":"#0"},"south":{"uv":[5.5,10.25,6.25,11.25],"tintindex":0,"rotation":0,"texture":"#0"},"north":{"uv":[5.5,10.25,6.25,11.25],"tintindex":0,"rotation":0,"texture":"#0"},"west":{"uv":[5.5,10.25,6.25,11.25],"tintindex":0,"rotation":0,"texture":"#0"},"up":{"uv":[9.5,5.0,8.75,4.25],"tintindex":0,"rotation":0,"texture":"#0"},"down":{"uv":[11.75,11.0,11.0,11.75],"tintindex":0,"rotation":0,"texture":"#0"}}},{"from":[9.04359,18.07116,8.0],"to":[12.35559,22.045559,8.0],"faces":{"south":{"uv":[4.25,6.75,3.0,8.25],"tintindex":0,"rotation":0,"texture":"#0"},"north":{"uv":[3.0,6.75,4.25,8.25],"tintindex":0,"rotation":0,"texture":"#0"}},"rotation":{"origin":[8.0,7.5824203,8.0],"angle":22.5,"axis":"z"}},{"from":[2.3695998,-5.9967794,8.0],"to":[7.0064,-3.3471794,8.0],"faces":{"south":{"uv":[10.5,1.75,8.75,2.75],"tintindex":0,"rotation":0,"texture":"#0"},"north":{"uv":[8.75,1.75,10.5,2.75],"tintindex":0,"rotation":0,"texture":"#0"}}}],"display":{"gui":{"rotation":[30,225,0]}}}