{"textures":{"0":"modelengine:entity/chest_aqua"},"elements":[{"from":[6.5,6.0,6.5],"to":[9.5,10.0,9.5],"faces":{"east":{"uv":[7.0,9.5,7.75,10.5],"tintindex":0,"rotation":0,"texture":"#0"},"south":{"uv":[8.0,9.5,8.75,10.5],"tintindex":0,"rotation":0,"texture":"#0"},"north":{"uv":[6.0,9.5,6.75,10.5],"tintindex":0,"rotation":0,"texture":"#0"},"west":{"uv":[9.0,9.5,9.75,10.5],"tintindex":0,"rotation":0,"texture":"#0"},"up":{"uv":[2.25,11.0,1.5,10.25],"tintindex":0,"rotation":0,"texture":"#0"},"down":{"uv":[10.75,10.25,10.0,11.0],"tintindex":0,"rotation":0,"texture":"#0"}}}],"display":{"gui":{"rotation":[30,225,0]}}}