{"textures":{"0":"modelengine:entity/chest_aqua"},"elements":[{"from":[9.832071,14.0,-0.8862705],"to":[11.832071,16.0,1.1137295],"faces":{"east":{"uv":[9.0,10.75,9.5,11.25],"tintindex":0,"rotation":0,"texture":"#0"},"south":{"uv":[0.0,11.0,0.5,11.5],"tintindex":0,"rotation":0,"texture":"#0"},"north":{"uv":[8.25,10.75,8.75,11.25],"tintindex":0,"rotation":0,"texture":"#0"},"west":{"uv":[11.0,0.0,11.5,0.5],"tintindex":0,"rotation":0,"texture":"#0"},"up":{"uv":[1.25,11.5,0.75,11.0],"tintindex":0,"rotation":0,"texture":"#0"},"down":{"uv":[11.5,0.75,11.0,1.25],"tintindex":0,"rotation":0,"texture":"#0"}},"rotation":{"origin":[13.832071,15.0,0.6137295],"angle":45.0,"axis":"y"}},{"from":[0.5,8.0,-3.5],"to":[15.5,14.0,9.5],"faces":{"east":{"uv":[7.5,3.5,10.75,5.0],"tintindex":0,"rotation":0,"texture":"#0"},"south":{"uv":[0.0,7.0,3.75,8.5],"tintindex":0,"rotation":0,"texture":"#0"},"north":{"uv":[4.0,6.0,7.75,7.5],"tintindex":0,"rotation":0,"texture":"#0"},"west":{"uv":[4.0,7.75,7.25,9.25],"tintindex":0,"rotation":0,"texture":"#0"},"up":{"uv":[3.75,3.25,0.0,0.0],"tintindex":0,"rotation":0,"texture":"#0"},"down":{"uv":[3.75,3.5,0.0,6.75],"tintindex":0,"rotation":0,"texture":"#0"}}},{"from":[8.001579,14.0,4.016123],"to":[10.001579,16.0,6.016123],"faces":{"east":{"uv":[0.0,11.0,0.5,11.5],"tintindex":0,"rotation":0,"texture":"#0"},"south":{"uv":[11.0,0.0,11.5,0.5],"tintindex":0,"rotation":0,"texture":"#0"},"north":{"uv":[9.0,10.75,9.5,11.25],"tintindex":0,"rotation":0,"texture":"#0"},"west":{"uv":[8.25,10.75,8.75,11.25],"tintindex":0,"rotation":0,"texture":"#0"},"up":{"uv":[1.25,11.5,0.75,11.0],"tintindex":0,"rotation":270,"texture":"#0"},"down":{"uv":[11.5,0.75,11.0,1.25],"tintindex":0,"rotation":90,"texture":"#0"}},"rotation":{"origin":[9.344635,15.0,6.497613],"angle":-22.5,"axis":"y"}},{"from":[12.64073,14.0,-0.34821033],"to":[14.64073,16.0,1.6517897],"faces":{"east":{"uv":[9.0,10.75,9.5,11.25],"tintindex":0,"rotation":0,"texture":"#0"},"south":{"uv":[0.0,11.0,0.5,11.5],"tintindex":0,"rotation":0,"texture":"#0"},"north":{"uv":[8.25,10.75,8.75,11.25],"tintindex":0,"rotation":0,"texture":"#0"},"west":{"uv":[11.0,0.0,11.5,0.5],"tintindex":0,"rotation":0,"texture":"#0"},"up":{"uv":[1.25,11.5,0.75,11.0],"tintindex":0,"rotation":0,"texture":"#0"},"down":{"uv":[11.5,0.75,11.0,1.25],"tintindex":0,"rotation":0,"texture":"#0"}},"rotation":{"origin":[13.64073,15.0,0.15178967],"angle":22.5,"axis":"y"}},{"from":[8.094635,14.0,6.997613],"to":[10.094635,16.0,8.997613],"faces":{"east":{"uv":[0.0,11.0,0.5,11.5],"tintindex":0,"rotation":0,"texture":"#0"},"south":{"uv":[11.0,0.0,11.5,0.5],"tintindex":0,"rotation":0,"texture":"#0"},"north":{"uv":[9.0,10.75,9.5,11.25],"tintindex":0,"rotation":0,"texture":"#0"},"west":{"uv":[8.25,10.75,8.75,11.25],"tintindex":0,"rotation":0,"texture":"#0"},"up":{"uv":[1.25,11.5,0.75,11.0],"tintindex":0,"rotation":270,"texture":"#0"},"down":{"uv":[11.5,0.75,11.0,1.25],"tintindex":0,"rotation":90,"texture":"#0"}}},{"from":[1.5,14.0,-1.5],"to":[6.5,15.0,3.5],"faces":{"east":{"uv":[7.25,10.75,6.0,11.0],"tintindex":0,"rotation":0,"texture":"#0"},"south":{"uv":[10.5,8.75,11.75,9.0],"tintindex":0,"rotation":0,"texture":"#0"},"north":{"uv":[10.5,7.75,11.75,8.0],"tintindex":0,"rotation":0,"texture":"#0"},"west":{"uv":[6.0,10.75,7.25,11.0],"tintindex":0,"rotation":0,"texture":"#0"},"up":{"uv":[4.25,10.75,3.0,9.5],"tintindex":0,"rotation":0,"texture":"#0"},"down":{"uv":[5.75,9.5,4.5,10.75],"tintindex":0,"rotation":0,"texture":"#0"}},"rotation":{"origin":[3.0,15.0,2.0],"angle":-45.0,"axis":"y"}},{"from":[3.0,14.5,3.5],"to":[5.0,16.5,4.5],"faces":{"east":{"uv":[7.5,5.25,7.75,5.75],"tintindex":0,"rotation":0,"texture":"#0"},"south":{"uv":[7.5,10.75,8.0,11.25],"tintindex":0,"rotation":0,"texture":"#0"},"north":{"uv":[3.0,8.75,3.5,9.25],"tintindex":0,"rotation":0,"texture":"#0"},"west":{"uv":[2.5,10.25,2.75,10.75],"tintindex":0,"rotation":0,"texture":"#0"},"up":{"uv":[7.5,11.75,7.0,11.5],"tintindex":0,"rotation":0,"texture":"#0"},"down":{"uv":[8.25,11.5,7.75,11.75],"tintindex":0,"rotation":0,"texture":"#0"}},"rotation":{"origin":[3.0,15.0,2.0],"angle":-45.0,"axis":"y"}},{"from":[1.9142137,15.0,-0.5],"to":[6.9142137,17.0,4.5],"faces":{"east":{"uv":[1.25,10.25,0.0,10.75],"tintindex":0,"rotation":0,"texture":"#0"},"south":{"uv":[10.0,9.5,11.25,10.0],"tintindex":0,"rotation":0,"texture":"#0"},"north":{"uv":[8.0,7.0,9.25,7.5],"tintindex":0,"rotation":0,"texture":"#0"},"west":{"uv":[0.0,10.25,1.25,10.75],"tintindex":0,"rotation":0,"texture":"#0"},"up":{"uv":[1.25,10.0,0.0,8.75],"tintindex":0,"rotation":0,"texture":"#0"},"down":{"uv":[2.75,8.75,1.5,10.0],"tintindex":0,"rotation":0,"texture":"#0"}},"rotation":{"origin":[4.4142137,16.0,2.0],"angle":-45.0,"axis":"y"}}],"display":{"gui":{"rotation":[30,225,0]}}}