{
	"__comment": "Designed by Cm@BlackSpigotMC with Cubik Studio - https://cubik.studio",
	"textures": {
		"particle": "blocks/particle",
		"texture": "blocks/texture",
		"mesh_atlas": "b/b13"
	},
	"elements": [
		{
			"__comment": "Voxels",
			"from": [ 0.5, 6.5, -2 ],
			"to": [ 14.5, 9, 1 ],
			"faces": {
				"down": { "uv": [ 0, 14.5, 7, 16 ], "texture": "#mesh_atlas" },
				"up": { "uv": [ 7, 16, 14, 14.5 ], "texture": "#mesh_atlas" },
				"north": { "uv": [ 7, 10.25, 0, 11.5 ], "texture": "#mesh_atlas" },
				"south": { "uv": [ 7, 10.25, 14, 11.5 ], "texture": "#mesh_atlas" },
				"west": { "uv": [ 14, 14.75, 15.5, 16 ], "texture": "#mesh_atlas" },
				"east": { "uv": [ 15.5, 10.25, 14, 11.5 ], "texture": "#mesh_atlas" }
			}
		},
		{
			"__comment": "Voxels",
			"from": [ 1, 9, -2 ],
			"to": [ 14, 10, 1 ],
			"faces": {
				"down": { "uv": [ 0, 13, 6.5, 14.5 ], "texture": "#mesh_atlas" },
				"up": { "uv": [ 6.5, 14.5, 13, 13 ], "texture": "#mesh_atlas" },
				"north": { "uv": [ 15.5, 8.25, 9, 8.75 ], "texture": "#mesh_atlas" },
				"south": { "uv": [ 9, 7.75, 15.5, 8.25 ], "texture": "#mesh_atlas" },
				"west": { "uv": [ 7, 5.25, 8.5, 5.75 ], "texture": "#mesh_atlas" },
				"east": { "uv": [ 7, 5.25, 5.5, 5.75 ], "texture": "#mesh_atlas" }
			}
		},
		{
			"__comment": "Voxels",
			"from": [ 1.5, 10, -2 ],
			"to": [ 13.5, 11, 1 ],
			"faces": {
				"down": { "uv": [ 0, 11.5, 6, 13 ], "texture": "#mesh_atlas" },
				"up": { "uv": [ 6, 13, 12, 11.5 ], "texture": "#mesh_atlas" },
				"north": { "uv": [ 15, 7.25, 9, 7.75 ], "texture": "#mesh_atlas" },
				"south": { "uv": [ 5.5, 6.75, 11.5, 7.25 ], "texture": "#mesh_atlas" },
				"west": { "uv": [ 7, 5.75, 8.5, 6.25 ], "texture": "#mesh_atlas" },
				"east": { "uv": [ 7, 5.75, 5.5, 6.25 ], "texture": "#mesh_atlas" }
			}
		},
		{
			"__comment": "Voxels",
			"from": [ 2, 11, -2 ],
			"to": [ 13, 11.5, 1 ],
			"faces": {
				"down": { "uv": [ 0, 8.75, 5.5, 10.25 ], "texture": "#mesh_atlas" },
				"up": { "uv": [ 0, 8.75, 5.5, 7.25 ], "texture": "#mesh_atlas" },
				"north": { "uv": [ 5.5, 1, 0, 1.25 ], "texture": "#mesh_atlas" },
				"south": { "uv": [ 0, 0.75, 5.5, 1 ], "texture": "#mesh_atlas" },
				"west": { "uv": [ 5.5, 4.75, 7, 5 ], "texture": "#mesh_atlas" },
				"east": { "uv": [ 15.5, 14.5, 14, 14.75 ], "texture": "#mesh_atlas" }
			}
		},
		{
			"__comment": "Voxels",
			"from": [ 2.5, 11.5, -2 ],
			"to": [ 12.5, 12, 1 ],
			"faces": {
				"down": { "uv": [ 0, 5.75, 5, 7.25 ], "texture": "#mesh_atlas" },
				"up": { "uv": [ 0, 5.75, 5, 4.25 ], "texture": "#mesh_atlas" },
				"north": { "uv": [ 5, 0.5, 0, 0.75 ], "texture": "#mesh_atlas" },
				"south": { "uv": [ 0, 0.25, 5, 0.5 ], "texture": "#mesh_atlas" },
				"west": { "uv": [ 7, 4, 8.5, 4.25 ], "texture": "#mesh_atlas" },
				"east": { "uv": [ 7, 3.75, 5.5, 4 ], "texture": "#mesh_atlas" }
			}
		},
		{
			"__comment": "Voxels",
			"from": [ 3, 12, -2 ],
			"to": [ 12, 12.5, 1 ],
			"faces": {
				"down": { "uv": [ 0, 1.25, 4.5, 2.75 ], "texture": "#mesh_atlas" },
				"up": { "uv": [ 0, 4.25, 4.5, 2.75 ], "texture": "#mesh_atlas" },
				"north": { "uv": [ 4.5, 0, 0, 0.25 ], "texture": "#mesh_atlas" },
				"south": { "uv": [ 11.5, 7, 16, 7.25 ], "texture": "#mesh_atlas" },
				"west": { "uv": [ 7, 4.75, 8.5, 5 ], "texture": "#mesh_atlas" },
				"east": { "uv": [ 7, 4.5, 5.5, 4.75 ], "texture": "#mesh_atlas" }
			}
		},
		{
			"__comment": "Voxels",
			"from": [ 3.5, 12.5, -2 ],
			"to": [ 11.5, 13, 1 ],
			"faces": {
				"down": { "uv": [ 5.5, 8.75, 9.5, 10.25 ], "texture": "#mesh_atlas" },
				"up": { "uv": [ 12, 13, 16, 11.5 ], "texture": "#mesh_atlas" },
				"north": { "uv": [ 15.5, 6.75, 11.5, 7 ], "texture": "#mesh_atlas" },
				"south": { "uv": [ 5.5, 6.5, 9.5, 6.75 ], "texture": "#mesh_atlas" },
				"west": { "uv": [ 7, 4.5, 8.5, 4.75 ], "texture": "#mesh_atlas" },
				"east": { "uv": [ 7, 4.25, 5.5, 4.5 ], "texture": "#mesh_atlas" }
			}
		},
		{
			"__comment": "Voxels",
			"from": [ 4, 13, -2 ],
			"to": [ 11, 13.5, 1 ],
			"faces": {
				"down": { "uv": [ 5.5, 7.25, 9, 8.75 ], "texture": "#mesh_atlas" },
				"up": { "uv": [ 9.5, 10.25, 13, 8.75 ], "texture": "#mesh_atlas" },
				"north": { "uv": [ 13, 6.5, 9.5, 6.75 ], "texture": "#mesh_atlas" },
				"south": { "uv": [ 5.5, 6.25, 9, 6.5 ], "texture": "#mesh_atlas" },
				"west": { "uv": [ 7, 4.25, 8.5, 4.5 ], "texture": "#mesh_atlas" },
				"east": { "uv": [ 7, 4, 5.5, 4.25 ], "texture": "#mesh_atlas" }
			}
		},
		{
			"__comment": "Voxels",
			"from": [ 5, 13.5, -2 ],
			"to": [ 10, 14, 1 ],
			"faces": {
				"down": { "uv": [ 13, 13, 15.5, 14.5 ], "texture": "#mesh_atlas" },
				"up": { "uv": [ 13, 10.25, 15.5, 8.75 ], "texture": "#mesh_atlas" },
				"north": { "uv": [ 15.5, 6.5, 13, 6.75 ], "texture": "#mesh_atlas" },
				"south": { "uv": [ 5.5, 5, 8, 5.25 ], "texture": "#mesh_atlas" },
				"west": { "uv": [ 7, 3.75, 8.5, 4 ], "texture": "#mesh_atlas" },
				"east": { "uv": [ 7, 3.5, 5.5, 3.75 ], "texture": "#mesh_atlas" }
			}
		}
	],
	"display": {
		"thirdperson_righthand": {
			"rotation":  [ -94, 0, 0 ],
			"translation":  [ 1.3913, 0, 0 ],
			"scale":  [ 0.5478, 0.5826, 1 ]
		},
		"thirdperson_lefthand": {
			"rotation":  [ -94, 0, 0 ],
			"translation":  [ 1.3913, 0, 0 ],
			"scale":  [ 0.5478, 0.5826, 1 ]
		},
		"firstperson_righthand": {
			"rotation":  [ 0, -6, 3 ],
			"translation":  [ 5.5652, -2.086, 0 ],
			"scale":  [ 0.826, 1, 1 ]
		},
		"firstperson_lefthand": {
			"rotation":  [ 0, -6, 3 ],
			"translation":  [ 5.5652, -2.086, 0 ],
			"scale":  [ 0.826, 1, 1 ]
		},
		"gui": {
			"translation":  [ 0.6956, -1.391, 0 ],
			"scale":  [ 0.6869, 0.8956, 1 ]
		},
		"head": {
			"rotation":  [ 0, 180, 0 ],
			"translation":  [ -0.695, 8.3478, -31.3 ],
			"scale":  [ 1, 1, 3.7825 ]
		}
	}
}