{
	"__comment": "Designed by Cm@BlackSpigotMC with Cubik Studio - https://cubik.studio",
	"textures": {
		"particle": "blocks/particle",
		"texture": "blocks/texture",
		"mesh_atlas": "n/men1"
	},
	"elements": [
		{
			"__comment": "Voxels",
			"from": [ -8, 7, -8 ],
			"to": [ -7, 9, -6 ],
			"faces": {
				"down": { "uv": [ 3.5, 1, 4, 2 ], "texture": "#mesh_atlas" },
				"up": { "uv": [ 0, 1, 0.5, 0 ], "texture": "#mesh_atlas" },
				"north": { "uv": [ 2.5, 0, 2, 1 ], "texture": "#mesh_atlas" },
				"south": { "uv": [ 2.5, 10, 3, 11 ], "texture": "#mesh_atlas" },
				"west": { "uv": [ 1, 4.5, 2, 5.5 ], "texture": "#mesh_atlas" },
				"east": { "uv": [ 2, 3.5, 1, 4.5 ], "texture": "#mesh_atlas" }
			}
		},
		{
			"__comment": "Voxels",
			"from": [ -8, 8, -9 ],
			"to": [ -7, 9, -8 ],
			"faces": {
				"down": { "uv": [ 10.5, 12, 11, 12.5 ], "texture": "#mesh_atlas" },
				"up": { "uv": [ 11, 12.5, 11.5, 12 ], "texture": "#mesh_atlas" },
				"north": { "uv": [ 12, 12, 11.5, 12.5 ], "texture": "#mesh_atlas" },
				"south": { "uv": [ 4, 11.5, 4.5, 12 ], "texture": "#mesh_atlas" },
				"west": { "uv": [ 4.5, 11.5, 5, 12 ], "texture": "#mesh_atlas" },
				"east": { "uv": [ 5.5, 11.5, 5, 12 ], "texture": "#mesh_atlas" }
			}
		},
		{
			"__comment": "Voxels",
			"from": [ -8, 8, -6 ],
			"to": [ -7, 10, -5 ],
			"faces": {
				"down": { "uv": [ 5.5, 11.5, 6, 12 ], "texture": "#mesh_atlas" },
				"up": { "uv": [ 10, 12, 10.5, 11.5 ], "texture": "#mesh_atlas" },
				"north": { "uv": [ 3.5, 11.5, 3, 12.5 ], "texture": "#mesh_atlas" },
				"south": { "uv": [ 3, 10.5, 3.5, 11.5 ], "texture": "#mesh_atlas" },
				"west": { "uv": [ 3, 9.5, 3.5, 10.5 ], "texture": "#mesh_atlas" },
				"east": { "uv": [ 3.5, 8.5, 3, 9.5 ], "texture": "#mesh_atlas" }
			}
		},
		{
			"__comment": "Voxels",
			"from": [ -8, 8, 7 ],
			"to": [ -7, 9, 10 ],
			"faces": {
				"down": { "uv": [ 2.5, 11, 3, 12.5 ], "texture": "#mesh_atlas" },
				"up": { "uv": [ 2, 2.5, 2.5, 1 ], "texture": "#mesh_atlas" },
				"north": { "uv": [ 11.5, 11.5, 11, 12 ], "texture": "#mesh_atlas" },
				"south": { "uv": [ 11.5, 11.5, 12, 12 ], "texture": "#mesh_atlas" },
				"west": { "uv": [ 4, 12.5, 5.5, 13 ], "texture": "#mesh_atlas" },
				"east": { "uv": [ 15.5, 14, 14, 14.5 ], "texture": "#mesh_atlas" }
			}
		},
		{
			"__comment": "Voxels",
			"from": [ -8, 9, -7 ],
			"to": [ -7, 10, -6 ],
			"faces": {
				"down": { "uv": [ 12, 11.5, 12.5, 12 ], "texture": "#mesh_atlas" },
				"up": { "uv": [ 12.5, 12, 13, 11.5 ], "texture": "#mesh_atlas" },
				"north": { "uv": [ 13.5, 11.5, 13, 12 ], "texture": "#mesh_atlas" },
				"south": { "uv": [ 10, 12, 10.5, 12.5 ], "texture": "#mesh_atlas" },
				"west": { "uv": [ 13.5, 11.5, 14, 12 ], "texture": "#mesh_atlas" },
				"east": { "uv": [ 15.5, 11.5, 15, 12 ], "texture": "#mesh_atlas" }
			}
		},
		{
			"__comment": "Voxels",
			"from": [ -8, 9, -5 ],
			"to": [ -7, 10, 6 ],
			"faces": {
				"down": { "uv": [ 0.5, 9.5, 1, 15 ], "texture": "#mesh_atlas" },
				"up": { "uv": [ 0.5, 9.5, 1, 4 ], "texture": "#mesh_atlas" },
				"north": { "uv": [ 16, 11.5, 15.5, 12 ], "texture": "#mesh_atlas" },
				"south": { "uv": [ 4, 11, 4.5, 11.5 ], "texture": "#mesh_atlas" },
				"west": { "uv": [ 0.5, 15, 6, 15.5 ], "texture": "#mesh_atlas" },
				"east": { "uv": [ 11.5, 15, 6, 15.5 ], "texture": "#mesh_atlas" }
			}
		},
		{
			"__comment": "Voxels",
			"from": [ -8, 9, 8 ],
			"to": [ -7, 11, 10 ],
			"faces": {
				"down": { "uv": [ 3, 6.5, 3.5, 7.5 ], "texture": "#mesh_atlas" },
				"up": { "uv": [ 3, 6.5, 3.5, 5.5 ], "texture": "#mesh_atlas" },
				"north": { "uv": [ 3.5, 4.5, 3, 5.5 ], "texture": "#mesh_atlas" },
				"south": { "uv": [ 3.5, 9, 4, 10 ], "texture": "#mesh_atlas" },
				"west": { "uv": [ 1, 6.5, 2, 7.5 ], "texture": "#mesh_atlas" },
				"east": { "uv": [ 2, 5.5, 1, 6.5 ], "texture": "#mesh_atlas" }
			}
		},
		{
			"__comment": "Voxels",
			"from": [ -8, 10, 6 ],
			"to": [ -7, 11, 8 ],
			"faces": {
				"down": { "uv": [ 3, 3.5, 3.5, 4.5 ], "texture": "#mesh_atlas" },
				"up": { "uv": [ 3.5, 11, 4, 10 ], "texture": "#mesh_atlas" },
				"north": { "uv": [ 4.5, 10.5, 4, 11 ], "texture": "#mesh_atlas" },
				"south": { "uv": [ 4, 6, 4.5, 6.5 ], "texture": "#mesh_atlas" },
				"west": { "uv": [ 5.5, 12, 6.5, 12.5 ], "texture": "#mesh_atlas" },
				"east": { "uv": [ 7.5, 12, 6.5, 12.5 ], "texture": "#mesh_atlas" }
			}
		},
		{
			"__comment": "Voxels",
			"from": [ -7, 6, 9 ],
			"to": [ -6, 11, 10 ],
			"faces": {
				"down": { "uv": [ 4, 5.5, 4.5, 6 ], "texture": "#mesh_atlas" },
				"up": { "uv": [ 4, 5.5, 4.5, 5 ], "texture": "#mesh_atlas" },
				"north": { "uv": [ 2, 7.5, 1.5, 10 ], "texture": "#mesh_atlas" },
				"south": { "uv": [ 0.5, 1.5, 1, 4 ], "texture": "#mesh_atlas" },
				"west": { "uv": [ 0, 1, 0.5, 3.5 ], "texture": "#mesh_atlas" },
				"east": { "uv": [ 1.5, 7.5, 1, 10 ], "texture": "#mesh_atlas" }
			}
		},
		{
			"__comment": "Voxels",
			"from": [ -6, 5, 9 ],
			"to": [ -5, 6, 10 ],
			"faces": {
				"down": { "uv": [ 4, 4.5, 4.5, 5 ], "texture": "#mesh_atlas" },
				"up": { "uv": [ 4, 4, 4.5, 3.5 ], "texture": "#mesh_atlas" },
				"north": { "uv": [ 4.5, 2, 4, 2.5 ], "texture": "#mesh_atlas" },
				"south": { "uv": [ 4, 1.5, 4.5, 2 ], "texture": "#mesh_atlas" },
				"west": { "uv": [ 4, 1, 4.5, 1.5 ], "texture": "#mesh_atlas" },
				"east": { "uv": [ 4.5, 0.5, 4, 1 ], "texture": "#mesh_atlas" }
			}
		},
		{
			"__comment": "Voxels",
			"from": [ -6, 9, 9 ],
			"to": [ -5, 11, 10 ],
			"faces": {
				"down": { "uv": [ 4, 0, 4.5, 0.5 ], "texture": "#mesh_atlas" },
				"up": { "uv": [ 4.5, 11.5, 5, 11 ], "texture": "#mesh_atlas" },
				"north": { "uv": [ 3, 2, 2.5, 3 ], "texture": "#mesh_atlas" },
				"south": { "uv": [ 2.5, 1, 3, 2 ], "texture": "#mesh_atlas" },
				"west": { "uv": [ 2.5, 0, 3, 1 ], "texture": "#mesh_atlas" },
				"east": { "uv": [ 4, 2, 3.5, 3 ], "texture": "#mesh_atlas" }
			}
		},
		{
			"__comment": "Voxels",
			"from": [ -5, 4, 9 ],
			"to": [ 2, 5, 10 ],
			"faces": {
				"down": { "uv": [ 4.5, 13.5, 8, 14 ], "texture": "#mesh_atlas" },
				"up": { "uv": [ 11.5, 14, 15, 13.5 ], "texture": "#mesh_atlas" },
				"north": { "uv": [ 11.5, 13.5, 8, 14 ], "texture": "#mesh_atlas" },
				"south": { "uv": [ 4.5, 13, 8, 13.5 ], "texture": "#mesh_atlas" },
				"west": { "uv": [ 5, 11, 5.5, 11.5 ], "texture": "#mesh_atlas" },
				"east": { "uv": [ 6, 11, 5.5, 11.5 ], "texture": "#mesh_atlas" }
			}
		},
		{
			"__comment": "Voxels",
			"from": [ -5, 10, 9 ],
			"to": [ 3, 11, 10 ],
			"faces": {
				"down": { "uv": [ 11.5, 15, 15.5, 15.5 ], "texture": "#mesh_atlas" },
				"up": { "uv": [ 6, 14.5, 10, 14 ], "texture": "#mesh_atlas" },
				"north": { "uv": [ 14, 14, 10, 14.5 ], "texture": "#mesh_atlas" },
				"south": { "uv": [ 12, 15.5, 16, 16 ], "texture": "#mesh_atlas" },
				"west": { "uv": [ 6, 11, 6.5, 11.5 ], "texture": "#mesh_atlas" },
				"east": { "uv": [ 7, 11, 6.5, 11.5 ], "texture": "#mesh_atlas" }
			}
		},
		{
			"__comment": "Voxels",
			"from": [ 2, 5, 9 ],
			"to": [ 3, 6, 10 ],
			"faces": {
				"down": { "uv": [ 11, 11, 11.5, 11.5 ], "texture": "#mesh_atlas" },
				"up": { "uv": [ 11.5, 11.5, 12, 11 ], "texture": "#mesh_atlas" },
				"north": { "uv": [ 12.5, 11, 12, 11.5 ], "texture": "#mesh_atlas" },
				"south": { "uv": [ 10.5, 11.5, 11, 12 ], "texture": "#mesh_atlas" },
				"west": { "uv": [ 12.5, 11, 13, 11.5 ], "texture": "#mesh_atlas" },
				"east": { "uv": [ 13.5, 11, 13, 11.5 ], "texture": "#mesh_atlas" }
			}
		},
		{
			"__comment": "Voxels",
			"from": [ 2, 9, 9 ],
			"to": [ 4, 10, 10 ],
			"faces": {
				"down": { "uv": [ 12, 12.5, 13, 13 ], "texture": "#mesh_atlas" },
				"up": { "uv": [ 13, 13, 14, 12.5 ], "texture": "#mesh_atlas" },
				"north": { "uv": [ 15, 12.5, 14, 13 ], "texture": "#mesh_atlas" },
				"south": { "uv": [ 15, 12.5, 16, 13 ], "texture": "#mesh_atlas" },
				"west": { "uv": [ 13.5, 11, 14, 11.5 ], "texture": "#mesh_atlas" },
				"east": { "uv": [ 15, 11, 14.5, 11.5 ], "texture": "#mesh_atlas" }
			}
		},
		{
			"__comment": "Voxels",
			"from": [ 3, 6, 9 ],
			"to": [ 4, 9, 10 ],
			"faces": {
				"down": { "uv": [ 15, 11, 15.5, 11.5 ], "texture": "#mesh_atlas" },
				"up": { "uv": [ 15.5, 11.5, 16, 11 ], "texture": "#mesh_atlas" },
				"north": { "uv": [ 2.5, 11.5, 2, 13 ], "texture": "#mesh_atlas" },
				"south": { "uv": [ 1.5, 0, 2, 1.5 ], "texture": "#mesh_atlas" },
				"west": { "uv": [ 1, 0, 1.5, 1.5 ], "texture": "#mesh_atlas" },
				"east": { "uv": [ 1, 0, 0.5, 1.5 ], "texture": "#mesh_atlas" }
			}
		},
		{
			"__comment": "Voxels",
			"from": [ 4, 7, 9 ],
			"to": [ 5, 8, 10 ],
			"faces": {
				"down": { "uv": [ 4.5, 4.5, 5, 5 ], "texture": "#mesh_atlas" },
				"up": { "uv": [ 4.5, 4.5, 5, 4 ], "texture": "#mesh_atlas" },
				"north": { "uv": [ 5, 2.5, 4.5, 3 ], "texture": "#mesh_atlas" },
				"south": { "uv": [ 4.5, 2, 5, 2.5 ], "texture": "#mesh_atlas" },
				"west": { "uv": [ 15.5, 15, 16, 15.5 ], "texture": "#mesh_atlas" },
				"east": { "uv": [ 16, 14, 15.5, 14.5 ], "texture": "#mesh_atlas" }
			}
		},
		{
			"__comment": "Voxels",
			"from": [ 5, 8, 9 ],
			"to": [ 7, 9, 10 ],
			"faces": {
				"down": { "uv": [ 7.5, 12, 8.5, 12.5 ], "texture": "#mesh_atlas" },
				"up": { "uv": [ 8.5, 12.5, 9.5, 12 ], "texture": "#mesh_atlas" },
				"north": { "uv": [ 4.5, 12, 3.5, 12.5 ], "texture": "#mesh_atlas" },
				"south": { "uv": [ 4.5, 12, 5.5, 12.5 ], "texture": "#mesh_atlas" },
				"west": { "uv": [ 3, 0, 3.5, 0.5 ], "texture": "#mesh_atlas" },
				"east": { "uv": [ 10, 12, 9.5, 12.5 ], "texture": "#mesh_atlas" }
			}
		},
		{
			"__comment": "Voxels",
			"from": [ 7, 7, 9 ],
			"to": [ 9, 8, 10 ],
			"faces": {
				"down": { "uv": [ 15, 13.5, 16, 14 ], "texture": "#mesh_atlas" },
				"up": { "uv": [ 15, 13.5, 16, 13 ], "texture": "#mesh_atlas" },
				"north": { "uv": [ 11, 12.5, 10, 13 ], "texture": "#mesh_atlas" },
				"south": { "uv": [ 11, 12.5, 12, 13 ], "texture": "#mesh_atlas" },
				"west": { "uv": [ 12, 12, 12.5, 12.5 ], "texture": "#mesh_atlas" },
				"east": { "uv": [ 13, 12, 12.5, 12.5 ], "texture": "#mesh_atlas" }
			}
		},
		{
			"__comment": "Voxels",
			"from": [ 8, 6, 9 ],
			"to": [ 9, 7, 10 ],
			"faces": {
				"down": { "uv": [ 13, 12, 13.5, 12.5 ], "texture": "#mesh_atlas" },
				"up": { "uv": [ 13.5, 12.5, 14, 12 ], "texture": "#mesh_atlas" },
				"north": { "uv": [ 14.5, 12, 14, 12.5 ], "texture": "#mesh_atlas" },
				"south": { "uv": [ 14.5, 12, 15, 12.5 ], "texture": "#mesh_atlas" },
				"west": { "uv": [ 15, 12, 15.5, 12.5 ], "texture": "#mesh_atlas" },
				"east": { "uv": [ 16, 12, 15.5, 12.5 ], "texture": "#mesh_atlas" }
			}
		},
		{
			"__comment": "Voxels",
			"from": [ 8, 8, 9 ],
			"to": [ 9, 10, 10 ],
			"faces": {
				"down": { "uv": [ 3.5, 0.5, 4, 1 ], "texture": "#mesh_atlas" },
				"up": { "uv": [ 3.5, 0.5, 4, 0 ], "texture": "#mesh_atlas" },
				"north": { "uv": [ 3, 9, 2.5, 10 ], "texture": "#mesh_atlas" },
				"south": { "uv": [ 2.5, 8, 3, 9 ], "texture": "#mesh_atlas" },
				"west": { "uv": [ 2.5, 7, 3, 8 ], "texture": "#mesh_atlas" },
				"east": { "uv": [ 3, 6, 2.5, 7 ], "texture": "#mesh_atlas" }
			}
		},
		{
			"__comment": "Voxels",
			"from": [ 9, 5, 9 ],
			"to": [ 10, 6, 10 ],
			"faces": {
				"down": { "uv": [ 6, 11.5, 6.5, 12 ], "texture": "#mesh_atlas" },
				"up": { "uv": [ 6.5, 12, 7, 11.5 ], "texture": "#mesh_atlas" },
				"north": { "uv": [ 7.5, 11.5, 7, 12 ], "texture": "#mesh_atlas" },
				"south": { "uv": [ 7.5, 11.5, 8, 12 ], "texture": "#mesh_atlas" },
				"west": { "uv": [ 8, 11.5, 8.5, 12 ], "texture": "#mesh_atlas" },
				"east": { "uv": [ 9, 11.5, 8.5, 12 ], "texture": "#mesh_atlas" }
			}
		},
		{
			"__comment": "Voxels",
			"from": [ 9, 9, 9 ],
			"to": [ 10, 11, 10 ],
			"faces": {
				"down": { "uv": [ 9, 11.5, 9.5, 12 ], "texture": "#mesh_atlas" },
				"up": { "uv": [ 9.5, 12, 10, 11.5 ], "texture": "#mesh_atlas" },
				"north": { "uv": [ 3, 5, 2.5, 6 ], "texture": "#mesh_atlas" },
				"south": { "uv": [ 3, 7.5, 3.5, 8.5 ], "texture": "#mesh_atlas" },
				"west": { "uv": [ 2.5, 4, 3, 5 ], "texture": "#mesh_atlas" },
				"east": { "uv": [ 3, 3, 2.5, 4 ], "texture": "#mesh_atlas" }
			}
		},
		{
			"__comment": "Voxels",
			"from": [ 10, 4, 9 ],
			"to": [ 17, 5, 10 ],
			"faces": {
				"down": { "uv": [ 1, 13, 4.5, 13.5 ], "texture": "#mesh_atlas" },
				"up": { "uv": [ 8, 13.5, 11.5, 13 ], "texture": "#mesh_atlas" },
				"north": { "uv": [ 15, 13, 11.5, 13.5 ], "texture": "#mesh_atlas" },
				"south": { "uv": [ 1, 13.5, 4.5, 14 ], "texture": "#mesh_atlas" },
				"west": { "uv": [ 14, 11.5, 14.5, 12 ], "texture": "#mesh_atlas" },
				"east": { "uv": [ 15, 11.5, 14.5, 12 ], "texture": "#mesh_atlas" }
			}
		},
		{
			"__comment": "Voxels",
			"from": [ 10, 10, 9 ],
			"to": [ 20, 11, 10 ],
			"faces": {
				"down": { "uv": [ 6, 14.5, 11, 15 ], "texture": "#mesh_atlas" },
				"up": { "uv": [ 1, 14.5, 6, 14 ], "texture": "#mesh_atlas" },
				"north": { "uv": [ 6, 14.5, 1, 15 ], "texture": "#mesh_atlas" },
				"south": { "uv": [ 11, 14.5, 16, 15 ], "texture": "#mesh_atlas" },
				"west": { "uv": [ 4, 10, 4.5, 10.5 ], "texture": "#mesh_atlas" },
				"east": { "uv": [ 4.5, 9.5, 4, 10 ], "texture": "#mesh_atlas" }
			}
		},
		{
			"__comment": "Voxels",
			"from": [ 17, 5, 9 ],
			"to": [ 18, 6, 10 ],
			"faces": {
				"down": { "uv": [ 4, 9, 4.5, 9.5 ], "texture": "#mesh_atlas" },
				"up": { "uv": [ 4, 9, 4.5, 8.5 ], "texture": "#mesh_atlas" },
				"north": { "uv": [ 4.5, 8, 4, 8.5 ], "texture": "#mesh_atlas" },
				"south": { "uv": [ 4, 7.5, 4.5, 8 ], "texture": "#mesh_atlas" },
				"west": { "uv": [ 4, 7, 4.5, 7.5 ], "texture": "#mesh_atlas" },
				"east": { "uv": [ 4.5, 6.5, 4, 7 ], "texture": "#mesh_atlas" }
			}
		},
		{
			"__comment": "Voxels",
			"from": [ 17, 9, 9 ],
			"to": [ 20, 10, 10 ],
			"faces": {
				"down": { "uv": [ 2.5, 12.5, 4, 13 ], "texture": "#mesh_atlas" },
				"up": { "uv": [ 8.5, 13, 10, 12.5 ], "texture": "#mesh_atlas" },
				"north": { "uv": [ 7, 12.5, 5.5, 13 ], "texture": "#mesh_atlas" },
				"south": { "uv": [ 7, 12.5, 8.5, 13 ], "texture": "#mesh_atlas" },
				"west": { "uv": [ 4, 4, 4.5, 4.5 ], "texture": "#mesh_atlas" },
				"east": { "uv": [ 14.5, 11, 14, 11.5 ], "texture": "#mesh_atlas" }
			}
		},
		{
			"__comment": "Voxels",
			"from": [ 18, 6, 9 ],
			"to": [ 19, 9, 10 ],
			"faces": {
				"down": { "uv": [ 4, 3, 4.5, 3.5 ], "texture": "#mesh_atlas" },
				"up": { "uv": [ 4, 3, 4.5, 2.5 ], "texture": "#mesh_atlas" },
				"north": { "uv": [ 2.5, 8.5, 2, 10 ], "texture": "#mesh_atlas" },
				"south": { "uv": [ 2, 7, 2.5, 8.5 ], "texture": "#mesh_atlas" },
				"west": { "uv": [ 2, 5.5, 2.5, 7 ], "texture": "#mesh_atlas" },
				"east": { "uv": [ 2.5, 4, 2, 5.5 ], "texture": "#mesh_atlas" }
			}
		},
		{
			"__comment": "Voxels",
			"from": [ 19, 7, -8 ],
			"to": [ 20, 9, -6 ],
			"faces": {
				"down": { "uv": [ 3, 2.5, 3.5, 3.5 ], "texture": "#mesh_atlas" },
				"up": { "uv": [ 3, 2.5, 3.5, 1.5 ], "texture": "#mesh_atlas" },
				"north": { "uv": [ 3.5, 0.5, 3, 1.5 ], "texture": "#mesh_atlas" },
				"south": { "uv": [ 3.5, 11, 4, 12 ], "texture": "#mesh_atlas" },
				"west": { "uv": [ 1, 1.5, 2, 2.5 ], "texture": "#mesh_atlas" },
				"east": { "uv": [ 2, 2.5, 1, 3.5 ], "texture": "#mesh_atlas" }
			}
		},
		{
			"__comment": "Voxels",
			"from": [ 19, 8, -9 ],
			"to": [ 20, 9, -8 ],
			"faces": {
				"down": { "uv": [ 7, 11, 7.5, 11.5 ], "texture": "#mesh_atlas" },
				"up": { "uv": [ 7.5, 11.5, 8, 11 ], "texture": "#mesh_atlas" },
				"north": { "uv": [ 8.5, 11, 8, 11.5 ], "texture": "#mesh_atlas" },
				"south": { "uv": [ 8.5, 11, 9, 11.5 ], "texture": "#mesh_atlas" },
				"west": { "uv": [ 9, 11, 9.5, 11.5 ], "texture": "#mesh_atlas" },
				"east": { "uv": [ 10, 11, 9.5, 11.5 ], "texture": "#mesh_atlas" }
			}
		},
		{
			"__comment": "Voxels",
			"from": [ 19, 8, -6 ],
			"to": [ 20, 10, -5 ],
			"faces": {
				"down": { "uv": [ 10, 11, 10.5, 11.5 ], "texture": "#mesh_atlas" },
				"up": { "uv": [ 10.5, 11.5, 11, 11 ], "texture": "#mesh_atlas" },
				"north": { "uv": [ 4, 8, 3.5, 9 ], "texture": "#mesh_atlas" },
				"south": { "uv": [ 3.5, 7, 4, 8 ], "texture": "#mesh_atlas" },
				"west": { "uv": [ 3.5, 6, 4, 7 ], "texture": "#mesh_atlas" },
				"east": { "uv": [ 4, 5, 3.5, 6 ], "texture": "#mesh_atlas" }
			}
		},
		{
			"__comment": "Voxels",
			"from": [ 19, 8, 7 ],
			"to": [ 20, 11, 9 ],
			"faces": {
				"down": { "uv": [ 3.5, 4, 4, 5 ], "texture": "#mesh_atlas" },
				"up": { "uv": [ 3.5, 4, 4, 3 ], "texture": "#mesh_atlas" },
				"north": { "uv": [ 2.5, 10, 2, 11.5 ], "texture": "#mesh_atlas" },
				"south": { "uv": [ 2, 2.5, 2.5, 4 ], "texture": "#mesh_atlas" },
				"west": { "uv": [ 1, 11.5, 2, 13 ], "texture": "#mesh_atlas" },
				"east": { "uv": [ 2, 10, 1, 11.5 ], "texture": "#mesh_atlas" }
			}
		},
		{
			"__comment": "Voxels",
			"from": [ 19, 8, 9 ],
			"to": [ 20, 9, 10 ],
			"faces": {
				"down": { "uv": [ 4.5, 10.5, 5, 11 ], "texture": "#mesh_atlas" },
				"up": { "uv": [ 4.5, 10.5, 5, 10 ], "texture": "#mesh_atlas" },
				"north": { "uv": [ 5, 9.5, 4.5, 10 ], "texture": "#mesh_atlas" },
				"south": { "uv": [ 4.5, 9, 5, 9.5 ], "texture": "#mesh_atlas" },
				"west": { "uv": [ 4.5, 8.5, 5, 9 ], "texture": "#mesh_atlas" },
				"east": { "uv": [ 5, 8, 4.5, 8.5 ], "texture": "#mesh_atlas" }
			}
		},
		{
			"__comment": "Voxels",
			"from": [ 19, 9, -7 ],
			"to": [ 20, 10, -6 ],
			"faces": {
				"down": { "uv": [ 4.5, 7.5, 5, 8 ], "texture": "#mesh_atlas" },
				"up": { "uv": [ 4.5, 7.5, 5, 7 ], "texture": "#mesh_atlas" },
				"north": { "uv": [ 5, 6.5, 4.5, 7 ], "texture": "#mesh_atlas" },
				"south": { "uv": [ 4.5, 6, 5, 6.5 ], "texture": "#mesh_atlas" },
				"west": { "uv": [ 4.5, 5.5, 5, 6 ], "texture": "#mesh_atlas" },
				"east": { "uv": [ 5, 5, 4.5, 5.5 ], "texture": "#mesh_atlas" }
			}
		},
		{
			"__comment": "Voxels",
			"from": [ 19, 9, -5 ],
			"to": [ 20, 10, 7 ],
			"faces": {
				"down": { "uv": [ 0, 3.5, 0.5, 9.5 ], "texture": "#mesh_atlas" },
				"up": { "uv": [ 0, 15.5, 0.5, 9.5 ], "texture": "#mesh_atlas" },
				"north": { "uv": [ 5, 3.5, 4.5, 4 ], "texture": "#mesh_atlas" },
				"south": { "uv": [ 4.5, 3, 5, 3.5 ], "texture": "#mesh_atlas" },
				"west": { "uv": [ 0, 15.5, 6, 16 ], "texture": "#mesh_atlas" },
				"east": { "uv": [ 12, 15.5, 6, 16 ], "texture": "#mesh_atlas" }
			}
		},
		{
			"__comment": "Voxels",
			"from": [ 19, 10, 6 ],
			"to": [ 20, 11, 7 ],
			"faces": {
				"down": { "uv": [ 4.5, 1.5, 5, 2 ], "texture": "#mesh_atlas" },
				"up": { "uv": [ 4.5, 1.5, 5, 1 ], "texture": "#mesh_atlas" },
				"north": { "uv": [ 5, 0.5, 4.5, 1 ], "texture": "#mesh_atlas" },
				"south": { "uv": [ 4.5, 0, 5, 0.5 ], "texture": "#mesh_atlas" },
				"west": { "uv": [ 5, 10.5, 5.5, 11 ], "texture": "#mesh_atlas" },
				"east": { "uv": [ 6, 10.5, 5.5, 11 ], "texture": "#mesh_atlas" }
			}
		}
	],
	"display": {
		"thirdperson_righthand": {
			"scale":  [ 0.2694, 0.5478, 0.2695 ]
		},
		"thirdperson_lefthand": {
			"scale":  [ 0.2694, 0.5478, 0.2695 ]
		},
		"firstperson_righthand": {
			"rotation":  [ 17, 180, 0 ],
			"translation":  [ -1.391, 0.0009, 0 ],
			"scale":  [ 0.5477, 0.5564, 0.8955 ]
		},
		"firstperson_lefthand": {
			"rotation":  [ 17, 180, 0 ],
			"translation":  [ -1.391, 0.0009, 0 ],
			"scale":  [ 0.5477, 0.5564, 0.8955 ]
		},
		"gui": {
			"rotation":  [ 22, 17, 0 ],
			"translation":  [ 1.3913, -1.391, 0 ],
			"scale":  [ 0.2695, 0.313, 0.4782 ]
		},
		"head": {
			"rotation":  [ 0, 180, 0 ],
			"translation":  [ -1.089, -2.086, -6.948 ],
			"scale":  [ 0.5126, 0.652, 1 ]
		},
		"ground": {
			"scale":  [ 0.6869, 0.826, 1 ]
		}
	}
}