{
	"credit": "Designed by Leejaeyong with Cubik Studio - https://cubik.studio",
	"textures": {
		"kiyu": "n/jen1"
	},
	"elements": [
		{
			"name": "Voxels",
			"from": [-3.25, 0, 6.5],
			"to": [-1, 0.5, 8],
			"faces": {
				"north": {"uv": [8.375, 14, 7.25, 14.25], "texture": "#kiyu"},
				"east": {"uv": [10.625, 15.25, 9.875, 15.5], "texture": "#kiyu"},
				"south": {"uv": [7.25, 14.25, 8.375, 14.5], "texture": "#kiyu"},
				"west": {"uv": [9.875, 15, 10.625, 15.25], "texture": "#kiyu"},
				"up": {"uv": [7.25, 15.25, 8.375, 14.5], "texture": "#kiyu"},
				"down": {"uv": [7.25, 15.25, 8.375, 16], "texture": "#kiyu"}
			}
		},
		{
			"name": "Voxels",
			"from": [-3, 0, 6.25],
			"to": [-1.25, 0.5, 6.5],
			"faces": {
				"north": {"uv": [10.75, 15.5, 9.875, 15.75], "texture": "#kiyu"},
				"east": {"uv": [3, 1.75, 2.875, 2], "texture": "#kiyu"},
				"south": {"uv": [7.25, 12.25, 8.125, 12.5], "texture": "#kiyu"},
				"west": {"uv": [2.875, 1, 3, 1.25], "texture": "#kiyu"},
				"up": {"uv": [9.875, 13.375, 10.75, 13.25], "texture": "#kiyu"},
				"down": {"uv": [9.875, 13.375, 10.75, 13.5], "texture": "#kiyu"}
			}
		},
		{
			"name": "Voxels",
			"from": [-3, 0, 8],
			"to": [-1.25, 0.5, 8.25],
			"faces": {
				"north": {"uv": [10.75, 15.75, 9.875, 16], "texture": "#kiyu"},
				"east": {"uv": [1.5, 1, 1.375, 1.25], "texture": "#kiyu"},
				"south": {"uv": [7.25, 12, 8.125, 12.25], "texture": "#kiyu"},
				"west": {"uv": [2.875, 1.5, 3, 1.75], "texture": "#kiyu"},
				"up": {"uv": [9.875, 13.125, 10.75, 13], "texture": "#kiyu"},
				"down": {"uv": [9.875, 13.125, 10.75, 13.25], "texture": "#kiyu"}
			}
		},
		{
			"name": "Voxels",
			"from": [-2.75, -8.5, 6.75],
			"to": [-1.5, -7.75, 7],
			"faces": {
				"north": {"uv": [7.875, 12.875, 7.25, 13.25], "texture": "#kiyu"},
				"east": {"uv": [1.125, 0.25, 1, 0.625], "texture": "#kiyu"},
				"south": {"uv": [7.25, 13.25, 7.875, 13.625], "texture": "#kiyu"},
				"west": {"uv": [1.375, 1.25, 1.5, 1.625], "texture": "#kiyu"},
				"up": {"uv": [9.875, 12.75, 10.5, 12.625], "texture": "#kiyu"},
				"down": {"uv": [9.875, 12.5, 10.5, 12.625], "texture": "#kiyu"}
			}
		},
		{
			"name": "Voxels",
			"from": [-2.75, -8.5, 7],
			"to": [-1.5, -8, 7.75],
			"faces": {
				"north": {"uv": [10.5, 13.5, 9.875, 13.75], "texture": "#kiyu"},
				"east": {"uv": [2.25, 0.75, 1.875, 1], "texture": "#kiyu"},
				"south": {"uv": [9.875, 14.75, 10.5, 15], "texture": "#kiyu"},
				"west": {"uv": [1.875, 0.5, 2.25, 0.75], "texture": "#kiyu"},
				"up": {"uv": [7.25, 12.875, 7.875, 12.5], "texture": "#kiyu"},
				"down": {"uv": [7.25, 13.625, 7.875, 14], "texture": "#kiyu"}
			}
		},
		{
			"name": "Voxels",
			"from": [-2.75, -8, 7.5],
			"to": [-1.5, -7.75, 7.75],
			"faces": {
				"north": {"uv": [10.5, 12.875, 9.875, 13], "texture": "#kiyu"},
				"east": {"uv": [3.25, 1.125, 3.125, 1.25], "texture": "#kiyu"},
				"south": {"uv": [9.875, 12.75, 10.5, 12.875], "texture": "#kiyu"},
				"west": {"uv": [3.125, 1.75, 3.25, 1.875], "texture": "#kiyu"},
				"up": {"uv": [9.875, 12.5, 10.5, 12.375], "texture": "#kiyu"},
				"down": {"uv": [10.75, 15.75, 11.375, 15.875], "texture": "#kiyu"}
			}
		},
		{
			"name": "Voxels",
			"from": [-2.75, 0, 6],
			"to": [-1.5, 0.5, 6.25],
			"faces": {
				"north": {"uv": [10.5, 13.75, 9.875, 14], "texture": "#kiyu"},
				"east": {"uv": [3, 0, 2.875, 0.25], "texture": "#kiyu"},
				"south": {"uv": [9.875, 14.25, 10.5, 14.5], "texture": "#kiyu"},
				"west": {"uv": [3, 1.75, 3.125, 2], "texture": "#kiyu"},
				"up": {"uv": [9.875, 12.25, 10.5, 12.125], "texture": "#kiyu"},
				"down": {"uv": [9.875, 12.25, 10.5, 12.375], "texture": "#kiyu"}
			}
		},
		{
			"name": "Voxels",
			"from": [-2.75, 0, 8.25],
			"to": [-1.5, 0.5, 8.5],
			"faces": {
				"north": {"uv": [10.5, 14.5, 9.875, 14.75], "texture": "#kiyu"},
				"east": {"uv": [2.875, 0, 2.75, 0.25], "texture": "#kiyu"},
				"south": {"uv": [9.875, 14, 10.5, 14.25], "texture": "#kiyu"},
				"west": {"uv": [2.875, 0.75, 3, 1], "texture": "#kiyu"},
				"up": {"uv": [10.75, 16, 11.375, 15.875], "texture": "#kiyu"},
				"down": {"uv": [9.875, 12, 10.5, 12.125], "texture": "#kiyu"}
			}
		},
		{
			"name": "Voxels",
			"from": [-2.5, -8.75, 6.75],
			"to": [-1.75, -8.5, 7.75],
			"faces": {
				"north": {"uv": [11.125, 15, 10.75, 15.125], "texture": "#kiyu"},
				"east": {"uv": [8.375, 13.25, 7.875, 13.375], "texture": "#kiyu"},
				"south": {"uv": [10.75, 14.875, 11.125, 15], "texture": "#kiyu"},
				"west": {"uv": [7.875, 13.625, 8.375, 13.75], "texture": "#kiyu"},
				"up": {"uv": [0.75, 1.625, 1.125, 1.125], "texture": "#kiyu"},
				"down": {"uv": [0.75, 0.625, 1.125, 1.125], "texture": "#kiyu"}
			}
		},
		{
			"name": "Voxels",
			"from": [-2.5, -8.5, 6.5],
			"to": [-1.75, -7.75, 6.75],
			"faces": {
				"north": {"uv": [1.5, 0.625, 1.125, 1], "texture": "#kiyu"},
				"east": {"uv": [2.25, 1, 2.125, 1.375], "texture": "#kiyu"},
				"south": {"uv": [1.5, 0.25, 1.875, 0.625], "texture": "#kiyu"},
				"west": {"uv": [2, 1, 2.125, 1.375], "texture": "#kiyu"},
				"up": {"uv": [10.75, 14.75, 11.125, 14.625], "texture": "#kiyu"},
				"down": {"uv": [10.75, 14.75, 11.125, 14.875], "texture": "#kiyu"}
			}
		},
		{
			"name": "Voxels",
			"from": [-2.5, -8.5, 7.75],
			"to": [-1.75, -7.75, 8],
			"faces": {
				"north": {"uv": [1.5, 0.25, 1.125, 0.625], "texture": "#kiyu"},
				"east": {"uv": [2.875, 1.25, 2.75, 1.625], "texture": "#kiyu"},
				"south": {"uv": [1.5, 1.75, 1.875, 2.125], "texture": "#kiyu"},
				"west": {"uv": [2.75, 1.625, 2.875, 2], "texture": "#kiyu"},
				"up": {"uv": [10.75, 14.5, 11.125, 14.375], "texture": "#kiyu"},
				"down": {"uv": [10.75, 14.5, 11.125, 14.625], "texture": "#kiyu"}
			}
		},
		{
			"name": "Voxels",
			"from": [-2.5, -8, 7],
			"to": [-1.75, 0, 7.5],
			"faces": {
				"north": {"uv": [4.875, 12, 4.5, 16], "texture": "#kiyu"},
				"east": {"uv": [7.25, 12, 7, 16], "texture": "#kiyu"},
				"south": {"uv": [4.875, 12, 5.25, 16], "texture": "#kiyu"},
				"west": {"uv": [6.75, 12, 7, 16], "texture": "#kiyu"},
				"up": {"uv": [1.5, 0.25, 1.875, 0], "texture": "#kiyu"},
				"down": {"uv": [1.875, 0, 2.25, 0.25], "texture": "#kiyu"}
			}
		},
		{
			"name": "Voxels",
			"from": [-2.5, -7.75, 6.75],
			"to": [-1.75, 0, 7],
			"faces": {
				"north": {"uv": [6.375, 12.125, 6, 16], "texture": "#kiyu"},
				"east": {"uv": [9.75, 12.125, 9.625, 16], "texture": "#kiyu"},
				"south": {"uv": [6.375, 12.125, 6.75, 16], "texture": "#kiyu"},
				"west": {"uv": [9.375, 12.125, 9.5, 16], "texture": "#kiyu"},
				"up": {"uv": [10.75, 14.25, 11.125, 14.125], "texture": "#kiyu"},
				"down": {"uv": [10.75, 14.25, 11.125, 14.375], "texture": "#kiyu"}
			}
		},
		{
			"name": "Voxels",
			"from": [-2.5, -7.75, 7.5],
			"to": [-1.75, 0, 7.75],
			"faces": {
				"north": {"uv": [6, 12.125, 5.625, 16], "texture": "#kiyu"},
				"east": {"uv": [9.625, 12.125, 9.5, 16], "texture": "#kiyu"},
				"south": {"uv": [5.25, 12.125, 5.625, 16], "texture": "#kiyu"},
				"west": {"uv": [8.75, 12.125, 8.875, 16], "texture": "#kiyu"},
				"up": {"uv": [5.25, 12.125, 5.625, 12], "texture": "#kiyu"},
				"down": {"uv": [10.75, 14, 11.125, 14.125], "texture": "#kiyu"}
			}
		},
		{
			"name": "Voxels",
			"from": [-2.5, 0, 5.75],
			"to": [-1.75, 0.5, 6],
			"faces": {
				"north": {"uv": [8.25, 13.375, 7.875, 13.625], "texture": "#kiyu"},
				"east": {"uv": [3, 1.25, 2.875, 1.5], "texture": "#kiyu"},
				"south": {"uv": [1.875, 0.25, 2.25, 0.5], "texture": "#kiyu"},
				"west": {"uv": [2.75, 0.25, 2.875, 0.5], "texture": "#kiyu"},
				"up": {"uv": [6, 12.125, 6.375, 12], "texture": "#kiyu"},
				"down": {"uv": [5.625, 12, 6, 12.125], "texture": "#kiyu"}
			}
		},
		{
			"name": "Voxels",
			"from": [-2.5, 0, 8.5],
			"to": [-1.75, 0.5, 8.75],
			"faces": {
				"north": {"uv": [8.25, 13.75, 7.875, 14], "texture": "#kiyu"},
				"east": {"uv": [3, 0.25, 2.875, 0.5], "texture": "#kiyu"},
				"south": {"uv": [7.875, 13, 8.25, 13.25], "texture": "#kiyu"},
				"west": {"uv": [2.875, 0.5, 3, 0.75], "texture": "#kiyu"},
				"up": {"uv": [7.875, 13, 8.25, 12.875], "texture": "#kiyu"},
				"down": {"uv": [6.375, 12, 6.75, 12.125], "texture": "#kiyu"}
			}
		},
		{
			"name": "Voxels",
			"from": [-2.5, 0.5, 6.5],
			"to": [-1.75, 29.5, 6.75],
			"faces": {
				"north": {"uv": [0.75, 1.5, 0.375, 16], "texture": "#kiyu"},
				"east": {"uv": [2.375, 1.5, 2.25, 16], "texture": "#kiyu"},
				"south": {"uv": [0, 1.5, 0.375, 16], "texture": "#kiyu"},
				"west": {"uv": [2.375, 1.5, 2.5, 16], "texture": "#kiyu"},
				"up": {"uv": [7.875, 12.75, 8.25, 12.625], "texture": "#kiyu"},
				"down": {"uv": [7.875, 12.75, 8.25, 12.875], "texture": "#kiyu"}
			}
		},
		{
			"name": "Voxels",
			"from": [-2.5, 0.5, 6.75],
			"to": [-1.75, 29.25, 7],
			"faces": {
				"north": {"uv": [1.125, 1.625, 0.75, 16], "texture": "#kiyu"},
				"east": {"uv": [2.75, 1.625, 2.625, 16], "texture": "#kiyu"},
				"south": {"uv": [1.125, 1.625, 1.5, 16], "texture": "#kiyu"},
				"west": {"uv": [2.5, 1.625, 2.625, 16], "texture": "#kiyu"},
				"up": {"uv": [10.75, 15.75, 11.125, 15.625], "texture": "#kiyu"},
				"down": {"uv": [7.875, 12.5, 8.25, 12.625], "texture": "#kiyu"}
			}
		},
		{
			"name": "Voxels",
			"from": [-2.5, 0.5, 7],
			"to": [-1.75, 28.25, 7.25],
			"faces": {
				"north": {"uv": [2.25, 2.125, 1.875, 16], "texture": "#kiyu"},
				"east": {"uv": [3.5, 2.125, 3.375, 16], "texture": "#kiyu"},
				"south": {"uv": [1.5, 2.125, 1.875, 16], "texture": "#kiyu"},
				"west": {"uv": [3.5, 2.125, 3.625, 16], "texture": "#kiyu"},
				"up": {"uv": [10.75, 15.5, 11.125, 15.375], "texture": "#kiyu"},
				"down": {"uv": [10.75, 15.5, 11.125, 15.625], "texture": "#kiyu"}
			}
		},
		{
			"name": "Voxels",
			"from": [-2.5, 0.5, 7.25],
			"to": [-1.75, 2, 7.5],
			"faces": {
				"north": {"uv": [0.375, 0.75, 0, 1.5], "texture": "#kiyu"},
				"east": {"uv": [2.25, 1.375, 2.125, 2.125], "texture": "#kiyu"},
				"south": {"uv": [0, 0, 0.375, 0.75], "texture": "#kiyu"},
				"west": {"uv": [2, 1.375, 2.125, 2.125], "texture": "#kiyu"},
				"up": {"uv": [10.75, 15.25, 11.125, 15.125], "texture": "#kiyu"},
				"down": {"uv": [10.75, 15.25, 11.125, 15.375], "texture": "#kiyu"}
			}
		},
		{
			"name": "Voxels",
			"from": [-2.5, 0.5, 7.5],
			"to": [-1.75, 1.75, 8],
			"faces": {
				"north": {"uv": [0.75, 0.25, 0.375, 0.875], "texture": "#kiyu"},
				"east": {"uv": [1.375, 1, 1.125, 1.625], "texture": "#kiyu"},
				"south": {"uv": [0.375, 0.875, 0.75, 1.5], "texture": "#kiyu"},
				"west": {"uv": [0.75, 0, 1, 0.625], "texture": "#kiyu"},
				"up": {"uv": [1.125, 0.25, 1.5, 0], "texture": "#kiyu"},
				"down": {"uv": [0.375, 0, 0.75, 0.25], "texture": "#kiyu"}
			}
		},
		{
			"name": "Voxels",
			"from": [-2.25, -7.75, 6.5],
			"to": [-2, 0, 6.75],
			"faces": {
				"north": {"uv": [8.625, 12.125, 8.5, 16], "texture": "#kiyu"},
				"east": {"uv": [8.75, 12.125, 8.625, 16], "texture": "#kiyu"},
				"south": {"uv": [8.375, 12.125, 8.5, 16], "texture": "#kiyu"},
				"west": {"uv": [9.75, 12.125, 9.875, 16], "texture": "#kiyu"},
				"up": {"uv": [2.625, 0.125, 2.75, 0], "texture": "#kiyu"},
				"down": {"uv": [3.125, 0.5, 3.25, 0.625], "texture": "#kiyu"}
			}
		},
		{
			"name": "Voxels",
			"from": [-2.25, -7.75, 7.75],
			"to": [-2, 0, 8],
			"faces": {
				"north": {"uv": [9.375, 12.125, 9.25, 16], "texture": "#kiyu"},
				"east": {"uv": [9.125, 12.125, 9, 16], "texture": "#kiyu"},
				"south": {"uv": [9.125, 12.125, 9.25, 16], "texture": "#kiyu"},
				"west": {"uv": [8.875, 12.125, 9, 16], "texture": "#kiyu"},
				"up": {"uv": [3, 0.25, 3.125, 0.125], "texture": "#kiyu"},
				"down": {"uv": [3, 0.5, 3.125, 0.625], "texture": "#kiyu"}
			}
		},
		{
			"name": "Voxels",
			"from": [-2.25, 0, 5.5],
			"to": [-2, 0.5, 5.75],
			"faces": {
				"north": {"uv": [3.125, 1.5, 3, 1.75], "texture": "#kiyu"},
				"east": {"uv": [3.125, 0.75, 3, 1], "texture": "#kiyu"},
				"south": {"uv": [3, 1.25, 3.125, 1.5], "texture": "#kiyu"},
				"west": {"uv": [3, 1, 3.125, 1.25], "texture": "#kiyu"},
				"up": {"uv": [3.125, 0.5, 3.25, 0.375], "texture": "#kiyu"},
				"down": {"uv": [3.125, 1.25, 3.25, 1.375], "texture": "#kiyu"}
			}
		},
		{
			"name": "Voxels",
			"from": [-2.25, 0, 8.75],
			"to": [-2, 0.5, 9],
			"faces": {
				"north": {"uv": [2.875, 1, 2.75, 1.25], "texture": "#kiyu"},
				"east": {"uv": [1.125, 0, 1, 0.25], "texture": "#kiyu"},
				"south": {"uv": [2.75, 0.75, 2.875, 1], "texture": "#kiyu"},
				"west": {"uv": [2.75, 0.5, 2.875, 0.75], "texture": "#kiyu"},
				"up": {"uv": [3, 0.75, 3.125, 0.625], "texture": "#kiyu"},
				"down": {"uv": [3.125, 1.375, 3.25, 1.5], "texture": "#kiyu"}
			}
		},
		{
			"name": "Voxels",
			"from": [-2.25, 1.75, 7.5],
			"to": [-2, 29.5, 7.75],
			"faces": {
				"north": {"uv": [3.375, 2.125, 3.25, 16], "texture": "#kiyu"},
				"east": {"uv": [3.75, 2.125, 3.625, 16], "texture": "#kiyu"},
				"south": {"uv": [3.875, 2.125, 4, 16], "texture": "#kiyu"},
				"west": {"uv": [3.75, 2.125, 3.875, 16], "texture": "#kiyu"},
				"up": {"uv": [3.125, 2, 3.25, 1.875], "texture": "#kiyu"},
				"down": {"uv": [3, 0, 3.125, 0.125], "texture": "#kiyu"}
			}
		},
		{
			"name": "Voxels",
			"from": [-2.25, 1.75, 7.75],
			"to": [-2, 28.5, 8],
			"faces": {
				"north": {"uv": [4.5, 2.625, 4.375, 16], "texture": "#kiyu"},
				"east": {"uv": [4.25, 2.625, 4.125, 16], "texture": "#kiyu"},
				"south": {"uv": [4.25, 2.625, 4.375, 16], "texture": "#kiyu"},
				"west": {"uv": [4, 2.625, 4.125, 16], "texture": "#kiyu"},
				"up": {"uv": [3.125, 0.75, 3.25, 0.625], "texture": "#kiyu"},
				"down": {"uv": [3.125, 1, 3.25, 1.125], "texture": "#kiyu"}
			}
		},
		{
			"name": "Voxels",
			"from": [-2.25, 2, 7.25],
			"to": [-2, 30, 7.5],
			"faces": {
				"north": {"uv": [3.25, 2, 3.125, 16], "texture": "#kiyu"},
				"east": {"uv": [3.125, 2, 3, 16], "texture": "#kiyu"},
				"south": {"uv": [2.875, 2, 3, 16], "texture": "#kiyu"},
				"west": {"uv": [2.75, 2, 2.875, 16], "texture": "#kiyu"},
				"up": {"uv": [2.5, 0.125, 2.625, 0], "texture": "#kiyu"},
				"down": {"uv": [3.125, 0.25, 3.25, 0.375], "texture": "#kiyu"}
			}
		},
		{
			"name": "Voxels",
			"from": [-2.25, 28.25, 7],
			"to": [-2, 30.5, 7.25],
			"faces": {
				"north": {"uv": [1.75, 0.625, 1.625, 1.75], "texture": "#kiyu"},
				"east": {"uv": [1.625, 0.625, 1.5, 1.75], "texture": "#kiyu"},
				"south": {"uv": [1.75, 0.625, 1.875, 1.75], "texture": "#kiyu"},
				"west": {"uv": [1.875, 1, 2, 2.125], "texture": "#kiyu"},
				"up": {"uv": [3, 0.375, 3.125, 0.25], "texture": "#kiyu"},
				"down": {"uv": [3, 0.375, 3.125, 0.5], "texture": "#kiyu"}
			}
		},
		{
			"name": "Voxels",
			"from": [-2.25, 29.25, 6.75],
			"to": [-2, 30.75, 7],
			"faces": {
				"north": {"uv": [2.375, 0, 2.25, 0.75], "texture": "#kiyu"},
				"east": {"uv": [2.625, 0.875, 2.5, 1.625], "texture": "#kiyu"},
				"south": {"uv": [2.375, 0.75, 2.5, 1.5], "texture": "#kiyu"},
				"west": {"uv": [2.375, 0, 2.5, 0.75], "texture": "#kiyu"},
				"up": {"uv": [3.125, 1.625, 3.25, 1.5], "texture": "#kiyu"},
				"down": {"uv": [3.125, 1.625, 3.25, 1.75], "texture": "#kiyu"}
			}
		},
		{
			"name": "Voxels",
			"from": [-2.25, 29.5, 6.5],
			"to": [-2, 31, 6.75],
			"faces": {
				"north": {"uv": [2.625, 0.125, 2.5, 0.875], "texture": "#kiyu"},
				"east": {"uv": [2.375, 0.75, 2.25, 1.5], "texture": "#kiyu"},
				"south": {"uv": [2.625, 0.875, 2.75, 1.625], "texture": "#kiyu"},
				"west": {"uv": [2.625, 0.125, 2.75, 0.875], "texture": "#kiyu"},
				"up": {"uv": [3.125, 0.875, 3.25, 0.75], "texture": "#kiyu"},
				"down": {"uv": [3.125, 0.875, 3.25, 1], "texture": "#kiyu"}
			}
		}
	],
	"display": {
		"thirdperson_righthand": {
			"rotation": [0, -180, 0],
			"translation": [-10, 9, 0.3],
			"scale": [1, 1.02, 1]
		},
		"thirdperson_lefthand": {
			"rotation": [0, -180, 0],
			"translation": [10, 9.0956, 0.3],
			"scale": [1, 1.09, 1]
		},
		"firstperson_righthand": {
			"rotation": [0, -180, 0],
			"translation": [3.486, 6.2608, -11.82],
			"scale": [1, 1.09, 1]
		},
		"firstperson_lefthand": {
			"rotation": [0, -180, 0],
			"translation": [22.253, 6.2608, -11.82],
			"scale": [1, 1.09, 1]
		},
		"ground": {
			"rotation": [-45, 180, 0],
			"translation": [-7.652, 6.2608, 0],
			"scale": [0.5, 0.59, 0.5]
		},
		"gui": {
			"rotation": [0, 90, 0],
			"translation": [0, -1.3, 0],
			"scale": [0.3, 0.39, 0.3]
		},
		"head": {
			"rotation": [-138, -180, 0],
			"translation": [-12, -24.72, -19.47],
			"scale": [1.3, 1.39, 1.3]
		},
		"fixed": {
			"rotation": [0, 90, 0],
			"translation": [0, -1.391, -11.11],
			"scale": [1, 1.09, 1]
		}
	}
}