{
	"credit": "Made with Blockbench",
	"textures": {
		"1": "djenarja/darkfx",
		"particle": "djenarja/darkfx",
		"voxels_atlas": "djenarja/voxels_atlas"
	},
	"elements": [
		{
			"name": "Voxels",
			"from": [6.4762, 8.381, -13.7143],
			"to": [9.52382, 8.76195, -12.95239],
			"faces": {
				"north": {"uv": [7.125, 14.125, 6.125, 14.25], "texture": "#voxels_atlas"},
				"east": {"uv": [9.5, 15.625, 9.25, 15.75], "texture": "#voxels_atlas"},
				"south": {"uv": [6.125, 15.125, 7.125, 15.25], "texture": "#voxels_atlas"},
				"west": {"uv": [9, 15.625, 9.25, 15.75], "texture": "#voxels_atlas"},
				"up": {"uv": [2.25, 9.375, 3.25, 9.125], "texture": "#voxels_atlas"},
				"down": {"uv": [2.25, 9.875, 3.25, 10.125], "texture": "#voxels_atlas"}
			}
		},
		{
			"name": "Voxels",
			"from": [6.4762, 8.381, -12.9524],
			"to": [6.85715, 8.76195, -12.57145],
			"faces": {
				"north": {"uv": [8.875, 15.375, 8.75, 15.5], "texture": "#voxels_atlas"},
				"east": {"uv": [8.5, 8.25, 8.375, 8.375], "texture": "#voxels_atlas"},
				"south": {"uv": [8.375, 8, 8.5, 8.125], "texture": "#voxels_atlas"},
				"west": {"uv": [8.25, 8.125, 8.375, 8.25], "texture": "#voxels_atlas"},
				"up": {"uv": [8.875, 15.5, 9, 15.375], "texture": "#voxels_atlas"},
				"down": {"uv": [9, 15.375, 9.125, 15.5], "texture": "#voxels_atlas"}
			}
		},
		{
			"name": "Voxels",
			"from": [6.8571, 8.381, 1.9048],
			"to": [7.61901, 8.76195, 2.28575],
			"faces": {
				"north": {"uv": [10.25, 15.625, 10, 15.75], "texture": "#voxels_atlas"},
				"east": {"uv": [8.5, 8.375, 8.375, 8.5], "texture": "#voxels_atlas"},
				"south": {"uv": [10.25, 15.625, 10.5, 15.75], "texture": "#voxels_atlas"},
				"west": {"uv": [8.25, 8.25, 8.375, 8.375], "texture": "#voxels_atlas"},
				"up": {"uv": [9.75, 15.75, 10, 15.625], "texture": "#voxels_atlas"},
				"down": {"uv": [9.5, 15.625, 9.75, 15.75], "texture": "#voxels_atlas"}
			}
		},
		{
			"name": "Voxels",
			"from": [6.8571, 8.381, 30.4762],
			"to": [7.61901, 8.76195, 31.23811],
			"faces": {
				"north": {"uv": [15.5, 15.625, 15.25, 15.75], "texture": "#voxels_atlas"},
				"east": {"uv": [8.5, 15.5, 8.25, 15.625], "texture": "#voxels_atlas"},
				"south": {"uv": [15.5, 15.625, 15.75, 15.75], "texture": "#voxels_atlas"},
				"west": {"uv": [15.75, 15.625, 16, 15.75], "texture": "#voxels_atlas"},
				"up": {"uv": [4.375, 13.75, 4.625, 13.5], "texture": "#voxels_atlas"},
				"down": {"uv": [4.375, 14.875, 4.625, 15.125], "texture": "#voxels_atlas"}
			}
		},
		{
			"name": "Voxels",
			"from": [6.8571, 8.381, 31.2381],
			"to": [7.23805, 8.76195, 31.61905],
			"faces": {
				"north": {"uv": [8.375, 9.125, 8.25, 9.25], "texture": "#voxels_atlas"},
				"east": {"uv": [8.5, 10.5, 8.375, 10.625], "texture": "#voxels_atlas"},
				"south": {"uv": [8.375, 9.25, 8.5, 9.375], "texture": "#voxels_atlas"},
				"west": {"uv": [8.25, 10.25, 8.375, 10.375], "texture": "#voxels_atlas"},
				"up": {"uv": [8.375, 9, 8.5, 8.875], "texture": "#voxels_atlas"},
				"down": {"uv": [8.25, 8.375, 8.375, 8.5], "texture": "#voxels_atlas"}
			}
		},
		{
			"name": "Voxels",
			"from": [7.2381, 8, -13.7143],
			"to": [8.76191, 8.38095, -12.95239],
			"faces": {
				"north": {"uv": [7.625, 8.5, 7.125, 8.625], "texture": "#voxels_atlas"},
				"east": {"uv": [9, 15.5, 8.75, 15.625], "texture": "#voxels_atlas"},
				"south": {"uv": [8.75, 15.875, 9.25, 16], "texture": "#voxels_atlas"},
				"west": {"uv": [8.5, 15.5, 8.75, 15.625], "texture": "#voxels_atlas"},
				"up": {"uv": [0, 8.25, 0.5, 8], "texture": "#voxels_atlas"},
				"down": {"uv": [6.375, 12.125, 6.875, 12.375], "texture": "#voxels_atlas"}
			}
		},
		{
			"name": "Voxels",
			"from": [7.2381, 8.381, -14.8571],
			"to": [8.00001, 8.76195, -13.71424],
			"faces": {
				"north": {"uv": [9.25, 15.5, 9, 15.625], "texture": "#voxels_atlas"},
				"east": {"uv": [8.125, 9.75, 7.75, 9.875], "texture": "#voxels_atlas"},
				"south": {"uv": [9.25, 15.5, 9.5, 15.625], "texture": "#voxels_atlas"},
				"west": {"uv": [7.75, 9.875, 8.125, 10], "texture": "#voxels_atlas"},
				"up": {"uv": [3.125, 14.5, 3.375, 14.125], "texture": "#voxels_atlas"},
				"down": {"uv": [3.125, 14.625, 3.375, 15], "texture": "#voxels_atlas"}
			}
		},
		{
			"name": "Voxels",
			"from": [7.2381, 8.381, -12.9524],
			"to": [9.14286, 8.76195, -11.42859],
			"faces": {
				"north": {"uv": [7.125, 8.75, 6.5, 8.875], "texture": "#voxels_atlas"},
				"east": {"uv": [11.75, 15.875, 11.25, 16], "texture": "#voxels_atlas"},
				"south": {"uv": [6.5, 8.625, 7.125, 8.75], "texture": "#voxels_atlas"},
				"west": {"uv": [10.75, 15.875, 11.25, 16], "texture": "#voxels_atlas"},
				"up": {"uv": [1.5, 10.5, 2.125, 10], "texture": "#voxels_atlas"},
				"down": {"uv": [1.5, 8.875, 2.125, 9.375], "texture": "#voxels_atlas"}
			}
		},
		{
			"name": "Voxels",
			"from": [7.2381, 8.381, 2.2857],
			"to": [9.90477, 8.76195, 2.66665],
			"faces": {
				"north": {"uv": [6.375, 9.625, 5.5, 9.75], "texture": "#voxels_atlas"},
				"east": {"uv": [8.5, 10.625, 8.375, 10.75], "texture": "#voxels_atlas"},
				"south": {"uv": [4.625, 9.5, 5.5, 9.625], "texture": "#voxels_atlas"},
				"west": {"uv": [8.25, 10.5, 8.375, 10.625], "texture": "#voxels_atlas"},
				"up": {"uv": [4.625, 9.75, 5.5, 9.625], "texture": "#voxels_atlas"},
				"down": {"uv": [5.5, 10, 6.375, 10.125], "texture": "#voxels_atlas"}
			}
		},
		{
			"name": "Voxels",
			"from": [7.2381, 8.381, 28.1905],
			"to": [8.76191, 8.76195, 28.9524],
			"faces": {
				"north": {"uv": [2.25, 10.5, 1.75, 10.625], "texture": "#voxels_atlas"},
				"east": {"uv": [10.5, 15.5, 10.25, 15.625], "texture": "#voxels_atlas"},
				"south": {"uv": [5.625, 11.625, 6.125, 11.75], "texture": "#voxels_atlas"},
				"west": {"uv": [10, 15.5, 10.25, 15.625], "texture": "#voxels_atlas"},
				"up": {"uv": [5.625, 12.25, 6.125, 12], "texture": "#voxels_atlas"},
				"down": {"uv": [5.625, 11.75, 6.125, 12], "texture": "#voxels_atlas"}
			}
		},
		{
			"name": "Voxels",
			"from": [7.2381, 8.381, 28.9524],
			"to": [8.38096, 8.76195, 29.71431],
			"faces": {
				"north": {"uv": [8.125, 9.625, 7.75, 9.75], "texture": "#voxels_atlas"},
				"east": {"uv": [11, 15.5, 10.75, 15.625], "texture": "#voxels_atlas"},
				"south": {"uv": [11.5, 15.75, 11.875, 15.875], "texture": "#voxels_atlas"},
				"west": {"uv": [10.5, 15.5, 10.75, 15.625], "texture": "#voxels_atlas"},
				"up": {"uv": [4.25, 12.25, 4.625, 12], "texture": "#voxels_atlas"},
				"down": {"uv": [4.25, 12.25, 4.625, 12.5], "texture": "#voxels_atlas"}
			}
		},
		{
			"name": "Voxels",
			"from": [7.2381, 8.381, 29.7143],
			"to": [8.00001, 8.76195, 30.47621],
			"faces": {
				"north": {"uv": [11.25, 15.5, 11, 15.625], "texture": "#voxels_atlas"},
				"east": {"uv": [12.75, 15.5, 12.5, 15.625], "texture": "#voxels_atlas"},
				"south": {"uv": [11.25, 15.5, 11.5, 15.625], "texture": "#voxels_atlas"},
				"west": {"uv": [11.5, 15.5, 11.75, 15.625], "texture": "#voxels_atlas"},
				"up": {"uv": [4.375, 9, 4.625, 8.75], "texture": "#voxels_atlas"},
				"down": {"uv": [6.875, 13.875, 7.125, 14.125], "texture": "#voxels_atlas"}
			}
		},
		{
			"name": "Voxels",
			"from": [7.2381, 8.7619, -13.7143],
			"to": [8.76191, 9.14285, -12.95239],
			"faces": {
				"north": {"uv": [9.75, 15.875, 9.25, 16], "texture": "#voxels_atlas"},
				"east": {"uv": [13.25, 15.5, 13, 15.625], "texture": "#voxels_atlas"},
				"south": {"uv": [7.125, 8.375, 7.625, 8.5], "texture": "#voxels_atlas"},
				"west": {"uv": [12.75, 15.5, 13, 15.625], "texture": "#voxels_atlas"},
				"up": {"uv": [4.125, 12.75, 4.625, 12.5], "texture": "#voxels_atlas"},
				"down": {"uv": [6.5, 13.125, 7, 13.375], "texture": "#voxels_atlas"}
			}
		},
		{
			"name": "Voxels",
			"from": [7.619, 8, -14.4762],
			"to": [7.99995, 8.38095, -13.7143],
			"faces": {
				"north": {"uv": [8.375, 10.625, 8.25, 10.75], "texture": "#voxels_atlas"},
				"east": {"uv": [13.75, 15.5, 13.5, 15.625], "texture": "#voxels_atlas"},
				"south": {"uv": [8.375, 10.75, 8.5, 10.875], "texture": "#voxels_atlas"},
				"west": {"uv": [13.25, 15.5, 13.5, 15.625], "texture": "#voxels_atlas"},
				"up": {"uv": [3.25, 9.125, 3.375, 8.875], "texture": "#voxels_atlas"},
				"down": {"uv": [3.25, 9.125, 3.375, 9.375], "texture": "#voxels_atlas"}
			}
		},
		{
			"name": "Voxels",
			"from": [7.619, 8, -12.9524],
			"to": [8.76186, 8.38095, -11.42859],
			"faces": {
				"north": {"uv": [8.125, 12.125, 7.75, 12.25], "texture": "#voxels_atlas"},
				"east": {"uv": [7.625, 9.875, 7.125, 10], "texture": "#voxels_atlas"},
				"south": {"uv": [7.75, 12.25, 8.125, 12.375], "texture": "#voxels_atlas"},
				"west": {"uv": [7.125, 9.5, 7.625, 9.625], "texture": "#voxels_atlas"},
				"up": {"uv": [3.75, 10.5, 4.125, 10], "texture": "#voxels_atlas"},
				"down": {"uv": [4.125, 10, 4.5, 10.5], "texture": "#voxels_atlas"}
			}
		},
		{
			"name": "Voxels",
			"from": [7.619, 8, 28.1905],
			"to": [8.38091, 8.38095, 28.9524],
			"faces": {
				"north": {"uv": [14, 15.5, 13.75, 15.625], "texture": "#voxels_atlas"},
				"east": {"uv": [14.75, 15.5, 14.5, 15.625], "texture": "#voxels_atlas"},
				"south": {"uv": [14, 15.5, 14.25, 15.625], "texture": "#voxels_atlas"},
				"west": {"uv": [14.25, 15.5, 14.5, 15.625], "texture": "#voxels_atlas"},
				"up": {"uv": [4.375, 11.75, 4.625, 11.5], "texture": "#voxels_atlas"},
				"down": {"uv": [4.375, 11.25, 4.625, 11.5], "texture": "#voxels_atlas"}
			}
		},
		{
			"name": "Voxels",
			"from": [7.619, 8, 28.9524],
			"to": [7.99995, 8.38095, 29.71431],
			"faces": {
				"north": {"uv": [8.375, 10.75, 8.25, 10.875], "texture": "#voxels_atlas"},
				"east": {"uv": [15.25, 15.5, 15, 15.625], "texture": "#voxels_atlas"},
				"south": {"uv": [8.125, 10.625, 8.25, 10.75], "texture": "#voxels_atlas"},
				"west": {"uv": [14.75, 15.5, 15, 15.625], "texture": "#voxels_atlas"},
				"up": {"uv": [3.25, 8.625, 3.375, 8.375], "texture": "#voxels_atlas"},
				"down": {"uv": [3.25, 8.625, 3.375, 8.875], "texture": "#voxels_atlas"}
			}
		},
		{
			"name": "Voxels",
			"from": [7.619, 8.381, -15.619],
			"to": [7.99995, 8.76195, -14.85709],
			"faces": {
				"north": {"uv": [8.5, 10.875, 8.375, 11], "texture": "#voxels_atlas"},
				"east": {"uv": [8.5, 14.875, 8.25, 15], "texture": "#voxels_atlas"},
				"south": {"uv": [8.25, 10.875, 8.375, 11], "texture": "#voxels_atlas"},
				"west": {"uv": [15.25, 15.5, 15.5, 15.625], "texture": "#voxels_atlas"},
				"up": {"uv": [3.875, 10.75, 4, 10.5], "texture": "#voxels_atlas"},
				"down": {"uv": [3.25, 8.125, 3.375, 8.375], "texture": "#voxels_atlas"}
			}
		},
		{
			"name": "Voxels",
			"from": [7.619, 8.381, -11.4286],
			"to": [9.14281, 8.76195, -11.04765],
			"faces": {
				"north": {"uv": [7.75, 13.625, 7.25, 13.75], "texture": "#voxels_atlas"},
				"east": {"uv": [8.375, 11, 8.25, 11.125], "texture": "#voxels_atlas"},
				"south": {"uv": [7.125, 11.75, 7.625, 11.875], "texture": "#voxels_atlas"},
				"west": {"uv": [8.375, 11, 8.5, 11.125], "texture": "#voxels_atlas"},
				"up": {"uv": [7.125, 11.75, 7.625, 11.625], "texture": "#voxels_atlas"},
				"down": {"uv": [7.125, 11.5, 7.625, 11.625], "texture": "#voxels_atlas"}
			}
		},
		{
			"name": "Voxels",
			"from": [7.619, 8.381, 2.6667],
			"to": [11.04757, 8.76195, 3.04765],
			"faces": {
				"north": {"uv": [4.625, 8.125, 3.5, 8.25], "texture": "#voxels_atlas"},
				"east": {"uv": [8.375, 11.375, 8.25, 11.5], "texture": "#voxels_atlas"},
				"south": {"uv": [3.5, 8, 4.625, 8.125], "texture": "#voxels_atlas"},
				"west": {"uv": [8.375, 11.25, 8.5, 11.375], "texture": "#voxels_atlas"},
				"up": {"uv": [3.5, 8.375, 4.625, 8.25], "texture": "#voxels_atlas"},
				"down": {"uv": [3.5, 8.375, 4.625, 8.5], "texture": "#voxels_atlas"}
			}
		},
		{
			"name": "Voxels",
			"from": [7.619, 8.381, 25.9048],
			"to": [9.14281, 8.76195, 27.04766],
			"faces": {
				"north": {"uv": [7.625, 8.25, 7.125, 8.375], "texture": "#voxels_atlas"},
				"east": {"uv": [10.75, 15.75, 10.375, 15.875], "texture": "#voxels_atlas"},
				"south": {"uv": [8.25, 15.875, 8.75, 16], "texture": "#voxels_atlas"},
				"west": {"uv": [10.75, 15.75, 11.125, 15.875], "texture": "#voxels_atlas"},
				"up": {"uv": [3.75, 10, 4.25, 9.625], "texture": "#voxels_atlas"},
				"down": {"uv": [4, 10.5, 4.5, 10.875], "texture": "#voxels_atlas"}
			}
		},
		{
			"name": "Voxels",
			"from": [7.619, 8.381, 27.0476],
			"to": [8.76186, 8.76195, 28.19046],
			"faces": {
				"north": {"uv": [9.625, 15.75, 9.25, 15.875], "texture": "#voxels_atlas"},
				"east": {"uv": [8.125, 8.875, 7.75, 9], "texture": "#voxels_atlas"},
				"south": {"uv": [8.875, 15.75, 9.25, 15.875], "texture": "#voxels_atlas"},
				"west": {"uv": [7.75, 8.25, 8.125, 8.375], "texture": "#voxels_atlas"},
				"up": {"uv": [6.125, 14.125, 6.5, 13.75], "texture": "#voxels_atlas"},
				"down": {"uv": [4, 8.625, 4.375, 9], "texture": "#voxels_atlas"}
			}
		},
		{
			"name": "Voxels",
			"from": [7.619, 8.7619, -14.4762],
			"to": [7.99995, 9.14285, -13.7143],
			"faces": {
				"north": {"uv": [8.5, 11.5, 8.375, 11.625], "texture": "#voxels_atlas"},
				"east": {"uv": [8.5, 14.625, 8.25, 14.75], "texture": "#voxels_atlas"},
				"south": {"uv": [8.25, 11.5, 8.375, 11.625], "texture": "#voxels_atlas"},
				"west": {"uv": [8.25, 14.75, 8.5, 14.875], "texture": "#voxels_atlas"},
				"up": {"uv": [8.125, 13.25, 8.25, 13], "texture": "#voxels_atlas"},
				"down": {"uv": [8.125, 13.25, 8.25, 13.5], "texture": "#voxels_atlas"}
			}
		},
		{
			"name": "Voxels",
			"from": [7.619, 8.7619, -12.9524],
			"to": [8.76186, 9.14285, -11.42859],
			"faces": {
				"north": {"uv": [8.125, 11.875, 7.75, 12], "texture": "#voxels_atlas"},
				"east": {"uv": [7.125, 11.375, 6.625, 11.5], "texture": "#voxels_atlas"},
				"south": {"uv": [7.75, 12.625, 8.125, 12.75], "texture": "#voxels_atlas"},
				"west": {"uv": [7.125, 12.375, 7.625, 12.5], "texture": "#voxels_atlas"},
				"up": {"uv": [4.25, 9.625, 4.625, 9.125], "texture": "#voxels_atlas"},
				"down": {"uv": [3.625, 10.75, 4, 11.25], "texture": "#voxels_atlas"}
			}
		},
		{
			"name": "Voxels",
			"from": [7.619, 8.7619, 28.1905],
			"to": [8.38091, 9.14285, 28.9524],
			"faces": {
				"north": {"uv": [8.5, 14, 8.25, 14.125], "texture": "#voxels_atlas"},
				"east": {"uv": [8.5, 13.625, 8.25, 13.75], "texture": "#voxels_atlas"},
				"south": {"uv": [8.25, 13.875, 8.5, 14], "texture": "#voxels_atlas"},
				"west": {"uv": [8.25, 13.75, 8.5, 13.875], "texture": "#voxels_atlas"},
				"up": {"uv": [4.375, 12, 4.625, 11.75], "texture": "#voxels_atlas"},
				"down": {"uv": [3.625, 10.5, 3.875, 10.75], "texture": "#voxels_atlas"}
			}
		},
		{
			"name": "Voxels",
			"from": [7.619, 8.7619, 28.9524],
			"to": [7.99995, 9.14285, 29.71431],
			"faces": {
				"north": {"uv": [8.5, 11.75, 8.375, 11.875], "texture": "#voxels_atlas"},
				"east": {"uv": [8.5, 12.875, 8.25, 13], "texture": "#voxels_atlas"},
				"south": {"uv": [8.25, 11.875, 8.375, 12], "texture": "#voxels_atlas"},
				"west": {"uv": [8.25, 13, 8.5, 13.125], "texture": "#voxels_atlas"},
				"up": {"uv": [8.125, 11.25, 8.25, 11], "texture": "#voxels_atlas"},
				"down": {"uv": [8.125, 12.25, 8.25, 12.5], "texture": "#voxels_atlas"}
			}
		},
		{
			"name": "Voxels",
			"from": [8, 8, -14.0952],
			"to": [8.38095, 9.14286, -13.71425],
			"faces": {
				"north": {"uv": [6.25, 11.625, 6.125, 12], "texture": "#voxels_atlas"},
				"east": {"uv": [7, 13.375, 6.875, 13.75], "texture": "#voxels_atlas"},
				"south": {"uv": [7.5, 9, 7.625, 9.375], "texture": "#voxels_atlas"},
				"west": {"uv": [7, 13.375, 7.125, 13.75], "texture": "#voxels_atlas"},
				"up": {"uv": [8.375, 12.25, 8.5, 12.125], "texture": "#voxels_atlas"},
				"down": {"uv": [8.25, 12, 8.375, 12.125], "texture": "#voxels_atlas"}
			}
		},
		{
			"name": "Voxels",
			"from": [8, 8, -11.4286],
			"to": [8.76191, 8.38095, -11.04765],
			"faces": {
				"north": {"uv": [8.5, 12.5, 8.25, 12.625], "texture": "#voxels_atlas"},
				"east": {"uv": [8.25, 8.25, 8.125, 8.375], "texture": "#voxels_atlas"},
				"south": {"uv": [8.25, 12.375, 8.5, 12.5], "texture": "#voxels_atlas"},
				"west": {"uv": [8.25, 12.125, 8.375, 12.25], "texture": "#voxels_atlas"},
				"up": {"uv": [8.25, 12.75, 8.5, 12.625], "texture": "#voxels_atlas"},
				"down": {"uv": [8.25, 12.75, 8.5, 12.875], "texture": "#voxels_atlas"}
			}
		},
		{
			"name": "Voxels",
			"from": [8, 8, 2.2857],
			"to": [9.52381, 8.38095, 3.04761],
			"faces": {
				"north": {"uv": [10.75, 15.875, 10.25, 16], "texture": "#voxels_atlas"},
				"east": {"uv": [3.375, 14, 3.125, 14.125], "texture": "#voxels_atlas"},
				"south": {"uv": [6.625, 11.25, 7.125, 11.375], "texture": "#voxels_atlas"},
				"west": {"uv": [3.125, 14.5, 3.375, 14.625], "texture": "#voxels_atlas"},
				"up": {"uv": [6.375, 11.875, 6.875, 11.625], "texture": "#voxels_atlas"},
				"down": {"uv": [6.375, 11.875, 6.875, 12.125], "texture": "#voxels_atlas"}
			}
		},
		{
			"name": "Voxels",
			"from": [8, 8, 25.9048],
			"to": [8.76191, 8.38095, 27.04766],
			"faces": {
				"north": {"uv": [4.625, 14.75, 4.375, 14.875], "texture": "#voxels_atlas"},
				"east": {"uv": [8.125, 14.5, 7.75, 14.625], "texture": "#voxels_atlas"},
				"south": {"uv": [4.375, 13.375, 4.625, 13.5], "texture": "#voxels_atlas"},
				"west": {"uv": [7.75, 14.375, 8.125, 14.5], "texture": "#voxels_atlas"},
				"up": {"uv": [2, 10, 2.25, 9.625], "texture": "#voxels_atlas"},
				"down": {"uv": [2, 8.5, 2.25, 8.875], "texture": "#voxels_atlas"}
			}
		},
		{
			"name": "Voxels",
			"from": [8, 8, 27.0476],
			"to": [8.38095, 8.38095, 28.19046],
			"faces": {
				"north": {"uv": [8.25, 8.375, 8.125, 8.5], "texture": "#voxels_atlas"},
				"east": {"uv": [14.75, 15.875, 14.375, 16], "texture": "#voxels_atlas"},
				"south": {"uv": [8.125, 8.5, 8.25, 8.625], "texture": "#voxels_atlas"},
				"west": {"uv": [15.125, 15.875, 15.5, 16], "texture": "#voxels_atlas"},
				"up": {"uv": [4.5, 11.25, 4.625, 10.875], "texture": "#voxels_atlas"},
				"down": {"uv": [4.5, 10.5, 4.625, 10.875], "texture": "#voxels_atlas"}
			}
		},
		{
			"name": "Voxels",
			"from": [8, 8.381, -14.4762],
			"to": [8.38095, 8.76195, -14.09525],
			"faces": {
				"north": {"uv": [8.25, 9.375, 8.125, 9.5], "texture": "#voxels_atlas"},
				"east": {"uv": [8.25, 10.5, 8.125, 10.625], "texture": "#voxels_atlas"},
				"south": {"uv": [8.125, 9.75, 8.25, 9.875], "texture": "#voxels_atlas"},
				"west": {"uv": [8.125, 9.875, 8.25, 10], "texture": "#voxels_atlas"},
				"up": {"uv": [8.125, 9.375, 8.25, 9.25], "texture": "#voxels_atlas"},
				"down": {"uv": [8.125, 8.625, 8.25, 8.75], "texture": "#voxels_atlas"}
			}
		},
		{
			"name": "Voxels",
			"from": [8, 8.381, -11.0476],
			"to": [9.14286, 8.76195, -7.99998],
			"faces": {
				"north": {"uv": [6.5, 13.125, 6.125, 13.25], "texture": "#voxels_atlas"},
				"east": {"uv": [6.625, 11.375, 5.625, 11.5], "texture": "#voxels_atlas"},
				"south": {"uv": [6.125, 13.25, 6.5, 13.375], "texture": "#voxels_atlas"},
				"west": {"uv": [4.625, 11.25, 5.625, 11.375], "texture": "#voxels_atlas"},
				"up": {"uv": [1, 10, 1.375, 9], "texture": "#voxels_atlas"},
				"down": {"uv": [0.625, 8, 1, 9], "texture": "#voxels_atlas"}
			}
		},
		{
			"name": "Voxels",
			"from": [8, 8.381, -2.6667],
			"to": [11.80952, 8.76195, -1.90479],
			"faces": {
				"north": {"uv": [6, 13.25, 4.75, 13.375], "texture": "#voxels_atlas"},
				"east": {"uv": [7.125, 13.75, 6.875, 13.875], "texture": "#voxels_atlas"},
				"south": {"uv": [4.75, 13.375, 6, 13.5], "texture": "#voxels_atlas"},
				"west": {"uv": [5.875, 13.125, 6.125, 13.25], "texture": "#voxels_atlas"},
				"up": {"uv": [3.375, 16, 4.625, 15.75], "texture": "#voxels_atlas"},
				"down": {"uv": [3.375, 15.5, 4.625, 15.75], "texture": "#voxels_atlas"}
			}
		},
		{
			"name": "Voxels",
			"from": [8, 8.381, -1.9048],
			"to": [11.42857, 8.76195, -0.38099],
			"faces": {
				"north": {"uv": [3.375, 8, 2.25, 8.125], "texture": "#voxels_atlas"},
				"east": {"uv": [7.125, 11.125, 6.625, 11.25], "texture": "#voxels_atlas"},
				"south": {"uv": [3.5, 8.5, 4.625, 8.625], "texture": "#voxels_atlas"},
				"west": {"uv": [6.625, 10.5, 7.125, 10.625], "texture": "#voxels_atlas"},
				"up": {"uv": [2.25, 16, 3.375, 15.5], "texture": "#voxels_atlas"},
				"down": {"uv": [2.25, 15, 3.375, 15.5], "texture": "#voxels_atlas"}
			}
		},
		{
			"name": "Voxels",
			"from": [8, 8.381, -0.381],
			"to": [11.04762, 8.76195, 0.3809],
			"faces": {
				"north": {"uv": [6.625, 10.5, 5.625, 10.625], "texture": "#voxels_atlas"},
				"east": {"uv": [6.375, 12, 6.125, 12.125], "texture": "#voxels_atlas"},
				"south": {"uv": [6.125, 11, 7.125, 11.125], "texture": "#voxels_atlas"},
				"west": {"uv": [6.125, 12.125, 6.375, 12.25], "texture": "#voxels_atlas"},
				"up": {"uv": [2.25, 9.625, 3.25, 9.375], "texture": "#voxels_atlas"},
				"down": {"uv": [2.25, 9.625, 3.25, 9.875], "texture": "#voxels_atlas"}
			}
		},
		{
			"name": "Voxels",
			"from": [8, 8.381, 1.9048],
			"to": [9.90476, 8.76195, 2.28575],
			"faces": {
				"north": {"uv": [7.125, 8.25, 6.5, 8.375], "texture": "#voxels_atlas"},
				"east": {"uv": [7.75, 9.625, 7.625, 9.75], "texture": "#voxels_atlas"},
				"south": {"uv": [6.5, 8.375, 7.125, 8.5], "texture": "#voxels_atlas"},
				"west": {"uv": [7.625, 9.5, 7.75, 9.625], "texture": "#voxels_atlas"},
				"up": {"uv": [6.5, 9, 7.125, 8.875], "texture": "#voxels_atlas"},
				"down": {"uv": [6.5, 9.25, 7.125, 9.375], "texture": "#voxels_atlas"}
			}
		},
		{
			"name": "Voxels",
			"from": [8, 8.381, 3.0476],
			"to": [11.42857, 8.76195, 3.42855],
			"faces": {
				"north": {"uv": [6.375, 12.625, 5.25, 12.75], "texture": "#voxels_atlas"},
				"east": {"uv": [7.75, 10.125, 7.625, 10.25], "texture": "#voxels_atlas"},
				"south": {"uv": [5.25, 12.75, 6.375, 12.875], "texture": "#voxels_atlas"},
				"west": {"uv": [7.625, 10, 7.75, 10.125], "texture": "#voxels_atlas"},
				"up": {"uv": [5.25, 12.5, 6.375, 12.375], "texture": "#voxels_atlas"},
				"down": {"uv": [5.25, 12.25, 6.375, 12.375], "texture": "#voxels_atlas"}
			}
		},
		{
			"name": "Voxels",
			"from": [8, 8.381, 3.4286],
			"to": [11.04762, 8.76195, 3.80955],
			"faces": {
				"north": {"uv": [7.125, 15, 6.125, 15.125], "texture": "#voxels_atlas"},
				"east": {"uv": [7.75, 10.625, 7.625, 10.75], "texture": "#voxels_atlas"},
				"south": {"uv": [6.125, 14.75, 7.125, 14.875], "texture": "#voxels_atlas"},
				"west": {"uv": [7.625, 10.5, 7.75, 10.625], "texture": "#voxels_atlas"},
				"up": {"uv": [6.125, 15, 7.125, 14.875], "texture": "#voxels_atlas"},
				"down": {"uv": [5.625, 11.125, 6.625, 11.25], "texture": "#voxels_atlas"}
			}
		},
		{
			"name": "Voxels",
			"from": [8, 8.381, 3.8095],
			"to": [10.66667, 8.76195, 4.95236],
			"faces": {
				"north": {"uv": [5.5, 9.375, 4.625, 9.5], "texture": "#voxels_atlas"},
				"east": {"uv": [8.125, 13.25, 7.75, 13.375], "texture": "#voxels_atlas"},
				"south": {"uv": [4.625, 9.25, 5.5, 9.375], "texture": "#voxels_atlas"},
				"west": {"uv": [7.75, 13.875, 8.125, 14], "texture": "#voxels_atlas"},
				"up": {"uv": [2.25, 14, 3.125, 13.625], "texture": "#voxels_atlas"},
				"down": {"uv": [2.25, 13.25, 3.125, 13.625], "texture": "#voxels_atlas"}
			}
		},
		{
			"name": "Voxels",
			"from": [8, 8.381, 6.8571],
			"to": [10.28571, 8.76195, 7.99996],
			"faces": {
				"north": {"uv": [7.125, 15.375, 6.375, 15.5], "texture": "#voxels_atlas"},
				"east": {"uv": [13, 15.75, 12.625, 15.875], "texture": "#voxels_atlas"},
				"south": {"uv": [6.375, 15.25, 7.125, 15.375], "texture": "#voxels_atlas"},
				"west": {"uv": [11.125, 15.75, 11.5, 15.875], "texture": "#voxels_atlas"},
				"up": {"uv": [2.25, 12.5, 3, 12.125], "texture": "#voxels_atlas"},
				"down": {"uv": [2.25, 11.75, 3, 12.125], "texture": "#voxels_atlas"}
			}
		},
		{
			"name": "Voxels",
			"from": [8, 8.381, 19.0476],
			"to": [9.90476, 8.76195, 20.19046],
			"faces": {
				"north": {"uv": [6.375, 8, 5.75, 8.125], "texture": "#voxels_atlas"},
				"east": {"uv": [4.625, 9, 4.25, 9.125], "texture": "#voxels_atlas"},
				"south": {"uv": [6.5, 8.5, 7.125, 8.625], "texture": "#voxels_atlas"},
				"west": {"uv": [13, 15.75, 13.375, 15.875], "texture": "#voxels_atlas"},
				"up": {"uv": [3.375, 14.5, 4, 14.125], "texture": "#voxels_atlas"},
				"down": {"uv": [3.375, 15.125, 4, 15.5], "texture": "#voxels_atlas"}
			}
		},
		{
			"name": "Voxels",
			"from": [8, 8.381, 20.1905],
			"to": [9.52381, 8.76195, 24.38098],
			"faces": {
				"north": {"uv": [7.75, 14, 7.25, 14.125], "texture": "#voxels_atlas"},
				"east": {"uv": [6.125, 13.875, 4.75, 14], "texture": "#voxels_atlas"},
				"south": {"uv": [7.25, 13.875, 7.75, 14], "texture": "#voxels_atlas"},
				"west": {"uv": [4.75, 13.5, 6.125, 13.625], "texture": "#voxels_atlas"},
				"up": {"uv": [0, 9.625, 0.5, 8.25], "texture": "#voxels_atlas"},
				"down": {"uv": [0, 9.625, 0.5, 11], "texture": "#voxels_atlas"}
			}
		},
		{
			"name": "Voxels",
			"from": [8, 8.381, 24.381],
			"to": [9.14286, 8.76195, 25.90481],
			"faces": {
				"north": {"uv": [5.25, 11.625, 4.875, 11.75], "texture": "#voxels_atlas"},
				"east": {"uv": [7.625, 12.875, 7.125, 13], "texture": "#voxels_atlas"},
				"south": {"uv": [5.25, 11.75, 5.625, 11.875], "texture": "#voxels_atlas"},
				"west": {"uv": [7.125, 13, 7.625, 13.125], "texture": "#voxels_atlas"},
				"up": {"uv": [3.625, 11.75, 4, 11.25], "texture": "#voxels_atlas"},
				"down": {"uv": [4, 11.25, 4.375, 11.75], "texture": "#voxels_atlas"}
			}
		},
		{
			"name": "Voxels",
			"from": [8, 8.7619, -11.4286],
			"to": [8.76191, 9.14285, -11.04765],
			"faces": {
				"north": {"uv": [7.125, 12, 6.875, 12.125], "texture": "#voxels_atlas"},
				"east": {"uv": [7.75, 10.875, 7.625, 11], "texture": "#voxels_atlas"},
				"south": {"uv": [6.875, 11.875, 7.125, 12], "texture": "#voxels_atlas"},
				"west": {"uv": [7.625, 10.75, 7.75, 10.875], "texture": "#voxels_atlas"},
				"up": {"uv": [6.875, 12.25, 7.125, 12.125], "texture": "#voxels_atlas"},
				"down": {"uv": [6.875, 12.25, 7.125, 12.375], "texture": "#voxels_atlas"}
			}
		},
		{
			"name": "Voxels",
			"from": [8, 8.7619, 2.2857],
			"to": [9.52381, 9.14285, 3.04761],
			"faces": {
				"north": {"uv": [7.625, 12.625, 7.125, 12.75], "texture": "#voxels_atlas"},
				"east": {"uv": [7.125, 11.625, 6.875, 11.75], "texture": "#voxels_atlas"},
				"south": {"uv": [7.125, 12.5, 7.625, 12.625], "texture": "#voxels_atlas"},
				"west": {"uv": [6.875, 11.75, 7.125, 11.875], "texture": "#voxels_atlas"},
				"up": {"uv": [6.625, 10.875, 7.125, 10.625], "texture": "#voxels_atlas"},
				"down": {"uv": [4.625, 10.875, 5.125, 11.125], "texture": "#voxels_atlas"}
			}
		},
		{
			"name": "Voxels",
			"from": [8, 8.7619, 25.9048],
			"to": [8.76191, 9.14285, 27.04766],
			"faces": {
				"north": {"uv": [7.125, 11.5, 6.875, 11.625], "texture": "#voxels_atlas"},
				"east": {"uv": [8.125, 15.75, 7.75, 15.875], "texture": "#voxels_atlas"},
				"south": {"uv": [7.5, 8.875, 7.75, 9], "texture": "#voxels_atlas"},
				"west": {"uv": [15.5, 15.875, 15.875, 16], "texture": "#voxels_atlas"},
				"up": {"uv": [3.125, 12.875, 3.375, 12.5], "texture": "#voxels_atlas"},
				"down": {"uv": [3.125, 12.875, 3.375, 13.25], "texture": "#voxels_atlas"}
			}
		},
		{
			"name": "Voxels",
			"from": [8, 8.7619, 27.0476],
			"to": [8.38095, 9.14285, 28.19046],
			"faces": {
				"north": {"uv": [7.75, 11.5, 7.625, 11.625], "texture": "#voxels_atlas"},
				"east": {"uv": [8.125, 14.75, 7.75, 14.875], "texture": "#voxels_atlas"},
				"south": {"uv": [7.625, 11.625, 7.75, 11.75], "texture": "#voxels_atlas"},
				"west": {"uv": [7.75, 15.375, 8.125, 15.5], "texture": "#voxels_atlas"},
				"up": {"uv": [0.5, 8.625, 0.625, 8.25], "texture": "#voxels_atlas"},
				"down": {"uv": [0.5, 9.625, 0.625, 10], "texture": "#voxels_atlas"}
			}
		},
		{
			"name": "Voxels",
			"from": [8.381, 7.619, -0.7619],
			"to": [9.90481, 8.38091, 0],
			"faces": {
				"north": {"uv": [5.625, 10.625, 5.125, 10.875], "texture": "#voxels_atlas"},
				"east": {"uv": [2.25, 8.25, 2, 8.5], "texture": "#voxels_atlas"},
				"south": {"uv": [4.625, 10.625, 5.125, 10.875], "texture": "#voxels_atlas"},
				"west": {"uv": [2, 9.375, 2.25, 9.625], "texture": "#voxels_atlas"},
				"up": {"uv": [5.625, 10.875, 6.125, 10.625], "texture": "#voxels_atlas"},
				"down": {"uv": [6.125, 10.625, 6.625, 10.875], "texture": "#voxels_atlas"}
			}
		},
		{
			"name": "Voxels",
			"from": [8.381, 8, -11.0476],
			"to": [8.76195, 8.38095, -7.99998],
			"faces": {
				"north": {"uv": [5.5, 8.125, 5.375, 8.25], "texture": "#voxels_atlas"},
				"east": {"uv": [6.125, 11, 5.125, 11.125], "texture": "#voxels_atlas"},
				"south": {"uv": [5.375, 8.625, 5.5, 8.75], "texture": "#voxels_atlas"},
				"west": {"uv": [5.125, 10.875, 6.125, 11], "texture": "#voxels_atlas"},
				"up": {"uv": [3.25, 11.5, 3.375, 10.5], "texture": "#voxels_atlas"},
				"down": {"uv": [1.375, 9, 1.5, 10], "texture": "#voxels_atlas"}
			}
		},
		{
			"name": "Voxels",
			"from": [8.381, 8, -2.6667],
			"to": [11.42862, 8.38095, -1.90479],
			"faces": {
				"north": {"uv": [5.625, 11.125, 4.625, 11.25], "texture": "#voxels_atlas"},
				"east": {"uv": [13.875, 15.75, 13.625, 15.875], "texture": "#voxels_atlas"},
				"south": {"uv": [4.625, 11.375, 5.625, 11.5], "texture": "#voxels_atlas"},
				"west": {"uv": [13.375, 15.75, 13.625, 15.875], "texture": "#voxels_atlas"},
				"up": {"uv": [2.25, 8.625, 3.25, 8.375], "texture": "#voxels_atlas"},
				"down": {"uv": [2.25, 8.625, 3.25, 8.875], "texture": "#voxels_atlas"}
			}
		},
		{
			"name": "Voxels",
			"from": [8.381, 8, -1.9048],
			"to": [11.04767, 8.38095, -0.76194],
			"faces": {
				"north": {"uv": [5.5, 9.125, 4.625, 9.25], "texture": "#voxels_atlas"},
				"east": {"uv": [8.125, 12.75, 7.75, 12.875], "texture": "#voxels_atlas"},
				"south": {"uv": [4.625, 9, 5.5, 9.125], "texture": "#voxels_atlas"},
				"west": {"uv": [7.75, 12.875, 8.125, 13], "texture": "#voxels_atlas"},
				"up": {"uv": [2.25, 12.875, 3.125, 12.5], "texture": "#voxels_atlas"},
				"down": {"uv": [2.25, 12.875, 3.125, 13.25], "texture": "#voxels_atlas"}
			}
		},
		{
			"name": "Voxels",
			"from": [8.381, 8, 0],
			"to": [10.66671, 8.38095, 0.38095],
			"faces": {
				"north": {"uv": [5.375, 8.625, 4.625, 8.75], "texture": "#voxels_atlas"},
				"east": {"uv": [5.5, 8.75, 5.375, 8.875], "texture": "#voxels_atlas"},
				"south": {"uv": [4.625, 8.5, 5.375, 8.625], "texture": "#voxels_atlas"},
				"west": {"uv": [5.375, 8.25, 5.5, 8.375], "texture": "#voxels_atlas"},
				"up": {"uv": [6.375, 9.75, 7.125, 9.625], "texture": "#voxels_atlas"},
				"down": {"uv": [6.375, 10.25, 7.125, 10.375], "texture": "#voxels_atlas"}
			}
		},
		{
			"name": "Voxels",
			"from": [8.381, 8, 1.9048],
			"to": [9.52386, 8.38095, 2.28575],
			"faces": {
				"north": {"uv": [8.125, 11.625, 7.75, 11.75], "texture": "#voxels_atlas"},
				"east": {"uv": [6.125, 13.25, 6, 13.375], "texture": "#voxels_atlas"},
				"south": {"uv": [7.75, 11.5, 8.125, 11.625], "texture": "#voxels_atlas"},
				"west": {"uv": [5.375, 8.875, 5.5, 9], "texture": "#voxels_atlas"},
				"up": {"uv": [7.75, 11.875, 8.125, 11.75], "texture": "#voxels_atlas"},
				"down": {"uv": [14.75, 15.875, 15.125, 16], "texture": "#voxels_atlas"}
			}
		},
		{
			"name": "Voxels",
			"from": [8.381, 8, 3.0476],
			"to": [11.04767, 8.38095, 3.42855],
			"faces": {
				"north": {"uv": [5.5, 9.75, 4.625, 9.875], "texture": "#voxels_atlas"},
				"east": {"uv": [3.375, 10.375, 3.25, 10.5], "texture": "#voxels_atlas"},
				"south": {"uv": [5.5, 9.75, 6.375, 9.875], "texture": "#voxels_atlas"},
				"west": {"uv": [6, 13.375, 6.125, 13.5], "texture": "#voxels_atlas"},
				"up": {"uv": [5.5, 10, 6.375, 9.875], "texture": "#voxels_atlas"},
				"down": {"uv": [4.625, 9.875, 5.5, 10], "texture": "#voxels_atlas"}
			}
		},
		{
			"name": "Voxels",
			"from": [8.381, 8, 3.4286],
			"to": [10.66671, 8.38095, 3.80955],
			"faces": {
				"north": {"uv": [5.375, 8.125, 4.625, 8.25], "texture": "#voxels_atlas"},
				"east": {"uv": [12.25, 15.375, 12.125, 15.5], "texture": "#voxels_atlas"},
				"south": {"uv": [6.375, 15.5, 7.125, 15.625], "texture": "#voxels_atlas"},
				"west": {"uv": [12.5, 15.375, 12.625, 15.5], "texture": "#voxels_atlas"},
				"up": {"uv": [4.625, 8.875, 5.375, 8.75], "texture": "#voxels_atlas"},
				"down": {"uv": [4.625, 8.875, 5.375, 9], "texture": "#voxels_atlas"}
			}
		},
		{
			"name": "Voxels",
			"from": [8.381, 8, 3.8095],
			"to": [10.28576, 8.38095, 4.95236],
			"faces": {
				"north": {"uv": [7.75, 14.375, 7.125, 14.5], "texture": "#voxels_atlas"},
				"east": {"uv": [8.125, 11.25, 7.75, 11.375], "texture": "#voxels_atlas"},
				"south": {"uv": [7.125, 14.75, 7.75, 14.875], "texture": "#voxels_atlas"},
				"west": {"uv": [7.75, 11.125, 8.125, 11.25], "texture": "#voxels_atlas"},
				"up": {"uv": [3.75, 13.75, 4.375, 13.375], "texture": "#voxels_atlas"},
				"down": {"uv": [4, 13.75, 4.625, 14.125], "texture": "#voxels_atlas"}
			}
		},
		{
			"name": "Voxels",
			"from": [8.381, 8, 6.8571],
			"to": [9.90481, 8.38095, 7.99996],
			"faces": {
				"north": {"uv": [13.25, 15.875, 12.75, 16], "texture": "#voxels_atlas"},
				"east": {"uv": [8.125, 13.125, 7.75, 13.25], "texture": "#voxels_atlas"},
				"south": {"uv": [7.125, 9.375, 7.625, 9.5], "texture": "#voxels_atlas"},
				"west": {"uv": [7.75, 13, 8.125, 13.125], "texture": "#voxels_atlas"},
				"up": {"uv": [3.75, 9.625, 4.25, 9.25], "texture": "#voxels_atlas"},
				"down": {"uv": [4.125, 12.75, 4.625, 13.125], "texture": "#voxels_atlas"}
			}
		},
		{
			"name": "Voxels",
			"from": [8.381, 8, 19.0476],
			"to": [9.52386, 8.38095, 20.19046],
			"faces": {
				"north": {"uv": [8.125, 9.5, 7.75, 9.625], "texture": "#voxels_atlas"},
				"east": {"uv": [8.125, 14.25, 7.75, 14.375], "texture": "#voxels_atlas"},
				"south": {"uv": [7.75, 13.625, 8.125, 13.75], "texture": "#voxels_atlas"},
				"west": {"uv": [7.75, 14.125, 8.125, 14.25], "texture": "#voxels_atlas"},
				"up": {"uv": [3, 12.125, 3.375, 11.75], "texture": "#voxels_atlas"},
				"down": {"uv": [4.25, 9.625, 4.625, 10], "texture": "#voxels_atlas"}
			}
		},
		{
			"name": "Voxels",
			"from": [8.381, 8, 20.1905],
			"to": [9.1429, 8.38095, 24.38098],
			"faces": {
				"north": {"uv": [14.125, 15.75, 13.875, 15.875], "texture": "#voxels_atlas"},
				"east": {"uv": [6.125, 13.625, 4.75, 13.75], "texture": "#voxels_atlas"},
				"south": {"uv": [14.125, 15.75, 14.375, 15.875], "texture": "#voxels_atlas"},
				"west": {"uv": [4.75, 13.75, 6.125, 13.875], "texture": "#voxels_atlas"},
				"up": {"uv": [2, 13.25, 2.25, 11.875], "texture": "#voxels_atlas"},
				"down": {"uv": [1.5, 10.5, 1.75, 11.875], "texture": "#voxels_atlas"}
			}
		},
		{
			"name": "Voxels",
			"from": [8.381, 8, 24.381],
			"to": [8.76195, 8.38095, 25.90481],
			"faces": {
				"north": {"uv": [12.125, 15.375, 12, 15.5], "texture": "#voxels_atlas"},
				"east": {"uv": [7.625, 8, 7.125, 8.125], "texture": "#voxels_atlas"},
				"south": {"uv": [11.875, 15.375, 12, 15.5], "texture": "#voxels_atlas"},
				"west": {"uv": [7.125, 11.375, 7.625, 11.5], "texture": "#voxels_atlas"},
				"up": {"uv": [4.5, 10.5, 4.625, 10], "texture": "#voxels_atlas"},
				"down": {"uv": [7.375, 8.875, 7.5, 9.375], "texture": "#voxels_atlas"}
			}
		},
		{
			"name": "Voxels",
			"from": [8.381, 8.381, -14.0952],
			"to": [8.76195, 8.76195, -13.71425],
			"faces": {
				"north": {"uv": [8.375, 8, 8.25, 8.125], "texture": "#voxels_atlas"},
				"east": {"uv": [8.25, 9.125, 8.125, 9.25], "texture": "#voxels_atlas"},
				"south": {"uv": [8.375, 8.125, 8.5, 8.25], "texture": "#voxels_atlas"},
				"west": {"uv": [8.125, 9, 8.25, 9.125], "texture": "#voxels_atlas"},
				"up": {"uv": [11.375, 15.5, 11.5, 15.375], "texture": "#voxels_atlas"},
				"down": {"uv": [11.75, 15.375, 11.875, 15.5], "texture": "#voxels_atlas"}
			}
		},
		{
			"name": "Voxels",
			"from": [8.381, 8.381, -8],
			"to": [9.90481, 8.76195, -5.71429],
			"faces": {
				"north": {"uv": [7.625, 9.625, 7.125, 9.75], "texture": "#voxels_atlas"},
				"east": {"uv": [7.125, 12.375, 6.375, 12.5], "texture": "#voxels_atlas"},
				"south": {"uv": [7.125, 9.75, 7.625, 9.875], "texture": "#voxels_atlas"},
				"west": {"uv": [6.375, 12.5, 7.125, 12.625], "texture": "#voxels_atlas"},
				"up": {"uv": [1, 10.75, 1.5, 10], "texture": "#voxels_atlas"},
				"down": {"uv": [1, 13, 1.5, 13.75], "texture": "#voxels_atlas"}
			}
		},
		{
			"name": "Voxels",
			"from": [8.381, 8.381, -3.4286],
			"to": [11.80957, 8.76195, -2.66669],
			"faces": {
				"north": {"uv": [6.875, 11.5, 5.75, 11.625], "texture": "#voxels_atlas"},
				"east": {"uv": [14.875, 15.75, 14.625, 15.875], "texture": "#voxels_atlas"},
				"south": {"uv": [4.625, 11.5, 5.75, 11.625], "texture": "#voxels_atlas"},
				"west": {"uv": [14.375, 15.75, 14.625, 15.875], "texture": "#voxels_atlas"},
				"up": {"uv": [2.25, 10.375, 3.375, 10.125], "texture": "#voxels_atlas"},
				"down": {"uv": [2.25, 11.5, 3.375, 11.75], "texture": "#voxels_atlas"}
			}
		},
		{
			"name": "Voxels",
			"from": [8.381, 8.381, 0.381],
			"to": [10.66671, 8.76195, 0.76195],
			"faces": {
				"north": {"uv": [5.375, 8, 4.625, 8.125], "texture": "#voxels_atlas"},
				"east": {"uv": [7.75, 10.375, 7.625, 10.5], "texture": "#voxels_atlas"},
				"south": {"uv": [4.625, 8.375, 5.375, 8.5], "texture": "#voxels_atlas"},
				"west": {"uv": [7.625, 10.25, 7.75, 10.375], "texture": "#voxels_atlas"},
				"up": {"uv": [6.375, 10.125, 7.125, 10], "texture": "#voxels_atlas"},
				"down": {"uv": [6.375, 10.125, 7.125, 10.25], "texture": "#voxels_atlas"}
			}
		},
		{
			"name": "Voxels",
			"from": [8.381, 8.381, 0.7619],
			"to": [10.28576, 8.76195, 1.90476],
			"faces": {
				"north": {"uv": [7.75, 15.75, 7.125, 15.875], "texture": "#voxels_atlas"},
				"east": {"uv": [13.625, 15.875, 13.25, 16], "texture": "#voxels_atlas"},
				"south": {"uv": [7.125, 15.875, 7.75, 16], "texture": "#voxels_atlas"},
				"west": {"uv": [5.25, 11.625, 5.625, 11.75], "texture": "#voxels_atlas"},
				"up": {"uv": [4, 15.5, 4.625, 15.125], "texture": "#voxels_atlas"},
				"down": {"uv": [3.75, 14.75, 4.375, 15.125], "texture": "#voxels_atlas"}
			}
		},
		{
			"name": "Voxels",
			"from": [8.381, 8.381, 4.9524],
			"to": [10.66671, 8.76195, 6.85716],
			"faces": {
				"north": {"uv": [5.375, 8.25, 4.625, 8.375], "texture": "#voxels_atlas"},
				"east": {"uv": [7.125, 9.125, 6.5, 9.25], "texture": "#voxels_atlas"},
				"south": {"uv": [6.375, 9.5, 7.125, 9.625], "texture": "#voxels_atlas"},
				"west": {"uv": [6.5, 9, 7.125, 9.125], "texture": "#voxels_atlas"},
				"up": {"uv": [1.5, 13.875, 2.25, 13.25], "texture": "#voxels_atlas"},
				"down": {"uv": [1.5, 13.875, 2.25, 14.5], "texture": "#voxels_atlas"}
			}
		},
		{
			"name": "Voxels",
			"from": [8.381, 8.381, 8],
			"to": [10.28576, 8.76195, 15.61905],
			"faces": {
				"north": {"uv": [6.375, 8.125, 5.75, 8.25], "texture": "#voxels_atlas"},
				"east": {"uv": [7.125, 15.75, 4.625, 15.875], "texture": "#voxels_atlas"},
				"south": {"uv": [7.125, 15.25, 7.75, 15.375], "texture": "#voxels_atlas"},
				"west": {"uv": [4.625, 15.875, 7.125, 16], "texture": "#voxels_atlas"},
				"up": {"uv": [0, 16, 0.625, 13.5], "texture": "#voxels_atlas"},
				"down": {"uv": [0, 11, 0.625, 13.5], "texture": "#voxels_atlas"}
			}
		},
		{
			"name": "Voxels",
			"from": [8.381, 8.381, 15.619],
			"to": [9.90481, 8.76195, 19.04757],
			"faces": {
				"north": {"uv": [10.25, 15.875, 9.75, 16], "texture": "#voxels_atlas"},
				"east": {"uv": [6.375, 12.5, 5.25, 12.625], "texture": "#voxels_atlas"},
				"south": {"uv": [7.125, 10.375, 7.625, 10.5], "texture": "#voxels_atlas"},
				"west": {"uv": [6, 12.875, 7.125, 13], "texture": "#voxels_atlas"},
				"up": {"uv": [1, 16, 1.5, 14.875], "texture": "#voxels_atlas"},
				"down": {"uv": [1, 13.75, 1.5, 14.875], "texture": "#voxels_atlas"}
			}
		},
		{
			"name": "Voxels",
			"from": [8.381, 8.7619, -11.0476],
			"to": [8.76195, 9.14285, -7.99998],
			"faces": {
				"north": {"uv": [5.5, 8, 5.375, 8.125], "texture": "#voxels_atlas"},
				"east": {"uv": [5.625, 10.5, 4.625, 10.625], "texture": "#voxels_atlas"},
				"south": {"uv": [5.5, 8, 5.625, 8.125], "texture": "#voxels_atlas"},
				"west": {"uv": [6.125, 10.875, 7.125, 11], "texture": "#voxels_atlas"},
				"up": {"uv": [0.5, 9.625, 0.625, 8.625], "texture": "#voxels_atlas"},
				"down": {"uv": [0.5, 10, 0.625, 11], "texture": "#voxels_atlas"}
			}
		},
		{
			"name": "Voxels",
			"from": [8.381, 8.7619, -2.6667],
			"to": [11.42862, 9.14285, -1.90479],
			"faces": {
				"north": {"uv": [6.625, 11.25, 5.625, 11.375], "texture": "#voxels_atlas"},
				"east": {"uv": [15.625, 15.75, 15.375, 15.875], "texture": "#voxels_atlas"},
				"south": {"uv": [6.125, 14.625, 7.125, 14.75], "texture": "#voxels_atlas"},
				"west": {"uv": [15.125, 15.75, 15.375, 15.875], "texture": "#voxels_atlas"},
				"up": {"uv": [2.25, 8.375, 3.25, 8.125], "texture": "#voxels_atlas"},
				"down": {"uv": [2.25, 8.875, 3.25, 9.125], "texture": "#voxels_atlas"}
			}
		},
		{
			"name": "Voxels",
			"from": [8.381, 8.7619, -1.9048],
			"to": [11.04767, 9.14285, -0.38099],
			"faces": {
				"north": {"uv": [5.5, 10, 4.625, 10.125], "texture": "#voxels_atlas"},
				"east": {"uv": [7.625, 13.375, 7.125, 13.5], "texture": "#voxels_atlas"},
				"south": {"uv": [5.5, 10.125, 6.375, 10.25], "texture": "#voxels_atlas"},
				"west": {"uv": [7.25, 13.75, 7.75, 13.875], "texture": "#voxels_atlas"},
				"up": {"uv": [2.25, 15, 3.125, 14.5], "texture": "#voxels_atlas"},
				"down": {"uv": [2.25, 14, 3.125, 14.5], "texture": "#voxels_atlas"}
			}
		},
		{
			"name": "Voxels",
			"from": [8.381, 8.7619, -0.381],
			"to": [10.66671, 9.14285, 0.3809],
			"faces": {
				"north": {"uv": [7.125, 9.875, 6.375, 10], "texture": "#voxels_atlas"},
				"east": {"uv": [8.5, 15.625, 8.25, 15.75], "texture": "#voxels_atlas"},
				"south": {"uv": [6.375, 9.75, 7.125, 9.875], "texture": "#voxels_atlas"},
				"west": {"uv": [15.625, 15.75, 15.875, 15.875], "texture": "#voxels_atlas"},
				"up": {"uv": [1.5, 8.25, 2.25, 8], "texture": "#voxels_atlas"},
				"down": {"uv": [3.625, 11.75, 4.375, 12], "texture": "#voxels_atlas"}
			}
		},
		{
			"name": "Voxels",
			"from": [8.381, 8.7619, 1.9048],
			"to": [9.52386, 9.14285, 2.28575],
			"faces": {
				"north": {"uv": [8.125, 15.5, 7.75, 15.625], "texture": "#voxels_atlas"},
				"east": {"uv": [8.25, 8, 8.125, 8.125], "texture": "#voxels_atlas"},
				"south": {"uv": [7.75, 14, 8.125, 14.125], "texture": "#voxels_atlas"},
				"west": {"uv": [8.125, 8.125, 8.25, 8.25], "texture": "#voxels_atlas"},
				"up": {"uv": [7.75, 15.75, 8.125, 15.625], "texture": "#voxels_atlas"},
				"down": {"uv": [14, 15.875, 14.375, 16], "texture": "#voxels_atlas"}
			}
		},
		{
			"name": "Voxels",
			"from": [8.381, 8.7619, 3.0476],
			"to": [11.04767, 9.14285, 3.42855],
			"faces": {
				"north": {"uv": [5.5, 10.25, 4.625, 10.375], "texture": "#voxels_atlas"},
				"east": {"uv": [8.375, 11.75, 8.25, 11.875], "texture": "#voxels_atlas"},
				"south": {"uv": [5.5, 10.375, 6.375, 10.5], "texture": "#voxels_atlas"},
				"west": {"uv": [8.375, 11.875, 8.5, 12], "texture": "#voxels_atlas"},
				"up": {"uv": [5.5, 10.375, 6.375, 10.25], "texture": "#voxels_atlas"},
				"down": {"uv": [4.625, 10.125, 5.5, 10.25], "texture": "#voxels_atlas"}
			}
		},
		{
			"name": "Voxels",
			"from": [8.381, 8.7619, 3.4286],
			"to": [10.66671, 9.14285, 3.80955],
			"faces": {
				"north": {"uv": [6.5, 8.625, 5.75, 8.75], "texture": "#voxels_atlas"},
				"east": {"uv": [8.375, 11.25, 8.25, 11.375], "texture": "#voxels_atlas"},
				"south": {"uv": [5.75, 8.5, 6.5, 8.625], "texture": "#voxels_atlas"},
				"west": {"uv": [8.375, 11.375, 8.5, 11.5], "texture": "#voxels_atlas"},
				"up": {"uv": [5.75, 9.125, 6.5, 9], "texture": "#voxels_atlas"},
				"down": {"uv": [6.375, 9.375, 7.125, 9.5], "texture": "#voxels_atlas"}
			}
		},
		{
			"name": "Voxels",
			"from": [8.381, 8.7619, 3.8095],
			"to": [10.28576, 9.14285, 4.95236],
			"faces": {
				"north": {"uv": [7.125, 8.125, 6.5, 8.25], "texture": "#voxels_atlas"},
				"east": {"uv": [8.125, 13.75, 7.75, 13.875], "texture": "#voxels_atlas"},
				"south": {"uv": [7.125, 15.625, 7.75, 15.75], "texture": "#voxels_atlas"},
				"west": {"uv": [7.75, 14.625, 8.125, 14.75], "texture": "#voxels_atlas"},
				"up": {"uv": [4, 14.5, 4.625, 14.125], "texture": "#voxels_atlas"},
				"down": {"uv": [3.375, 13.75, 4, 14.125], "texture": "#voxels_atlas"}
			}
		},
		{
			"name": "Voxels",
			"from": [8.381, 8.7619, 6.8571],
			"to": [9.90481, 9.14285, 7.99996],
			"faces": {
				"north": {"uv": [12.75, 15.875, 12.25, 16], "texture": "#voxels_atlas"},
				"east": {"uv": [8.125, 10.625, 7.75, 10.75], "texture": "#voxels_atlas"},
				"south": {"uv": [11.75, 15.875, 12.25, 16], "texture": "#voxels_atlas"},
				"west": {"uv": [7.75, 10.5, 8.125, 10.625], "texture": "#voxels_atlas"},
				"up": {"uv": [4, 11.25, 4.5, 10.875], "texture": "#voxels_atlas"},
				"down": {"uv": [3.5, 8.625, 4, 9], "texture": "#voxels_atlas"}
			}
		},
		{
			"name": "Voxels",
			"from": [8.381, 8.7619, 19.0476],
			"to": [9.52386, 9.14285, 20.19046],
			"faces": {
				"north": {"uv": [8.125, 10.75, 7.75, 10.875], "texture": "#voxels_atlas"},
				"east": {"uv": [8.125, 11.375, 7.75, 11.5], "texture": "#voxels_atlas"},
				"south": {"uv": [7.75, 10.875, 8.125, 11], "texture": "#voxels_atlas"},
				"west": {"uv": [7.75, 11, 8.125, 11.125], "texture": "#voxels_atlas"},
				"up": {"uv": [4.875, 12.125, 5.25, 11.75], "texture": "#voxels_atlas"},
				"down": {"uv": [5.25, 11.875, 5.625, 12.25], "texture": "#voxels_atlas"}
			}
		},
		{
			"name": "Voxels",
			"from": [8.381, 8.7619, 20.1905],
			"to": [9.1429, 9.14285, 24.38098],
			"faces": {
				"north": {"uv": [8.75, 15.625, 8.5, 15.75], "texture": "#voxels_atlas"},
				"east": {"uv": [6.125, 14.125, 4.75, 14.25], "texture": "#voxels_atlas"},
				"south": {"uv": [8.75, 15.625, 9, 15.75], "texture": "#voxels_atlas"},
				"west": {"uv": [4.75, 14, 6.125, 14.125], "texture": "#voxels_atlas"},
				"up": {"uv": [1.5, 13.25, 1.75, 11.875], "texture": "#voxels_atlas"},
				"down": {"uv": [1.75, 11.875, 2, 13.25], "texture": "#voxels_atlas"}
			}
		},
		{
			"name": "Voxels",
			"from": [8.381, 8.7619, 24.381],
			"to": [8.76195, 9.14285, 25.90481],
			"faces": {
				"north": {"uv": [9.75, 15.375, 9.625, 15.5], "texture": "#voxels_atlas"},
				"east": {"uv": [7.625, 12.125, 7.125, 12.25], "texture": "#voxels_atlas"},
				"south": {"uv": [11.25, 15.375, 11.375, 15.5], "texture": "#voxels_atlas"},
				"west": {"uv": [7.125, 12.25, 7.625, 12.375], "texture": "#voxels_atlas"},
				"up": {"uv": [2.125, 10.5, 2.25, 10], "texture": "#voxels_atlas"},
				"down": {"uv": [2.125, 8.875, 2.25, 9.375], "texture": "#voxels_atlas"}
			}
		},
		{
			"name": "Voxels",
			"from": [8.381, 9.1429, -0.7619],
			"to": [9.90481, 9.52385, 0],
			"faces": {
				"north": {"uv": [7.625, 12, 7.125, 12.125], "texture": "#voxels_atlas"},
				"east": {"uv": [11.5, 15.625, 11.25, 15.75], "texture": "#voxels_atlas"},
				"south": {"uv": [7.125, 11.875, 7.625, 12], "texture": "#voxels_atlas"},
				"west": {"uv": [11, 15.625, 11.25, 15.75], "texture": "#voxels_atlas"},
				"up": {"uv": [1, 8.25, 1.5, 8], "texture": "#voxels_atlas"},
				"down": {"uv": [3.75, 9, 4.25, 9.25], "texture": "#voxels_atlas"}
			}
		},
		{
			"name": "Voxels",
			"from": [8.7619, 7.619, -1.1429],
			"to": [9.5238, 7.99995, -0.76195],
			"faces": {
				"north": {"uv": [14.25, 15.625, 14, 15.75], "texture": "#voxels_atlas"},
				"east": {"uv": [5.5, 8.375, 5.375, 8.5], "texture": "#voxels_atlas"},
				"south": {"uv": [14.875, 15.75, 15.125, 15.875], "texture": "#voxels_atlas"},
				"west": {"uv": [5.375, 8.5, 5.5, 8.625], "texture": "#voxels_atlas"},
				"up": {"uv": [13.75, 15.75, 14, 15.625], "texture": "#voxels_atlas"},
				"down": {"uv": [13.5, 15.625, 13.75, 15.75], "texture": "#voxels_atlas"}
			}
		},
		{
			"name": "Voxels",
			"from": [8.7619, 7.619, 0],
			"to": [9.5238, 7.99995, 0.38095],
			"faces": {
				"north": {"uv": [15, 15.625, 14.75, 15.75], "texture": "#voxels_atlas"},
				"east": {"uv": [6.5, 8, 6.375, 8.125], "texture": "#voxels_atlas"},
				"south": {"uv": [15, 15.625, 15.25, 15.75], "texture": "#voxels_atlas"},
				"west": {"uv": [6.375, 8.125, 6.5, 8.25], "texture": "#voxels_atlas"},
				"up": {"uv": [14.5, 15.75, 14.75, 15.625], "texture": "#voxels_atlas"},
				"down": {"uv": [14.25, 15.625, 14.5, 15.75], "texture": "#voxels_atlas"}
			}
		},
		{
			"name": "Voxels",
			"from": [8.7619, 8, -13.3333],
			"to": [9.14285, 8.38095, -12.95235],
			"faces": {
				"north": {"uv": [7.75, 13.125, 7.625, 13.25], "texture": "#voxels_atlas"},
				"east": {"uv": [7.75, 12.75, 7.625, 12.875], "texture": "#voxels_atlas"},
				"south": {"uv": [7.625, 13, 7.75, 13.125], "texture": "#voxels_atlas"},
				"west": {"uv": [7.625, 12.875, 7.75, 13], "texture": "#voxels_atlas"},
				"up": {"uv": [7.625, 13.375, 7.75, 13.25], "texture": "#voxels_atlas"},
				"down": {"uv": [7.625, 13.375, 7.75, 13.5], "texture": "#voxels_atlas"}
			}
		},
		{
			"name": "Voxels",
			"from": [8.7619, 8, -12.1905],
			"to": [9.14285, 8.38095, -11.80955],
			"faces": {
				"north": {"uv": [7.75, 12.375, 7.625, 12.5], "texture": "#voxels_atlas"},
				"east": {"uv": [7.75, 12, 7.625, 12.125], "texture": "#voxels_atlas"},
				"south": {"uv": [7.625, 12.25, 7.75, 12.375], "texture": "#voxels_atlas"},
				"west": {"uv": [7.625, 12.125, 7.75, 12.25], "texture": "#voxels_atlas"},
				"up": {"uv": [7.625, 12.625, 7.75, 12.5], "texture": "#voxels_atlas"},
				"down": {"uv": [7.625, 12.625, 7.75, 12.75], "texture": "#voxels_atlas"}
			}
		},
		{
			"name": "Voxels",
			"from": [8.7619, 8, -10.2857],
			"to": [9.14285, 8.38095, -5.71427],
			"faces": {
				"north": {"uv": [7.75, 11.375, 7.625, 11.5], "texture": "#voxels_atlas"},
				"east": {"uv": [6.125, 14.875, 4.625, 15], "texture": "#voxels_atlas"},
				"south": {"uv": [7.625, 11.25, 7.75, 11.375], "texture": "#voxels_atlas"},
				"west": {"uv": [4.625, 15.125, 6.125, 15.25], "texture": "#voxels_atlas"},
				"up": {"uv": [3.5, 12, 3.625, 10.5], "texture": "#voxels_atlas"},
				"down": {"uv": [4.75, 11.625, 4.875, 13.125], "texture": "#voxels_atlas"}
			}
		},
		{
			"name": "Voxels",
			"from": [8.7619, 8, -3.4286],
			"to": [11.42857, 8.38095, -2.66669],
			"faces": {
				"north": {"uv": [7.125, 14.5, 6.25, 14.625], "texture": "#voxels_atlas"},
				"east": {"uv": [10, 15.5, 9.75, 15.625], "texture": "#voxels_atlas"},
				"south": {"uv": [6.25, 14.375, 7.125, 14.5], "texture": "#voxels_atlas"},
				"west": {"uv": [9.5, 15.5, 9.75, 15.625], "texture": "#voxels_atlas"},
				"up": {"uv": [3.75, 13.375, 4.625, 13.125], "texture": "#voxels_atlas"},
				"down": {"uv": [3.375, 12.25, 4.25, 12.5], "texture": "#voxels_atlas"}
			}
		},
		{
			"name": "Voxels",
			"from": [8.7619, 8, 0.381],
			"to": [10.28571, 8.38095, 0.76195],
			"faces": {
				"north": {"uv": [7.625, 13.125, 7.125, 13.25], "texture": "#voxels_atlas"},
				"east": {"uv": [8.25, 10, 8.125, 10.125], "texture": "#voxels_atlas"},
				"south": {"uv": [7.125, 12.75, 7.625, 12.875], "texture": "#voxels_atlas"},
				"west": {"uv": [8.125, 10.125, 8.25, 10.25], "texture": "#voxels_atlas"},
				"up": {"uv": [7.125, 13.375, 7.625, 13.25], "texture": "#voxels_atlas"},
				"down": {"uv": [7.25, 13.5, 7.75, 13.625], "texture": "#voxels_atlas"}
			}
		},
		{
			"name": "Voxels",
			"from": [8.7619, 8, 0.7619],
			"to": [9.90476, 8.38095, 1.90476],
			"faces": {
				"north": {"uv": [8.125, 12.5, 7.75, 12.625], "texture": "#voxels_atlas"},
				"east": {"uv": [8.125, 12, 7.75, 12.125], "texture": "#voxels_atlas"},
				"south": {"uv": [7.75, 12.375, 8.125, 12.5], "texture": "#voxels_atlas"},
				"west": {"uv": [13.625, 15.875, 14, 16], "texture": "#voxels_atlas"},
				"up": {"uv": [4.875, 12.875, 5.25, 12.5], "texture": "#voxels_atlas"},
				"down": {"uv": [4.875, 12.125, 5.25, 12.5], "texture": "#voxels_atlas"}
			}
		},
		{
			"name": "Voxels",
			"from": [8.7619, 8, 4.9524],
			"to": [10.28571, 8.38095, 6.85716],
			"faces": {
				"north": {"uv": [7.625, 8.125, 7.125, 8.25], "texture": "#voxels_atlas"},
				"east": {"uv": [7.75, 14.875, 7.125, 15], "texture": "#voxels_atlas"},
				"south": {"uv": [7.75, 15.875, 8.25, 16], "texture": "#voxels_atlas"},
				"west": {"uv": [7.125, 15, 7.75, 15.125], "texture": "#voxels_atlas"},
				"up": {"uv": [1.5, 8.875, 2, 8.25], "texture": "#voxels_atlas"},
				"down": {"uv": [1.75, 10.625, 2.25, 11.25], "texture": "#voxels_atlas"}
			}
		},
		{
			"name": "Voxels",
			"from": [8.7619, 8, 8],
			"to": [10.28571, 8.38095, 10.28571],
			"faces": {
				"north": {"uv": [7.625, 11.25, 7.125, 11.375], "texture": "#voxels_atlas"},
				"east": {"uv": [6.5, 8.75, 5.75, 8.875], "texture": "#voxels_atlas"},
				"south": {"uv": [7.125, 10, 7.625, 10.125], "texture": "#voxels_atlas"},
				"west": {"uv": [5.75, 8.875, 6.5, 9], "texture": "#voxels_atlas"},
				"up": {"uv": [1, 12.25, 1.5, 11.5], "texture": "#voxels_atlas"},
				"down": {"uv": [1, 12.25, 1.5, 13], "texture": "#voxels_atlas"}
			}
		},
		{
			"name": "Voxels",
			"from": [8.7619, 8, 10.2857],
			"to": [9.90476, 8.38095, 15.61903],
			"faces": {
				"north": {"uv": [8.125, 8.75, 7.75, 8.875], "texture": "#voxels_atlas"},
				"east": {"uv": [6.375, 15.625, 4.625, 15.75], "texture": "#voxels_atlas"},
				"south": {"uv": [7.75, 8.375, 8.125, 8.5], "texture": "#voxels_atlas"},
				"west": {"uv": [4.625, 15.5, 6.375, 15.625], "texture": "#voxels_atlas"},
				"up": {"uv": [0.625, 14.25, 1, 12.5], "texture": "#voxels_atlas"},
				"down": {"uv": [0.625, 14.25, 1, 16], "texture": "#voxels_atlas"}
			}
		},
		{
			"name": "Voxels",
			"from": [8.7619, 8, 15.619],
			"to": [9.5238, 8.38095, 19.04757],
			"faces": {
				"north": {"uv": [8.5, 14.5, 8.25, 14.625], "texture": "#voxels_atlas"},
				"east": {"uv": [5.875, 13.125, 4.75, 13.25], "texture": "#voxels_atlas"},
				"south": {"uv": [8.25, 14.125, 8.5, 14.25], "texture": "#voxels_atlas"},
				"west": {"uv": [4.875, 13, 6, 13.125], "texture": "#voxels_atlas"},
				"up": {"uv": [3, 11.5, 3.25, 10.375], "texture": "#voxels_atlas"},
				"down": {"uv": [2.75, 10.375, 3, 11.5], "texture": "#voxels_atlas"}
			}
		},
		{
			"name": "Voxels",
			"from": [8.7619, 8.381, -5.7143],
			"to": [11.04761, 8.76195, -3.42858],
			"faces": {
				"north": {"uv": [6.5, 9.125, 5.75, 9.25], "texture": "#voxels_atlas"},
				"east": {"uv": [7.125, 15.625, 6.375, 15.75], "texture": "#voxels_atlas"},
				"south": {"uv": [5.75, 8.375, 6.5, 8.5], "texture": "#voxels_atlas"},
				"west": {"uv": [5.75, 8.25, 6.5, 8.375], "texture": "#voxels_atlas"},
				"up": {"uv": [1.5, 15.25, 2.25, 14.5], "texture": "#voxels_atlas"},
				"down": {"uv": [1.5, 15.25, 2.25, 16], "texture": "#voxels_atlas"}
			}
		},
		{
			"name": "Voxels",
			"from": [8.7619, 8.7619, -13.3333],
			"to": [9.14285, 9.14285, -12.95235],
			"faces": {
				"north": {"uv": [8.5, 10.125, 8.375, 10.25], "texture": "#voxels_atlas"},
				"east": {"uv": [8.375, 9.625, 8.25, 9.75], "texture": "#voxels_atlas"},
				"south": {"uv": [8.25, 9.875, 8.375, 10], "texture": "#voxels_atlas"},
				"west": {"uv": [8.375, 9.875, 8.5, 10], "texture": "#voxels_atlas"},
				"up": {"uv": [8.25, 10.25, 8.375, 10.125], "texture": "#voxels_atlas"},
				"down": {"uv": [8.375, 10.25, 8.5, 10.375], "texture": "#voxels_atlas"}
			}
		},
		{
			"name": "Voxels",
			"from": [8.7619, 8.7619, -12.1905],
			"to": [9.14285, 9.14285, -11.80955],
			"faces": {
				"north": {"uv": [8.5, 9.5, 8.375, 9.625], "texture": "#voxels_atlas"},
				"east": {"uv": [8.375, 9.25, 8.25, 9.375], "texture": "#voxels_atlas"},
				"south": {"uv": [8.25, 9.375, 8.375, 9.5], "texture": "#voxels_atlas"},
				"west": {"uv": [8.375, 9.375, 8.5, 9.5], "texture": "#voxels_atlas"},
				"up": {"uv": [8.25, 9.625, 8.375, 9.5], "texture": "#voxels_atlas"},
				"down": {"uv": [8.375, 9.625, 8.5, 9.75], "texture": "#voxels_atlas"}
			}
		},
		{
			"name": "Voxels",
			"from": [8.7619, 8.7619, -10.2857],
			"to": [9.14285, 9.14285, -5.71427],
			"faces": {
				"north": {"uv": [8.5, 9.125, 8.375, 9.25], "texture": "#voxels_atlas"},
				"east": {"uv": [6.25, 14.375, 4.75, 14.5], "texture": "#voxels_atlas"},
				"south": {"uv": [8.25, 8.875, 8.375, 9], "texture": "#voxels_atlas"},
				"west": {"uv": [4.75, 14.25, 6.25, 14.375], "texture": "#voxels_atlas"},
				"up": {"uv": [4.625, 13.125, 4.75, 11.625], "texture": "#voxels_atlas"},
				"down": {"uv": [3.375, 10.5, 3.5, 12], "texture": "#voxels_atlas"}
			}
		},
		{
			"name": "Voxels",
			"from": [8.7619, 8.7619, -3.4286],
			"to": [11.42857, 9.14285, -2.66669],
			"faces": {
				"north": {"uv": [7.125, 14.25, 6.25, 14.375], "texture": "#voxels_atlas"},
				"east": {"uv": [12, 15.5, 11.75, 15.625], "texture": "#voxels_atlas"},
				"south": {"uv": [4.625, 10.375, 5.5, 10.5], "texture": "#voxels_atlas"},
				"west": {"uv": [4.375, 8.625, 4.625, 8.75], "texture": "#voxels_atlas"},
				"up": {"uv": [3.375, 12.25, 4.25, 12], "texture": "#voxels_atlas"},
				"down": {"uv": [3.75, 14.5, 4.625, 14.75], "texture": "#voxels_atlas"}
			}
		},
		{
			"name": "Voxels",
			"from": [8.7619, 8.7619, 0.381],
			"to": [10.28571, 9.14285, 0.76195],
			"faces": {
				"north": {"uv": [7.625, 10.875, 7.125, 11], "texture": "#voxels_atlas"},
				"east": {"uv": [9.625, 15.375, 9.5, 15.5], "texture": "#voxels_atlas"},
				"south": {"uv": [7.125, 10.75, 7.625, 10.875], "texture": "#voxels_atlas"},
				"west": {"uv": [9.125, 15.375, 9.25, 15.5], "texture": "#voxels_atlas"},
				"up": {"uv": [7.125, 11.125, 7.625, 11], "texture": "#voxels_atlas"},
				"down": {"uv": [7.125, 11.125, 7.625, 11.25], "texture": "#voxels_atlas"}
			}
		},
		{
			"name": "Voxels",
			"from": [8.7619, 8.7619, 0.7619],
			"to": [9.90476, 9.14285, 1.90476],
			"faces": {
				"north": {"uv": [8.125, 15.25, 7.75, 15.375], "texture": "#voxels_atlas"},
				"east": {"uv": [8.125, 14.875, 7.75, 15], "texture": "#voxels_atlas"},
				"south": {"uv": [7.75, 15.125, 8.125, 15.25], "texture": "#voxels_atlas"},
				"west": {"uv": [7.75, 15, 8.125, 15.125], "texture": "#voxels_atlas"},
				"up": {"uv": [6.5, 14.125, 6.875, 13.75], "texture": "#voxels_atlas"},
				"down": {"uv": [3, 12.125, 3.375, 12.5], "texture": "#voxels_atlas"}
			}
		},
		{
			"name": "Voxels",
			"from": [8.7619, 8.7619, 4.9524],
			"to": [10.28571, 9.14285, 6.85716],
			"faces": {
				"north": {"uv": [7.625, 10.625, 7.125, 10.75], "texture": "#voxels_atlas"},
				"east": {"uv": [7.75, 15.375, 7.125, 15.5], "texture": "#voxels_atlas"},
				"south": {"uv": [7.125, 10.5, 7.625, 10.625], "texture": "#voxels_atlas"},
				"west": {"uv": [7.125, 15.5, 7.75, 15.625], "texture": "#voxels_atlas"},
				"up": {"uv": [1.5, 10, 2, 9.375], "texture": "#voxels_atlas"},
				"down": {"uv": [1.75, 11.25, 2.25, 11.875], "texture": "#voxels_atlas"}
			}
		},
		{
			"name": "Voxels",
			"from": [8.7619, 8.7619, 8],
			"to": [10.28571, 9.14285, 10.28571],
			"faces": {
				"north": {"uv": [7.625, 10.25, 7.125, 10.375], "texture": "#voxels_atlas"},
				"east": {"uv": [7.125, 12.625, 6.375, 12.75], "texture": "#voxels_atlas"},
				"south": {"uv": [7.125, 10.125, 7.625, 10.25], "texture": "#voxels_atlas"},
				"west": {"uv": [6.375, 12.75, 7.125, 12.875], "texture": "#voxels_atlas"},
				"up": {"uv": [1, 11.5, 1.5, 10.75], "texture": "#voxels_atlas"},
				"down": {"uv": [1, 8.25, 1.5, 9], "texture": "#voxels_atlas"}
			}
		},
		{
			"name": "Voxels",
			"from": [8.7619, 8.7619, 10.2857],
			"to": [9.90476, 9.14285, 15.61903],
			"faces": {
				"north": {"uv": [8.125, 13.5, 7.75, 13.625], "texture": "#voxels_atlas"},
				"east": {"uv": [6.375, 15.375, 4.625, 15.5], "texture": "#voxels_atlas"},
				"south": {"uv": [7.75, 13.375, 8.125, 13.5], "texture": "#voxels_atlas"},
				"west": {"uv": [4.625, 15.25, 6.375, 15.375], "texture": "#voxels_atlas"},
				"up": {"uv": [0.625, 12.5, 1, 10.75], "texture": "#voxels_atlas"},
				"down": {"uv": [0.625, 9, 1, 10.75], "texture": "#voxels_atlas"}
			}
		},
		{
			"name": "Voxels",
			"from": [8.7619, 8.7619, 15.619],
			"to": [9.5238, 9.14285, 19.04757],
			"faces": {
				"north": {"uv": [10.75, 15.625, 10.5, 15.75], "texture": "#voxels_atlas"},
				"east": {"uv": [6, 12.875, 4.875, 13], "texture": "#voxels_atlas"},
				"south": {"uv": [10.75, 15.625, 11, 15.75], "texture": "#voxels_atlas"},
				"west": {"uv": [6, 13, 7.125, 13.125], "texture": "#voxels_atlas"},
				"up": {"uv": [2.5, 11.5, 2.75, 10.375], "texture": "#voxels_atlas"},
				"down": {"uv": [2.25, 10.375, 2.5, 11.5], "texture": "#voxels_atlas"}
			}
		},
		{
			"name": "Voxels",
			"from": [8.7619, 9.1429, -1.1429],
			"to": [9.5238, 9.52385, -0.76195],
			"faces": {
				"north": {"uv": [12.25, 15.625, 12, 15.75], "texture": "#voxels_atlas"},
				"east": {"uv": [7.75, 11.75, 7.625, 11.875], "texture": "#voxels_atlas"},
				"south": {"uv": [12.25, 15.625, 12.5, 15.75], "texture": "#voxels_atlas"},
				"west": {"uv": [7.625, 11.875, 7.75, 12], "texture": "#voxels_atlas"},
				"up": {"uv": [11.75, 15.75, 12, 15.625], "texture": "#voxels_atlas"},
				"down": {"uv": [11.5, 15.625, 11.75, 15.75], "texture": "#voxels_atlas"}
			}
		},
		{
			"name": "Voxels",
			"from": [8.7619, 9.1429, 0],
			"to": [9.5238, 9.52385, 0.38095],
			"faces": {
				"north": {"uv": [13.25, 15.625, 13, 15.75], "texture": "#voxels_atlas"},
				"east": {"uv": [7.75, 11, 7.625, 11.125], "texture": "#voxels_atlas"},
				"south": {"uv": [13.25, 15.625, 13.5, 15.75], "texture": "#voxels_atlas"},
				"west": {"uv": [7.625, 11.125, 7.75, 11.25], "texture": "#voxels_atlas"},
				"up": {"uv": [12.75, 15.75, 13, 15.625], "texture": "#voxels_atlas"},
				"down": {"uv": [12.5, 15.625, 12.75, 15.75], "texture": "#voxels_atlas"}
			}
		},
		{
			"name": "Voxels",
			"from": [9.1429, 8, -8.7619],
			"to": [9.52385, 9.14286, -7.99999],
			"faces": {
				"north": {"uv": [6.375, 11.625, 6.25, 12], "texture": "#voxels_atlas"},
				"east": {"uv": [3.375, 13.25, 3.125, 13.625], "texture": "#voxels_atlas"},
				"south": {"uv": [8.125, 13.5, 8.25, 13.875], "texture": "#voxels_atlas"},
				"west": {"uv": [3.125, 13.625, 3.375, 14], "texture": "#voxels_atlas"},
				"up": {"uv": [3.25, 10.125, 3.375, 9.875], "texture": "#voxels_atlas"},
				"down": {"uv": [0.5, 8, 0.625, 8.25], "texture": "#voxels_atlas"}
			}
		},
		{
			"name": "Voxels",
			"from": [9.1429, 8, -8],
			"to": [9.52385, 8.38095, -3.42857],
			"faces": {
				"north": {"uv": [7.75, 9.875, 7.625, 10], "texture": "#voxels_atlas"},
				"east": {"uv": [6.125, 14.625, 4.625, 14.75], "texture": "#voxels_atlas"},
				"south": {"uv": [7.625, 9.75, 7.75, 9.875], "texture": "#voxels_atlas"},
				"west": {"uv": [4.625, 14.75, 6.125, 14.875], "texture": "#voxels_atlas"},
				"up": {"uv": [3.625, 10.5, 3.75, 9], "texture": "#voxels_atlas"},
				"down": {"uv": [3.5, 9, 3.625, 10.5], "texture": "#voxels_atlas"}
			}
		},
		{
			"name": "Voxels",
			"from": [9.1429, 8.381, -14.0952],
			"to": [9.52385, 8.76195, -13.71425],
			"faces": {
				"north": {"uv": [7.75, 8.625, 7.625, 8.75], "texture": "#voxels_atlas"},
				"east": {"uv": [7.75, 8.25, 7.625, 8.375], "texture": "#voxels_atlas"},
				"south": {"uv": [7.625, 8.5, 7.75, 8.625], "texture": "#voxels_atlas"},
				"west": {"uv": [7.625, 8.375, 7.75, 8.5], "texture": "#voxels_atlas"},
				"up": {"uv": [7.625, 8.875, 7.75, 8.75], "texture": "#voxels_atlas"},
				"down": {"uv": [7.625, 9.375, 7.75, 9.5], "texture": "#voxels_atlas"}
			}
		},
		{
			"name": "Voxels",
			"from": [9.1429, 8.381, -12.1905],
			"to": [9.52385, 8.76195, -11.80955],
			"faces": {
				"north": {"uv": [16, 15.875, 15.875, 16], "texture": "#voxels_atlas"},
				"east": {"uv": [8.25, 10.75, 8.125, 10.875], "texture": "#voxels_atlas"},
				"south": {"uv": [15.875, 15.75, 16, 15.875], "texture": "#voxels_atlas"},
				"west": {"uv": [8.125, 10.875, 8.25, 11], "texture": "#voxels_atlas"},
				"up": {"uv": [7.625, 8.125, 7.75, 8], "texture": "#voxels_atlas"},
				"down": {"uv": [7.625, 8.125, 7.75, 8.25], "texture": "#voxels_atlas"}
			}
		},
		{
			"name": "Voxels",
			"from": [9.1429, 8.381, -10.2857],
			"to": [9.52385, 8.76195, -8.76189],
			"faces": {
				"north": {"uv": [8.25, 10.375, 8.125, 10.5], "texture": "#voxels_atlas"},
				"east": {"uv": [7.625, 8.625, 7.125, 8.75], "texture": "#voxels_atlas"},
				"south": {"uv": [8.125, 10.25, 8.25, 10.375], "texture": "#voxels_atlas"},
				"west": {"uv": [7.125, 8.75, 7.625, 8.875], "texture": "#voxels_atlas"},
				"up": {"uv": [7.25, 9.375, 7.375, 8.875], "texture": "#voxels_atlas"},
				"down": {"uv": [7.125, 8.875, 7.25, 9.375], "texture": "#voxels_atlas"}
			}
		},
		{
			"name": "Voxels",
			"from": [9.1429, 8.7619, -8],
			"to": [9.52385, 9.14285, -3.42857],
			"faces": {
				"north": {"uv": [8.25, 9.625, 8.125, 9.75], "texture": "#voxels_atlas"},
				"east": {"uv": [6.25, 14.5, 4.75, 14.625], "texture": "#voxels_atlas"},
				"south": {"uv": [8.125, 9.5, 8.25, 9.625], "texture": "#voxels_atlas"},
				"west": {"uv": [4.625, 15, 6.125, 15.125], "texture": "#voxels_atlas"},
				"up": {"uv": [3.375, 10.5, 3.5, 9], "texture": "#voxels_atlas"},
				"down": {"uv": [4.625, 13.125, 4.75, 14.625], "texture": "#voxels_atlas"}
			}
		},
		{
			"name": "Voxels",
			"from": [9.5238, 8, -5.7143],
			"to": [9.90475, 8.38095, -3.42858],
			"faces": {
				"north": {"uv": [8.25, 8.875, 8.125, 9], "texture": "#voxels_atlas"},
				"east": {"uv": [6.375, 9.375, 5.625, 9.5], "texture": "#voxels_atlas"},
				"south": {"uv": [8.125, 8.75, 8.25, 8.875], "texture": "#voxels_atlas"},
				"west": {"uv": [5.625, 9.5, 6.375, 9.625], "texture": "#voxels_atlas"},
				"up": {"uv": [5.5, 9.625, 5.625, 8.875], "texture": "#voxels_atlas"},
				"down": {"uv": [3.375, 8.25, 3.5, 9], "texture": "#voxels_atlas"}
			}
		},
		{
			"name": "Voxels",
			"from": [9.5238, 8, 2.6667],
			"to": [10.66666, 8.38095, 3.04765],
			"faces": {
				"north": {"uv": [8.125, 10.125, 7.75, 10.25], "texture": "#voxels_atlas"},
				"east": {"uv": [8.5, 12.25, 8.375, 12.375], "texture": "#voxels_atlas"},
				"south": {"uv": [7.75, 10, 8.125, 10.125], "texture": "#voxels_atlas"},
				"west": {"uv": [8.25, 12.25, 8.375, 12.375], "texture": "#voxels_atlas"},
				"up": {"uv": [7.75, 10.375, 8.125, 10.25], "texture": "#voxels_atlas"},
				"down": {"uv": [7.75, 10.375, 8.125, 10.5], "texture": "#voxels_atlas"}
			}
		},
		{
			"name": "Voxels",
			"from": [9.5238, 8.381, -8.7619],
			"to": [9.90475, 8.76195, -7.99999],
			"faces": {
				"north": {"uv": [12.75, 15.375, 12.625, 15.5], "texture": "#voxels_atlas"},
				"east": {"uv": [12.5, 15.5, 12.25, 15.625], "texture": "#voxels_atlas"},
				"south": {"uv": [8.375, 12, 8.5, 12.125], "texture": "#voxels_atlas"},
				"west": {"uv": [12, 15.5, 12.25, 15.625], "texture": "#voxels_atlas"},
				"up": {"uv": [3.25, 9.625, 3.375, 9.375], "texture": "#voxels_atlas"},
				"down": {"uv": [3.25, 9.625, 3.375, 9.875], "texture": "#voxels_atlas"}
			}
		},
		{
			"name": "Voxels",
			"from": [9.5238, 8.7619, -5.7143],
			"to": [9.90475, 9.14285, -3.42858],
			"faces": {
				"north": {"uv": [8.375, 11.625, 8.25, 11.75], "texture": "#voxels_atlas"},
				"east": {"uv": [7.125, 10.375, 6.375, 10.5], "texture": "#voxels_atlas"},
				"south": {"uv": [8.375, 11.625, 8.5, 11.75], "texture": "#voxels_atlas"},
				"west": {"uv": [5.75, 9.25, 6.5, 9.375], "texture": "#voxels_atlas"},
				"up": {"uv": [5.625, 9.375, 5.75, 8.625], "texture": "#voxels_atlas"},
				"down": {"uv": [5.5, 8.125, 5.625, 8.875], "texture": "#voxels_atlas"}
			}
		},
		{
			"name": "Voxels",
			"from": [9.5238, 8.7619, 2.6667],
			"to": [10.66666, 9.14285, 3.04765],
			"faces": {
				"north": {"uv": [8.125, 9.125, 7.75, 9.25], "texture": "#voxels_atlas"},
				"east": {"uv": [8.5, 11.125, 8.375, 11.25], "texture": "#voxels_atlas"},
				"south": {"uv": [7.75, 9, 8.125, 9.125], "texture": "#voxels_atlas"},
				"west": {"uv": [8.25, 11.125, 8.375, 11.25], "texture": "#voxels_atlas"},
				"up": {"uv": [7.75, 9.375, 8.125, 9.25], "texture": "#voxels_atlas"},
				"down": {"uv": [7.75, 9.375, 8.125, 9.5], "texture": "#voxels_atlas"}
			}
		},
		{
			"name": "Voxels",
			"from": [9.9048, 8, -5.3333],
			"to": [11.04766, 8.38095, -3.42854],
			"faces": {
				"north": {"uv": [8.125, 8.625, 7.75, 8.75], "texture": "#voxels_atlas"},
				"east": {"uv": [7.75, 14.5, 7.125, 14.625], "texture": "#voxels_atlas"},
				"south": {"uv": [7.75, 8.5, 8.125, 8.625], "texture": "#voxels_atlas"},
				"west": {"uv": [7.125, 14.625, 7.75, 14.75], "texture": "#voxels_atlas"},
				"up": {"uv": [3.75, 13.125, 4.125, 12.5], "texture": "#voxels_atlas"},
				"down": {"uv": [3.375, 14.5, 3.75, 15.125], "texture": "#voxels_atlas"}
			}
		},
		{
			"name": "Voxels",
			"from": [9.9048, 8, -0.7619],
			"to": [11.04766, 8.38095, -0.38095],
			"faces": {
				"north": {"uv": [8.5, 15.75, 8.125, 15.875], "texture": "#voxels_atlas"},
				"east": {"uv": [8.5, 10.375, 8.375, 10.5], "texture": "#voxels_atlas"},
				"south": {"uv": [8.5, 15.75, 8.875, 15.875], "texture": "#voxels_atlas"},
				"west": {"uv": [8.25, 10.375, 8.375, 10.5], "texture": "#voxels_atlas"},
				"up": {"uv": [7.75, 8.125, 8.125, 8], "texture": "#voxels_atlas"},
				"down": {"uv": [7.75, 8.125, 8.125, 8.25], "texture": "#voxels_atlas"}
			}
		},
		{
			"name": "Voxels",
			"from": [9.9048, 8, -0.381],
			"to": [10.6667, 8.38095, -0.00005],
			"faces": {
				"north": {"uv": [8.5, 15.375, 8.25, 15.5], "texture": "#voxels_atlas"},
				"east": {"uv": [8.5, 10, 8.375, 10.125], "texture": "#voxels_atlas"},
				"south": {"uv": [8.25, 15.25, 8.5, 15.375], "texture": "#voxels_atlas"},
				"west": {"uv": [8.25, 10, 8.375, 10.125], "texture": "#voxels_atlas"},
				"up": {"uv": [15.75, 15.625, 16, 15.5], "texture": "#voxels_atlas"},
				"down": {"uv": [15.5, 15.5, 15.75, 15.625], "texture": "#voxels_atlas"}
			}
		},
		{
			"name": "Voxels",
			"from": [9.9048, 8, 7.2381],
			"to": [10.28575, 8.38095, 8.00001],
			"faces": {
				"north": {"uv": [8.375, 9.75, 8.25, 9.875], "texture": "#voxels_atlas"},
				"east": {"uv": [8.5, 15, 8.25, 15.125], "texture": "#voxels_atlas"},
				"south": {"uv": [8.375, 9.75, 8.5, 9.875], "texture": "#voxels_atlas"},
				"west": {"uv": [8.25, 15.125, 8.5, 15.25], "texture": "#voxels_atlas"},
				"up": {"uv": [7, 13.375, 7.125, 13.125], "texture": "#voxels_atlas"},
				"down": {"uv": [3.375, 8, 3.5, 8.25], "texture": "#voxels_atlas"}
			}
		},
		{
			"name": "Voxels",
			"from": [9.9048, 8.7619, -5.3333],
			"to": [11.04766, 9.14285, -3.42854],
			"faces": {
				"north": {"uv": [10, 15.75, 9.625, 15.875], "texture": "#voxels_atlas"},
				"east": {"uv": [7.75, 14.125, 7.125, 14.25], "texture": "#voxels_atlas"},
				"south": {"uv": [10, 15.75, 10.375, 15.875], "texture": "#voxels_atlas"},
				"west": {"uv": [7.125, 14.25, 7.75, 14.375], "texture": "#voxels_atlas"},
				"up": {"uv": [3.375, 13.75, 3.75, 13.125], "texture": "#voxels_atlas"},
				"down": {"uv": [3.375, 12.5, 3.75, 13.125], "texture": "#voxels_atlas"}
			}
		},
		{
			"name": "Voxels",
			"from": [9.9048, 8.7619, 7.2381],
			"to": [10.28575, 9.14285, 8.00001],
			"faces": {
				"north": {"uv": [8.375, 9, 8.25, 9.125], "texture": "#voxels_atlas"},
				"east": {"uv": [8.5, 14.25, 8.25, 14.375], "texture": "#voxels_atlas"},
				"south": {"uv": [8.375, 9, 8.5, 9.125], "texture": "#voxels_atlas"},
				"west": {"uv": [8.25, 14.375, 8.5, 14.5], "texture": "#voxels_atlas"},
				"up": {"uv": [8.125, 12.75, 8.25, 12.5], "texture": "#voxels_atlas"},
				"down": {"uv": [8.125, 12.75, 8.25, 13], "texture": "#voxels_atlas"}
			}
		},
		{
			"name": "Voxels",
			"from": [10.2857, 8, 6.0952],
			"to": [10.66665, 8.38095, 6.47615],
			"faces": {
				"north": {"uv": [8.375, 8.625, 8.25, 8.75], "texture": "#voxels_atlas"},
				"east": {"uv": [8.5, 8.5, 8.375, 8.625], "texture": "#voxels_atlas"},
				"south": {"uv": [8.375, 8.625, 8.5, 8.75], "texture": "#voxels_atlas"},
				"west": {"uv": [8.25, 8.5, 8.375, 8.625], "texture": "#voxels_atlas"},
				"up": {"uv": [8.375, 8.875, 8.5, 8.75], "texture": "#voxels_atlas"},
				"down": {"uv": [8.25, 8.75, 8.375, 8.875], "texture": "#voxels_atlas"}
			}
		},
		{
			"name": "Voxels",
			"from": [10.2857, 8, 8.381],
			"to": [10.66665, 9.14286, 9.52386],
			"faces": {
				"north": {"uv": [8.25, 15, 8.125, 15.375], "texture": "#voxels_atlas"},
				"east": {"uv": [6.875, 13.375, 6.5, 13.75], "texture": "#voxels_atlas"},
				"south": {"uv": [8.125, 14.625, 8.25, 15], "texture": "#voxels_atlas"},
				"west": {"uv": [6.125, 13.375, 6.5, 13.75], "texture": "#voxels_atlas"},
				"up": {"uv": [8.125, 15.75, 8.25, 15.375], "texture": "#voxels_atlas"},
				"down": {"uv": [7.625, 9, 7.75, 9.375], "texture": "#voxels_atlas"}
			}
		},
		{
			"name": "Voxels",
			"from": [10.2857, 8.381, 7.2381],
			"to": [10.66665, 8.76195, 8.00001],
			"faces": {
				"north": {"uv": [8.625, 15.375, 8.5, 15.5], "texture": "#voxels_atlas"},
				"east": {"uv": [8.5, 13.375, 8.25, 13.5], "texture": "#voxels_atlas"},
				"south": {"uv": [8.625, 15.375, 8.75, 15.5], "texture": "#voxels_atlas"},
				"west": {"uv": [8.25, 13.5, 8.5, 13.625], "texture": "#voxels_atlas"},
				"up": {"uv": [8.125, 12, 8.25, 11.75], "texture": "#voxels_atlas"},
				"down": {"uv": [8.125, 12, 8.25, 12.25], "texture": "#voxels_atlas"}
			}
		},
		{
			"name": "Voxels",
			"from": [10.2857, 8.381, 9.5238],
			"to": [10.66665, 8.76195, 10.2857],
			"faces": {
				"north": {"uv": [9.375, 15.375, 9.25, 15.5], "texture": "#voxels_atlas"},
				"east": {"uv": [8.5, 13.125, 8.25, 13.25], "texture": "#voxels_atlas"},
				"south": {"uv": [9.375, 15.375, 9.5, 15.5], "texture": "#voxels_atlas"},
				"west": {"uv": [8.25, 13.25, 8.5, 13.375], "texture": "#voxels_atlas"},
				"up": {"uv": [8.125, 11.5, 8.25, 11.25], "texture": "#voxels_atlas"},
				"down": {"uv": [8.125, 11.5, 8.25, 11.75], "texture": "#voxels_atlas"}
			}
		},
		{
			"name": "Voxels",
			"from": [10.2857, 8.7619, 6.0952],
			"to": [10.66665, 9.14285, 6.47615],
			"faces": {
				"north": {"uv": [10.125, 15.375, 10, 15.5], "texture": "#voxels_atlas"},
				"east": {"uv": [10.5, 15.375, 10.375, 15.5], "texture": "#voxels_atlas"},
				"south": {"uv": [10.125, 15.375, 10.25, 15.5], "texture": "#voxels_atlas"},
				"west": {"uv": [10.25, 15.375, 10.375, 15.5], "texture": "#voxels_atlas"},
				"up": {"uv": [9.875, 15.5, 10, 15.375], "texture": "#voxels_atlas"},
				"down": {"uv": [9.75, 15.375, 9.875, 15.5], "texture": "#voxels_atlas"}
			}
		},
		{
			"name": "Voxels",
			"from": [10.6667, 8.381, 6.0952],
			"to": [11.04765, 8.76195, 6.47615],
			"faces": {
				"north": {"uv": [10.875, 15.375, 10.75, 15.5], "texture": "#voxels_atlas"},
				"east": {"uv": [11.25, 15.375, 11.125, 15.5], "texture": "#voxels_atlas"},
				"south": {"uv": [10.875, 15.375, 11, 15.5], "texture": "#voxels_atlas"},
				"west": {"uv": [11, 15.375, 11.125, 15.5], "texture": "#voxels_atlas"},
				"up": {"uv": [10.625, 15.5, 10.75, 15.375], "texture": "#voxels_atlas"},
				"down": {"uv": [10.5, 15.375, 10.625, 15.5], "texture": "#voxels_atlas"}
			}
		},
		{
			"name": "Voxels",
			"from": [10.6667, 8.381, 8.381],
			"to": [11.04765, 8.76195, 9.52386],
			"faces": {
				"north": {"uv": [11.625, 15.375, 11.5, 15.5], "texture": "#voxels_atlas"},
				"east": {"uv": [12.625, 15.75, 12.25, 15.875], "texture": "#voxels_atlas"},
				"south": {"uv": [11.625, 15.375, 11.75, 15.5], "texture": "#voxels_atlas"},
				"west": {"uv": [11.875, 15.75, 12.25, 15.875], "texture": "#voxels_atlas"},
				"up": {"uv": [8.125, 14.25, 8.25, 13.875], "texture": "#voxels_atlas"},
				"down": {"uv": [8.125, 14.25, 8.25, 14.625], "texture": "#voxels_atlas"}
			}
		},
		{
			"name": "Voxels",
			"from": [11.0476, 8.381, -5.3333],
			"to": [11.42855, 8.76195, -3.42854],
			"faces": {
				"north": {"uv": [12.375, 15.375, 12.25, 15.5], "texture": "#voxels_atlas"},
				"east": {"uv": [7.125, 8, 6.5, 8.125], "texture": "#voxels_atlas"},
				"south": {"uv": [12.375, 15.375, 12.5, 15.5], "texture": "#voxels_atlas"},
				"west": {"uv": [7.125, 15.125, 7.75, 15.25], "texture": "#voxels_atlas"},
				"up": {"uv": [5.625, 8.625, 5.75, 8], "texture": "#voxels_atlas"},
				"down": {"uv": [7.125, 13.5, 7.25, 14.125], "texture": "#voxels_atlas"}
			}
		},
		{
			"from": [1, 8.608, -7],
			"to": [21, 8.608, 32],
			"rotation": {"angle": 22.5, "axis": "y", "origin": [6, 8.608, 15]},
			"faces": {
				"north": {"uv": [16, 0, 0, 0], "texture": "#missing"},
				"east": {"uv": [16, 0, 0, 0], "texture": "#missing"},
				"south": {"uv": [16, 0, 0, 0], "texture": "#missing"},
				"west": {"uv": [16, 0, 0, 0], "texture": "#missing"},
				"up": {"uv": [11.239, 4.759, 2.68, 14.078], "rotation": 180, "texture": "#1"},
				"down": {"uv": [3.078, 0, 0, 2.158], "rotation": 180, "texture": "#1"}
			}
		}
	],
	"display": {
		"thirdperson_righthand": {
			"rotation": [-90, 0, 90],
			"translation": [0, 11, 3],
			"scale": [0.8, 0.8, 0.8]
		},
		"thirdperson_lefthand": {
			"rotation": [-90, 0, -90],
			"translation": [0, 11, 3],
			"scale": [0.8, 0.8, 0.8]
		},
		"firstperson_righthand": {
			"rotation": [-90, 0, 90],
			"translation": [0, 8, 2],
			"scale": [0.8, 0.6, 0.6]
		},
		"firstperson_lefthand": {
			"rotation": [-90, 0, -90],
			"translation": [0, 8, 2],
			"scale": [0.8, 0.6, 0.6]
		},
		"gui": {
			"rotation": [90, -132, 0],
			"scale": [0.4, 0.4, 0.4]
		},
		"fixed": {
			"rotation": [90, 0, 0],
			"translation": [0, 0, -1]
		}
	}
}