{
	"credit": "Designed by 전형주 with Cubik Studio - https://cubik.studio",
	"textures": {
		"mesh_atlas": "c/sw222",
		"particle": "c/particle"
	},
	"elements": [
		{
			"name": "Voxels",
			"from": [7.5, -3.75, -2.25],
			"to": [10.25, -3.5, -1],
			"faces": {
				"north": {"uv": [11.125, 15.875, 9.75, 16], "texture": "#mesh_atlas"},
				"east": {"uv": [13.125, 15.25, 12.5, 15.375], "texture": "#mesh_atlas"},
				"south": {"uv": [9.75, 15.75, 11.125, 15.875], "texture": "#mesh_atlas"},
				"west": {"uv": [13.125, 15.25, 13.75, 15.375], "texture": "#mesh_atlas"},
				"up": {"uv": [4.75, 16, 6.125, 15.375], "texture": "#mesh_atlas"},
				"down": {"uv": [6.125, 15.375, 7.5, 16], "texture": "#mesh_atlas"}
			}
		},
		{
			"name": "Voxels",
			"from": [7.75, -4, -2],
			"to": [10, -3.75, -1.25],
			"faces": {
				"north": {"uv": [12.25, 15.625, 11.125, 15.75], "texture": "#mesh_atlas"},
				"east": {"uv": [3, 0.5, 2.625, 0.625], "texture": "#mesh_atlas"},
				"south": {"uv": [11.125, 15.75, 12.25, 15.875], "texture": "#mesh_atlas"},
				"west": {"uv": [2.625, 0.625, 3, 0.75], "texture": "#mesh_atlas"},
				"up": {"uv": [8.625, 16, 9.75, 15.625], "texture": "#mesh_atlas"},
				"down": {"uv": [7.5, 15.625, 8.625, 16], "texture": "#mesh_atlas"}
			}
		},
		{
			"name": "Voxels",
			"from": [7.75, -3.75, -2.5],
			"to": [10, -3.5, -2.25],
			"faces": {
				"north": {"uv": [10.875, 15.375, 9.75, 15.5], "texture": "#mesh_atlas"},
				"east": {"uv": [4.625, 1.125, 4.5, 1.25], "texture": "#mesh_atlas"},
				"south": {"uv": [9.75, 15.5, 10.875, 15.625], "texture": "#mesh_atlas"},
				"west": {"uv": [4.5, 1, 4.625, 1.125], "texture": "#mesh_atlas"},
				"up": {"uv": [7.5, 15.625, 8.625, 15.5], "texture": "#mesh_atlas"},
				"down": {"uv": [11.125, 15.875, 12.25, 16], "texture": "#mesh_atlas"}
			}
		},
		{
			"name": "Voxels",
			"from": [7.75, -3.75, -1],
			"to": [10, -3.5, -0.75],
			"faces": {
				"north": {"uv": [9.75, 15.375, 8.625, 15.5], "texture": "#mesh_atlas"},
				"east": {"uv": [4.5, 0.125, 4.375, 0.25], "texture": "#mesh_atlas"},
				"south": {"uv": [8.625, 15.5, 9.75, 15.625], "texture": "#mesh_atlas"},
				"west": {"uv": [4.5, 0.375, 4.625, 0.5], "texture": "#mesh_atlas"},
				"up": {"uv": [9.75, 15.75, 10.875, 15.625], "texture": "#mesh_atlas"},
				"down": {"uv": [7.5, 15.375, 8.625, 15.5], "texture": "#mesh_atlas"}
			}
		},
		{
			"name": "Voxels",
			"from": [7.75, -3.5, -2],
			"to": [8.25, -3.25, -1.25],
			"faces": {
				"north": {"uv": [0.75, 0, 0.5, 0.125], "texture": "#mesh_atlas"},
				"east": {"uv": [3, 0.25, 2.625, 0.375], "texture": "#mesh_atlas"},
				"south": {"uv": [10.875, 15.5, 11.125, 15.625], "texture": "#mesh_atlas"},
				"west": {"uv": [2.625, 0.375, 3, 0.5], "texture": "#mesh_atlas"},
				"up": {"uv": [0.75, 0.5, 1, 0.125], "texture": "#mesh_atlas"},
				"down": {"uv": [1, 0.125, 1.25, 0.5], "texture": "#mesh_atlas"}
			}
		},
		{
			"name": "Voxels",
			"from": [8, -4, -2.25],
			"to": [9.75, -3.75, -2],
			"faces": {
				"north": {"uv": [14.875, 15.375, 14, 15.5], "texture": "#mesh_atlas"},
				"east": {"uv": [4.375, 0, 4.25, 0.125], "texture": "#mesh_atlas"},
				"south": {"uv": [14.875, 15.875, 15.75, 16], "texture": "#mesh_atlas"},
				"west": {"uv": [4.375, 0.25, 4.5, 0.375], "texture": "#mesh_atlas"},
				"up": {"uv": [14, 15.625, 14.875, 15.5], "texture": "#mesh_atlas"},
				"down": {"uv": [14, 15.625, 14.875, 15.75], "texture": "#mesh_atlas"}
			}
		},
		{
			"name": "Voxels",
			"from": [8, -4, -1.25],
			"to": [9.75, -3.75, -1],
			"faces": {
				"north": {"uv": [12, 15.5, 11.125, 15.625], "texture": "#mesh_atlas"},
				"east": {"uv": [5, 9.5, 4.875, 9.625], "texture": "#mesh_atlas"},
				"south": {"uv": [11.125, 15.375, 12, 15.5], "texture": "#mesh_atlas"},
				"west": {"uv": [4.125, 0, 4.25, 0.125], "texture": "#mesh_atlas"},
				"up": {"uv": [14.875, 15.75, 15.75, 15.625], "texture": "#mesh_atlas"},
				"down": {"uv": [14.875, 15.75, 15.75, 15.875], "texture": "#mesh_atlas"}
			}
		},
		{
			"name": "Voxels",
			"from": [8, -3.75, -2.75],
			"to": [9.75, -3.5, -2.5],
			"faces": {
				"north": {"uv": [13.125, 15.75, 12.25, 15.875], "texture": "#mesh_atlas"},
				"east": {"uv": [5, 10, 4.875, 10.125], "texture": "#mesh_atlas"},
				"south": {"uv": [12.25, 15.625, 13.125, 15.75], "texture": "#mesh_atlas"},
				"west": {"uv": [4.875, 9.625, 5, 9.75], "texture": "#mesh_atlas"},
				"up": {"uv": [12.25, 16, 13.125, 15.875], "texture": "#mesh_atlas"},
				"down": {"uv": [13.125, 15.625, 14, 15.75], "texture": "#mesh_atlas"}
			}
		},
		{
			"name": "Voxels",
			"from": [8, -3.75, -0.75],
			"to": [9.75, -3.5, -0.5],
			"faces": {
				"north": {"uv": [14, 15.875, 13.125, 16], "texture": "#mesh_atlas"},
				"east": {"uv": [4.75, 0.375, 4.625, 0.5], "texture": "#mesh_atlas"},
				"south": {"uv": [13.125, 15.75, 14, 15.875], "texture": "#mesh_atlas"},
				"west": {"uv": [4.875, 10.125, 5, 10.25], "texture": "#mesh_atlas"},
				"up": {"uv": [12.25, 15.5, 13.125, 15.375], "texture": "#mesh_atlas"},
				"down": {"uv": [12.25, 15.5, 13.125, 15.625], "texture": "#mesh_atlas"}
			}
		},
		{
			"name": "Voxels",
			"from": [8, -3.5, -2.25],
			"to": [8.75, -3.25, -2],
			"faces": {
				"north": {"uv": [3, 0, 2.625, 0.125], "texture": "#mesh_atlas"},
				"east": {"uv": [4.75, 0, 4.625, 0.125], "texture": "#mesh_atlas"},
				"south": {"uv": [3.625, 0.375, 4, 0.5], "texture": "#mesh_atlas"},
				"west": {"uv": [4.625, 0.5, 4.75, 0.625], "texture": "#mesh_atlas"},
				"up": {"uv": [2.625, 0.25, 3, 0.125], "texture": "#mesh_atlas"},
				"down": {"uv": [2.25, 0.5, 2.625, 0.625], "texture": "#mesh_atlas"}
			}
		},
		{
			"name": "Voxels",
			"from": [8, -3.5, -1.25],
			"to": [8.75, -3.25, -1],
			"faces": {
				"north": {"uv": [4, 0, 3.625, 0.125], "texture": "#mesh_atlas"},
				"east": {"uv": [4.75, 1, 4.625, 1.125], "texture": "#mesh_atlas"},
				"south": {"uv": [15.625, 15.5, 16, 15.625], "texture": "#mesh_atlas"},
				"west": {"uv": [4.625, 0.875, 4.75, 1], "texture": "#mesh_atlas"},
				"up": {"uv": [3.625, 0.25, 4, 0.125], "texture": "#mesh_atlas"},
				"down": {"uv": [3.625, 0.25, 4, 0.375], "texture": "#mesh_atlas"}
			}
		},
		{
			"name": "Voxels",
			"from": [8.25, -14.25, -1.75],
			"to": [9.5, -4, -1.5],
			"faces": {
				"north": {"uv": [3.625, 5.75, 3, 10.875], "texture": "#mesh_atlas"},
				"east": {"uv": [4.875, 10.25, 4.75, 15.375], "texture": "#mesh_atlas"},
				"south": {"uv": [3, 10.875, 3.625, 16], "texture": "#mesh_atlas"},
				"west": {"uv": [4.75, 5.125, 4.875, 10.25], "texture": "#mesh_atlas"},
				"up": {"uv": [13.75, 15.375, 14.375, 15.25], "texture": "#mesh_atlas"},
				"down": {"uv": [3, 0.375, 3.625, 0.5], "texture": "#mesh_atlas"}
			}
		},
		{
			"name": "Voxels",
			"from": [8.25, -4, -2.5],
			"to": [9.5, -3.75, -2.25],
			"faces": {
				"north": {"uv": [3.625, 0, 3, 0.125], "texture": "#mesh_atlas"},
				"east": {"uv": [4.625, 0, 4.5, 0.125], "texture": "#mesh_atlas"},
				"south": {"uv": [5, 15.25, 5.625, 15.375], "texture": "#mesh_atlas"},
				"west": {"uv": [4.625, 1.125, 4.75, 1.25], "texture": "#mesh_atlas"},
				"up": {"uv": [3, 0.25, 3.625, 0.125], "texture": "#mesh_atlas"},
				"down": {"uv": [3, 0.25, 3.625, 0.375], "texture": "#mesh_atlas"}
			}
		},
		{
			"name": "Voxels",
			"from": [8.25, -4, -1],
			"to": [9.5, -3.75, -0.75],
			"faces": {
				"north": {"uv": [8.75, 15.25, 8.125, 15.375], "texture": "#mesh_atlas"},
				"east": {"uv": [4.625, 0.25, 4.5, 0.375], "texture": "#mesh_atlas"},
				"south": {"uv": [8.75, 15.25, 9.375, 15.375], "texture": "#mesh_atlas"},
				"west": {"uv": [4.5, 0.125, 4.625, 0.25], "texture": "#mesh_atlas"},
				"up": {"uv": [7.5, 15.375, 8.125, 15.25], "texture": "#mesh_atlas"},
				"down": {"uv": [6.875, 15.25, 7.5, 15.375], "texture": "#mesh_atlas"}
			}
		},
		{
			"name": "Voxels",
			"from": [8.25, -3.5, -2.5],
			"to": [9.5, -3.25, -2.25],
			"faces": {
				"north": {"uv": [11.875, 15.25, 11.25, 15.375], "texture": "#mesh_atlas"},
				"east": {"uv": [4.625, 0.625, 4.5, 0.75], "texture": "#mesh_atlas"},
				"south": {"uv": [11.875, 15.25, 12.5, 15.375], "texture": "#mesh_atlas"},
				"west": {"uv": [4.5, 0.5, 4.625, 0.625], "texture": "#mesh_atlas"},
				"up": {"uv": [10.625, 15.375, 11.25, 15.25], "texture": "#mesh_atlas"},
				"down": {"uv": [6.25, 15.125, 6.875, 15.25], "texture": "#mesh_atlas"}
			}
		},
		{
			"name": "Voxels",
			"from": [8.25, -3.5, -1.75],
			"to": [10, -3.25, -1.5],
			"faces": {
				"north": {"uv": [14.875, 15.875, 14, 16], "texture": "#mesh_atlas"},
				"east": {"uv": [4.625, 0.875, 4.5, 1], "texture": "#mesh_atlas"},
				"south": {"uv": [14, 15.75, 14.875, 15.875], "texture": "#mesh_atlas"},
				"west": {"uv": [4.5, 0.75, 4.625, 0.875], "texture": "#mesh_atlas"},
				"up": {"uv": [13.125, 15.5, 14, 15.375], "texture": "#mesh_atlas"},
				"down": {"uv": [13.125, 15.5, 14, 15.625], "texture": "#mesh_atlas"}
			}
		},
		{
			"name": "Voxels",
			"from": [8.25, -3.5, -1],
			"to": [9.5, -3.25, -0.75],
			"faces": {
				"north": {"uv": [10.625, 15.25, 10, 15.375], "texture": "#mesh_atlas"},
				"east": {"uv": [4.5, 0, 4.375, 0.125], "texture": "#mesh_atlas"},
				"south": {"uv": [9.375, 15.25, 10, 15.375], "texture": "#mesh_atlas"},
				"west": {"uv": [4, 0, 4.125, 0.125], "texture": "#mesh_atlas"},
				"up": {"uv": [7.5, 15.25, 8.125, 15.125], "texture": "#mesh_atlas"},
				"down": {"uv": [6.875, 15.125, 7.5, 15.25], "texture": "#mesh_atlas"}
			}
		},
		{
			"name": "Voxels",
			"from": [8.25, -3.25, -1.75],
			"to": [9.75, 27.75, -1.5],
			"faces": {
				"north": {"uv": [1.5, 0.5, 0.75, 16], "texture": "#mesh_atlas"},
				"east": {"uv": [4.125, 0.5, 4, 16], "texture": "#mesh_atlas"},
				"south": {"uv": [0, 0.5, 0.75, 16], "texture": "#mesh_atlas"},
				"west": {"uv": [4.125, 0.5, 4.25, 16], "texture": "#mesh_atlas"},
				"up": {"uv": [14.875, 15.5, 15.625, 15.375], "texture": "#mesh_atlas"},
				"down": {"uv": [14.875, 15.5, 15.625, 15.625], "texture": "#mesh_atlas"}
			}
		},
		{
			"name": "Voxels",
			"from": [8.5, -14.5, -2],
			"to": [9.25, -4, -1.75],
			"faces": {
				"north": {"uv": [4, 10.75, 3.625, 16], "texture": "#mesh_atlas"},
				"east": {"uv": [3.625, 0.5, 3.5, 5.75], "texture": "#mesh_atlas"},
				"south": {"uv": [3, 0.5, 3.375, 5.75], "texture": "#mesh_atlas"},
				"west": {"uv": [3.375, 0.5, 3.5, 5.75], "texture": "#mesh_atlas"},
				"up": {"uv": [2.25, 0.75, 2.625, 0.625], "texture": "#mesh_atlas"},
				"down": {"uv": [15.625, 15.375, 16, 15.5], "texture": "#mesh_atlas"}
			}
		},
		{
			"name": "Voxels",
			"from": [8.5, -14.5, -1.75],
			"to": [9.25, -14.25, -1.25],
			"faces": {
				"north": {"uv": [2.625, 0.375, 2.25, 0.5], "texture": "#mesh_atlas"},
				"east": {"uv": [1.25, 0, 1, 0.125], "texture": "#mesh_atlas"},
				"south": {"uv": [2.25, 0.25, 2.625, 0.375], "texture": "#mesh_atlas"},
				"west": {"uv": [0.75, 0, 1, 0.125], "texture": "#mesh_atlas"},
				"up": {"uv": [2.25, 1.25, 2.625, 1], "texture": "#mesh_atlas"},
				"down": {"uv": [2.25, 0.75, 2.625, 1], "texture": "#mesh_atlas"}
			}
		},
		{
			"name": "Voxels",
			"from": [8.5, -14.25, -1.5],
			"to": [9.25, -4, -1.25],
			"faces": {
				"north": {"uv": [4, 5.625, 3.625, 10.75], "texture": "#mesh_atlas"},
				"east": {"uv": [4.875, 0, 4.75, 5.125], "texture": "#mesh_atlas"},
				"south": {"uv": [3.625, 0.5, 4, 5.625], "texture": "#mesh_atlas"},
				"west": {"uv": [4.875, 10.25, 5, 15.375], "texture": "#mesh_atlas"},
				"up": {"uv": [2.25, 0.125, 2.625, 0], "texture": "#mesh_atlas"},
				"down": {"uv": [2.25, 0.125, 2.625, 0.25], "texture": "#mesh_atlas"}
			}
		},
		{
			"name": "Voxels",
			"from": [8.5, 27.75, -1.75],
			"to": [9.75, 28, -1.5],
			"faces": {
				"north": {"uv": [11.875, 15.125, 11.25, 15.25], "texture": "#mesh_atlas"},
				"east": {"uv": [4.75, 0.625, 4.625, 0.75], "texture": "#mesh_atlas"},
				"south": {"uv": [10.625, 15.125, 11.25, 15.25], "texture": "#mesh_atlas"},
				"west": {"uv": [4.625, 0.75, 4.75, 0.875], "texture": "#mesh_atlas"},
				"up": {"uv": [5.625, 15.375, 6.25, 15.25], "texture": "#mesh_atlas"},
				"down": {"uv": [6.25, 15.25, 6.875, 15.375], "texture": "#mesh_atlas"}
			}
		},
		{
			"name": "Voxels",
			"from": [8.75, -3.5, -2],
			"to": [10, -3.25, -1.75],
			"faces": {
				"north": {"uv": [15, 15.25, 14.375, 15.375], "texture": "#mesh_atlas"},
				"east": {"uv": [16, 15.625, 15.875, 15.75], "texture": "#mesh_atlas"},
				"south": {"uv": [8.125, 15.125, 8.75, 15.25], "texture": "#mesh_atlas"},
				"west": {"uv": [15.75, 15.625, 15.875, 15.75], "texture": "#mesh_atlas"},
				"up": {"uv": [15, 15.375, 15.625, 15.25], "texture": "#mesh_atlas"},
				"down": {"uv": [5, 15.125, 5.625, 15.25], "texture": "#mesh_atlas"}
			}
		},
		{
			"name": "Voxels",
			"from": [8.75, -3.5, -1.5],
			"to": [10, -3.25, -1.25],
			"faces": {
				"north": {"uv": [10.625, 15.125, 10, 15.25], "texture": "#mesh_atlas"},
				"east": {"uv": [5, 9.25, 4.875, 9.375], "texture": "#mesh_atlas"},
				"south": {"uv": [5.625, 15.125, 6.25, 15.25], "texture": "#mesh_atlas"},
				"west": {"uv": [4.875, 9.375, 5, 9.5], "texture": "#mesh_atlas"},
				"up": {"uv": [9.375, 15.25, 10, 15.125], "texture": "#mesh_atlas"},
				"down": {"uv": [8.75, 15.125, 9.375, 15.25], "texture": "#mesh_atlas"}
			}
		},
		{
			"name": "Voxels",
			"from": [8.75, -3.25, -2],
			"to": [9.5, 26.25, -1.75],
			"faces": {
				"north": {"uv": [1.875, 1.25, 1.5, 16], "texture": "#mesh_atlas"},
				"east": {"uv": [4.375, 1.25, 4.25, 16], "texture": "#mesh_atlas"},
				"south": {"uv": [2.25, 1.25, 2.625, 16], "texture": "#mesh_atlas"},
				"west": {"uv": [4.375, 1.25, 4.5, 16], "texture": "#mesh_atlas"},
				"up": {"uv": [2.625, 1.125, 3, 1], "texture": "#mesh_atlas"},
				"down": {"uv": [2.625, 1.125, 3, 1.25], "texture": "#mesh_atlas"}
			}
		},
		{
			"name": "Voxels",
			"from": [8.75, -3.25, -1.5],
			"to": [9.5, 26.25, -1.25],
			"faces": {
				"north": {"uv": [3, 1.25, 2.625, 16], "texture": "#mesh_atlas"},
				"east": {"uv": [4.625, 1.25, 4.5, 16], "texture": "#mesh_atlas"},
				"south": {"uv": [1.875, 1.25, 2.25, 16], "texture": "#mesh_atlas"},
				"west": {"uv": [4.625, 1.25, 4.75, 16], "texture": "#mesh_atlas"},
				"up": {"uv": [2.625, 0.875, 3, 0.75], "texture": "#mesh_atlas"},
				"down": {"uv": [2.625, 0.875, 3, 1], "texture": "#mesh_atlas"}
			}
		},
		{
			"name": "Voxels",
			"from": [8.75, 28, -1.75],
			"to": [9.75, 28.5, -1.5],
			"faces": {
				"north": {"uv": [0.5, 0, 0, 0.25], "texture": "#mesh_atlas"},
				"east": {"uv": [4.5, 0.375, 4.375, 0.625], "texture": "#mesh_atlas"},
				"south": {"uv": [0, 0.25, 0.5, 0.5], "texture": "#mesh_atlas"},
				"west": {"uv": [4.375, 0.625, 4.5, 0.875], "texture": "#mesh_atlas"},
				"up": {"uv": [12.375, 15.25, 12.875, 15.125], "texture": "#mesh_atlas"},
				"down": {"uv": [11.875, 15.125, 12.375, 15.25], "texture": "#mesh_atlas"}
			}
		},
		{
			"name": "Voxels",
			"from": [9, 26.25, -2],
			"to": [9.5, 27.5, -1.75],
			"faces": {
				"north": {"uv": [1.75, 0, 1.5, 0.625], "texture": "#mesh_atlas"},
				"east": {"uv": [2.25, 0.625, 2.125, 1.25], "texture": "#mesh_atlas"},
				"south": {"uv": [1.875, 0.625, 2.125, 1.25], "texture": "#mesh_atlas"},
				"west": {"uv": [1.75, 0.625, 1.875, 1.25], "texture": "#mesh_atlas"},
				"up": {"uv": [10.875, 15.75, 11.125, 15.625], "texture": "#mesh_atlas"},
				"down": {"uv": [0.5, 0.375, 0.75, 0.5], "texture": "#mesh_atlas"}
			}
		},
		{
			"name": "Voxels",
			"from": [9, 26.25, -1.5],
			"to": [9.5, 27.5, -1.25],
			"faces": {
				"north": {"uv": [2.125, 0, 1.875, 0.625], "texture": "#mesh_atlas"},
				"east": {"uv": [1.875, 0, 1.75, 0.625], "texture": "#mesh_atlas"},
				"south": {"uv": [1.5, 0.625, 1.75, 1.25], "texture": "#mesh_atlas"},
				"west": {"uv": [2.125, 0, 2.25, 0.625], "texture": "#mesh_atlas"},
				"up": {"uv": [0.5, 0.25, 0.75, 0.125], "texture": "#mesh_atlas"},
				"down": {"uv": [0.5, 0.25, 0.75, 0.375], "texture": "#mesh_atlas"}
			}
		},
		{
			"name": "Voxels",
			"from": [9, 28.5, -1.75],
			"to": [9.75, 28.75, -1.5],
			"faces": {
				"north": {"uv": [13.625, 15.125, 13.25, 15.25], "texture": "#mesh_atlas"},
				"east": {"uv": [4.75, 0.125, 4.625, 0.25], "texture": "#mesh_atlas"},
				"south": {"uv": [13.625, 15.125, 14, 15.25], "texture": "#mesh_atlas"},
				"west": {"uv": [4.625, 0.25, 4.75, 0.375], "texture": "#mesh_atlas"},
				"up": {"uv": [12.875, 15.25, 13.25, 15.125], "texture": "#mesh_atlas"},
				"down": {"uv": [15.625, 15.25, 16, 15.375], "texture": "#mesh_atlas"}
			}
		},
		{
			"name": "Voxels",
			"from": [9, 28.75, -1.75],
			"to": [9.5, 29, -1.5],
			"faces": {
				"north": {"uv": [1.5, 0, 1.25, 0.125], "texture": "#mesh_atlas"},
				"east": {"uv": [16, 15.875, 15.875, 16], "texture": "#mesh_atlas"},
				"south": {"uv": [12, 15.375, 12.25, 15.5], "texture": "#mesh_atlas"},
				"west": {"uv": [15.75, 15.875, 15.875, 16], "texture": "#mesh_atlas"},
				"up": {"uv": [12, 15.625, 12.25, 15.5], "texture": "#mesh_atlas"},
				"down": {"uv": [10.875, 15.375, 11.125, 15.5], "texture": "#mesh_atlas"}
			}
		},
		{
			"name": "Voxels",
			"from": [9.25, 27.5, -2],
			"to": [9.5, 28.25, -1.75],
			"faces": {
				"north": {"uv": [1.375, 0.125, 1.25, 0.5], "texture": "#mesh_atlas"},
				"east": {"uv": [4.25, 0.125, 4.125, 0.5], "texture": "#mesh_atlas"},
				"south": {"uv": [1.375, 0.125, 1.5, 0.5], "texture": "#mesh_atlas"},
				"west": {"uv": [4, 0.125, 4.125, 0.5], "texture": "#mesh_atlas"},
				"up": {"uv": [15.875, 15.875, 16, 15.75], "texture": "#mesh_atlas"},
				"down": {"uv": [15.75, 15.75, 15.875, 15.875], "texture": "#mesh_atlas"}
			}
		},
		{
			"name": "Voxels",
			"from": [9.25, 27.5, -1.5],
			"to": [9.5, 28.25, -1.25],
			"faces": {
				"north": {"uv": [4.375, 0.875, 4.25, 1.25], "texture": "#mesh_atlas"},
				"east": {"uv": [4.5, 0.875, 4.375, 1.25], "texture": "#mesh_atlas"},
				"south": {"uv": [4.25, 0.5, 4.375, 0.875], "texture": "#mesh_atlas"},
				"west": {"uv": [4.25, 0.125, 4.375, 0.5], "texture": "#mesh_atlas"},
				"up": {"uv": [4.875, 9.875, 5, 9.75], "texture": "#mesh_atlas"},
				"down": {"uv": [4.875, 9.875, 5, 10], "texture": "#mesh_atlas"}
			}
		},
		{
			"name": "Voxels",
			"from": [9.25, 29, -1.75],
			"to": [9.5, 29.25, -1.5],
			"faces": {
				"north": {"uv": [5, 8.875, 4.875, 9], "texture": "#mesh_atlas"},
				"east": {"uv": [5, 8.5, 4.875, 8.625], "texture": "#mesh_atlas"},
				"south": {"uv": [4.875, 8.75, 5, 8.875], "texture": "#mesh_atlas"},
				"west": {"uv": [4.875, 8.625, 5, 8.75], "texture": "#mesh_atlas"},
				"up": {"uv": [4.875, 9.125, 5, 9], "texture": "#mesh_atlas"},
				"down": {"uv": [4.875, 9.125, 5, 9.25], "texture": "#mesh_atlas"}
			}
		},
		{
			"name": "Voxels",
			"from": [9.5, -3.5, -2.25],
			"to": [9.75, -3.25, -2],
			"faces": {
				"north": {"uv": [5, 8.125, 4.875, 8.25], "texture": "#mesh_atlas"},
				"east": {"uv": [5, 7.75, 4.875, 7.875], "texture": "#mesh_atlas"},
				"south": {"uv": [4.875, 8, 5, 8.125], "texture": "#mesh_atlas"},
				"west": {"uv": [4.875, 7.875, 5, 8], "texture": "#mesh_atlas"},
				"up": {"uv": [4.875, 8.375, 5, 8.25], "texture": "#mesh_atlas"},
				"down": {"uv": [4.875, 8.375, 5, 8.5], "texture": "#mesh_atlas"}
			}
		},
		{
			"name": "Voxels",
			"from": [9.5, -3.5, -1.25],
			"to": [9.75, -3.25, -1],
			"faces": {
				"north": {"uv": [5, 7.375, 4.875, 7.5], "texture": "#mesh_atlas"},
				"east": {"uv": [5, 7, 4.875, 7.125], "texture": "#mesh_atlas"},
				"south": {"uv": [4.875, 7.25, 5, 7.375], "texture": "#mesh_atlas"},
				"west": {"uv": [4.875, 7.125, 5, 7.25], "texture": "#mesh_atlas"},
				"up": {"uv": [4.875, 7.625, 5, 7.5], "texture": "#mesh_atlas"},
				"down": {"uv": [4.875, 7.625, 5, 7.75], "texture": "#mesh_atlas"}
			}
		},
		{
			"name": "Voxels",
			"from": [10, -4, -1.75],
			"to": [10.25, -3.75, -1.5],
			"faces": {
				"north": {"uv": [5, 6.625, 4.875, 6.75], "texture": "#mesh_atlas"},
				"east": {"uv": [5, 6.25, 4.875, 6.375], "texture": "#mesh_atlas"},
				"south": {"uv": [4.875, 6.5, 5, 6.625], "texture": "#mesh_atlas"},
				"west": {"uv": [4.875, 6.375, 5, 6.5], "texture": "#mesh_atlas"},
				"up": {"uv": [4.875, 6.875, 5, 6.75], "texture": "#mesh_atlas"},
				"down": {"uv": [4.875, 6.875, 5, 7], "texture": "#mesh_atlas"}
			}
		}
	],
	"display": {
		"thirdperson_righthand": {
			"rotation": [0.6, -87, 0],
			"translation": [-9.68, 13.573, 0.3926],
			"scale": [0.97, 1.07, 0.99]
		},
		"thirdperson_lefthand": {
			"rotation": [0.6, -87, 0],
			"translation": [-10.43, 11.823, 1.3926],
			"scale": [0.8, 0.9, 1]
		},
		"firstperson_righthand": {
			"rotation": [-32, 0, 140],
			"translation": [-63, -36.5, -28],
			"scale": [2.88, 1.76, 0.7565]
		},
		"firstperson_lefthand": {
			"rotation": [3, -31, 5],
			"translation": [12.52, 3.4782, -11.81],
			"scale": [1.3478, 1.1043, 0.7565]
		},
		"gui": {
			"rotation": [4, -180, 34],
			"translation": [0.3919, -1.89, -11.82],
			"scale": [0.79, 0.4173, -2.434]
		}
	}
}