{"textures":{"0":"modelengine:entity/lich_king"},"elements":[{"from":[21.0,7.815544,-1.3130627],"to":[21.0,10.815544,7.686938],"faces":{"east":{"uv":[9.875,4.1875,9.3125,4.375],"tintindex":0,"rotation":0,"texture":"#0"},"west":{"uv":[9.3125,4.1875,9.875,4.375],"tintindex":0,"rotation":0,"texture":"#0"}}},{"from":[-3.0,11.815544,7.6859374],"to":[7.0,14.815544,7.6859374],"faces":{"south":{"uv":[9.75,5.3125,9.125,5.5],"tintindex":0,"rotation":0,"texture":"#0"},"north":{"uv":[9.125,5.3125,9.75,5.5],"tintindex":0,"rotation":0,"texture":"#0"}}},{"from":[-3.0,11.815544,-0.31306267],"to":[7.0,14.815544,-0.31306267],"faces":{"south":{"uv":[9.75,5.3125,9.125,5.5],"tintindex":0,"rotation":0,"texture":"#0"},"north":{"uv":[9.125,5.3125,9.75,5.5],"tintindex":0,"rotation":0,"texture":"#0"}}},{"from":[9.0,7.815544,7.6859374],"to":[21.0,10.815544,7.6859374],"faces":{"south":{"uv":[8.75,2.4375,9.5,2.625],"tintindex":0,"rotation":0,"texture":"#0"},"north":{"uv":[9.5,2.4375,8.75,2.625],"tintindex":0,"rotation":0,"texture":"#0"}}},{"from":[-5.0,7.815544,7.6859374],"to":[7.0,10.815544,7.6859374],"faces":{"south":{"uv":[9.5,2.4375,8.75,2.625],"tintindex":0,"rotation":0,"texture":"#0"},"north":{"uv":[8.75,2.4375,9.5,2.625],"tintindex":0,"rotation":0,"texture":"#0"}}},{"from":[-3.0,11.815544,-0.31306267],"to":[-3.0,14.815544,7.686938],"faces":{"east":{"uv":[10.1875,8.0625,9.6875,8.25],"tintindex":0,"rotation":0,"texture":"#0"},"west":{"uv":[9.6875,8.0625,10.1875,8.25],"tintindex":0,"rotation":0,"texture":"#0"}}},{"from":[6.0,14.897934,5.0738115],"to":[10.0,18.897934,9.073812],"faces":{"east":{"uv":[7.125,5.875,7.375,6.125],"tintindex":0,"rotation":0,"texture":"#0"},"south":{"uv":[0.625,9.875,0.875,10.125],"tintindex":0,"rotation":0,"texture":"#0"},"north":{"uv":[7.0625,1.875,7.3125,2.125],"tintindex":0,"rotation":0,"texture":"#0"},"west":{"uv":[6.75,9.9375,7.0,10.1875],"tintindex":0,"rotation":0,"texture":"#0"},"up":{"uv":[9.625,10.1875,9.375,9.9375],"tintindex":0,"rotation":0,"texture":"#0"},"down":{"uv":[10.25,0.625,10.0,0.875],"tintindex":0,"rotation":0,"texture":"#0"}},"rotation":{"origin":[8.0,16.897934,7.0738115],"angle":-22.5,"axis":"x"}},{"from":[9.0,11.815544,7.6859374],"to":[19.0,14.815544,7.6859374],"faces":{"south":{"uv":[9.125,5.3125,9.75,5.5],"tintindex":0,"rotation":0,"texture":"#0"},"north":{"uv":[9.75,5.3125,9.125,5.5],"tintindex":0,"rotation":0,"texture":"#0"}}},{"from":[-5.0,7.815544,-1.3130627],"to":[7.0,10.815544,-1.3130627],"faces":{"south":{"uv":[9.5,2.4375,8.75,2.625],"tintindex":0,"rotation":0,"texture":"#0"},"north":{"uv":[8.75,2.4375,9.5,2.625],"tintindex":0,"rotation":0,"texture":"#0"}}},{"from":[6.0125,7.815544,5.686938],"to":[9.9875,15.815544,9.686937],"faces":{"east":{"uv":[2.0625,8.9375,2.3125,9.4375],"tintindex":0,"rotation":0,"texture":"#0"},"south":{"uv":[3.625,8.9375,3.875,9.4375],"tintindex":0,"rotation":0,"texture":"#0"},"north":{"uv":[0.8125,8.9375,1.0625,9.4375],"tintindex":0,"rotation":0,"texture":"#0"},"west":{"uv":[4.875,8.9375,5.125,9.4375],"tintindex":0,"rotation":0,"texture":"#0"},"up":{"uv":[10.25,1.75,10.0,1.5],"tintindex":0,"rotation":0,"texture":"#0"},"down":{"uv":[10.25,2.25,10.0,2.5],"tintindex":0,"rotation":0,"texture":"#0"}}},{"from":[-5.0,7.815544,-1.3130627],"to":[-5.0,10.815544,7.686938],"faces":{"east":{"uv":[9.875,4.1875,9.3125,4.375],"tintindex":0,"rotation":0,"texture":"#0"},"west":{"uv":[9.3125,4.1875,9.875,4.375],"tintindex":0,"rotation":0,"texture":"#0"}}},{"from":[9.0,7.815544,-1.3130627],"to":[21.0,10.815544,-1.3130627],"faces":{"south":{"uv":[8.75,2.4375,9.5,2.625],"tintindex":0,"rotation":0,"texture":"#0"},"north":{"uv":[9.5,2.4375,8.75,2.625],"tintindex":0,"rotation":0,"texture":"#0"}}},{"from":[9.0,11.815544,-0.31306267],"to":[19.0,14.815544,-0.31306267],"faces":{"south":{"uv":[9.125,5.3125,9.75,5.5],"tintindex":0,"rotation":0,"texture":"#0"},"north":{"uv":[9.75,5.3125,9.125,5.5],"tintindex":0,"rotation":0,"texture":"#0"}}},{"from":[19.0,11.815544,-0.31306267],"to":[19.0,14.815544,7.686938],"faces":{"east":{"uv":[10.1875,8.0625,9.6875,8.25],"tintindex":0,"rotation":0,"texture":"#0"},"west":{"uv":[9.6875,8.0625,10.1875,8.25],"tintindex":0,"rotation":0,"texture":"#0"}}}],"display":{"gui":{"rotation":[30,225,0]}}}