{"textures":{"0":"modelengine:entity/lich_king"},"elements":[{"from":[0.7272725,21.24496,3.7110143],"to":[0.7272725,27.24496,6.7110147],"faces":{"east":{"uv":[2.8125,9.8125,2.625,10.1875],"tintindex":0,"rotation":0,"texture":"#0"},"west":{"uv":[2.625,9.8125,2.8125,10.1875],"tintindex":0,"rotation":0,"texture":"#0"}}},{"from":[-2.9661636,13.703762,1.7110147],"to":[3.0338354,18.703762,6.7110147],"faces":{"east":{"uv":[3.125,9.3125,3.4375,9.625],"tintindex":0,"rotation":0,"texture":"#0"},"south":{"uv":[0.375,9.0,0.0,9.3125],"tintindex":0,"rotation":0,"texture":"#0"},"north":{"uv":[0.0,9.0,0.375,9.3125],"tintindex":0,"rotation":0,"texture":"#0"},"west":{"uv":[9.375,6.0625,9.6875,6.375],"tintindex":0,"rotation":0,"texture":"#0"},"up":{"uv":[9.4375,3.5,9.0625,3.1875],"tintindex":0,"rotation":0,"texture":"#0"},"down":{"uv":[9.5,0.75,9.125,1.0625],"tintindex":0,"rotation":0,"texture":"#0"}},"rotation":{"origin":[0.03383541,16.203762,4.2110147],"angle":22.5,"axis":"z"}},{"from":[9.727273,11.244961,-2.2889853],"to":[11.727273,13.244961,-2.2889853],"faces":{"south":{"uv":[10.25,7.1875,10.375,7.3125],"tintindex":0,"rotation":0,"texture":"#0"},"north":{"uv":[7.1875,10.25,7.3125,10.375],"tintindex":0,"rotation":0,"texture":"#0"}}},{"from":[11.727273,21.24496,-3.2889853],"to":[14.727272,27.24496,-3.2889853],"faces":{"south":{"uv":[2.125,4.0625,2.3125,4.4375],"tintindex":0,"rotation":0,"texture":"#0"},"north":{"uv":[2.3125,4.0625,2.125,4.4375],"tintindex":0,"rotation":0,"texture":"#0"}}},{"from":[-6.8530235,15.272556,2.2110147],"to":[-0.8530235,19.272556,6.2110147],"faces":{"east":{"uv":[10.0,2.5625,10.25,2.8125],"tintindex":0,"rotation":0,"texture":"#0"},"south":{"uv":[3.0,9.5,2.625,9.75],"tintindex":0,"rotation":0,"texture":"#0"},"north":{"uv":[2.625,9.5,3.0,9.75],"tintindex":0,"rotation":0,"texture":"#0"},"west":{"uv":[2.875,10.0,3.125,10.25],"tintindex":0,"rotation":0,"texture":"#0"},"up":{"uv":[7.625,9.75,7.25,9.5],"tintindex":0,"rotation":0,"texture":"#0"},"down":{"uv":[8.625,9.5,8.25,9.75],"tintindex":0,"rotation":0,"texture":"#0"}},"rotation":{"origin":[-3.8530235,17.272556,4.2110147],"angle":-22.5,"axis":"z"}},{"from":[4.727273,21.24496,-3.2889853],"to":[10.727273,31.24496,-3.2889853],"faces":{"south":{"uv":[8.375,5.8125,8.0,6.4375],"tintindex":0,"rotation":0,"texture":"#0"},"north":{"uv":[8.0,5.8125,8.375,6.4375],"tintindex":0,"rotation":0,"texture":"#0"}}},{"from":[1.7272725,13.244961,-2.2889853],"to":[13.727272,22.24496,9.711015],"faces":{"east":{"uv":[2.9375,5.4375,3.6875,6.0],"tintindex":0,"rotation":0,"texture":"#0"},"south":{"uv":[5.4375,3.125,6.1875,3.6875],"tintindex":0,"rotation":0,"texture":"#0"},"north":{"uv":[4.625,1.625,5.375,2.1875],"tintindex":0,"rotation":0,"texture":"#0"},"west":{"uv":[5.4375,4.75,6.1875,5.3125],"tintindex":0,"rotation":0,"texture":"#0"},"up":{"uv":[5.375,0.75,4.625,0.0],"tintindex":0,"rotation":0,"texture":"#0"},"down":{"uv":[1.25,4.625,0.5,5.375],"tintindex":0,"rotation":0,"texture":"#0"}}},{"from":[-10.921116,19.976734,3.2110147],"to":[-4.921115,21.976734,5.2110147],"faces":{"east":{"uv":[7.375,10.25,7.5,10.375],"tintindex":0,"rotation":0,"texture":"#0"},"south":{"uv":[8.0625,1.6875,7.6875,1.8125],"tintindex":0,"rotation":0,"texture":"#0"},"north":{"uv":[7.6875,1.6875,8.0625,1.8125],"tintindex":0,"rotation":0,"texture":"#0"},"west":{"uv":[10.25,7.375,10.375,7.5],"tintindex":0,"rotation":0,"texture":"#0"},"up":{"uv":[10.3125,6.9375,9.9375,6.8125],"tintindex":0,"rotation":0,"texture":"#0"},"down":{"uv":[10.4375,1.3125,10.0625,1.4375],"tintindex":0,"rotation":0,"texture":"#0"}},"rotation":{"origin":[-7.921115,20.976734,4.2110147],"angle":-45.0,"axis":"z"}},{"from":[20.37566,19.976734,3.2110147],"to":[26.37566,21.976734,5.2110147],"faces":{"east":{"uv":[10.375,7.375,10.25,7.5],"tintindex":0,"rotation":0,"texture":"#0"},"south":{"uv":[7.6875,1.6875,8.0625,1.8125],"tintindex":0,"rotation":0,"texture":"#0"},"north":{"uv":[8.0625,1.6875,7.6875,1.8125],"tintindex":0,"rotation":0,"texture":"#0"},"west":{"uv":[7.5,10.25,7.375,10.375],"tintindex":0,"rotation":0,"texture":"#0"},"up":{"uv":[9.9375,6.9375,10.3125,6.8125],"tintindex":0,"rotation":0,"texture":"#0"},"down":{"uv":[10.0625,1.3125,10.4375,1.4375],"tintindex":0,"rotation":0,"texture":"#0"}},"rotation":{"origin":[23.37566,20.976734,4.2110147],"angle":45.0,"axis":"z"}},{"from":[0.7272725,18.24496,-3.2889853],"to":[14.727272,21.24496,10.711015],"faces":{"east":{"uv":[8.4375,7.25,9.3125,7.4375],"tintindex":0,"rotation":0,"texture":"#0"},"south":{"uv":[8.4375,7.5,9.3125,7.6875],"tintindex":0,"rotation":0,"texture":"#0"},"north":{"uv":[8.4375,6.25,9.3125,6.4375],"tintindex":0,"rotation":0,"texture":"#0"},"west":{"uv":[8.4375,7.75,9.3125,7.9375],"tintindex":0,"rotation":0,"texture":"#0"},"up":{"uv":[5.375,4.0,4.5,3.125],"tintindex":0,"rotation":0,"texture":"#0"},"down":{"uv":[4.25,4.5,3.375,5.375],"tintindex":0,"rotation":0,"texture":"#0"}}},{"from":[14.727272,21.24496,-3.2889853],"to":[14.727272,27.24496,-0.28898525],"faces":{"east":{"uv":[6.1875,9.75,6.0,10.125],"tintindex":0,"rotation":0,"texture":"#0"},"west":{"uv":[6.0,9.75,6.1875,10.125],"tintindex":0,"rotation":0,"texture":"#0"}}},{"from":[3.7272725,11.244961,-2.2889853],"to":[5.727273,13.244961,-2.2889853],"faces":{"south":{"uv":[10.25,7.0,10.375,7.125],"tintindex":0,"rotation":0,"texture":"#0"},"north":{"uv":[6.75,10.25,6.875,10.375],"tintindex":0,"rotation":0,"texture":"#0"}}},{"from":[0.7272725,21.24496,-3.2889853],"to":[0.7272725,27.24496,-0.28898525],"faces":{"east":{"uv":[6.1875,9.75,6.0,10.125],"tintindex":0,"rotation":0,"texture":"#0"},"west":{"uv":[6.0,9.75,6.1875,10.125],"tintindex":0,"rotation":0,"texture":"#0"}}},{"from":[16.30757,15.272556,2.2110147],"to":[22.30757,19.272556,6.2110147],"faces":{"east":{"uv":[3.125,10.0,2.875,10.25],"tintindex":0,"rotation":0,"texture":"#0"},"south":{"uv":[2.625,9.5,3.0,9.75],"tintindex":0,"rotation":0,"texture":"#0"},"north":{"uv":[3.0,9.5,2.625,9.75],"tintindex":0,"rotation":0,"texture":"#0"},"west":{"uv":[10.25,2.5625,10.0,2.8125],"tintindex":0,"rotation":0,"texture":"#0"},"up":{"uv":[7.25,9.75,7.625,9.5],"tintindex":0,"rotation":0,"texture":"#0"},"down":{"uv":[8.25,9.5,8.625,9.75],"tintindex":0,"rotation":0,"texture":"#0"}},"rotation":{"origin":[19.30757,17.272556,4.2110147],"angle":22.5,"axis":"z"}},{"from":[14.727272,21.24496,3.7110143],"to":[14.727272,27.24496,6.7110147],"faces":{"east":{"uv":[2.8125,9.8125,2.625,10.1875],"tintindex":0,"rotation":0,"texture":"#0"},"west":{"uv":[2.625,9.8125,2.8125,10.1875],"tintindex":0,"rotation":0,"texture":"#0"}}},{"from":[12.42071,13.703762,1.7110147],"to":[18.42071,18.703762,6.7110147],"faces":{"east":{"uv":[9.6875,6.0625,9.375,6.375],"tintindex":0,"rotation":0,"texture":"#0"},"south":{"uv":[0.0,9.0,0.375,9.3125],"tintindex":0,"rotation":0,"texture":"#0"},"north":{"uv":[0.375,9.0,0.0,9.3125],"tintindex":0,"rotation":0,"texture":"#0"},"west":{"uv":[3.4375,9.3125,3.125,9.625],"tintindex":0,"rotation":0,"texture":"#0"},"up":{"uv":[9.0625,3.5,9.4375,3.1875],"tintindex":0,"rotation":0,"texture":"#0"},"down":{"uv":[9.125,0.75,9.5,1.0625],"tintindex":0,"rotation":0,"texture":"#0"}},"rotation":{"origin":[15.42071,16.203762,4.2110147],"angle":-22.5,"axis":"z"}},{"from":[0.7272725,21.24496,-3.2889853],"to":[3.7272725,27.24496,-3.2889853],"faces":{"south":{"uv":[2.3125,4.0625,2.125,4.4375],"tintindex":0,"rotation":0,"texture":"#0"},"north":{"uv":[2.125,4.0625,2.3125,4.4375],"tintindex":0,"rotation":0,"texture":"#0"}}}],"display":{"gui":{"rotation":[30,225,0]}}}