{"textures":{"0":"modelengine:entity/lich_king"},"elements":[{"from":[2.0,4.1056747,-2.9869623],"to":[4.0,6.1056747,-2.9869623],"faces":{"south":{"uv":[9.1875,6.0625,9.3125,6.1875],"tintindex":0,"rotation":0,"texture":"#0"},"north":{"uv":[1.5625,8.8125,1.6875,8.9375],"tintindex":0,"rotation":0,"texture":"#0"}},"rotation":{"origin":[3.0,5.1056747,-2.9869623],"angle":-22.5,"axis":"x"}},{"from":[12.0,4.1056747,-2.9869623],"to":[14.0,6.1056747,-2.9869623],"faces":{"south":{"uv":[8.4375,0.75,8.5625,0.875],"tintindex":0,"rotation":0,"texture":"#0"},"north":{"uv":[3.9375,8.375,4.0625,8.5],"tintindex":0,"rotation":0,"texture":"#0"}},"rotation":{"origin":[13.0,5.1056747,-2.9869623],"angle":-22.5,"axis":"x"}},{"from":[14.0,4.4883575,-3.0630827],"to":[14.0,6.4883575,-1.0630827],"faces":{"east":{"uv":[6.5625,10.25,6.6875,10.375],"tintindex":0,"rotation":0,"texture":"#0"},"west":{"uv":[10.25,6.625,10.375,6.75],"tintindex":0,"rotation":0,"texture":"#0"}},"rotation":{"origin":[14.0,5.4883575,-2.0630827],"angle":-22.5,"axis":"x"}},{"from":[2.0,4.4883575,-3.0630827],"to":[2.0,6.4883575,-1.0630827],"faces":{"east":{"uv":[10.375,6.625,10.25,6.75],"tintindex":0,"rotation":0,"texture":"#0"},"west":{"uv":[6.6875,10.25,6.5625,10.375],"tintindex":0,"rotation":0,"texture":"#0"}},"rotation":{"origin":[2.0,5.4883575,-2.0630827],"angle":-22.5,"axis":"x"}},{"from":[6.5,4.1056747,-2.9869623],"to":[9.5,6.1056747,-2.9869623],"faces":{"south":{"uv":[4.875,8.75,5.0625,8.875],"tintindex":0,"rotation":0,"texture":"#0"},"north":{"uv":[7.625,5.1875,7.8125,5.3125],"tintindex":0,"rotation":0,"texture":"#0"}},"rotation":{"origin":[8.0,5.1056747,-2.9869623],"angle":-22.5,"axis":"x"}},{"from":[2.0,0.70625305,-1.9129505],"to":[14.0,6.706253,10.0870495],"faces":{"east":{"uv":[2.875,7.3125,3.625,7.6875],"tintindex":0,"rotation":0,"texture":"#0"},"south":{"uv":[0.5,7.375,1.25,7.75],"tintindex":0,"rotation":0,"texture":"#0"},"north":{"uv":[2.0625,7.3125,2.8125,7.6875],"tintindex":0,"rotation":0,"texture":"#0"},"west":{"uv":[7.4375,1.875,8.1875,2.25],"tintindex":0,"rotation":0,"texture":"#0"},"up":{"uv":[5.375,1.5625,4.625,0.8125],"tintindex":0,"rotation":0,"texture":"#0"},"down":{"uv":[2.0625,4.625,1.3125,5.375],"tintindex":0,"rotation":0,"texture":"#0"}},"rotation":{"origin":[8.0,3.706253,4.0870495],"angle":-22.5,"axis":"x"}}],"display":{"gui":{"rotation":[30,225,0]}}}