{"textures":{"0":"modelengine:entity/lich_king"},"elements":[{"from":[3.583332,-10.416668,3.5020838],"to":[12.583333,-8.416668,12.502083],"faces":{"east":{"uv":[10.4375,9.6875,9.875,9.8125],"tintindex":0,"rotation":0,"texture":"#0"},"south":{"uv":[10.4375,9.5,9.875,9.625],"tintindex":0,"rotation":0,"texture":"#0"},"north":{"uv":[10.4375,9.5,9.875,9.625],"tintindex":0,"rotation":0,"texture":"#0"},"west":{"uv":[10.4375,9.6875,9.875,9.8125],"tintindex":0,"rotation":0,"texture":"#0"},"up":{"uv":[7.0625,1.1875,7.625,0.625],"tintindex":0,"rotation":0,"texture":"#0"},"down":{"uv":[7.0625,1.1875,7.625,0.625],"tintindex":0,"rotation":0,"texture":"#0"}}},{"from":[4.583332,-8.916668,4.502084],"to":[11.583332,0.08333206,11.502083],"faces":{"east":{"uv":[8.3125,5.1875,7.875,5.75],"tintindex":0,"rotation":0,"texture":"#0"},"south":{"uv":[0.5,7.8125,0.9375,8.375],"tintindex":0,"rotation":0,"texture":"#0"},"north":{"uv":[0.9375,7.8125,0.5,8.375],"tintindex":0,"rotation":0,"texture":"#0"},"west":{"uv":[8.3125,5.1875,7.875,5.75],"tintindex":0,"rotation":0,"texture":"#0"},"up":{"uv":[8.25,3.875,8.6875,3.4375],"tintindex":0,"rotation":0,"texture":"#0"},"down":{"uv":[1.25,8.3125,1.6875,8.75],"tintindex":0,"rotation":0,"texture":"#0"}}},{"from":[5.583332,-9.916668,5.5270834],"to":[10.583332,8.083332,10.452084],"faces":{"east":{"uv":[6.3125,6.25,6.0,7.375],"tintindex":0,"rotation":0,"texture":"#0"},"south":{"uv":[5.9375,6.25,5.625,7.375],"tintindex":0,"rotation":0,"texture":"#0"},"north":{"uv":[6.5625,0.0,6.25,1.125],"tintindex":0,"rotation":0,"texture":"#0"},"west":{"uv":[5.5625,6.25,5.25,7.375],"tintindex":0,"rotation":0,"texture":"#0"},"up":{"uv":[9.4375,4.75,9.75,4.4375],"tintindex":0,"rotation":0,"texture":"#0"},"down":{"uv":[9.4375,4.8125,9.75,5.125],"tintindex":0,"rotation":0,"texture":"#0"}}},{"from":[3.583332,-0.41666794,3.5020838],"to":[12.583333,1.5833321,12.502083],"faces":{"east":{"uv":[10.4375,9.6875,9.875,9.8125],"tintindex":0,"rotation":0,"texture":"#0"},"south":{"uv":[10.4375,9.5,9.875,9.625],"tintindex":0,"rotation":0,"texture":"#0"},"north":{"uv":[10.4375,9.5,9.875,9.625],"tintindex":0,"rotation":0,"texture":"#0"},"west":{"uv":[10.4375,9.6875,9.875,9.8125],"tintindex":0,"rotation":0,"texture":"#0"},"up":{"uv":[7.0625,1.1875,7.625,0.625],"tintindex":0,"rotation":0,"texture":"#0"},"down":{"uv":[7.0625,1.1875,7.625,0.625],"tintindex":0,"rotation":0,"texture":"#0"}}},{"from":[-1.4166679,-8.416668,8.002083],"to":[4.583332,-0.41666794,8.002083],"faces":{"south":{"uv":[3.5,8.375,3.875,8.875],"tintindex":0,"rotation":0,"texture":"#0"},"north":{"uv":[3.875,8.375,3.5,8.875],"tintindex":0,"rotation":0,"texture":"#0"}}}],"display":{"gui":{"rotation":[30,225,0]}}}