{"textures":{"0":"modelengine:entity/lich_king"},"elements":[{"from":[4.5,2.25,4.5],"to":[11.5,8.25,11.5],"faces":{"east":{"uv":[9.125,0.0,8.6875,0.375],"tintindex":0,"rotation":0,"texture":"#0"},"south":{"uv":[9.0625,0.75,8.625,1.125],"tintindex":0,"rotation":0,"texture":"#0"},"north":{"uv":[4.375,8.5625,3.9375,8.9375],"tintindex":0,"rotation":0,"texture":"#0"},"west":{"uv":[7.8125,8.5625,7.375,8.9375],"tintindex":0,"rotation":0,"texture":"#0"},"up":{"uv":[2.5,8.8125,2.9375,8.375],"tintindex":0,"rotation":0,"texture":"#0"},"down":{"uv":[3.0,8.375,3.4375,8.8125],"tintindex":0,"rotation":0,"texture":"#0"}}}],"display":{"gui":{"rotation":[30,225,0]}}}