{"textures":{"0":"modelengine:entity/lich_king"},"elements":[{"from":[7.0,-9.9,7.0],"to":[9.0,-8.9,9.0],"faces":{"east":{"uv":[9.875,10.25,10.0,10.3125],"tintindex":0,"rotation":0,"texture":"#0"},"south":{"uv":[10.0625,10.25,10.1875,10.3125],"tintindex":0,"rotation":0,"texture":"#0"},"north":{"uv":[10.25,8.6875,10.375,8.75],"tintindex":0,"rotation":0,"texture":"#0"},"west":{"uv":[10.25,10.0625,10.375,10.125],"tintindex":0,"rotation":0,"texture":"#0"},"up":{"uv":[8.75,10.375,8.625,10.25],"tintindex":0,"rotation":0,"texture":"#0"},"down":{"uv":[8.9375,10.25,8.8125,10.375],"tintindex":0,"rotation":0,"texture":"#0"}}},{"from":[5.5,-10.9,8.0],"to":[10.5,8.099998,8.0],"faces":{"south":{"uv":[3.25,6.0625,2.9375,7.25],"tintindex":0,"rotation":0,"texture":"#0"},"north":{"uv":[2.9375,6.0625,3.25,7.25],"tintindex":0,"rotation":0,"texture":"#0"}}},{"from":[7.0,-12.9,6.0],"to":[9.0,-8.9,7.0],"faces":{"east":{"uv":[7.5625,10.25,7.625,10.5],"tintindex":0,"rotation":0,"texture":"#0"},"south":{"uv":[6.1875,10.25,6.3125,10.5],"tintindex":0,"rotation":0,"texture":"#0"},"north":{"uv":[10.25,6.0,10.375,6.25],"tintindex":0,"rotation":0,"texture":"#0"},"west":{"uv":[9.0,10.25,9.0625,10.5],"tintindex":0,"rotation":0,"texture":"#0"},"up":{"uv":[10.4375,0.8125,10.3125,0.75],"tintindex":0,"rotation":0,"texture":"#0"},"down":{"uv":[10.4375,0.875,10.3125,0.9375],"tintindex":0,"rotation":0,"texture":"#0"}}},{"from":[7.0,-12.9,7.0],"to":[9.0,-11.9,9.0],"faces":{"east":{"uv":[9.375,9.8125,9.5,9.875],"tintindex":0,"rotation":0,"texture":"#0"},"south":{"uv":[10.0625,3.3125,10.1875,3.375],"tintindex":0,"rotation":0,"texture":"#0"},"north":{"uv":[9.6875,3.4375,9.8125,3.5],"tintindex":0,"rotation":0,"texture":"#0"},"west":{"uv":[10.25,3.3125,10.375,3.375],"tintindex":0,"rotation":0,"texture":"#0"},"up":{"uv":[8.5625,10.375,8.4375,10.25],"tintindex":0,"rotation":0,"texture":"#0"},"down":{"uv":[10.375,8.5,10.25,8.625],"tintindex":0,"rotation":0,"texture":"#0"}}},{"from":[7.0,-12.9,9.0],"to":[9.0,-8.9,10.0],"faces":{"east":{"uv":[1.625,10.25,1.6875,10.5],"tintindex":0,"rotation":0,"texture":"#0"},"south":{"uv":[10.25,5.6875,10.375,5.9375],"tintindex":0,"rotation":0,"texture":"#0"},"north":{"uv":[4.5625,10.25,4.6875,10.5],"tintindex":0,"rotation":0,"texture":"#0"},"west":{"uv":[6.9375,10.25,7.0,10.5],"tintindex":0,"rotation":0,"texture":"#0"},"up":{"uv":[10.375,10.25,10.25,10.1875],"tintindex":0,"rotation":0,"texture":"#0"},"down":{"uv":[10.4375,0.625,10.3125,0.6875],"tintindex":0,"rotation":0,"texture":"#0"}}}],"display":{"gui":{"rotation":[30,225,0]}}}