{"textures":{"0":"modelengine:entity/lich_king"},"elements":[{"from":[6.8342595,8.740687,2.1422448],"to":[9.167593,10.740688,5.4755774],"faces":{"east":{"uv":[8.0,0.0,8.625,0.375],"tintindex":0,"rotation":0,"texture":"#0"},"south":{"uv":[6.0625,8.6875,6.5,9.0625],"tintindex":0,"rotation":0,"texture":"#0"},"north":{"uv":[5.5625,8.6875,6.0,9.0625],"tintindex":0,"rotation":0,"texture":"#0"},"west":{"uv":[8.625,0.0,8.0,0.375],"tintindex":0,"rotation":0,"texture":"#0"},"up":{"uv":[7.9375,6.5,7.5,5.875],"tintindex":0,"rotation":0,"texture":"#0"},"down":{"uv":[7.9375,6.5625,7.5,7.1875],"tintindex":0,"rotation":0,"texture":"#0"}},"rotation":{"origin":[8.000926,9.740687,3.8089113],"angle":22.5,"axis":"x"}},{"from":[6.8425927,7.787947,1.8864288],"to":[9.142592,9.454614,3.5530953],"faces":{"east":{"uv":[1.875,9.5,2.1875,9.8125],"tintindex":0,"rotation":0,"texture":"#0"},"south":{"uv":[8.8125,6.8125,9.25,7.125],"tintindex":0,"rotation":0,"texture":"#0"},"north":{"uv":[8.75,3.5625,9.1875,3.875],"tintindex":0,"rotation":0,"texture":"#0"},"west":{"uv":[2.1875,9.5,1.875,9.8125],"tintindex":0,"rotation":0,"texture":"#0"},"up":{"uv":[8.875,9.1875,8.4375,8.875],"tintindex":0,"rotation":0,"texture":"#0"},"down":{"uv":[3.5625,8.9375,3.125,9.25],"tintindex":0,"rotation":0,"texture":"#0"}}},{"from":[8.000926,7.239816,22.219936],"to":[8.000926,11.57315,28.553268],"faces":{"east":{"uv":[2.125,4.5,3.3125,5.3125],"tintindex":0,"rotation":0,"texture":"#0"},"west":{"uv":[3.3125,4.5,2.125,5.3125],"tintindex":0,"rotation":0,"texture":"#0"}}},{"from":[7.5009265,5.2398157,2.5532684],"to":[8.500926,10.906483,5.219935],"faces":{"east":{"uv":[4.3125,4.75,4.8125,5.8125],"tintindex":0,"rotation":0,"texture":"#0"},"south":{"uv":[1.0,7.8125,1.1875,8.875],"tintindex":0,"rotation":0,"texture":"#0"},"north":{"uv":[4.875,7.625,5.0625,8.6875],"tintindex":0,"rotation":0,"texture":"#0"},"west":{"uv":[4.8125,4.75,4.3125,5.8125],"tintindex":0,"rotation":0,"texture":"#0"},"up":{"uv":[2.3125,4.0,2.125,3.5],"tintindex":0,"rotation":0,"texture":"#0"},"down":{"uv":[6.4375,4.75,6.25,5.25],"tintindex":0,"rotation":0,"texture":"#0"}}},{"from":[8.000926,9.906483,5.219935],"to":[8.000926,12.57315,8.553268],"faces":{"east":{"uv":[7.0625,2.8125,7.6875,3.3125],"tintindex":0,"rotation":0,"texture":"#0"},"west":{"uv":[7.6875,2.8125,7.0625,3.3125],"tintindex":0,"rotation":0,"texture":"#0"}}},{"from":[7.5009265,8.906483,5.219935],"to":[8.500926,9.906483,25.886602],"faces":{"east":{"uv":[4.5,4.0625,8.375,4.25],"tintindex":0,"rotation":0,"texture":"#0"},"south":{"uv":[2.25,10.25,2.4375,10.4375],"tintindex":0,"rotation":0,"texture":"#0"},"north":{"uv":[1.375,10.25,1.5625,10.4375],"tintindex":0,"rotation":0,"texture":"#0"},"west":{"uv":[8.375,4.0625,4.5,4.25],"tintindex":0,"rotation":0,"texture":"#0"},"up":{"uv":[0.1875,8.5,0.0,4.625],"tintindex":0,"rotation":0,"texture":"#0"},"down":{"uv":[0.1875,4.625,0.0,8.5],"tintindex":0,"rotation":0,"texture":"#0"}}},{"from":[7.667593,10.362174,4.283471],"to":[8.33426,12.695507,5.616804],"faces":{"east":{"uv":[8.0625,8.9375,8.3125,9.375],"tintindex":0,"rotation":0,"texture":"#0"},"south":{"uv":[4.1875,10.0625,4.3125,10.5],"tintindex":0,"rotation":0,"texture":"#0"},"north":{"uv":[9.6875,9.9375,9.8125,10.375],"tintindex":0,"rotation":0,"texture":"#0"},"west":{"uv":[8.3125,8.9375,8.0625,9.375],"tintindex":0,"rotation":0,"texture":"#0"},"up":{"uv":[10.375,6.5625,10.25,6.3125],"tintindex":0,"rotation":0,"texture":"#0"},"down":{"uv":[6.5,10.25,6.375,10.5],"tintindex":0,"rotation":0,"texture":"#0"}},"rotation":{"origin":[8.000926,11.528841,4.950137],"angle":22.5,"axis":"x"}},{"from":[7.667593,1.3654046,2.6052408],"to":[8.33426,5.3654046,4.938575],"faces":{"east":{"uv":[6.375,6.25,6.8125,7.0],"tintindex":0,"rotation":0,"texture":"#0"},"south":{"uv":[4.8125,9.75,4.9375,10.5],"tintindex":0,"rotation":0,"texture":"#0"},"north":{"uv":[7.6875,9.5,7.8125,10.25],"tintindex":0,"rotation":0,"texture":"#0"},"west":{"uv":[6.8125,6.25,6.375,7.0],"tintindex":0,"rotation":0,"texture":"#0"},"up":{"uv":[3.625,8.1875,3.5,7.75],"tintindex":0,"rotation":0,"texture":"#0"},"down":{"uv":[0.9375,8.4375,0.8125,8.875],"tintindex":0,"rotation":0,"texture":"#0"}}},{"from":[7.8342595,-0.04880905,3.2028732],"to":[8.167593,1.284524,6.8695393],"faces":{"east":{"uv":[8.4375,5.625,9.125,5.875],"tintindex":0,"rotation":0,"texture":"#0"},"south":{"uv":[9.4375,10.25,9.5,10.5],"tintindex":0,"rotation":0,"texture":"#0"},"north":{"uv":[9.3125,10.25,9.375,10.5],"tintindex":0,"rotation":0,"texture":"#0"},"west":{"uv":[8.4375,5.9375,9.125,6.1875],"tintindex":0,"rotation":0,"texture":"#0"},"up":{"uv":[2.875,6.8125,2.8125,6.125],"tintindex":0,"rotation":0,"texture":"#0"},"down":{"uv":[7.125,9.9375,7.0625,10.625],"tintindex":0,"rotation":0,"texture":"#0"}},"rotation":{"origin":[8.000926,0.61785746,5.036206],"angle":45.0,"axis":"x"}}],"display":{"gui":{"rotation":[30,225,0]}}}