{"textures":{"0":"modelengine:entity/lich_king"},"elements":[{"from":[9.0,17.783363,9.603889],"to":[19.0,20.783363,9.603889],"faces":{"south":{"uv":[9.125,5.3125,9.75,5.5],"tintindex":0,"rotation":0,"texture":"#0"},"north":{"uv":[9.75,5.3125,9.125,5.5],"tintindex":0,"rotation":0,"texture":"#0"}}},{"from":[5.0,9.783363,-0.4201107],"to":[11.0,13.783363,2.5798898],"faces":{"east":{"uv":[10.0625,4.8125,10.25,5.0625],"tintindex":0,"rotation":0,"texture":"#0"},"south":{"uv":[9.625,9.0,10.0,9.25],"tintindex":0,"rotation":0,"texture":"#0"},"north":{"uv":[6.75,9.625,7.125,9.875],"tintindex":0,"rotation":0,"texture":"#0"},"west":{"uv":[10.0625,5.125,10.25,5.375],"tintindex":0,"rotation":0,"texture":"#0"},"up":{"uv":[10.1875,4.0,9.8125,3.8125],"tintindex":0,"rotation":0,"texture":"#0"},"down":{"uv":[10.1875,5.75,9.8125,5.9375],"tintindex":0,"rotation":0,"texture":"#0"}}},{"from":[6.0,7.7833633,-0.4201107],"to":[10.0,9.783363,2.5798898],"faces":{"east":{"uv":[9.5625,1.8125,9.75,1.9375],"tintindex":0,"rotation":0,"texture":"#0"},"south":{"uv":[2.5,10.25,2.75,10.375],"tintindex":0,"rotation":0,"texture":"#0"},"north":{"uv":[9.375,7.8125,9.625,7.9375],"tintindex":0,"rotation":0,"texture":"#0"},"west":{"uv":[10.25,3.8125,10.4375,3.9375],"tintindex":0,"rotation":0,"texture":"#0"},"up":{"uv":[10.3125,5.625,10.0625,5.4375],"tintindex":0,"rotation":0,"texture":"#0"},"down":{"uv":[10.3125,9.0,10.0625,9.1875],"tintindex":0,"rotation":0,"texture":"#0"}}},{"from":[-3.0,17.783363,1.6048894],"to":[7.0,20.783363,1.6048894],"faces":{"south":{"uv":[9.75,5.3125,9.125,5.5],"tintindex":0,"rotation":0,"texture":"#0"},"north":{"uv":[9.125,5.3125,9.75,5.5],"tintindex":0,"rotation":0,"texture":"#0"}}},{"from":[9.0,13.783363,2.6048894],"to":[17.0,16.783363,2.6048894],"faces":{"south":{"uv":[9.75,2.875,10.25,3.0625],"tintindex":0,"rotation":0,"texture":"#0"},"north":{"uv":[10.25,2.875,9.75,3.0625],"tintindex":0,"rotation":0,"texture":"#0"}}},{"from":[19.0,17.783363,1.6048894],"to":[19.0,20.783363,9.604889],"faces":{"east":{"uv":[10.1875,8.0625,9.6875,8.25],"tintindex":0,"rotation":0,"texture":"#0"},"west":{"uv":[9.6875,8.0625,10.1875,8.25],"tintindex":0,"rotation":0,"texture":"#0"}}},{"from":[0.0,6.7833633,5.6048894],"to":[3.0,12.783363,11.604889],"faces":{"east":{"uv":[4.4375,8.5625,4.8125,8.9375],"tintindex":0,"rotation":0,"texture":"#0"},"south":{"uv":[8.875,9.8125,9.0625,10.1875],"tintindex":0,"rotation":0,"texture":"#0"},"north":{"uv":[8.625,9.8125,8.8125,10.1875],"tintindex":0,"rotation":0,"texture":"#0"},"west":{"uv":[8.75,2.0,9.125,2.375],"tintindex":0,"rotation":0,"texture":"#0"},"up":{"uv":[9.3125,10.1875,9.125,9.8125],"tintindex":0,"rotation":0,"texture":"#0"},"down":{"uv":[9.3125,9.8125,9.125,10.1875],"tintindex":0,"rotation":0,"texture":"#0"}}},{"from":[-1.0,13.783363,2.6048894],"to":[7.0,16.783363,2.6048894],"faces":{"south":{"uv":[10.25,2.875,9.75,3.0625],"tintindex":0,"rotation":0,"texture":"#0"},"north":{"uv":[9.75,2.875,10.25,3.0625],"tintindex":0,"rotation":0,"texture":"#0"}}},{"from":[-1.0,13.783363,9.603889],"to":[7.0,16.783363,9.603889],"faces":{"south":{"uv":[10.25,2.875,9.75,3.0625],"tintindex":0,"rotation":0,"texture":"#0"},"north":{"uv":[9.75,2.875,10.25,3.0625],"tintindex":0,"rotation":0,"texture":"#0"}}},{"from":[13.0,6.7833633,5.6048894],"to":[16.0,12.783363,11.604889],"faces":{"east":{"uv":[9.125,2.0,8.75,2.375],"tintindex":0,"rotation":0,"texture":"#0"},"south":{"uv":[9.0625,9.8125,8.875,10.1875],"tintindex":0,"rotation":0,"texture":"#0"},"north":{"uv":[8.8125,9.8125,8.625,10.1875],"tintindex":0,"rotation":0,"texture":"#0"},"west":{"uv":[4.8125,8.5625,4.4375,8.9375],"tintindex":0,"rotation":0,"texture":"#0"},"up":{"uv":[9.125,10.1875,9.3125,9.8125],"tintindex":0,"rotation":0,"texture":"#0"},"down":{"uv":[9.125,9.8125,9.3125,10.1875],"tintindex":0,"rotation":0,"texture":"#0"}}},{"from":[4.5,7.2833633,1.6048894],"to":[11.5,14.283363,2.6048894],"faces":{"east":{"uv":[1.125,8.9375,1.1875,9.375],"tintindex":0,"rotation":0,"texture":"#0"},"south":{"uv":[8.25,1.9375,8.6875,2.375],"tintindex":0,"rotation":0,"texture":"#0"},"north":{"uv":[8.25,1.4375,8.6875,1.875],"tintindex":0,"rotation":0,"texture":"#0"},"west":{"uv":[2.375,8.9375,2.4375,9.375],"tintindex":0,"rotation":0,"texture":"#0"},"up":{"uv":[7.5,4.0,7.0625,3.9375],"tintindex":0,"rotation":0,"texture":"#0"},"down":{"uv":[9.6875,3.8125,9.25,3.875],"tintindex":0,"rotation":0,"texture":"#0"}}},{"from":[0.0,6.7833633,11.604889],"to":[16.0,12.783363,14.604889],"faces":{"east":{"uv":[8.125,9.8125,8.3125,10.1875],"tintindex":0,"rotation":0,"texture":"#0"},"south":{"uv":[6.4375,5.375,5.4375,5.75],"tintindex":0,"rotation":0,"texture":"#0"},"north":{"uv":[5.75,2.625,6.75,3.0],"tintindex":0,"rotation":0,"texture":"#0"},"west":{"uv":[8.375,9.8125,8.5625,10.1875],"tintindex":0,"rotation":0,"texture":"#0"},"up":{"uv":[9.375,5.0,8.375,4.8125],"tintindex":0,"rotation":0,"texture":"#0"},"down":{"uv":[9.375,4.8125,8.375,5.0],"tintindex":0,"rotation":0,"texture":"#0"}}},{"from":[-3.0,17.783363,9.603889],"to":[7.0,20.783363,9.603889],"faces":{"south":{"uv":[9.75,5.3125,9.125,5.5],"tintindex":0,"rotation":0,"texture":"#0"},"north":{"uv":[9.125,5.3125,9.75,5.5],"tintindex":0,"rotation":0,"texture":"#0"}}},{"from":[9.0,13.783363,9.603889],"to":[17.0,16.783363,9.603889],"faces":{"south":{"uv":[9.75,2.875,10.25,3.0625],"tintindex":0,"rotation":0,"texture":"#0"},"north":{"uv":[10.25,2.875,9.75,3.0625],"tintindex":0,"rotation":0,"texture":"#0"}}},{"from":[6.0,12.783363,7.6048894],"to":[10.0,21.783363,11.604889],"faces":{"east":{"uv":[1.25,8.8125,1.5,9.375],"tintindex":0,"rotation":0,"texture":"#0"},"south":{"uv":[2.5,8.875,2.75,9.4375],"tintindex":0,"rotation":0,"texture":"#0"},"north":{"uv":[8.75,2.9375,9.0,3.5],"tintindex":0,"rotation":0,"texture":"#0"},"west":{"uv":[2.8125,8.875,3.0625,9.4375],"tintindex":0,"rotation":0,"texture":"#0"},"up":{"uv":[5.5625,10.25,5.3125,10.0],"tintindex":0,"rotation":0,"texture":"#0"},"down":{"uv":[5.875,10.0,5.625,10.25],"tintindex":0,"rotation":0,"texture":"#0"}}},{"from":[-3.0,17.783363,1.6048894],"to":[-3.0,20.783363,9.604889],"faces":{"east":{"uv":[10.1875,8.0625,9.6875,8.25],"tintindex":0,"rotation":0,"texture":"#0"},"west":{"uv":[9.6875,8.0625,10.1875,8.25],"tintindex":0,"rotation":0,"texture":"#0"}}},{"from":[0.0,6.7833633,2.6048894],"to":[16.0,12.783363,5.6048894],"faces":{"east":{"uv":[9.8125,5.3125,10.0,5.6875],"tintindex":0,"rotation":0,"texture":"#0"},"south":{"uv":[5.75,2.1875,6.75,2.5625],"tintindex":0,"rotation":0,"texture":"#0"},"north":{"uv":[5.4375,5.375,6.4375,5.75],"tintindex":0,"rotation":0,"texture":"#0"},"west":{"uv":[6.25,9.8125,6.4375,10.1875],"tintindex":0,"rotation":0,"texture":"#0"},"up":{"uv":[9.25,4.5,8.25,4.3125],"tintindex":0,"rotation":0,"texture":"#0"},"down":{"uv":[9.25,4.3125,8.25,4.5],"tintindex":0,"rotation":0,"texture":"#0"}}},{"from":[-1.0,13.783363,2.6048894],"to":[-1.0,16.783363,9.604889],"faces":{"east":{"uv":[10.1875,7.5625,9.75,7.75],"tintindex":0,"rotation":0,"texture":"#0"},"west":{"uv":[9.75,7.5625,10.1875,7.75],"tintindex":0,"rotation":0,"texture":"#0"}}},{"from":[17.0,13.783363,2.6048894],"to":[17.0,16.783363,9.604889],"faces":{"east":{"uv":[10.1875,7.5625,9.75,7.75],"tintindex":0,"rotation":0,"texture":"#0"},"west":{"uv":[9.75,7.5625,10.1875,7.75],"tintindex":0,"rotation":0,"texture":"#0"}}},{"from":[9.0,17.783363,1.6048894],"to":[19.0,20.783363,1.6048894],"faces":{"south":{"uv":[9.125,5.3125,9.75,5.5],"tintindex":0,"rotation":0,"texture":"#0"},"north":{"uv":[9.75,5.3125,9.125,5.5],"tintindex":0,"rotation":0,"texture":"#0"}}},{"from":[2.0,7.7833633,3.6048894],"to":[14.0,11.783363,13.604889],"faces":{"east":{"uv":[8.6875,6.5,9.3125,6.75],"tintindex":0,"rotation":0,"texture":"#0"},"south":{"uv":[8.0,6.9375,8.75,7.1875],"tintindex":0,"rotation":0,"texture":"#0"},"north":{"uv":[5.4375,3.75,6.1875,4.0],"tintindex":0,"rotation":0,"texture":"#0"},"west":{"uv":[8.75,1.1875,9.375,1.4375],"tintindex":0,"rotation":0,"texture":"#0"},"up":{"uv":[2.0625,6.0625,1.3125,5.4375],"tintindex":0,"rotation":0,"texture":"#0"},"down":{"uv":[6.1875,1.5,5.4375,2.125],"tintindex":0,"rotation":0,"texture":"#0"}}}],"display":{"gui":{"rotation":[30,225,0]}}}