{
	"credit": "Made with Blockbench",
	"textures": {
		"0": "nobi/kunai2",
		"particle": "nobi/kunai2"
	},
	"elements": [
		{
			"from": [7.5095, 3.7595, 7.2595],
			"to": [8.4905, 6.9905, 8.7405],
			"rotation": {"angle": 0, "axis": "y", "origin": [7, 0, 7]},
			"faces": {
				"north": {"uv": [4, 7, 5, 10.5], "texture": "#0"},
				"east": {"uv": [3.5, 0, 2, 3.5], "texture": "#0"},
				"south": {"uv": [5, 7, 6, 10.5], "texture": "#0"},
				"west": {"uv": [2, 0, 3.5, 3.5], "texture": "#0"},
				"up": {"uv": [11, 1.5, 10, 0], "texture": "#0"},
				"down": {"uv": [11, 2, 10, 3.5], "texture": "#0"}
			}
		},
		{
			"from": [7.5, 3.91332, 7.92895],
			"to": [8.5, 6.16332, 9.42895],
			"rotation": {"angle": 22.5, "axis": "x", "origin": [8, 5.53832, 8.67895]},
			"faces": {
				"north": {"uv": [9, 3, 10, 5.5], "texture": "#0"},
				"east": {"uv": [7.5, 3, 6, 5.5], "texture": "#0"},
				"south": {"uv": [6, 9, 7, 11.5], "texture": "#0"},
				"west": {"uv": [6, 3, 7.5, 5.5], "texture": "#0"},
				"up": {"uv": [11, 5.5, 10, 4], "texture": "#0"},
				"down": {"uv": [11, 6, 10, 7.5], "texture": "#0"}
			}
		},
		{
			"from": [7.53, 5.48608, 7.81761],
			"to": [8.47, 8.17608, 9.20761],
			"rotation": {"angle": -22.5, "axis": "x", "origin": [8, 6.58108, 8.48761]},
			"faces": {
				"north": {"uv": [8, 0, 9, 3], "texture": "#0"},
				"east": {"uv": [5.5, 0, 4, 3], "texture": "#0"},
				"south": {"uv": [2, 8, 3, 11], "texture": "#0"},
				"west": {"uv": [4, 0, 5.5, 3], "texture": "#0"},
				"up": {"uv": [11, 9.5, 10, 8], "texture": "#0"},
				"down": {"uv": [11, 10, 10, 11.5], "texture": "#0"}
			}
		},
		{
			"from": [7.5, 8.22511, 9.00828],
			"to": [8.5, 9.22511, 9.33328],
			"rotation": {"angle": -22.5, "axis": "x", "origin": [8, 6.35011, 8.58328]},
			"faces": {
				"north": {"uv": [11, 8, 12, 9], "texture": "#0"},
				"east": {"uv": [12, 1, 12.5, 2], "texture": "#0"},
				"south": {"uv": [9, 11, 10, 12], "texture": "#0"},
				"west": {"uv": [12, 2, 12.5, 3], "texture": "#0"},
				"up": {"uv": [13, 3.5, 12, 3], "texture": "#0"},
				"down": {"uv": [13, 4, 12, 4.5], "texture": "#0"}
			}
		},
		{
			"from": [7.5089, 5.46498, 6.77129],
			"to": [8.4911, 8.62218, 7.77849],
			"rotation": {"angle": 22.5, "axis": "x", "origin": [8, 6.58108, 7.51239]},
			"faces": {
				"north": {"uv": [3, 8, 4, 11], "texture": "#0"},
				"east": {"uv": [10, 0, 9, 3], "texture": "#0"},
				"south": {"uv": [8, 6, 9, 9], "texture": "#0"},
				"west": {"uv": [9, 0, 10, 3], "texture": "#0"},
				"up": {"uv": [12, 8, 11, 7], "texture": "#0"},
				"down": {"uv": [9, 11, 8, 12], "texture": "#0"}
			}
		},
		{
			"from": [7.51, 8.6854, 6.44902],
			"to": [8.49, 9.3904, 6.75402],
			"rotation": {"angle": 22.5, "axis": "x", "origin": [8, 5.8004, 7.18902]},
			"faces": {
				"north": {"uv": [5, 12, 6, 12.5], "texture": "#0"},
				"east": {"uv": [9, 12, 9.5, 12.5], "texture": "#0"},
				"south": {"uv": [12, 5, 13, 5.5], "texture": "#0"},
				"west": {"uv": [12, 9, 12.5, 9.5], "texture": "#0"},
				"up": {"uv": [7, 12.5, 6, 12], "texture": "#0"},
				"down": {"uv": [13, 6, 12, 6.5], "texture": "#0"}
			}
		},
		{
			"from": [7.51, 8.76003, 6.76887],
			"to": [8.49, 9.04003, 7.04887],
			"rotation": {"angle": 22.5, "axis": "x", "origin": [8, 5.87503, 7.00887]},
			"faces": {
				"north": {"uv": [7, 12, 8, 12.5], "texture": "#0"},
				"east": {"uv": [10, 12, 10.5, 12.5], "texture": "#0"},
				"south": {"uv": [12, 7, 13, 7.5], "texture": "#0"},
				"west": {"uv": [12, 10, 12.5, 10.5], "texture": "#0"},
				"up": {"uv": [9, 12.5, 8, 12], "texture": "#0"},
				"down": {"uv": [13, 8, 12, 8.5], "texture": "#0"}
			}
		},
		{
			"from": [7.501, 3.91432, 6.57205],
			"to": [8.499, 6.16232, 8.07005],
			"rotation": {"angle": -22.5, "axis": "x", "origin": [8, 5.53832, 7.32105]},
			"faces": {
				"north": {"uv": [9, 6, 10, 8.5], "texture": "#0"},
				"east": {"uv": [1.5, 7, 0, 9.5], "texture": "#0"},
				"south": {"uv": [7, 9, 8, 11.5], "texture": "#0"},
				"west": {"uv": [0, 7, 1.5, 9.5], "texture": "#0"},
				"up": {"uv": [12, 1.5, 11, 0], "texture": "#0"},
				"down": {"uv": [3, 11, 2, 12.5], "texture": "#0"}
			}
		},
		{
			"from": [7.6, 0, 7.575],
			"to": [8.4, 4, 8.425],
			"rotation": {"angle": 0, "axis": "y", "origin": [6.875, 0, 6.875]},
			"faces": {
				"north": {"uv": [4, 4, 3, 8], "texture": "#0"},
				"east": {"uv": [3, 4, 4, 8], "texture": "#0"},
				"south": {"uv": [4, 4, 3, 8], "texture": "#0"},
				"west": {"uv": [3, 4, 4, 8], "texture": "#0"},
				"up": {"uv": [3, 4, 4, 8], "texture": "#0"},
				"down": {"uv": [3, 4, 4, 8], "texture": "#0"}
			}
		},
		{
			"from": [7.5501, -1.11743, 7.05414],
			"to": [8.4499, 0.23237, 8.40394],
			"rotation": {"angle": 45, "axis": "x", "origin": [7.81453, -0.665, 8.11706]},
			"faces": {
				"north": {"uv": [11, 2, 12, 3.5], "texture": "#0"},
				"east": {"uv": [8, 9, 9.5, 10.5], "texture": "#0"},
				"south": {"uv": [3, 11, 4, 12.5], "texture": "#0"},
				"west": {"uv": [9.5, 9, 8, 10.5], "texture": "#0"},
				"up": {"uv": [5, 12.5, 4, 11], "texture": "#0"},
				"down": {"uv": [12, 4, 11, 5.5], "texture": "#0"}
			}
		},
		{
			"from": [7.4751, -0.86743, 7.30414],
			"to": [8.5249, -0.01763, 8.15394],
			"rotation": {"angle": 45, "axis": "x", "origin": [7.81453, -0.665, 8.11706]},
			"faces": {
				"north": {"uv": [11, 9, 12, 10], "texture": "#0"},
				"east": {"uv": [11, 10, 12, 11], "texture": "#0"},
				"south": {"uv": [11, 11, 12, 12], "texture": "#0"},
				"west": {"uv": [12, 10, 11, 11], "texture": "#0"},
				"up": {"uv": [13, 1, 12, 0], "texture": "#0"},
				"down": {"uv": [2, 12, 1, 13], "texture": "#0"}
			}
		}
	],
	"gui_light": "front",
	"display": {
		"thirdperson_righthand": {
			"translation": [0, 6.25, 1.25],
			"scale": [1, 1.27, 1]
		},
		"thirdperson_lefthand": {
			"translation": [0, 6.25, 1.25],
			"scale": [0.99, 1.31, 0.99]
		},
		"firstperson_righthand": {
			"rotation": [10.25, 0, 0],
			"translation": [1.75, 9.75, 0],
			"scale": [1.05, 1.49, 1.05]
		},
		"firstperson_lefthand": {
			"rotation": [9.5, 0, 0],
			"translation": [0.5, -80, 0],
			"scale": [1, 1.47, 1]
		},
		"ground": {
			"translation": [0, 10, 0]
		},
		"gui": {
			"rotation": [-121.89, 42.62, 137.1],
			"translation": [-2.25, 4.75, 0],
			"scale": [1.39, 1.54, 1.39]
		},
		"fixed": {
			"rotation": [-106.65, -56.62, -99.16],
			"translation": [3.25, 4.5, 0],
			"scale": [1.28, 1.28, 1.28]
		}
	}
}