{
	"credit": "Made with Blockbench",
	"textures": {
		"0": "nobi/kunai1",
		"particle": "nobi/kunai1"
	},
	"elements": [
		{
			"from": [7.5095, 3.7595, 7.2595],
			"to": [8.4905, 6.9905, 8.7405],
			"rotation": {"angle": 0, "axis": "y", "origin": [7, 0, 7]},
			"faces": {
				"north": {"uv": [4, 7, 5, 10.5], "texture": "#0"},
				"east": {"uv": [0, 0, 1.5, 3.5], "texture": "#0"},
				"south": {"uv": [5, 7, 6, 10.5], "texture": "#0"},
				"west": {"uv": [2, 0, 3.5, 3.5], "texture": "#0"},
				"up": {"uv": [1, 11.5, 0, 10], "texture": "#0"},
				"down": {"uv": [11, 0, 10, 1.5], "texture": "#0"}
			}
		},
		{
			"from": [7.5, 3.91332, 7.92895],
			"to": [8.5, 6.16332, 9.42895],
			"rotation": {"angle": 22.5, "axis": "x", "origin": [8, 5.53832, 8.67895]},
			"faces": {
				"north": {"uv": [9, 3, 10, 5.5], "texture": "#0"},
				"east": {"uv": [6, 0, 7.5, 2.5], "texture": "#0"},
				"south": {"uv": [6, 9, 7, 11.5], "texture": "#0"},
				"west": {"uv": [7.5, 0, 6, 2.5], "texture": "#0"},
				"up": {"uv": [2, 11.5, 1, 10], "texture": "#0"},
				"down": {"uv": [11, 2, 10, 3.5], "texture": "#0"}
			}
		},
		{
			"from": [7.53, 5.48608, 7.81761],
			"to": [8.47, 8.17608, 9.20761],
			"rotation": {"angle": -22.5, "axis": "x", "origin": [8, 6.58108, 8.48761]},
			"faces": {
				"north": {"uv": [8, 0, 9, 3], "texture": "#0"},
				"east": {"uv": [0, 4, 1.5, 7], "texture": "#0"},
				"south": {"uv": [2, 8, 3, 11], "texture": "#0"},
				"west": {"uv": [1.5, 4, 0, 7], "texture": "#0"},
				"up": {"uv": [11, 5.5, 10, 4], "texture": "#0"},
				"down": {"uv": [11, 6, 10, 7.5], "texture": "#0"}
			}
		},
		{
			"from": [7.5, 8.22511, 9.00828],
			"to": [8.5, 9.22511, 9.33328],
			"rotation": {"angle": -22.5, "axis": "x", "origin": [8, 6.35011, 8.58328]},
			"faces": {
				"north": {"uv": [11, 4, 12, 5], "texture": "#0"},
				"east": {"uv": [11, 10, 11.5, 11], "texture": "#0"},
				"south": {"uv": [5, 11, 6, 12], "texture": "#0"},
				"west": {"uv": [11, 11, 11.5, 12], "texture": "#0"},
				"up": {"uv": [1, 12.5, 0, 12], "texture": "#0"},
				"down": {"uv": [13, 0, 12, 0.5], "texture": "#0"}
			}
		},
		{
			"from": [7.5089, 5.46498, 6.77129],
			"to": [8.4911, 8.62218, 7.77849],
			"rotation": {"angle": 22.5, "axis": "x", "origin": [8, 6.58108, 7.51239]},
			"faces": {
				"north": {"uv": [3, 8, 4, 11], "texture": "#0"},
				"east": {"uv": [8, 3, 9, 6], "texture": "#0"},
				"south": {"uv": [8, 6, 9, 9], "texture": "#0"},
				"west": {"uv": [9, 3, 8, 6], "texture": "#0"},
				"up": {"uv": [12, 4, 11, 3], "texture": "#0"},
				"down": {"uv": [5, 11, 4, 12], "texture": "#0"}
			}
		},
		{
			"from": [7.51, 8.6854, 6.44902],
			"to": [8.49, 9.3904, 6.75402],
			"rotation": {"angle": 22.5, "axis": "x", "origin": [8, 5.8004, 7.18902]},
			"faces": {
				"north": {"uv": [1, 12, 2, 12.5], "texture": "#0"},
				"east": {"uv": [13, 0, 13.5, 0.5], "texture": "#0"},
				"south": {"uv": [12, 1, 13, 1.5], "texture": "#0"},
				"west": {"uv": [1, 13, 1.5, 13.5], "texture": "#0"},
				"up": {"uv": [13, 2.5, 12, 2], "texture": "#0"},
				"down": {"uv": [4, 12, 3, 12.5], "texture": "#0"}
			}
		},
		{
			"from": [7.51, 8.76003, 6.76887],
			"to": [8.49, 9.04003, 7.04887],
			"rotation": {"angle": 22.5, "axis": "x", "origin": [8, 5.87503, 7.00887]},
			"faces": {
				"north": {"uv": [12, 3, 13, 3.5], "texture": "#0"},
				"east": {"uv": [13, 1, 13.5, 1.5], "texture": "#0"},
				"south": {"uv": [4, 12, 5, 12.5], "texture": "#0"},
				"west": {"uv": [2, 13, 2.5, 13.5], "texture": "#0"},
				"up": {"uv": [13, 4.5, 12, 4], "texture": "#0"},
				"down": {"uv": [6, 12, 5, 12.5], "texture": "#0"}
			}
		},
		{
			"from": [7.501, 3.91432, 6.57205],
			"to": [8.499, 6.16232, 8.07005],
			"rotation": {"angle": -22.5, "axis": "x", "origin": [8, 5.53832, 7.32105]},
			"faces": {
				"north": {"uv": [9, 6, 10, 8.5], "texture": "#0"},
				"east": {"uv": [6, 6, 7.5, 8.5], "texture": "#0"},
				"south": {"uv": [7, 9, 8, 11.5], "texture": "#0"},
				"west": {"uv": [7.5, 6, 6, 8.5], "texture": "#0"},
				"up": {"uv": [11, 9.5, 10, 8], "texture": "#0"},
				"down": {"uv": [11, 10, 10, 11.5], "texture": "#0"}
			}
		},
		{
			"from": [7.6, 0, 7.575],
			"to": [8.4, 4, 8.425],
			"rotation": {"angle": 0, "axis": "y", "origin": [6.875, 0, 6.875]},
			"faces": {
				"north": {"uv": [3, 4, 4, 8], "texture": "#0"},
				"east": {"uv": [3, 4, 4, 8], "texture": "#0"},
				"south": {"uv": [3, 4, 4, 8], "texture": "#0"},
				"west": {"uv": [3, 4, 4, 8], "texture": "#0"},
				"up": {"uv": [3, 4, 4, 8], "texture": "#0"},
				"down": {"uv": [3, 4, 4, 8], "texture": "#0"}
			}
		},
		{
			"from": [7.6855, -0.9425, 8.2775],
			"to": [8.3145, -0.0175, 8.7215],
			"rotation": {"angle": -45, "axis": "x", "origin": [8, -0.665, 7.8335]},
			"faces": {
				"north": {"uv": [11, 5, 12, 6], "texture": "#0"},
				"east": {"uv": [12, 5, 12.5, 6], "texture": "#0"},
				"south": {"uv": [11, 6, 12, 7], "texture": "#0"},
				"west": {"uv": [6, 12, 6.5, 13], "texture": "#0"},
				"up": {"uv": [13, 6.5, 12, 6], "texture": "#0"},
				"down": {"uv": [8, 12, 7, 12.5], "texture": "#0"}
			}
		},
		{
			"from": [7.6855, -0.91223, 7.64648],
			"to": [8.3145, -0.46823, 9.01548],
			"rotation": {"angle": -45, "axis": "x", "origin": [8, -0.78273, 8.55298]},
			"faces": {
				"north": {"uv": [8, 12, 9, 12.5], "texture": "#0"},
				"east": {"uv": [11, 7, 13, 7.5], "texture": "#0"},
				"south": {"uv": [9, 12, 10, 12.5], "texture": "#0"},
				"west": {"uv": [8, 11, 10, 11.5], "texture": "#0"},
				"up": {"uv": [9, 11, 8, 9], "texture": "#0"},
				"down": {"uv": [10, 9, 9, 11], "texture": "#0"}
			}
		},
		{
			"from": [7.68557, -0.94243, 7.27857],
			"to": [8.31443, -0.44307, 7.72243],
			"rotation": {"angle": 45, "axis": "x", "origin": [8, -0.665, 8.1665]},
			"faces": {
				"north": {"uv": [11, 12, 12, 12.5], "texture": "#0"},
				"east": {"uv": [13, 2, 13.5, 2.5], "texture": "#0"},
				"south": {"uv": [12, 11, 13, 11.5], "texture": "#0"},
				"west": {"uv": [3, 13, 3.5, 13.5], "texture": "#0"},
				"up": {"uv": [13, 12.5, 12, 12], "texture": "#0"},
				"down": {"uv": [1, 13, 0, 13.5], "texture": "#0"}
			}
		},
		{
			"from": [7.6855, -0.91223, 6.98452],
			"to": [8.3145, -0.46823, 7.90952],
			"rotation": {"angle": 45, "axis": "x", "origin": [8, -0.78273, 7.44702]},
			"faces": {
				"north": {"uv": [10, 12, 11, 12.5], "texture": "#0"},
				"east": {"uv": [11, 8, 12.5, 8.5], "texture": "#0"},
				"south": {"uv": [12, 10, 13, 10.5], "texture": "#0"},
				"west": {"uv": [11, 9, 12.5, 9.5], "texture": "#0"},
				"up": {"uv": [12, 1.5, 11, 0], "texture": "#0"},
				"down": {"uv": [3, 11, 2, 12.5], "texture": "#0"}
			}
		}
	],
	"gui_light": "front",
	"display": {
		"thirdperson_righthand": {
			"translation": [0, 6.25, 1.25],
			"scale": [1, 1.27, 1]
		},
		"thirdperson_lefthand": {
			"translation": [0, 6.75, 1.25],
			"scale": [0.99, 1.31, 0.99]
		},
		"firstperson_righthand": {
			"rotation": [10.25, 0, 0],
			"translation": [1.75, 9.75, 0],
			"scale": [1.05, 1.49, 1.05]
		},
		"firstperson_lefthand": {
			"rotation": [9.5, 0, 0],
			"translation": [0.5, -80, 0],
			"scale": [1, 1.47, 1]
		},
		"ground": {
			"translation": [0, 10, 0]
		},
		"gui": {
			"rotation": [-121.89, 42.62, 137.1],
			"translation": [-2.25, 4.75, 0],
			"scale": [1.39, 1.54, 1.39]
		},
		"fixed": {
			"rotation": [-106.65, -56.62, -99.16],
			"translation": [3.25, 4.5, 0],
			"scale": [1.28, 1.28, 1.28]
		}
	}
}