{
	"credit": "Made with Blockbench",
	"texture_size": [32, 32],
	"textures": {
		"0": "hanu/20sd1",
		"particle": "hanu/20sd1"
	},
	"elements": [
		{
			"from": [7.6, -13, 7.6],
			"to": [8.4, -7, 8.4],
			"rotation": {"angle": 45, "axis": "y", "origin": [8, 4, 8]},
			"faces": {
				"north": {"uv": [6, 0, 6.5, 3], "texture": "#0"},
				"east": {"uv": [6, 3, 6.5, 6], "texture": "#0"},
				"south": {"uv": [6, 6, 6.5, 9], "texture": "#0"},
				"west": {"uv": [6.5, 0, 7, 3], "texture": "#0"},
				"up": {"uv": [7.5, 8, 7, 7.5], "texture": "#0"},
				"down": {"uv": [8, 7.5, 7.5, 8], "texture": "#0"}
			}
		},
		{
			"from": [7.5, -14.3, 7.5],
			"to": [8.5, -12.3, 8.5],
			"rotation": {"angle": 45, "axis": "y", "origin": [8, 4, 8]},
			"faces": {
				"north": {"uv": [6.5, 3, 7, 3.75], "texture": "#0"},
				"east": {"uv": [6.5, 3.75, 7, 4.5], "texture": "#0"},
				"south": {"uv": [7, 3.75, 7.5, 4.5], "texture": "#0"},
				"west": {"uv": [7, 3, 7.5, 3.75], "texture": "#0"},
				"up": {"uv": [7, 5, 6.5, 4.5], "texture": "#0"},
				"down": {"uv": [7.5, 4.5, 7, 5], "texture": "#0"}
			}
		},
		{
			"from": [7.5, -7, 7.5],
			"to": [8.5, -6, 8.5],
			"rotation": {"angle": 45, "axis": "y", "origin": [8, -18, 8]},
			"faces": {
				"north": {"uv": [8, 2, 8.5, 2.5], "texture": "#0"},
				"east": {"uv": [8, 2.5, 8.5, 3], "texture": "#0"},
				"south": {"uv": [8, 3, 8.5, 3.5], "texture": "#0"},
				"west": {"uv": [8, 3.5, 8.5, 4], "texture": "#0"},
				"up": {"uv": [8.5, 4.5, 8, 4], "texture": "#0"},
				"down": {"uv": [8.5, 4.5, 8, 5], "texture": "#0"}
			}
		},
		{
			"from": [6.7, -6, 7.1],
			"to": [9.3, -5, 8.9],
			"rotation": {"angle": 0, "axis": "y", "origin": [8, -2, 8]},
			"faces": {
				"north": {"uv": [10, 5, 11.5, 5.5], "texture": "#0"},
				"east": {"uv": [10, 6, 11, 6.5], "texture": "#0"},
				"south": {"uv": [10, 5.5, 11.5, 6], "texture": "#0"},
				"west": {"uv": [10, 6.5, 11, 7], "texture": "#0"},
				"up": {"uv": [11.5, 4, 10, 3], "texture": "#0"},
				"down": {"uv": [11.5, 4, 10, 5], "texture": "#0"}
			}
		},
		{
			"from": [6.31995, -5.997, 9.85578],
			"to": [7.59295, -5.001, 10.55578],
			"rotation": {"angle": 45, "axis": "y", "origin": [3.81995, -1.999, 9.55578]},
			"faces": {
				"north": {"uv": [7, 2, 7.75, 2.5], "texture": "#0"},
				"east": {"uv": [8.5, 4.5, 8.75, 5], "texture": "#0"},
				"south": {"uv": [7, 2.5, 7.75, 3], "texture": "#0"},
				"west": {"uv": [8.5, 5, 8.75, 5.5], "texture": "#0"},
				"up": {"uv": [7.75, 8.25, 7, 8], "texture": "#0"},
				"down": {"uv": [8.75, 7.5, 8, 7.75], "texture": "#0"}
			}
		},
		{
			"from": [9.39577, -5.998, 10.2313],
			"to": [10.66977, -5, 10.9314],
			"rotation": {"angle": 45, "axis": "y", "origin": [6.89577, -1.999, 10.0313]},
			"faces": {
				"north": {"uv": [6.5, 7, 7.25, 7.5], "texture": "#0"},
				"east": {"uv": [8.5, 5.5, 8.75, 6], "texture": "#0"},
				"south": {"uv": [7.5, 0, 8.25, 0.5], "texture": "#0"},
				"west": {"uv": [8.5, 6, 8.75, 6.5], "texture": "#0"},
				"up": {"uv": [8.75, 8.25, 8, 8], "texture": "#0"},
				"down": {"uv": [9.25, 0, 8.5, 0.25], "texture": "#0"}
			}
		},
		{
			"from": [8.90137, -5.997, 7.46184],
			"to": [10.17437, -5.001, 8.06184],
			"rotation": {"angle": -45, "axis": "y", "origin": [9.53787, -5.499, 7.76184]},
			"faces": {
				"north": {"uv": [7.5, 0.5, 8.25, 1], "texture": "#0"},
				"east": {"uv": [6.5, 8.5, 6.75, 9], "texture": "#0"},
				"south": {"uv": [7.5, 1, 8.25, 1.5], "texture": "#0"},
				"west": {"uv": [8.5, 6.5, 8.75, 7], "texture": "#0"},
				"up": {"uv": [9.25, 0.75, 8.5, 0.5], "texture": "#0"},
				"down": {"uv": [9.25, 1, 8.5, 1.25], "texture": "#0"}
			}
		},
		{
			"from": [7.36109, -5.998, 10.23069],
			"to": [8.63409, -5, 10.83069],
			"rotation": {"angle": -45, "axis": "y", "origin": [9.99759, -5.499, 7.53069]},
			"faces": {
				"north": {"uv": [7.5, 1.5, 8.25, 2], "texture": "#0"},
				"east": {"uv": [7, 8.5, 7.25, 9], "texture": "#0"},
				"south": {"uv": [7.5, 6, 8.25, 6.5], "texture": "#0"},
				"west": {"uv": [8.5, 7, 8.75, 7.5], "texture": "#0"},
				"up": {"uv": [9.25, 1.75, 8.5, 1.5], "texture": "#0"},
				"down": {"uv": [9.25, 2, 8.5, 2.25], "texture": "#0"}
			}
		},
		{
			"from": [6.6, -5, 7.8],
			"to": [7.5, 23, 8.2],
			"rotation": {"angle": 0, "axis": "y", "origin": [10.135, 5.2, 8.03303]},
			"faces": {
				"north": {"uv": [0, 0, 0.5, 14], "texture": "#0"},
				"east": {"uv": [3, 0, 3.25, 14], "texture": "#0"},
				"south": {"uv": [0.5, 0, 1, 14], "texture": "#0"},
				"west": {"uv": [3.5, 0, 3.75, 14], "texture": "#0"},
				"up": {"uv": [8, 8.75, 7.5, 8.5], "texture": "#0"},
				"down": {"uv": [8.5, 8.5, 8, 8.75], "texture": "#0"}
			}
		},
		{
			"from": [7.5, -5, 7.8],
			"to": [8.5, 22, 8.2],
			"rotation": {"angle": 0, "axis": "y", "origin": [9.535, 5.2, 8.03303]},
			"faces": {
				"north": {"uv": [1, 0, 1.5, 13.5], "texture": "#0"},
				"east": {"uv": [4, 0, 4.25, 13.5], "texture": "#0"},
				"south": {"uv": [1.5, 0, 2, 13.5], "texture": "#0"},
				"west": {"uv": [4.5, 0, 4.75, 13.5], "texture": "#0"},
				"up": {"uv": [9, 8.75, 8.5, 8.5], "texture": "#0"},
				"down": {"uv": [9.5, 2.5, 9, 2.75], "texture": "#0"}
			}
		},
		{
			"from": [8.5, -5, 7.8],
			"to": [9.4, 20, 8.2],
			"rotation": {"angle": 0, "axis": "y", "origin": [9.235, 9.275, 7.99803]},
			"faces": {
				"north": {"uv": [2, 0, 2.5, 12.5], "texture": "#0"},
				"east": {"uv": [5, 0, 5.25, 12.5], "texture": "#0"},
				"south": {"uv": [2.5, 0, 3, 12.5], "texture": "#0"},
				"west": {"uv": [5.5, 0, 5.75, 12.5], "texture": "#0"},
				"up": {"uv": [9.5, 3.25, 9, 3], "texture": "#0"},
				"down": {"uv": [9.5, 3.5, 9, 3.75], "texture": "#0"}
			}
		},
		{
			"name": "octagon",
			"from": [8.15868, 19.15635, 7.799],
			"to": [9.15868, 21.18935, 8.201],
			"rotation": {"angle": 22.5, "axis": "z", "origin": [7.15868, 20.18478, 8.2]},
			"faces": {
				"north": {"uv": [7, 0, 7.5, 1], "texture": "#0"},
				"east": {"uv": [8, 5, 8.25, 6], "texture": "#0"},
				"south": {"uv": [7, 1, 7.5, 2], "texture": "#0"},
				"west": {"uv": [8, 6.5, 8.25, 7.5], "texture": "#0"},
				"up": {"uv": [9.5, 4.25, 9, 4], "texture": "#0"},
				"down": {"uv": [9.5, 4.5, 9, 4.75], "texture": "#0"}
			}
		},
		{
			"name": "octagon",
			"from": [7.69272, 20.25068, 7.798],
			"to": [8.69272, 21.83768, 8.202],
			"rotation": {"angle": 45, "axis": "z", "origin": [6.69272, 20.97911, 8.2]},
			"faces": {
				"north": {"uv": [6.5, 7.5, 7, 8.25], "texture": "#0"},
				"east": {"uv": [8.5, 2.5, 8.75, 3.25], "texture": "#0"},
				"south": {"uv": [7.5, 6.5, 8, 7.25], "texture": "#0"},
				"west": {"uv": [8.5, 3.5, 8.75, 4.25], "texture": "#0"},
				"up": {"uv": [9.5, 5.25, 9, 5], "texture": "#0"},
				"down": {"uv": [9.5, 5.5, 9, 5.75], "texture": "#0"}
			}
		}
	],
	"display": {
		"thirdperson_righthand": {
			"rotation": [-175, 90, 0],
			"translation": [0, -9.75, -0.25],
			"scale": [0.85, 0.36, 1]
		},
		"thirdperson_lefthand": {
			"rotation": [-175, 90, 0],
			"translation": [0, -9.75, -0.25],
			"scale": [0.85, 0.36, 1]
		},
		"firstperson_righthand": {
			"rotation": [0, 90, 0],
			"translation": [3, 6, 0],
			"scale": [0.78, 0.37, 0.54]
		},
		"ground": {
			"rotation": [90, 0, 0],
			"translation": [0, 0, 5]
		},
		"gui": {
			"rotation": [0, 0, -45],
			"translation": [1.5, 0.5, 0],
			"scale": [0.69, 0.37, 0.54]
		},
		"fixed": {
			"translation": [0, 3.75, -2]
		}
	},
	"groups": [
		{
			"name": "group",
			"origin": [8, 8, 8],
			"color": 0,
			"children": [
				{
					"name": "기둥,봉",
					"origin": [8.02215, 20, 8.21109],
					"color": 0,
					"children": [0, 1, 2, 3, 4, 5, 6, 7]
				},
				{
					"name": "날",
					"origin": [7.38264, 28.37118, 7.965],
					"color": 0,
					"children": [8, 9, 10, 11, 12]
				}
			]
		}
	]
}