{
	"credit": "Made with Blockbench",
	"textures": {
		"0": "nobi/kunai4",
		"particle": "nobi/kunai4"
	},
	"elements": [
		{
			"from": [7.511, 5.511, 7.261],
			"to": [8.489, 8.739, 8.739],
			"rotation": {"angle": 0, "axis": "y", "origin": [7, 1.75, 7]},
			"faces": {
				"north": {"uv": [5, 3, 6, 6.5], "texture": "#0"},
				"east": {"uv": [0, 0, 1.5, 3.5], "texture": "#0"},
				"south": {"uv": [6, 3, 7, 6.5], "texture": "#0"},
				"west": {"uv": [2, 0, 3.5, 3.5], "texture": "#0"},
				"up": {"uv": [8, 10.5, 7, 9], "texture": "#0"},
				"down": {"uv": [10, 7, 9, 8.5], "texture": "#0"}
			}
		},
		{
			"from": [7.6, 1.75, 7.575],
			"to": [8.4, 5.75, 8.425],
			"rotation": {"angle": 0, "axis": "y", "origin": [6.875, 1.75, 6.875]},
			"faces": {
				"north": {"uv": [3, 4, 2, 8], "texture": "#0"},
				"east": {"uv": [2, 4, 3, 8], "texture": "#0"},
				"south": {"uv": [3, 4, 2, 8], "texture": "#0"},
				"west": {"uv": [2, 4, 3, 8], "texture": "#0"},
				"up": {"uv": [2, 4, 3, 8], "texture": "#0"},
				"down": {"uv": [2, 4, 3, 8], "texture": "#0"}
			}
		},
		{
			"from": [7.35, 4.75, 7.075],
			"to": [8.65, 5.75, 8.925],
			"rotation": {"angle": 0, "axis": "y", "origin": [6.875, 1.75, 6.875]},
			"faces": {
				"north": {"uv": [9, 5, 10.5, 6], "texture": "#0"},
				"east": {"uv": [9, 5, 10.5, 6], "texture": "#0"},
				"south": {"uv": [10.5, 5, 9, 6], "texture": "#0"},
				"west": {"uv": [9, 5, 10.5, 6], "texture": "#0"},
				"up": {"uv": [9, 5, 10.5, 6], "texture": "#0"},
				"down": {"uv": [9, 5, 10.5, 6], "texture": "#0"}
			}
		},
		{
			"from": [7.6, 4.75, 6.575],
			"to": [8.4, 5.5, 7.675],
			"rotation": {"angle": -22.5, "axis": "x", "origin": [8, 5.25, 7]},
			"faces": {
				"north": {"uv": [9, 5, 10.5, 6], "texture": "#0"},
				"east": {"uv": [9, 5, 10.5, 6], "texture": "#0"},
				"south": {"uv": [10.5, 5, 9, 6], "texture": "#0"},
				"west": {"uv": [9, 5, 10.5, 6], "texture": "#0"},
				"up": {"uv": [9, 5, 10.5, 6], "texture": "#0"},
				"down": {"uv": [9, 5, 10.5, 6], "texture": "#0"}
			}
		},
		{
			"from": [7.51, 7.21608, 8.12261],
			"to": [8.49, 9.94608, 9.22761],
			"rotation": {"angle": -22.5, "axis": "x", "origin": [8, 8.33108, 8.48761]},
			"faces": {
				"north": {"uv": [7, 0, 8, 3], "texture": "#0"},
				"east": {"uv": [5, 7, 4, 10], "texture": "#0"},
				"south": {"uv": [7, 3, 8, 6], "texture": "#0"},
				"west": {"uv": [4, 7, 5, 10], "texture": "#0"},
				"up": {"uv": [11, 8, 10, 7], "texture": "#0"},
				"down": {"uv": [11, 8, 10, 9], "texture": "#0"}
			}
		},
		{
			"from": [7.501, 5.66432, 6.57205],
			"to": [8.499, 7.91232, 7.79505],
			"rotation": {"angle": -22.5, "axis": "x", "origin": [8, 7.28832, 7.32105]},
			"faces": {
				"north": {"uv": [8, 0, 9, 2.5], "texture": "#0"},
				"east": {"uv": [9, 3, 8, 5.5], "texture": "#0"},
				"south": {"uv": [2, 8, 3, 10.5], "texture": "#0"},
				"west": {"uv": [8, 3, 9, 5.5], "texture": "#0"},
				"up": {"uv": [11, 10, 10, 9], "texture": "#0"},
				"down": {"uv": [11, 10, 10, 11], "texture": "#0"}
			}
		},
		{
			"from": [7.676, 4.16432, 4.97205],
			"to": [8.324, 6.06232, 5.89505],
			"rotation": {"angle": -22.5, "axis": "x", "origin": [8, 7.28832, 7.47105]},
			"faces": {
				"north": {"uv": [8, 0, 9, 2.5], "texture": "#0"},
				"east": {"uv": [9, 3, 8, 5.5], "texture": "#0"},
				"south": {"uv": [2, 8, 3, 10.5], "texture": "#0"},
				"west": {"uv": [8, 3, 9, 5.5], "texture": "#0"},
				"up": {"uv": [11, 10, 10, 9], "texture": "#0"},
				"down": {"uv": [11, 10, 10, 11], "texture": "#0"}
			}
		},
		{
			"from": [7.50001, 7.20609, 6.7624],
			"to": [8.49999, 10.38107, 7.78738],
			"rotation": {"angle": 22.5, "axis": "x", "origin": [8, 8.33108, 7.51239]},
			"faces": {
				"north": {"uv": [5, 7, 6, 10], "texture": "#0"},
				"east": {"uv": [1, 8, 0, 11], "texture": "#0"},
				"south": {"uv": [7, 6, 8, 9], "texture": "#0"},
				"west": {"uv": [0, 8, 1, 11], "texture": "#0"},
				"up": {"uv": [1, 12, 0, 11], "texture": "#0"},
				"down": {"uv": [12, 0, 11, 1], "texture": "#0"}
			}
		},
		{
			"from": [7.65001, 5.09931, 5.88751],
			"to": [8.34999, 6.27429, 6.61249],
			"rotation": {"angle": 22.5, "axis": "x", "origin": [8, 5.7868, 6]},
			"faces": {
				"north": {"uv": [14, 7, 13, 8.5], "texture": "#0"},
				"east": {"uv": [13, 7, 14, 8.5], "texture": "#0"},
				"south": {"uv": [13, 7, 14, 8.5], "texture": "#0"},
				"west": {"uv": [13, 7, 14, 8.5], "texture": "#0"},
				"up": {"uv": [14, 10, 13, 9], "texture": "#0"},
				"down": {"uv": [12, 0, 11, 1], "texture": "#0"}
			}
		},
		{
			"from": [7.5007, 9.97581, 9.00898],
			"to": [8.4993, 10.97441, 9.33258],
			"rotation": {"angle": -22.5, "axis": "x", "origin": [8, 8.10011, 8.58328]},
			"faces": {
				"north": {"uv": [1, 11, 2, 12], "texture": "#0"},
				"east": {"uv": [12, 0, 12.5, 1], "texture": "#0"},
				"south": {"uv": [11, 1, 12, 2], "texture": "#0"},
				"west": {"uv": [1, 12, 1.5, 13], "texture": "#0"},
				"up": {"uv": [13, 1.5, 12, 1], "texture": "#0"},
				"down": {"uv": [3, 12, 2, 12.5], "texture": "#0"}
			}
		},
		{
			"from": [7.51, 10.4354, 6.44902],
			"to": [8.49, 11.1404, 6.75402],
			"rotation": {"angle": 22.5, "axis": "x", "origin": [8, 7.5504, 7.18902]},
			"faces": {
				"north": {"uv": [12, 2, 13, 2.5], "texture": "#0"},
				"east": {"uv": [12, 6, 12.5, 6.5], "texture": "#0"},
				"south": {"uv": [3, 12, 4, 12.5], "texture": "#0"},
				"west": {"uv": [12, 7, 12.5, 7.5], "texture": "#0"},
				"up": {"uv": [13, 3.5, 12, 3], "texture": "#0"},
				"down": {"uv": [5, 12, 4, 12.5], "texture": "#0"}
			}
		},
		{
			"from": [7.51, 10.51003, 6.76887],
			"to": [8.49, 10.79003, 7.04887],
			"rotation": {"angle": 22.5, "axis": "x", "origin": [8, 7.62503, 7.00887]},
			"faces": {
				"north": {"uv": [12, 4, 13, 4.5], "texture": "#0"},
				"east": {"uv": [13, 2, 13.5, 2.5], "texture": "#0"},
				"south": {"uv": [5, 12, 6, 12.5], "texture": "#0"},
				"west": {"uv": [3, 13, 3.5, 13.5], "texture": "#0"},
				"up": {"uv": [13, 5.5, 12, 5], "texture": "#0"},
				"down": {"uv": [7, 12, 6, 12.5], "texture": "#0"}
			}
		},
		{
			"from": [7.5501, 0.63257, 7.05414],
			"to": [8.4499, 1.98237, 8.40394],
			"rotation": {"angle": 45, "axis": "x", "origin": [7.81453, 1.085, 8.11706]},
			"faces": {
				"north": {"uv": [8, 9, 9, 10.5], "texture": "#0"},
				"east": {"uv": [10.5, 5, 9, 6.5], "texture": "#0"},
				"south": {"uv": [9, 9, 10, 10.5], "texture": "#0"},
				"west": {"uv": [9, 5, 10.5, 6.5], "texture": "#0"},
				"up": {"uv": [11, 1.5, 10, 0], "texture": "#0"},
				"down": {"uv": [4, 10, 3, 11.5], "texture": "#0"}
			}
		},
		{
			"from": [7.7001, -0.27242, 7.5501],
			"to": [8.2999, 1.62738, 8.0499],
			"rotation": {"angle": -22.5, "axis": "x", "origin": [8, 0.37748, 7.65]},
			"faces": {
				"north": {"uv": [11, 6, 11.5, 8], "texture": "#0"},
				"east": {"uv": [7, 11, 7.5, 13], "texture": "#0"},
				"south": {"uv": [8, 11, 8.5, 13], "texture": "#0"},
				"west": {"uv": [11, 8, 11.5, 10], "texture": "#0"},
				"up": {"uv": [12.5, 8.5, 12, 8], "texture": "#0"},
				"down": {"uv": [12.5, 9, 12, 9.5], "texture": "#0"}
			}
		},
		{
			"from": [7.701, -0.27152, 7.951],
			"to": [8.299, 1.62648, 8.449],
			"rotation": {"angle": 22.5, "axis": "x", "origin": [8, 0.37748, 8.35]},
			"faces": {
				"north": {"uv": [9, 11, 9.5, 13], "texture": "#0"},
				"east": {"uv": [10, 11, 10.5, 13], "texture": "#0"},
				"south": {"uv": [11, 10, 11.5, 12], "texture": "#0"},
				"west": {"uv": [0, 12, 0.5, 14], "texture": "#0"},
				"up": {"uv": [12.5, 10.5, 12, 10], "texture": "#0"},
				"down": {"uv": [11.5, 12, 11, 12.5], "texture": "#0"}
			}
		},
		{
			"from": [7.7251, -0.40589, 7.80777],
			"to": [8.2731, -0.13289, 8.08077],
			"rotation": {"angle": 45, "axis": "x", "origin": [7.9991, -0.33189, 7.98177]},
			"faces": {
				"north": {"uv": [12, 11, 12.5, 11.5], "texture": "#0"},
				"east": {"uv": [12, 12, 12.5, 12.5], "texture": "#0"},
				"south": {"uv": [13, 0, 13.5, 0.5], "texture": "#0"},
				"west": {"uv": [1, 13, 1.5, 13.5], "texture": "#0"},
				"up": {"uv": [13.5, 1.5, 13, 1], "texture": "#0"},
				"down": {"uv": [2.5, 13, 2, 13.5], "texture": "#0"}
			}
		},
		{
			"from": [7.4751, 0.88257, 7.30414],
			"to": [8.5249, 1.73237, 8.15394],
			"rotation": {"angle": 45, "axis": "x", "origin": [7.81453, 1.085, 8.11706]},
			"faces": {
				"north": {"uv": [2, 11, 3, 12], "texture": "#0"},
				"east": {"uv": [12, 4, 11, 5], "texture": "#0"},
				"south": {"uv": [11, 3, 12, 4], "texture": "#0"},
				"west": {"uv": [11, 4, 12, 5], "texture": "#0"},
				"up": {"uv": [12, 6, 11, 5], "texture": "#0"},
				"down": {"uv": [7, 11, 6, 12], "texture": "#0"}
			}
		},
		{
			"from": [7.502, 5.66532, 7.93095],
			"to": [8.498, 7.91132, 9.42695],
			"rotation": {"angle": 22.5, "axis": "x", "origin": [8, 7.28832, 8.67895]},
			"faces": {
				"north": {"uv": [8, 6, 9, 8.5], "texture": "#0"},
				"east": {"uv": [6.5, 0, 5, 2.5], "texture": "#0"},
				"south": {"uv": [9, 0, 10, 2.5], "texture": "#0"},
				"west": {"uv": [5, 0, 6.5, 2.5], "texture": "#0"},
				"up": {"uv": [5, 11.5, 4, 10], "texture": "#0"},
				"down": {"uv": [6, 10, 5, 11.5], "texture": "#0"}
			}
		}
	],
	"gui_light": "front",
	"display": {
		"thirdperson_righthand": {
			"translation": [0, 6.25, 1.25],
			"scale": [1, 1.27, 1]
		},
		"thirdperson_lefthand": {
			"translation": [0, 3.75, 1.25],
			"scale": [0.99, 1.31, 0.99]
		},
		"firstperson_righthand": {
			"rotation": [10.25, 0, 0],
			"translation": [1.75, 9.75, 0],
			"scale": [1.05, 1.49, 1.05]
		},
		"firstperson_lefthand": {
			"rotation": [9.5, 0, 0],
			"translation": [0.5, -80, 0],
			"scale": [1, 1.47, 1]
		},
		"ground": {
			"translation": [0, 7.5, 0]
		},
		"gui": {
			"rotation": [101.62, -63.02, 100.38],
			"translation": [-0.75, 2.5, 0],
			"scale": [1.23, 1.23, 1.23]
		},
		"fixed": {
			"rotation": [-94.34, -50.39, -93.31],
			"translation": [1.5, 2.25, 0]
		}
	}
}