{
	"credit": "Designed by Ckrgksskawk0 with Cubik Studio - https://cubik.studio",
	"textures": {
		"voxels_atlas": "n/fire8",
		"particle": "blocks/e_particle"
	},
	"elements": [
		{
			"name": "Voxels",
			"from": [7.936, 4.608, 7.68],
			"to": [9.472, 4.992, 8.064],
			"faces": {
				"north": {"uv": [8, 15.25, 6.5, 15.625], "texture": "#voxels_atlas"},
				"east": {"uv": [8, 14, 7.625, 14.375], "texture": "#voxels_atlas"},
				"south": {"uv": [6.5, 14.875, 8, 15.25], "texture": "#voxels_atlas"},
				"west": {"uv": [7.625, 14.5, 8, 14.875], "texture": "#voxels_atlas"},
				"up": {"uv": [6.5, 16, 8, 15.625], "texture": "#voxels_atlas"},
				"down": {"uv": [6.5, 13.5, 8, 13.875], "texture": "#voxels_atlas"}
			}
		},
		{
			"name": "Voxels",
			"from": [8.064, 4.352, 7.68],
			"to": [9.344, 4.608, 8.064],
			"faces": {
				"north": {"uv": [15.75, 15.75, 14.5, 16], "texture": "#voxels_atlas"},
				"east": {"uv": [8.75, 10.375, 8.375, 10.625], "texture": "#voxels_atlas"},
				"south": {"uv": [8.375, 15.375, 9.625, 15.625], "texture": "#voxels_atlas"},
				"west": {"uv": [8.875, 10.875, 9.25, 11.125], "texture": "#voxels_atlas"},
				"up": {"uv": [6.5, 9.75, 7.75, 9.375], "texture": "#voxels_atlas"},
				"down": {"uv": [6.5, 9.75, 7.75, 10.125], "texture": "#voxels_atlas"}
			}
		},
		{
			"name": "Voxels",
			"from": [8.064, 4.736, 7.552],
			"to": [9.472, 4.992, 7.68],
			"faces": {
				"north": {"uv": [10.375, 15.75, 9, 16], "texture": "#voxels_atlas"},
				"east": {"uv": [4.375, 8, 4.25, 8.25], "texture": "#voxels_atlas"},
				"south": {"uv": [10.375, 15.75, 11.75, 16], "texture": "#voxels_atlas"},
				"west": {"uv": [9.5, 9.625, 9.625, 9.875], "texture": "#voxels_atlas"},
				"up": {"uv": [11.75, 15.75, 13.125, 15.625], "texture": "#voxels_atlas"},
				"down": {"uv": [10.375, 15.625, 11.75, 15.75], "texture": "#voxels_atlas"}
			}
		},
		{
			"name": "Voxels",
			"from": [8.064, 4.736, 8.064],
			"to": [9.472, 4.992, 8.192],
			"faces": {
				"north": {"uv": [14.5, 15.75, 13.125, 16], "texture": "#voxels_atlas"},
				"east": {"uv": [8.875, 10.125, 8.75, 10.375], "texture": "#voxels_atlas"},
				"south": {"uv": [11.75, 15.75, 13.125, 16], "texture": "#voxels_atlas"},
				"west": {"uv": [8.75, 10.375, 8.875, 10.625], "texture": "#voxels_atlas"},
				"up": {"uv": [12.25, 14.625, 13.625, 14.5], "texture": "#voxels_atlas"},
				"down": {"uv": [13.125, 15.625, 14.5, 15.75], "texture": "#voxels_atlas"}
			}
		},
		{
			"name": "Voxels",
			"from": [8.064, 4.992, 7.68],
			"to": [9.472, 5.12, 8.064],
			"faces": {
				"north": {"uv": [15, 14.5, 13.625, 14.625], "texture": "#voxels_atlas"},
				"east": {"uv": [8, 13.875, 7.625, 14], "texture": "#voxels_atlas"},
				"south": {"uv": [9, 15.625, 10.375, 15.75], "texture": "#voxels_atlas"},
				"west": {"uv": [7.625, 14.375, 8, 14.5], "texture": "#voxels_atlas"},
				"up": {"uv": [6.5, 12.875, 7.875, 12.5], "texture": "#voxels_atlas"},
				"down": {"uv": [6.5, 12.125, 7.875, 12.5], "texture": "#voxels_atlas"}
			}
		},
		{
			"name": "Voxels",
			"from": [8.064, 5.12, 7.808],
			"to": [9.472, 5.248, 7.936],
			"faces": {
				"north": {"uv": [10.875, 14.5, 9.5, 14.625], "texture": "#voxels_atlas"},
				"east": {"uv": [8.875, 13.5, 8.75, 13.625], "texture": "#voxels_atlas"},
				"south": {"uv": [10.875, 14.5, 12.25, 14.625], "texture": "#voxels_atlas"},
				"west": {"uv": [7.875, 8, 8, 8.125], "texture": "#voxels_atlas"},
				"up": {"uv": [13.625, 14.75, 15, 14.625], "texture": "#voxels_atlas"},
				"down": {"uv": [13.625, 14.75, 15, 14.875], "texture": "#voxels_atlas"}
			}
		},
		{
			"name": "Voxels",
			"from": [8.064, 5.248, 7.808],
			"to": [9.344, 6.272, 7.936],
			"faces": {
				"north": {"uv": [4.75, 15, 3.5, 16], "texture": "#voxels_atlas"},
				"east": {"uv": [4.75, 11.875, 4.625, 12.875], "texture": "#voxels_atlas"},
				"south": {"uv": [3.5, 14, 4.75, 15], "texture": "#voxels_atlas"},
				"west": {"uv": [4.625, 13, 4.75, 14], "texture": "#voxels_atlas"},
				"up": {"uv": [10.75, 14.375, 12, 14.25], "texture": "#voxels_atlas"},
				"down": {"uv": [9.5, 14.375, 10.75, 14.5], "texture": "#voxels_atlas"}
			}
		},
		{
			"name": "Voxels",
			"from": [8.192, 4.096, 7.68],
			"to": [9.216, 4.352, 8.064],
			"faces": {
				"north": {"uv": [16, 14.875, 15, 15.125], "texture": "#voxels_atlas"},
				"east": {"uv": [8.75, 9.375, 8.375, 9.625], "texture": "#voxels_atlas"},
				"south": {"uv": [15, 15.125, 16, 15.375], "texture": "#voxels_atlas"},
				"west": {"uv": [8.375, 9.625, 8.75, 9.875], "texture": "#voxels_atlas"},
				"up": {"uv": [8, 16, 9, 15.625], "texture": "#voxels_atlas"},
				"down": {"uv": [5.5, 8, 6.5, 8.375], "texture": "#voxels_atlas"}
			}
		},
		{
			"name": "Voxels",
			"from": [8.192, 4.48, 7.552],
			"to": [9.472, 4.736, 7.68],
			"faces": {
				"north": {"uv": [10.875, 15.375, 9.625, 15.625], "texture": "#voxels_atlas"},
				"east": {"uv": [8.875, 9.625, 8.75, 9.875], "texture": "#voxels_atlas"},
				"south": {"uv": [10.875, 15.375, 12.125, 15.625], "texture": "#voxels_atlas"},
				"west": {"uv": [8.75, 9.875, 8.875, 10.125], "texture": "#voxels_atlas"},
				"up": {"uv": [14.5, 15.75, 15.75, 15.625], "texture": "#voxels_atlas"},
				"down": {"uv": [12, 14.375, 13.25, 14.5], "texture": "#voxels_atlas"}
			}
		},
		{
			"name": "Voxels",
			"from": [8.192, 4.48, 8.064],
			"to": [9.344, 4.736, 8.192],
			"faces": {
				"north": {"uv": [14.375, 15.375, 13.25, 15.625], "texture": "#voxels_atlas"},
				"east": {"uv": [8.875, 9.125, 8.75, 9.375], "texture": "#voxels_atlas"},
				"south": {"uv": [12.125, 15.375, 13.25, 15.625], "texture": "#voxels_atlas"},
				"west": {"uv": [8.75, 9.375, 8.875, 9.625], "texture": "#voxels_atlas"},
				"up": {"uv": [11.75, 14.25, 12.875, 14.125], "texture": "#voxels_atlas"},
				"down": {"uv": [12.875, 14.125, 14, 14.25], "texture": "#voxels_atlas"}
			}
		},
		{
			"name": "Voxels",
			"from": [8.192, 4.992, 7.552],
			"to": [9.472, 5.12, 7.68],
			"faces": {
				"north": {"uv": [14.5, 14.375, 13.25, 14.5], "texture": "#voxels_atlas"},
				"east": {"uv": [9.5, 9.5, 9.375, 9.625], "texture": "#voxels_atlas"},
				"south": {"uv": [10.75, 14.375, 12, 14.5], "texture": "#voxels_atlas"},
				"west": {"uv": [9.375, 9.625, 9.5, 9.75], "texture": "#voxels_atlas"},
				"up": {"uv": [14.5, 14.5, 15.75, 14.375], "texture": "#voxels_atlas"},
				"down": {"uv": [9.5, 14.25, 10.75, 14.375], "texture": "#voxels_atlas"}
			}
		},
		{
			"name": "Voxels",
			"from": [8.192, 4.992, 8.064],
			"to": [9.344, 5.12, 8.192],
			"faces": {
				"north": {"uv": [10.625, 14.125, 9.5, 14.25], "texture": "#voxels_atlas"},
				"east": {"uv": [16, 13.875, 15.875, 14], "texture": "#voxels_atlas"},
				"south": {"uv": [13.125, 14.25, 14.25, 14.375], "texture": "#voxels_atlas"},
				"west": {"uv": [15.875, 14, 16, 14.125], "texture": "#voxels_atlas"},
				"up": {"uv": [14, 14.25, 15.125, 14.125], "texture": "#voxels_atlas"},
				"down": {"uv": [12, 14.25, 13.125, 14.375], "texture": "#voxels_atlas"}
			}
		},
		{
			"name": "Voxels",
			"from": [8.192, 6.272, 7.808],
			"to": [9.344, 6.784, 7.936],
			"faces": {
				"north": {"uv": [7.625, 14.375, 6.5, 14.875], "texture": "#voxels_atlas"},
				"east": {"uv": [8.375, 9.875, 8.25, 10.375], "texture": "#voxels_atlas"},
				"south": {"uv": [6.5, 13.875, 7.625, 14.375], "texture": "#voxels_atlas"},
				"west": {"uv": [8.125, 9.875, 8.25, 10.375], "texture": "#voxels_atlas"},
				"up": {"uv": [14.25, 14.375, 15.375, 14.25], "texture": "#voxels_atlas"},
				"down": {"uv": [10.625, 14.125, 11.75, 14.25], "texture": "#voxels_atlas"}
			}
		},
		{
			"name": "Voxels",
			"from": [8.32, 3.84, 7.68],
			"to": [9.088, 4.096, 8.064],
			"faces": {
				"north": {"uv": [4.25, 8, 3.5, 8.25], "texture": "#voxels_atlas"},
				"east": {"uv": [8.75, 9.875, 8.375, 10.125], "texture": "#voxels_atlas"},
				"south": {"uv": [12.125, 14.625, 12.875, 14.875], "texture": "#voxels_atlas"},
				"west": {"uv": [8.375, 8.875, 8.75, 9.125], "texture": "#voxels_atlas"},
				"up": {"uv": [12, 15.375, 12.75, 15], "texture": "#voxels_atlas"},
				"down": {"uv": [12.75, 15, 13.5, 15.375], "texture": "#voxels_atlas"}
			}
		},
		{
			"name": "Voxels",
			"from": [8.32, 4.224, 8.064],
			"to": [9.344, 4.48, 8.192],
			"faces": {
				"north": {"uv": [15.375, 15.375, 14.375, 15.625], "texture": "#voxels_atlas"},
				"east": {"uv": [9.625, 10.375, 9.5, 10.625], "texture": "#voxels_atlas"},
				"south": {"uv": [8.875, 14.625, 9.875, 14.875], "texture": "#voxels_atlas"},
				"west": {"uv": [9.5, 10.625, 9.625, 10.875], "texture": "#voxels_atlas"},
				"up": {"uv": [13.5, 14.125, 14.5, 14], "texture": "#voxels_atlas"},
				"down": {"uv": [12.5, 14, 13.5, 14.125], "texture": "#voxels_atlas"}
			}
		},
		{
			"name": "Voxels",
			"from": [8.32, 4.352, 7.552],
			"to": [9.344, 4.48, 7.68],
			"faces": {
				"north": {"uv": [11.5, 13.875, 10.5, 14], "texture": "#voxels_atlas"},
				"east": {"uv": [10, 12.5, 9.875, 12.625], "texture": "#voxels_atlas"},
				"south": {"uv": [11.5, 13.875, 12.5, 14], "texture": "#voxels_atlas"},
				"west": {"uv": [9.5, 8, 9.625, 8.125], "texture": "#voxels_atlas"},
				"up": {"uv": [9.5, 14, 10.5, 13.875], "texture": "#voxels_atlas"},
				"down": {"uv": [14.5, 14, 15.5, 14.125], "texture": "#voxels_atlas"}
			}
		},
		{
			"name": "Voxels",
			"from": [8.32, 5.12, 7.68],
			"to": [9.344, 5.248, 7.808],
			"faces": {
				"north": {"uv": [15.5, 13.875, 14.5, 14], "texture": "#voxels_atlas"},
				"east": {"uv": [10, 12.25, 9.875, 12.375], "texture": "#voxels_atlas"},
				"south": {"uv": [9.5, 13.75, 10.5, 13.875], "texture": "#voxels_atlas"},
				"west": {"uv": [9.875, 12.375, 10, 12.5], "texture": "#voxels_atlas"},
				"up": {"uv": [13.5, 14, 14.5, 13.875], "texture": "#voxels_atlas"},
				"down": {"uv": [12.5, 13.875, 13.5, 14], "texture": "#voxels_atlas"}
			}
		},
		{
			"name": "Voxels",
			"from": [8.32, 5.12, 7.936],
			"to": [9.344, 5.248, 8.064],
			"faces": {
				"north": {"uv": [11.5, 14, 10.5, 14.125], "texture": "#voxels_atlas"},
				"east": {"uv": [10, 12.125, 9.875, 12.25], "texture": "#voxels_atlas"},
				"south": {"uv": [11.5, 14, 12.5, 14.125], "texture": "#voxels_atlas"},
				"west": {"uv": [10, 11.375, 10.125, 11.5], "texture": "#voxels_atlas"},
				"up": {"uv": [9.5, 14.125, 10.5, 14], "texture": "#voxels_atlas"},
				"down": {"uv": [15, 14.5, 16, 14.625], "texture": "#voxels_atlas"}
			}
		},
		{
			"name": "Voxels",
			"from": [8.32, 5.248, 7.68],
			"to": [9.216, 6.144, 7.808],
			"faces": {
				"north": {"uv": [4.375, 8.25, 3.5, 9.125], "texture": "#voxels_atlas"},
				"east": {"uv": [5.375, 8, 5.25, 8.875], "texture": "#voxels_atlas"},
				"south": {"uv": [3.5, 9.125, 4.375, 10], "texture": "#voxels_atlas"},
				"west": {"uv": [5.25, 8.875, 5.375, 9.75], "texture": "#voxels_atlas"},
				"up": {"uv": [15.125, 14.25, 16, 14.125], "texture": "#voxels_atlas"},
				"down": {"uv": [14.25, 13.75, 15.125, 13.875], "texture": "#voxels_atlas"}
			}
		},
		{
			"name": "Voxels",
			"from": [8.32, 5.248, 7.936],
			"to": [9.216, 6.144, 8.064],
			"faces": {
				"north": {"uv": [4.375, 10, 3.5, 10.875], "texture": "#voxels_atlas"},
				"east": {"uv": [5.5, 8, 5.375, 8.875], "texture": "#voxels_atlas"},
				"south": {"uv": [3.5, 10.875, 4.375, 11.75], "texture": "#voxels_atlas"},
				"west": {"uv": [5.375, 8.875, 5.5, 9.75], "texture": "#voxels_atlas"},
				"up": {"uv": [9.5, 13.75, 10.375, 13.625], "texture": "#voxels_atlas"},
				"down": {"uv": [15.125, 13.75, 16, 13.875], "texture": "#voxels_atlas"}
			}
		},
		{
			"name": "Voxels",
			"from": [8.32, 6.784, 7.808],
			"to": [9.344, 7.552, 7.936],
			"faces": {
				"north": {"uv": [6.5, 14.5, 5.5, 15.25], "texture": "#voxels_atlas"},
				"east": {"uv": [8, 8.625, 7.875, 9.375], "texture": "#voxels_atlas"},
				"south": {"uv": [5.5, 15.25, 6.5, 16], "texture": "#voxels_atlas"},
				"west": {"uv": [7.75, 8.625, 7.875, 9.375], "texture": "#voxels_atlas"},
				"up": {"uv": [11.5, 13.875, 12.5, 13.75], "texture": "#voxels_atlas"},
				"down": {"uv": [10.5, 13.75, 11.5, 13.875], "texture": "#voxels_atlas"}
			}
		},
		{
			"name": "Voxels",
			"from": [8.32, 7.552, 7.808],
			"to": [9.216, 8.192, 7.936],
			"faces": {
				"north": {"uv": [6.375, 8.375, 5.5, 9], "texture": "#voxels_atlas"},
				"east": {"uv": [5.25, 8, 5.125, 8.625], "texture": "#voxels_atlas"},
				"south": {"uv": [6.5, 12.875, 7.375, 13.5], "texture": "#voxels_atlas"},
				"west": {"uv": [5, 8, 5.125, 8.625], "texture": "#voxels_atlas"},
				"up": {"uv": [13.375, 13.875, 14.25, 13.75], "texture": "#voxels_atlas"},
				"down": {"uv": [12.5, 13.75, 13.375, 13.875], "texture": "#voxels_atlas"}
			}
		},
		{
			"name": "Voxels",
			"from": [8.448, 0.128, 7.552],
			"to": [8.832, 0.896, 8.192],
			"faces": {
				"north": {"uv": [4.75, 9.25, 4.375, 10], "texture": "#voxels_atlas"},
				"east": {"uv": [7.125, 8.625, 6.5, 9.375], "texture": "#voxels_atlas"},
				"south": {"uv": [8, 13.875, 8.375, 14.625], "texture": "#voxels_atlas"},
				"west": {"uv": [7.125, 8.625, 7.75, 9.375], "texture": "#voxels_atlas"},
				"up": {"uv": [8.375, 14.125, 8.75, 13.5], "texture": "#voxels_atlas"},
				"down": {"uv": [8, 9.25, 8.375, 9.875], "texture": "#voxels_atlas"}
			}
		},
		{
			"name": "Voxels",
			"from": [8.448, 1.152, 7.552],
			"to": [9.088, 1.408, 8.192],
			"faces": {
				"north": {"uv": [9.5, 11.625, 8.875, 11.875], "texture": "#voxels_atlas"},
				"east": {"uv": [9.5, 12.625, 8.875, 12.875], "texture": "#voxels_atlas"},
				"south": {"uv": [15, 14.625, 15.625, 14.875], "texture": "#voxels_atlas"},
				"west": {"uv": [8.875, 12.875, 9.5, 13.125], "texture": "#voxels_atlas"},
				"up": {"uv": [7.375, 13.5, 8, 12.875], "texture": "#voxels_atlas"},
				"down": {"uv": [6.5, 8, 7.125, 8.625], "texture": "#voxels_atlas"}
			}
		},
		{
			"name": "Voxels",
			"from": [8.448, 1.408, 7.68],
			"to": [9.216, 1.664, 8.064],
			"faces": {
				"north": {"uv": [10.625, 14.625, 9.875, 14.875], "texture": "#voxels_atlas"},
				"east": {"uv": [8.75, 10.125, 8.375, 10.375], "texture": "#voxels_atlas"},
				"south": {"uv": [12.875, 14.625, 13.625, 14.875], "texture": "#voxels_atlas"},
				"west": {"uv": [8.375, 8.625, 8.75, 8.875], "texture": "#voxels_atlas"},
				"up": {"uv": [13.5, 15.375, 14.25, 15], "texture": "#voxels_atlas"},
				"down": {"uv": [14.25, 15, 15, 15.375], "texture": "#voxels_atlas"}
			}
		},
		{
			"name": "Voxels",
			"from": [8.448, 1.664, 7.68],
			"to": [9.088, 1.92, 8.064],
			"faces": {
				"north": {"uv": [9.5, 11.375, 8.875, 11.625], "texture": "#voxels_atlas"},
				"east": {"uv": [8.75, 8.125, 8.375, 8.375], "texture": "#voxels_atlas"},
				"south": {"uv": [8.875, 11.125, 9.5, 11.375], "texture": "#voxels_atlas"},
				"west": {"uv": [8.375, 8.375, 8.75, 8.625], "texture": "#voxels_atlas"},
				"up": {"uv": [8.875, 14.25, 9.5, 13.875], "texture": "#voxels_atlas"},
				"down": {"uv": [8.875, 13.5, 9.5, 13.875], "texture": "#voxels_atlas"}
			}
		},
		{
			"name": "Voxels",
			"from": [8.448, 3.712, 7.68],
			"to": [9.088, 3.84, 8.064],
			"faces": {
				"north": {"uv": [9.5, 10.375, 8.875, 10.5], "texture": "#voxels_atlas"},
				"east": {"uv": [14.5, 13.625, 14.125, 13.75], "texture": "#voxels_atlas"},
				"south": {"uv": [8.875, 10.25, 9.5, 10.375], "texture": "#voxels_atlas"},
				"west": {"uv": [9.625, 12.625, 10, 12.75], "texture": "#voxels_atlas"},
				"up": {"uv": [8.875, 14.625, 9.5, 14.25], "texture": "#voxels_atlas"},
				"down": {"uv": [8.875, 13.125, 9.5, 13.5], "texture": "#voxels_atlas"}
			}
		},
		{
			"name": "Voxels",
			"from": [8.448, 3.84, 7.552],
			"to": [9.088, 4.352, 7.68],
			"faces": {
				"north": {"uv": [12, 14.875, 11.375, 15.375], "texture": "#voxels_atlas"},
				"east": {"uv": [9.25, 8, 9.125, 8.5], "texture": "#voxels_atlas"},
				"south": {"uv": [7.125, 8.125, 7.75, 8.625], "texture": "#voxels_atlas"},
				"west": {"uv": [9.5, 13.125, 9.625, 13.625], "texture": "#voxels_atlas"},
				"up": {"uv": [8.875, 9.875, 9.5, 9.75], "texture": "#voxels_atlas"},
				"down": {"uv": [8.875, 9.875, 9.5, 10], "texture": "#voxels_atlas"}
			}
		},
		{
			"name": "Voxels",
			"from": [8.448, 3.968, 8.064],
			"to": [9.216, 4.224, 8.192],
			"faces": {
				"north": {"uv": [11.375, 14.625, 10.625, 14.875], "texture": "#voxels_atlas"},
				"east": {"uv": [9.625, 8.875, 9.5, 9.125], "texture": "#voxels_atlas"},
				"south": {"uv": [11.375, 14.625, 12.125, 14.875], "texture": "#voxels_atlas"},
				"west": {"uv": [9.875, 10.875, 10, 11.125], "texture": "#voxels_atlas"},
				"up": {"uv": [12.75, 15, 13.5, 14.875], "texture": "#voxels_atlas"},
				"down": {"uv": [12, 14.875, 12.75, 15], "texture": "#voxels_atlas"}
			}
		},
		{
			"name": "Voxels",
			"from": [8.448, 6.144, 7.68],
			"to": [9.216, 7.296, 7.808],
			"faces": {
				"north": {"uv": [0.75, 8.625, 0, 9.75], "texture": "#voxels_atlas"},
				"east": {"uv": [5.125, 8.625, 5, 9.75], "texture": "#voxels_atlas"},
				"south": {"uv": [3.5, 12.875, 4.25, 14], "texture": "#voxels_atlas"},
				"west": {"uv": [5.125, 8.625, 5.25, 9.75], "texture": "#voxels_atlas"},
				"up": {"uv": [13.5, 15, 14.25, 14.875], "texture": "#voxels_atlas"},
				"down": {"uv": [14.25, 14.875, 15, 15], "texture": "#voxels_atlas"}
			}
		},
		{
			"name": "Voxels",
			"from": [8.448, 6.144, 7.936],
			"to": [9.216, 7.296, 8.064],
			"faces": {
				"north": {"uv": [4.25, 11.75, 3.5, 12.875], "texture": "#voxels_atlas"},
				"east": {"uv": [4.875, 8.625, 4.75, 9.75], "texture": "#voxels_atlas"},
				"south": {"uv": [0.75, 8.625, 1.5, 9.75], "texture": "#voxels_atlas"},
				"west": {"uv": [4.875, 8.625, 5, 9.75], "texture": "#voxels_atlas"},
				"up": {"uv": [11.875, 13.75, 12.625, 13.625], "texture": "#voxels_atlas"},
				"down": {"uv": [12.625, 13.625, 13.375, 13.75], "texture": "#voxels_atlas"}
			}
		},
		{
			"name": "Voxels",
			"from": [8.448, 7.296, 7.68],
			"to": [9.088, 7.808, 7.808],
			"faces": {
				"north": {"uv": [10.75, 14.875, 10.125, 15.375], "texture": "#voxels_atlas"},
				"east": {"uv": [8.875, 13.625, 8.75, 14.125], "texture": "#voxels_atlas"},
				"south": {"uv": [9.5, 14.875, 10.125, 15.375], "texture": "#voxels_atlas"},
				"west": {"uv": [8.875, 9, 9, 9.5], "texture": "#voxels_atlas"},
				"up": {"uv": [8.875, 10.25, 9.5, 10.125], "texture": "#voxels_atlas"},
				"down": {"uv": [8.875, 10, 9.5, 10.125], "texture": "#voxels_atlas"}
			}
		},
		{
			"name": "Voxels",
			"from": [8.448, 7.296, 7.936],
			"to": [9.088, 7.808, 8.064],
			"faces": {
				"north": {"uv": [11.375, 14.875, 10.75, 15.375], "texture": "#voxels_atlas"},
				"east": {"uv": [8.25, 10.375, 8.125, 10.875], "texture": "#voxels_atlas"},
				"south": {"uv": [8.875, 14.875, 9.5, 15.375], "texture": "#voxels_atlas"},
				"west": {"uv": [8.25, 10.375, 8.375, 10.875], "texture": "#voxels_atlas"},
				"up": {"uv": [8.875, 10.75, 9.5, 10.625], "texture": "#voxels_atlas"},
				"down": {"uv": [8.875, 10.5, 9.5, 10.625], "texture": "#voxels_atlas"}
			}
		},
		{
			"name": "Voxels",
			"from": [8.448, 8.192, 7.808],
			"to": [9.216, 14.592, 7.936],
			"faces": {
				"north": {"uv": [1.5, 9.75, 0.75, 16], "texture": "#voxels_atlas"},
				"east": {"uv": [4.875, 9.75, 4.75, 16], "texture": "#voxels_atlas"},
				"south": {"uv": [0, 9.75, 0.75, 16], "texture": "#voxels_atlas"},
				"west": {"uv": [4.875, 9.75, 5, 16], "texture": "#voxels_atlas"},
				"up": {"uv": [10.375, 13.75, 11.125, 13.625], "texture": "#voxels_atlas"},
				"down": {"uv": [11.125, 13.625, 11.875, 13.75], "texture": "#voxels_atlas"}
			}
		},
		{
			"name": "Voxels",
			"from": [8.576, 0, 7.552],
			"to": [8.96, 0.128, 8.192],
			"faces": {
				"north": {"uv": [15.75, 14.25, 15.375, 14.375], "texture": "#voxels_atlas"},
				"east": {"uv": [7.75, 8, 7.125, 8.125], "texture": "#voxels_atlas"},
				"south": {"uv": [4.375, 8, 4.75, 8.125], "texture": "#voxels_atlas"},
				"west": {"uv": [8.875, 10.75, 9.5, 10.875], "texture": "#voxels_atlas"},
				"up": {"uv": [8, 8.625, 8.375, 8], "texture": "#voxels_atlas"},
				"down": {"uv": [8, 8.625, 8.375, 9.25], "texture": "#voxels_atlas"}
			}
		},
		{
			"name": "Voxels",
			"from": [8.576, 0.896, 7.552],
			"to": [9.088, 1.152, 8.192],
			"faces": {
				"north": {"uv": [8.875, 10.875, 8.375, 11.125], "texture": "#voxels_atlas"},
				"east": {"uv": [9.5, 12.375, 8.875, 12.625], "texture": "#voxels_atlas"},
				"south": {"uv": [8.375, 10.625, 8.875, 10.875], "texture": "#voxels_atlas"},
				"west": {"uv": [8.875, 11.875, 9.5, 12.125], "texture": "#voxels_atlas"},
				"up": {"uv": [8.375, 14.75, 8.875, 14.125], "texture": "#voxels_atlas"},
				"down": {"uv": [8.375, 14.75, 8.875, 15.375], "texture": "#voxels_atlas"}
			}
		},
		{
			"name": "Voxels",
			"from": [8.576, 1.92, 7.68],
			"to": [9.088, 2.688, 8.064],
			"faces": {
				"north": {"uv": [8, 10.625, 7.5, 11.375], "texture": "#voxels_atlas"},
				"east": {"uv": [4.75, 10.125, 4.375, 10.875], "texture": "#voxels_atlas"},
				"south": {"uv": [7.5, 11.375, 8, 12.125], "texture": "#voxels_atlas"},
				"west": {"uv": [4.375, 11, 4.75, 11.75], "texture": "#voxels_atlas"},
				"up": {"uv": [8.375, 13.5, 8.875, 13.125], "texture": "#voxels_atlas"},
				"down": {"uv": [7.5, 10.25, 8, 10.625], "texture": "#voxels_atlas"}
			}
		},
		{
			"name": "Voxels",
			"from": [8.576, 2.688, 7.68],
			"to": [8.96, 3.712, 8.064],
			"faces": {
				"north": {"uv": [4.75, 8.125, 4.375, 9.125], "texture": "#voxels_atlas"},
				"east": {"uv": [8.375, 14.625, 8, 15.625], "texture": "#voxels_atlas"},
				"south": {"uv": [4.25, 11.875, 4.625, 12.875], "texture": "#voxels_atlas"},
				"west": {"uv": [4.25, 13, 4.625, 14], "texture": "#voxels_atlas"},
				"up": {"uv": [8.375, 12, 8.75, 11.625], "texture": "#voxels_atlas"},
				"down": {"uv": [8.375, 12, 8.75, 12.375], "texture": "#voxels_atlas"}
			}
		},
		{
			"name": "Voxels",
			"from": [8.576, 3.84, 8.064],
			"to": [9.088, 3.968, 8.192],
			"faces": {
				"north": {"uv": [9.5, 9.125, 9, 9.25], "texture": "#voxels_atlas"},
				"east": {"uv": [10, 11.625, 9.875, 11.75], "texture": "#voxels_atlas"},
				"south": {"uv": [9, 9, 9.5, 9.125], "texture": "#voxels_atlas"},
				"west": {"uv": [9.875, 11.75, 10, 11.875], "texture": "#voxels_atlas"},
				"up": {"uv": [7.5, 10.25, 8, 10.125], "texture": "#voxels_atlas"},
				"down": {"uv": [8.375, 8, 8.875, 8.125], "texture": "#voxels_atlas"}
			}
		},
		{
			"name": "Voxels",
			"from": [8.576, 4.224, 8.192],
			"to": [8.832, 4.48, 8.32],
			"faces": {
				"north": {"uv": [9.5, 10.875, 9.25, 11.125], "texture": "#voxels_atlas"},
				"east": {"uv": [9.625, 9.125, 9.5, 9.375], "texture": "#voxels_atlas"},
				"south": {"uv": [9.25, 8.25, 9.5, 8.5], "texture": "#voxels_atlas"},
				"west": {"uv": [9.5, 9.375, 9.625, 9.625], "texture": "#voxels_atlas"},
				"up": {"uv": [9.625, 12.25, 9.875, 12.125], "texture": "#voxels_atlas"},
				"down": {"uv": [9.625, 12.25, 9.875, 12.375], "texture": "#voxels_atlas"}
			}
		},
		{
			"name": "Voxels",
			"from": [8.576, 4.352, 7.424],
			"to": [8.96, 4.48, 7.552],
			"faces": {
				"north": {"uv": [10, 12.875, 9.625, 13], "texture": "#voxels_atlas"},
				"east": {"uv": [10.125, 11.25, 10, 11.375], "texture": "#voxels_atlas"},
				"south": {"uv": [9.625, 12.75, 10, 12.875], "texture": "#voxels_atlas"},
				"west": {"uv": [9.875, 11.5, 10, 11.625], "texture": "#voxels_atlas"},
				"up": {"uv": [9.625, 13.125, 10, 13], "texture": "#voxels_atlas"},
				"down": {"uv": [9.625, 13.125, 10, 13.25], "texture": "#voxels_atlas"}
			}
		},
		{
			"name": "Voxels",
			"from": [8.576, 5.12, 7.552],
			"to": [8.96, 6.912, 7.68],
			"faces": {
				"north": {"uv": [2.875, 8, 2.5, 9.75], "texture": "#voxels_atlas"},
				"east": {"uv": [2, 8, 1.875, 9.75], "texture": "#voxels_atlas"},
				"south": {"uv": [3, 8, 3.375, 9.75], "texture": "#voxels_atlas"},
				"west": {"uv": [3.375, 8, 3.5, 9.75], "texture": "#voxels_atlas"},
				"up": {"uv": [4.375, 9.25, 4.75, 9.125], "texture": "#voxels_atlas"},
				"down": {"uv": [4.375, 10, 4.75, 10.125], "texture": "#voxels_atlas"}
			}
		},
		{
			"name": "Voxels",
			"from": [8.576, 5.12, 8.064],
			"to": [8.96, 6.912, 8.192],
			"faces": {
				"north": {"uv": [1.875, 8, 1.5, 9.75], "texture": "#voxels_atlas"},
				"east": {"uv": [2.5, 8, 2.375, 9.75], "texture": "#voxels_atlas"},
				"south": {"uv": [2, 8, 2.375, 9.75], "texture": "#voxels_atlas"},
				"west": {"uv": [2.875, 8, 3, 9.75], "texture": "#voxels_atlas"},
				"up": {"uv": [15.5, 14, 15.875, 13.875], "texture": "#voxels_atlas"},
				"down": {"uv": [15.5, 14, 15.875, 14.125], "texture": "#voxels_atlas"}
			}
		},
		{
			"name": "Voxels",
			"from": [8.576, 7.808, 7.68],
			"to": [9.088, 14.208, 7.808],
			"faces": {
				"north": {"uv": [3.5, 9.75, 3, 16], "texture": "#voxels_atlas"},
				"east": {"uv": [5.125, 9.75, 5, 16], "texture": "#voxels_atlas"},
				"south": {"uv": [2.5, 9.75, 3, 16], "texture": "#voxels_atlas"},
				"west": {"uv": [5.25, 9.75, 5.375, 16], "texture": "#voxels_atlas"},
				"up": {"uv": [8.875, 9.625, 9.375, 9.5], "texture": "#voxels_atlas"},
				"down": {"uv": [8.875, 9.625, 9.375, 9.75], "texture": "#voxels_atlas"}
			}
		},
		{
			"name": "Voxels",
			"from": [8.576, 7.808, 7.936],
			"to": [9.088, 14.208, 8.064],
			"faces": {
				"north": {"uv": [2.5, 9.75, 2, 16], "texture": "#voxels_atlas"},
				"east": {"uv": [5.5, 9.75, 5.375, 16], "texture": "#voxels_atlas"},
				"south": {"uv": [1.5, 9.75, 2, 16], "texture": "#voxels_atlas"},
				"west": {"uv": [5.125, 9.75, 5.25, 16], "texture": "#voxels_atlas"},
				"up": {"uv": [9, 9.375, 9.5, 9.25], "texture": "#voxels_atlas"},
				"down": {"uv": [9, 9.375, 9.5, 9.5], "texture": "#voxels_atlas"}
			}
		},
		{
			"name": "Voxels",
			"from": [8.576, 14.208, 7.68],
			"to": [8.96, 14.336, 7.808],
			"faces": {
				"north": {"uv": [4.75, 10.875, 4.375, 11], "texture": "#voxels_atlas"},
				"east": {"uv": [9.875, 8.625, 9.75, 8.75], "texture": "#voxels_atlas"},
				"south": {"uv": [14.5, 13.625, 14.875, 13.75], "texture": "#voxels_atlas"},
				"west": {"uv": [9.875, 8.5, 10, 8.625], "texture": "#voxels_atlas"},
				"up": {"uv": [13.75, 13.75, 14.125, 13.625], "texture": "#voxels_atlas"},
				"down": {"uv": [13.375, 13.625, 13.75, 13.75], "texture": "#voxels_atlas"}
			}
		},
		{
			"name": "Voxels",
			"from": [8.576, 14.208, 7.936],
			"to": [8.96, 14.336, 8.064],
			"faces": {
				"north": {"uv": [16, 13.625, 15.625, 13.75], "texture": "#voxels_atlas"},
				"east": {"uv": [10, 8.75, 9.875, 8.875], "texture": "#voxels_atlas"},
				"south": {"uv": [9.625, 13.5, 10, 13.625], "texture": "#voxels_atlas"},
				"west": {"uv": [9.625, 8.625, 9.75, 8.75], "texture": "#voxels_atlas"},
				"up": {"uv": [15.25, 13.75, 15.625, 13.625], "texture": "#voxels_atlas"},
				"down": {"uv": [14.875, 13.625, 15.25, 13.75], "texture": "#voxels_atlas"}
			}
		},
		{
			"name": "Voxels",
			"from": [8.576, 14.592, 7.808],
			"to": [9.088, 14.848, 7.936],
			"faces": {
				"north": {"uv": [8.875, 11.125, 8.375, 11.375], "texture": "#voxels_atlas"},
				"east": {"uv": [9.625, 8.375, 9.5, 8.625], "texture": "#voxels_atlas"},
				"south": {"uv": [8.375, 11.375, 8.875, 11.625], "texture": "#voxels_atlas"},
				"west": {"uv": [9.5, 8.625, 9.625, 8.875], "texture": "#voxels_atlas"},
				"up": {"uv": [4.25, 11.875, 4.75, 11.75], "texture": "#voxels_atlas"},
				"down": {"uv": [4.25, 12.875, 4.75, 13], "texture": "#voxels_atlas"}
			}
		},
		{
			"name": "Voxels",
			"from": [8.576, 14.848, 7.808],
			"to": [8.96, 15.104, 7.936],
			"faces": {
				"north": {"uv": [16, 14.625, 15.625, 14.875], "texture": "#voxels_atlas"},
				"east": {"uv": [9.75, 11.875, 9.625, 12.125], "texture": "#voxels_atlas"},
				"south": {"uv": [8.375, 9.125, 8.75, 9.375], "texture": "#voxels_atlas"},
				"west": {"uv": [9.5, 8.125, 9.625, 8.375], "texture": "#voxels_atlas"},
				"up": {"uv": [9.625, 13.375, 10, 13.25], "texture": "#voxels_atlas"},
				"down": {"uv": [9.625, 13.375, 10, 13.5], "texture": "#voxels_atlas"}
			}
		},
		{
			"name": "Voxels",
			"from": [8.704, 4.224, 7.424],
			"to": [8.96, 4.352, 7.552],
			"faces": {
				"north": {"uv": [9.875, 11.75, 9.625, 11.875], "texture": "#voxels_atlas"},
				"east": {"uv": [9.875, 8.875, 9.75, 9], "texture": "#voxels_atlas"},
				"south": {"uv": [9.625, 11.625, 9.875, 11.75], "texture": "#voxels_atlas"},
				"west": {"uv": [9.75, 8.75, 9.875, 8.875], "texture": "#voxels_atlas"},
				"up": {"uv": [9.75, 12, 10, 11.875], "texture": "#voxels_atlas"},
				"down": {"uv": [9.75, 12, 10, 12.125], "texture": "#voxels_atlas"}
			}
		},
		{
			"name": "Voxels",
			"from": [8.704, 4.48, 7.424],
			"to": [8.96, 4.608, 7.552],
			"faces": {
				"north": {"uv": [16, 14.375, 15.75, 14.5], "texture": "#voxels_atlas"},
				"east": {"uv": [10, 11.125, 9.875, 11.25], "texture": "#voxels_atlas"},
				"south": {"uv": [15.75, 15.625, 16, 15.75], "texture": "#voxels_atlas"},
				"west": {"uv": [9.875, 10.75, 10, 10.875], "texture": "#voxels_atlas"},
				"up": {"uv": [15.75, 14.375, 16, 14.25], "texture": "#voxels_atlas"},
				"down": {"uv": [9.625, 12.5, 9.875, 12.625], "texture": "#voxels_atlas"}
			}
		},
		{
			"name": "Voxels",
			"from": [8.704, 4.48, 8.192],
			"to": [8.832, 4.736, 8.32],
			"faces": {
				"north": {"uv": [8.875, 8.125, 8.75, 8.375], "texture": "#voxels_atlas"},
				"east": {"uv": [8.875, 8.875, 8.75, 9.125], "texture": "#voxels_atlas"},
				"south": {"uv": [8.75, 8.375, 8.875, 8.625], "texture": "#voxels_atlas"},
				"west": {"uv": [8.75, 8.625, 8.875, 8.875], "texture": "#voxels_atlas"},
				"up": {"uv": [9.625, 9.5, 9.75, 9.375], "texture": "#voxels_atlas"},
				"down": {"uv": [9.75, 9.375, 9.875, 9.5], "texture": "#voxels_atlas"}
			}
		},
		{
			"name": "Voxels",
			"from": [8.704, 4.608, 7.424],
			"to": [8.832, 4.736, 7.552],
			"faces": {
				"north": {"uv": [10.125, 9.75, 10, 9.875], "texture": "#voxels_atlas"},
				"east": {"uv": [10.125, 13.375, 10, 13.5], "texture": "#voxels_atlas"},
				"south": {"uv": [10, 9.875, 10.125, 10], "texture": "#voxels_atlas"},
				"west": {"uv": [10, 11.5, 10.125, 11.625], "texture": "#voxels_atlas"},
				"up": {"uv": [9.625, 9, 9.75, 8.875], "texture": "#voxels_atlas"},
				"down": {"uv": [9.875, 9, 10, 9.125], "texture": "#voxels_atlas"}
			}
		},
		{
			"name": "Voxels",
			"from": [8.704, 6.912, 7.552],
			"to": [8.96, 8.96, 7.68],
			"faces": {
				"north": {"uv": [7.25, 10.125, 7, 12.125], "texture": "#voxels_atlas"},
				"east": {"uv": [8.375, 11.875, 8.25, 13.875], "texture": "#voxels_atlas"},
				"south": {"uv": [6.75, 10.125, 7, 12.125], "texture": "#voxels_atlas"},
				"west": {"uv": [8, 9.875, 8.125, 11.875], "texture": "#voxels_atlas"},
				"up": {"uv": [9.625, 11.25, 9.875, 11.125], "texture": "#voxels_atlas"},
				"down": {"uv": [9.625, 10.5, 9.875, 10.625], "texture": "#voxels_atlas"}
			}
		},
		{
			"name": "Voxels",
			"from": [8.704, 6.912, 8.064],
			"to": [8.96, 8.96, 8.192],
			"faces": {
				"north": {"uv": [6.75, 10.125, 6.5, 12.125], "texture": "#voxels_atlas"},
				"east": {"uv": [8.125, 11.875, 8, 13.875], "texture": "#voxels_atlas"},
				"south": {"uv": [7.25, 10.125, 7.5, 12.125], "texture": "#voxels_atlas"},
				"west": {"uv": [8.125, 11.875, 8.25, 13.875], "texture": "#voxels_atlas"},
				"up": {"uv": [9.625, 11.375, 9.875, 11.25], "texture": "#voxels_atlas"},
				"down": {"uv": [9.625, 12.375, 9.875, 12.5], "texture": "#voxels_atlas"}
			}
		},
		{
			"name": "Voxels",
			"from": [8.704, 8.96, 7.552],
			"to": [8.832, 14.592, 7.68],
			"faces": {
				"north": {"uv": [6.125, 9, 6, 14.5], "texture": "#voxels_atlas"},
				"east": {"uv": [5.625, 9, 5.5, 14.5], "texture": "#voxels_atlas"},
				"south": {"uv": [5.875, 9, 6, 14.5], "texture": "#voxels_atlas"},
				"west": {"uv": [6.375, 9, 6.5, 14.5], "texture": "#voxels_atlas"},
				"up": {"uv": [10, 13.625, 10.125, 13.5], "texture": "#voxels_atlas"},
				"down": {"uv": [9.875, 8, 10, 8.125], "texture": "#voxels_atlas"}
			}
		},
		{
			"name": "Voxels",
			"from": [8.704, 8.96, 8.064],
			"to": [8.832, 14.592, 8.192],
			"faces": {
				"north": {"uv": [5.75, 9, 5.625, 14.5], "texture": "#voxels_atlas"},
				"east": {"uv": [6.375, 9, 6.25, 14.5], "texture": "#voxels_atlas"},
				"south": {"uv": [5.75, 9, 5.875, 14.5], "texture": "#voxels_atlas"},
				"west": {"uv": [6.125, 9, 6.25, 14.5], "texture": "#voxels_atlas"},
				"up": {"uv": [10, 10.125, 10.125, 10], "texture": "#voxels_atlas"},
				"down": {"uv": [10, 11.125, 10.125, 11.25], "texture": "#voxels_atlas"}
			}
		},
		{
			"name": "Voxels",
			"from": [8.704, 14.336, 7.68],
			"to": [8.96, 14.592, 7.808],
			"faces": {
				"north": {"uv": [9.5, 8, 9.25, 8.25], "texture": "#voxels_atlas"},
				"east": {"uv": [9.875, 10.875, 9.75, 11.125], "texture": "#voxels_atlas"},
				"south": {"uv": [7.75, 9.875, 8, 10.125], "texture": "#voxels_atlas"},
				"west": {"uv": [9.625, 10.875, 9.75, 11.125], "texture": "#voxels_atlas"},
				"up": {"uv": [9.625, 11.5, 9.875, 11.375], "texture": "#voxels_atlas"},
				"down": {"uv": [9.625, 11.5, 9.875, 11.625], "texture": "#voxels_atlas"}
			}
		},
		{
			"name": "Voxels",
			"from": [8.704, 14.336, 7.936],
			"to": [8.96, 14.592, 8.064],
			"faces": {
				"north": {"uv": [8, 9.5, 7.75, 9.75], "texture": "#voxels_atlas"},
				"east": {"uv": [9.875, 10.25, 9.75, 10.5], "texture": "#voxels_atlas"},
				"south": {"uv": [15.75, 15.75, 16, 16], "texture": "#voxels_atlas"},
				"west": {"uv": [9.625, 10.25, 9.75, 10.5], "texture": "#voxels_atlas"},
				"up": {"uv": [9.625, 10.75, 9.875, 10.625], "texture": "#voxels_atlas"},
				"down": {"uv": [9.625, 10.75, 9.875, 10.875], "texture": "#voxels_atlas"}
			}
		},
		{
			"name": "Voxels",
			"from": [8.704, 14.592, 7.68],
			"to": [8.832, 14.848, 7.808],
			"faces": {
				"north": {"uv": [10, 10.25, 9.875, 10.5], "texture": "#voxels_atlas"},
				"east": {"uv": [10, 10, 9.875, 10.25], "texture": "#voxels_atlas"},
				"south": {"uv": [9.625, 10, 9.75, 10.25], "texture": "#voxels_atlas"},
				"west": {"uv": [9.75, 10, 9.875, 10.25], "texture": "#voxels_atlas"},
				"up": {"uv": [9.75, 9.375, 9.875, 9.25], "texture": "#voxels_atlas"},
				"down": {"uv": [9.875, 9.25, 10, 9.375], "texture": "#voxels_atlas"}
			}
		},
		{
			"name": "Voxels",
			"from": [8.704, 14.592, 7.936],
			"to": [8.832, 14.848, 8.064],
			"faces": {
				"north": {"uv": [9.75, 9.75, 9.625, 10], "texture": "#voxels_atlas"},
				"east": {"uv": [9.75, 9.5, 9.625, 9.75], "texture": "#voxels_atlas"},
				"south": {"uv": [9.75, 9.75, 9.875, 10], "texture": "#voxels_atlas"},
				"west": {"uv": [9.875, 9.75, 10, 10], "texture": "#voxels_atlas"},
				"up": {"uv": [9.875, 9.5, 10, 9.375], "texture": "#voxels_atlas"},
				"down": {"uv": [9.625, 9.25, 9.75, 9.375], "texture": "#voxels_atlas"}
			}
		},
		{
			"name": "Voxels",
			"from": [8.704, 15.104, 7.808],
			"to": [8.96, 15.232, 7.936],
			"faces": {
				"north": {"uv": [8, 9.75, 7.75, 9.875], "texture": "#voxels_atlas"},
				"east": {"uv": [10, 10.5, 9.875, 10.625], "texture": "#voxels_atlas"},
				"south": {"uv": [7.75, 9.375, 8, 9.5], "texture": "#voxels_atlas"},
				"west": {"uv": [9.875, 10.625, 10, 10.75], "texture": "#voxels_atlas"},
				"up": {"uv": [9.75, 9.625, 10, 9.5], "texture": "#voxels_atlas"},
				"down": {"uv": [9.75, 9.625, 10, 9.75], "texture": "#voxels_atlas"}
			}
		},
		{
			"name": "Voxels",
			"from": [8.832, 0.256, 7.552],
			"to": [8.96, 0.896, 8.192],
			"faces": {
				"north": {"uv": [5, 8, 4.875, 8.625], "texture": "#voxels_atlas"},
				"east": {"uv": [1.375, 8, 0.75, 8.625], "texture": "#voxels_atlas"},
				"south": {"uv": [1.375, 8, 1.5, 8.625], "texture": "#voxels_atlas"},
				"west": {"uv": [0, 8, 0.625, 8.625], "texture": "#voxels_atlas"},
				"up": {"uv": [4.75, 8.625, 4.875, 8], "texture": "#voxels_atlas"},
				"down": {"uv": [7.75, 8, 7.875, 8.625], "texture": "#voxels_atlas"}
			}
		},
		{
			"name": "Voxels",
			"from": [8.832, 4.352, 8.192],
			"to": [8.96, 4.48, 8.32],
			"faces": {
				"north": {"uv": [9.875, 9, 9.75, 9.125], "texture": "#voxels_atlas"},
				"east": {"uv": [10, 11.25, 9.875, 11.375], "texture": "#voxels_atlas"},
				"south": {"uv": [9.75, 8, 9.875, 8.125], "texture": "#voxels_atlas"},
				"west": {"uv": [9.875, 11.375, 10, 11.5], "texture": "#voxels_atlas"},
				"up": {"uv": [9.75, 9.25, 9.875, 9.125], "texture": "#voxels_atlas"},
				"down": {"uv": [9.625, 9.125, 9.75, 9.25], "texture": "#voxels_atlas"}
			}
		},
		{
			"name": "Voxels",
			"from": [8.96, 0.64, 7.552],
			"to": [9.088, 0.896, 8.192],
			"faces": {
				"north": {"uv": [9.625, 10.125, 9.5, 10.375], "texture": "#voxels_atlas"},
				"east": {"uv": [9.5, 12.125, 8.875, 12.375], "texture": "#voxels_atlas"},
				"south": {"uv": [9.5, 9.875, 9.625, 10.125], "texture": "#voxels_atlas"},
				"west": {"uv": [15.375, 15.375, 16, 15.625], "texture": "#voxels_atlas"},
				"up": {"uv": [6.375, 9, 6.5, 8.375], "texture": "#voxels_atlas"},
				"down": {"uv": [0.625, 8, 0.75, 8.625], "texture": "#voxels_atlas"}
			}
		},
		{
			"name": "Voxels",
			"from": [8.96, 3.328, 7.68],
			"to": [9.088, 3.712, 8.064],
			"faces": {
				"north": {"uv": [9.625, 11.625, 9.5, 12], "texture": "#voxels_atlas"},
				"east": {"uv": [8.75, 12.75, 8.375, 13.125], "texture": "#voxels_atlas"},
				"south": {"uv": [9.5, 12, 9.625, 12.375], "texture": "#voxels_atlas"},
				"west": {"uv": [8.375, 12.375, 8.75, 12.75], "texture": "#voxels_atlas"},
				"up": {"uv": [9.5, 11.625, 9.625, 11.25], "texture": "#voxels_atlas"},
				"down": {"uv": [9.5, 10.875, 9.625, 11.25], "texture": "#voxels_atlas"}
			}
		},
		{
			"name": "Voxels",
			"from": [9.088, 3.712, 7.808],
			"to": [9.216, 4.096, 7.936],
			"faces": {
				"north": {"uv": [8, 12.5, 7.875, 12.875], "texture": "#voxels_atlas"},
				"east": {"uv": [8.875, 11.625, 8.75, 12], "texture": "#voxels_atlas"},
				"south": {"uv": [9.5, 12.375, 9.625, 12.75], "texture": "#voxels_atlas"},
				"west": {"uv": [9.5, 12.75, 9.625, 13.125], "texture": "#voxels_atlas"},
				"up": {"uv": [9.625, 9.125, 9.75, 9], "texture": "#voxels_atlas"},
				"down": {"uv": [9.875, 9.125, 10, 9.25], "texture": "#voxels_atlas"}
			}
		},
		{
			"name": "Voxels",
			"from": [9.088, 3.968, 7.552],
			"to": [9.216, 4.352, 7.68],
			"faces": {
				"north": {"uv": [8.875, 12, 8.75, 12.375], "texture": "#voxels_atlas"},
				"east": {"uv": [8, 12.125, 7.875, 12.5], "texture": "#voxels_atlas"},
				"south": {"uv": [8.75, 12.375, 8.875, 12.75], "texture": "#voxels_atlas"},
				"west": {"uv": [8.75, 12.75, 8.875, 13.125], "texture": "#voxels_atlas"},
				"up": {"uv": [9.625, 8.875, 9.75, 8.75], "texture": "#voxels_atlas"},
				"down": {"uv": [9.875, 8.875, 10, 9], "texture": "#voxels_atlas"}
			}
		},
		{
			"name": "Voxels",
			"from": [9.088, 3.968, 7.68],
			"to": [9.216, 4.096, 7.808],
			"faces": {
				"north": {"uv": [9.875, 8.5, 9.75, 8.625], "texture": "#voxels_atlas"},
				"east": {"uv": [9.875, 8.375, 9.75, 8.5], "texture": "#voxels_atlas"},
				"south": {"uv": [10, 12.375, 10.125, 12.5], "texture": "#voxels_atlas"},
				"west": {"uv": [9.625, 8.375, 9.75, 8.5], "texture": "#voxels_atlas"},
				"up": {"uv": [9.625, 8.625, 9.75, 8.5], "texture": "#voxels_atlas"},
				"down": {"uv": [9.875, 8.625, 10, 8.75], "texture": "#voxels_atlas"}
			}
		},
		{
			"name": "Voxels",
			"from": [9.088, 3.968, 7.936],
			"to": [9.216, 4.096, 8.064],
			"faces": {
				"north": {"uv": [9.875, 8.25, 9.75, 8.375], "texture": "#voxels_atlas"},
				"east": {"uv": [9.75, 8, 9.625, 8.125], "texture": "#voxels_atlas"},
				"south": {"uv": [9.875, 8.25, 10, 8.375], "texture": "#voxels_atlas"},
				"west": {"uv": [9.625, 8.125, 9.75, 8.25], "texture": "#voxels_atlas"},
				"up": {"uv": [9.625, 8.375, 9.75, 8.25], "texture": "#voxels_atlas"},
				"down": {"uv": [9.875, 8.375, 10, 8.5], "texture": "#voxels_atlas"}
			}
		},
		{
			"name": "Voxels",
			"from": [9.216, 3.84, 7.808],
			"to": [9.344, 4.352, 7.936],
			"faces": {
				"north": {"uv": [9.125, 8, 9, 8.5], "texture": "#voxels_atlas"},
				"east": {"uv": [8.25, 10.875, 8.125, 11.375], "texture": "#voxels_atlas"},
				"south": {"uv": [8.125, 11.375, 8.25, 11.875], "texture": "#voxels_atlas"},
				"west": {"uv": [8.25, 11.375, 8.375, 11.875], "texture": "#voxels_atlas"},
				"up": {"uv": [9.875, 8.25, 10, 8.125], "texture": "#voxels_atlas"},
				"down": {"uv": [9.75, 8.125, 9.875, 8.25], "texture": "#voxels_atlas"}
			}
		},
		{
			"name": "Voxels",
			"from": [9.216, 4.224, 7.68],
			"to": [9.344, 4.352, 7.808],
			"faces": {
				"north": {"uv": [10.125, 13, 10, 13.125], "texture": "#voxels_atlas"},
				"east": {"uv": [10.125, 12.625, 10, 12.75], "texture": "#voxels_atlas"},
				"south": {"uv": [10, 12.875, 10.125, 13], "texture": "#voxels_atlas"},
				"west": {"uv": [10, 12.75, 10.125, 12.875], "texture": "#voxels_atlas"},
				"up": {"uv": [10, 13.25, 10.125, 13.125], "texture": "#voxels_atlas"},
				"down": {"uv": [10, 13.25, 10.125, 13.375], "texture": "#voxels_atlas"}
			}
		},
		{
			"name": "Voxels",
			"from": [9.216, 4.224, 7.936],
			"to": [9.344, 4.352, 8.064],
			"faces": {
				"north": {"uv": [10.125, 12.25, 10, 12.375], "texture": "#voxels_atlas"},
				"east": {"uv": [10.125, 11.875, 10, 12], "texture": "#voxels_atlas"},
				"south": {"uv": [10, 12.125, 10.125, 12.25], "texture": "#voxels_atlas"},
				"west": {"uv": [10, 12, 10.125, 12.125], "texture": "#voxels_atlas"},
				"up": {"uv": [10, 9.75, 10.125, 9.625], "texture": "#voxels_atlas"},
				"down": {"uv": [10, 12.5, 10.125, 12.625], "texture": "#voxels_atlas"}
			}
		},
		{
			"name": "Voxels",
			"from": [9.344, 4.096, 7.808],
			"to": [9.472, 4.608, 7.936],
			"faces": {
				"north": {"uv": [8.375, 10.875, 8.25, 11.375], "texture": "#voxels_atlas"},
				"east": {"uv": [9.25, 8.5, 9.125, 9], "texture": "#voxels_atlas"},
				"south": {"uv": [8.875, 8.5, 9, 9], "texture": "#voxels_atlas"},
				"west": {"uv": [9, 8.5, 9.125, 9], "texture": "#voxels_atlas"},
				"up": {"uv": [10, 11.75, 10.125, 11.625], "texture": "#voxels_atlas"},
				"down": {"uv": [10, 11.75, 10.125, 11.875], "texture": "#voxels_atlas"}
			}
		},
		{
			"name": "Voxels",
			"from": [9.344, 4.608, 8.064],
			"to": [9.472, 4.736, 8.192],
			"faces": {
				"north": {"uv": [10.125, 10.75, 10, 10.875], "texture": "#voxels_atlas"},
				"east": {"uv": [10.125, 10.375, 10, 10.5], "texture": "#voxels_atlas"},
				"south": {"uv": [10, 10.625, 10.125, 10.75], "texture": "#voxels_atlas"},
				"west": {"uv": [10, 10.5, 10.125, 10.625], "texture": "#voxels_atlas"},
				"up": {"uv": [10, 11, 10.125, 10.875], "texture": "#voxels_atlas"},
				"down": {"uv": [10, 11, 10.125, 11.125], "texture": "#voxels_atlas"}
			}
		},
		{
			"name": "Voxels",
			"from": [9.472, 4.48, 7.808],
			"to": [9.6, 4.992, 7.936],
			"faces": {
				"north": {"uv": [9.375, 8.5, 9.25, 9], "texture": "#voxels_atlas"},
				"east": {"uv": [8, 8.125, 7.875, 8.625], "texture": "#voxels_atlas"},
				"south": {"uv": [9.375, 8.5, 9.5, 9], "texture": "#voxels_atlas"},
				"west": {"uv": [8.875, 8, 9, 8.5], "texture": "#voxels_atlas"},
				"up": {"uv": [10, 10.25, 10.125, 10.125], "texture": "#voxels_atlas"},
				"down": {"uv": [10, 10.25, 10.125, 10.375], "texture": "#voxels_atlas"}
			}
		}
	],
	"display": {
		"thirdperson_righthand": {
			"rotation": [0, 90, 0],
			"translation": [0, 4.597, 2.2826],
			"scale": [1.4, 1.16, 2]
		},
		"thirdperson_lefthand": {
			"rotation": [0, 90, 0],
			"translation": [0, 9.0426, 0.232],
			"scale": [2, 2, 2]
		},
		"firstperson_righthand": {
			"rotation": [0, 103, 0],
			"translation": [0, 9.0434, 3.4782],
			"scale": [2, 2, 2]
		},
		"firstperson_lefthand": {
			"rotation": [0, -66, 0],
			"translation": [-2.085, 9.7383, 4.8695],
			"scale": [2, 2, 2]
		},
		"ground": {
			"translation": [0, 6.2608, 0],
			"scale": [1.5, 1.5, 1.5]
		},
		"gui": {
			"rotation": [0, 0, -47],
			"translation": [0, 1.3913, 0],
			"scale": [1.4, 1.4, 1.4]
		}
	}
}