{
	"credit": "Made with Blockbench",
	"textures": {
		"0": "hanu/sdg1",
		"particle": "hanu/sdg1"
	},
	"elements": [
		{
			"from": [7.5, 2, 7.5],
			"to": [8.5, 6, 8.5],
			"rotation": {"angle": 45, "axis": "y", "origin": [8, 4.5, 8]},
			"faces": {
				"north": {"uv": [9, 2, 10, 7], "texture": "#0"},
				"east": {"uv": [9, 7, 10, 12], "texture": "#0"},
				"south": {"uv": [10, 2, 11, 7], "texture": "#0"},
				"west": {"uv": [10, 7, 11, 12], "texture": "#0"},
				"up": {"uv": [13, 10, 12, 9], "texture": "#0"},
				"down": {"uv": [13, 10, 12, 11], "texture": "#0"}
			}
		},
		{
			"from": [7.4, 1, 7.4],
			"to": [8.6, 2, 8.6],
			"rotation": {"angle": -45, "axis": "y", "origin": [8, 1.5, 8]},
			"faces": {
				"north": {"uv": [12, 11, 13, 12], "texture": "#0"},
				"east": {"uv": [12, 12, 13, 13], "texture": "#0"},
				"south": {"uv": [0, 13, 1, 14], "texture": "#0"},
				"west": {"uv": [1, 13, 2, 14], "texture": "#0"},
				"up": {"uv": [3, 14, 2, 13], "texture": "#0"},
				"down": {"uv": [14, 2, 13, 3], "texture": "#0"}
			}
		},
		{
			"from": [7.5, 0.5, 7.5],
			"to": [8.5, 1, 8.5],
			"rotation": {"angle": -45, "axis": "y", "origin": [8, 1.5, 8]},
			"faces": {
				"north": {"uv": [3, 13, 4, 14], "texture": "#0"},
				"east": {"uv": [13, 3, 14, 4], "texture": "#0"},
				"south": {"uv": [13, 4, 14, 5], "texture": "#0"},
				"west": {"uv": [13, 5, 14, 6], "texture": "#0"},
				"up": {"uv": [14, 7, 13, 6], "texture": "#0"},
				"down": {"uv": [14, 7, 13, 8], "texture": "#0"}
			}
		},
		{
			"from": [6, 6, 7.19289],
			"to": [10, 7, 8.80689],
			"rotation": {"angle": 0, "axis": "y", "origin": [8, 7.5, 7.99989]},
			"faces": {
				"north": {"uv": [9, 0, 15, 1], "texture": "#0"},
				"east": {"uv": [12, 8, 14, 9], "texture": "#0"},
				"south": {"uv": [9, 1, 15, 2], "texture": "#0"},
				"west": {"uv": [9, 12, 11, 13], "texture": "#0"},
				"up": {"uv": [6, 2, 0, 0], "texture": "#0"},
				"down": {"uv": [6, 2, 0, 4], "texture": "#0"}
			}
		},
		{
			"from": [7.5, 7, 7.508],
			"to": [8.5, 17.1, 8.506],
			"rotation": {"angle": 0, "axis": "y", "origin": [8, 12.55, 8.00711]},
			"faces": {
				"north": {"uv": [0, 4, 1, 13], "texture": "#0"},
				"east": {"uv": [1, 4, 2, 13], "texture": "#0"},
				"south": {"uv": [2, 4, 3, 13], "texture": "#0"},
				"west": {"uv": [3, 4, 4, 13], "texture": "#0"},
				"up": {"uv": [10, 14, 9, 13], "texture": "#0"},
				"down": {"uv": [14, 9, 13, 10], "texture": "#0"}
			}
		},
		{
			"from": [8.49498, 6.99791, 7.508],
			"to": [9.49498, 14.69791, 8.508],
			"rotation": {"angle": 0, "axis": "y", "origin": [8.39498, 11.34791, 8.00711]},
			"faces": {
				"north": {"uv": [4, 4, 5, 11], "texture": "#0"},
				"east": {"uv": [5, 4, 6, 11], "texture": "#0"},
				"south": {"uv": [6, 0, 7, 7], "texture": "#0"},
				"west": {"uv": [7, 0, 8, 7], "texture": "#0"},
				"up": {"uv": [11, 14, 10, 13], "texture": "#0"},
				"down": {"uv": [14, 10, 13, 11], "texture": "#0"}
			}
		},
		{
			"from": [6.50502, 6.99791, 7.507],
			"to": [7.50502, 14.69791, 8.507],
			"rotation": {"angle": 0, "axis": "y", "origin": [7.00502, 11.34791, 8.00711]},
			"faces": {
				"north": {"uv": [6, 7, 7, 14], "texture": "#0"},
				"east": {"uv": [7, 7, 8, 14], "texture": "#0"},
				"south": {"uv": [8, 0, 9, 7], "texture": "#0"},
				"west": {"uv": [8, 7, 9, 14], "texture": "#0"},
				"up": {"uv": [14, 12, 13, 11], "texture": "#0"},
				"down": {"uv": [13, 13, 12, 14], "texture": "#0"}
			}
		},
		{
			"from": [8.02908, 14.44014, 7.507],
			"to": [9.02908, 17.04014, 8.509],
			"rotation": {"angle": 22.5, "axis": "z", "origin": [8.61408, 15.74014, 8.00711]},
			"faces": {
				"north": {"uv": [11, 2, 12, 5], "texture": "#0"},
				"east": {"uv": [4, 11, 5, 14], "texture": "#0"},
				"south": {"uv": [5, 11, 6, 14], "texture": "#0"},
				"west": {"uv": [11, 5, 12, 8], "texture": "#0"},
				"up": {"uv": [14, 13, 13, 12], "texture": "#0"},
				"down": {"uv": [14, 13, 13, 14], "texture": "#0"}
			}
		},
		{
			"from": [6.95418, 14.35595, 7.506],
			"to": [7.95418, 16.95595, 8.51],
			"rotation": {"angle": -22.5, "axis": "z", "origin": [7.58918, 15.65595, 8.00711]},
			"faces": {
				"north": {"uv": [11, 8, 12, 11], "texture": "#0"},
				"east": {"uv": [11, 11, 12, 14], "texture": "#0"},
				"south": {"uv": [12, 2, 13, 5], "texture": "#0"},
				"west": {"uv": [12, 5, 13, 8], "texture": "#0"},
				"up": {"uv": [1, 15, 0, 14], "texture": "#0"},
				"down": {"uv": [2, 14, 1, 15], "texture": "#0"}
			}
		}
	],
	"display": {
		"thirdperson_righthand": {
			"rotation": [0, 90, 0],
			"translation": [0, 2, 1]
		},
		"thirdperson_lefthand": {
			"rotation": [0, -90, 0],
			"translation": [0, 2, 1]
		},
		"firstperson_righthand": {
			"rotation": [0, 90, 0],
			"translation": [3, 0, 0]
		},
		"firstperson_lefthand": {
			"rotation": [0, -90, 0],
			"translation": [3, 13, 0]
		},
		"ground": {
			"rotation": [-90, 0, 0]
		},
		"gui": {
			"rotation": [0, 0, -45.25],
			"translation": [0, -1, 0],
			"scale": [0.56, 0.81, 0.56]
		},
		"fixed": {
			"translation": [0, 0, -2]
		}
	},
	"groups": [
		{
			"name": "손잡이",
			"origin": [8.02215, 20, 8.21109],
			"color": 0,
			"children": [0, 1, 2]
		},
		{
			"name": "날",
			"origin": [7.38264, 28.37118, 7.965],
			"color": 0,
			"children": [
				3,
				4,
				5,
				6,
				7,
				8,
				{
					"name": "group",
					"origin": [7.38264, 28.37118, 7.965],
					"color": 0,
					"children": []
				}
			]
		}
	]
}