{
	"credit": "Designed by CheolBong_E with Cubik Studio - https://cubik.studio",
	"textures": {
		"voxels_atlas": "n/fire3"
	},
	"elements": [
		{
			"name": "Voxels",
			"from": [5.44, 7.04, 7.36],
			"to": [9.6, 8, 8.32],
			"faces": {
				"north": {"uv": [4.625, 15.625, 3, 16], "texture": "#voxels_atlas"},
				"east": {"uv": [2.125, 4, 1.75, 4.375], "texture": "#voxels_atlas"},
				"south": {"uv": [4.875, 15.625, 6.5, 16], "texture": "#voxels_atlas"},
				"west": {"uv": [1.75, 5.875, 2.125, 6.25], "texture": "#voxels_atlas"},
				"up": {"uv": [1.125, 16, 2.75, 15.625], "texture": "#voxels_atlas"},
				"down": {"uv": [6.75, 15.625, 8.375, 16], "texture": "#voxels_atlas"}
			}
		},
		{
			"name": "Voxels",
			"from": [5.76, 8, 7.36],
			"to": [6.4, 8.32, 8.32],
			"faces": {
				"north": {"uv": [8.5, 10.5, 8.25, 10.625], "texture": "#voxels_atlas"},
				"east": {"uv": [8.75, 11.625, 8.375, 11.75], "texture": "#voxels_atlas"},
				"south": {"uv": [15.5, 12, 15.75, 12.125], "texture": "#voxels_atlas"},
				"west": {"uv": [7.75, 11.625, 8.125, 11.75], "texture": "#voxels_atlas"},
				"up": {"uv": [2.75, 6.375, 3, 6], "texture": "#voxels_atlas"},
				"down": {"uv": [2.75, 5.375, 3, 5.75], "texture": "#voxels_atlas"}
			}
		},
		{
			"name": "Voxels",
			"from": [5.76, 8.32, 7.68],
			"to": [9.28, 9.28, 8],
			"faces": {
				"north": {"uv": [10, 15.625, 8.625, 16], "texture": "#voxels_atlas"},
				"east": {"uv": [4.125, 9.625, 4, 10], "texture": "#voxels_atlas"},
				"south": {"uv": [10.25, 15.625, 11.625, 16], "texture": "#voxels_atlas"},
				"west": {"uv": [4, 10.25, 4.125, 10.625], "texture": "#voxels_atlas"},
				"up": {"uv": [4, 13.75, 5.375, 13.625], "texture": "#voxels_atlas"},
				"down": {"uv": [5.625, 13.625, 7, 13.75], "texture": "#voxels_atlas"}
			}
		},
		{
			"name": "Voxels",
			"from": [5.76, 11.2, 7.68],
			"to": [9.28, 11.84, 8],
			"faces": {
				"north": {"uv": [9.75, 15.125, 8.375, 15.375], "texture": "#voxels_atlas"},
				"east": {"uv": [4.125, 1.125, 4, 1.375], "texture": "#voxels_atlas"},
				"south": {"uv": [8.375, 14.625, 9.75, 14.875], "texture": "#voxels_atlas"},
				"west": {"uv": [4, 1.625, 4.125, 1.875], "texture": "#voxels_atlas"},
				"up": {"uv": [7.25, 13.75, 8.625, 13.625], "texture": "#voxels_atlas"},
				"down": {"uv": [2.375, 13.625, 3.75, 13.75], "texture": "#voxels_atlas"}
			}
		},
		{
			"name": "Voxels",
			"from": [6.08, 6.72, 7.36],
			"to": [8.96, 7.04, 8.32],
			"faces": {
				"north": {"uv": [12.75, 13.625, 11.625, 13.75], "texture": "#voxels_atlas"},
				"east": {"uv": [10, 11.625, 9.625, 11.75], "texture": "#voxels_atlas"},
				"south": {"uv": [10.25, 13.25, 11.375, 13.375], "texture": "#voxels_atlas"},
				"west": {"uv": [9, 11.625, 9.375, 11.75], "texture": "#voxels_atlas"},
				"up": {"uv": [13.25, 16, 14.375, 15.625], "texture": "#voxels_atlas"},
				"down": {"uv": [11.875, 15.625, 13, 16], "texture": "#voxels_atlas"}
			}
		},
		{
			"name": "Voxels",
			"from": [6.08, 11.84, 7.68],
			"to": [8.96, 12.48, 8],
			"faces": {
				"north": {"uv": [15.75, 15.125, 14.625, 15.375], "texture": "#voxels_atlas"},
				"east": {"uv": [4.5, 9.125, 4.375, 9.375], "texture": "#voxels_atlas"},
				"south": {"uv": [14.625, 14.625, 15.75, 14.875], "texture": "#voxels_atlas"},
				"west": {"uv": [4, 0.625, 4.125, 0.875], "texture": "#voxels_atlas"},
				"up": {"uv": [11.625, 13.375, 12.75, 13.25], "texture": "#voxels_atlas"},
				"down": {"uv": [13, 13.25, 14.125, 13.375], "texture": "#voxels_atlas"}
			}
		},
		{
			"name": "Voxels",
			"from": [6.4, -3.52, 7.68],
			"to": [8.64, -2.88, 8],
			"faces": {
				"north": {"uv": [9.5, 14.125, 8.625, 14.375], "texture": "#voxels_atlas"},
				"east": {"uv": [4.5, 8.125, 4.375, 8.375], "texture": "#voxels_atlas"},
				"south": {"uv": [9.75, 14.125, 10.625, 14.375], "texture": "#voxels_atlas"},
				"west": {"uv": [4.375, 8.625, 4.5, 8.875], "texture": "#voxels_atlas"},
				"up": {"uv": [8, 12.875, 8.875, 12.75], "texture": "#voxels_atlas"},
				"down": {"uv": [12.5, 12.75, 13.375, 12.875], "texture": "#voxels_atlas"}
			}
		},
		{
			"name": "Voxels",
			"from": [6.4, 6.08, 7.36],
			"to": [8.64, 6.72, 8.32],
			"faces": {
				"north": {"uv": [6.125, 14.125, 5.25, 14.375], "texture": "#voxels_atlas"},
				"east": {"uv": [3.125, 10.125, 2.75, 10.375], "texture": "#voxels_atlas"},
				"south": {"uv": [6.375, 14.125, 7.25, 14.375], "texture": "#voxels_atlas"},
				"west": {"uv": [2.75, 6.625, 3.125, 6.875], "texture": "#voxels_atlas"},
				"up": {"uv": [10, 15.375, 10.875, 15], "texture": "#voxels_atlas"},
				"down": {"uv": [14.625, 15.625, 15.5, 16], "texture": "#voxels_atlas"}
			}
		},
		{
			"name": "Voxels",
			"from": [6.4, 6.4, 7.04],
			"to": [7.04, 6.72, 7.36],
			"faces": {
				"north": {"uv": [4.625, 7, 4.375, 7.125], "texture": "#voxels_atlas"},
				"east": {"uv": [15.75, 10.875, 15.625, 11], "texture": "#voxels_atlas"},
				"south": {"uv": [4.375, 6.625, 4.625, 6.75], "texture": "#voxels_atlas"},
				"west": {"uv": [4, 0.25, 4.125, 0.375], "texture": "#voxels_atlas"},
				"up": {"uv": [4.375, 7.5, 4.625, 7.375], "texture": "#voxels_atlas"},
				"down": {"uv": [4.375, 7.75, 4.625, 7.875], "texture": "#voxels_atlas"}
			}
		},
		{
			"name": "Voxels",
			"from": [6.4, 6.4, 8.32],
			"to": [7.04, 6.72, 8.64],
			"faces": {
				"north": {"uv": [4.625, 4.75, 4.375, 4.875], "texture": "#voxels_atlas"},
				"east": {"uv": [5.375, 4.25, 5.25, 4.375], "texture": "#voxels_atlas"},
				"south": {"uv": [4.375, 4.375, 4.625, 4.5], "texture": "#voxels_atlas"},
				"west": {"uv": [5.25, 4.625, 5.375, 4.75], "texture": "#voxels_atlas"},
				"up": {"uv": [4.375, 5.25, 4.625, 5.125], "texture": "#voxels_atlas"},
				"down": {"uv": [4.375, 5.5, 4.625, 5.625], "texture": "#voxels_atlas"}
			}
		},
		{
			"name": "Voxels",
			"from": [6.4, 8, 7.68],
			"to": [9.28, 8.32, 8],
			"faces": {
				"north": {"uv": [14.125, 13.625, 13, 13.75], "texture": "#voxels_atlas"},
				"east": {"uv": [5.375, 3.5, 5.25, 3.625], "texture": "#voxels_atlas"},
				"south": {"uv": [14.375, 13.625, 15.5, 13.75], "texture": "#voxels_atlas"},
				"west": {"uv": [5.25, 3.875, 5.375, 4], "texture": "#voxels_atlas"},
				"up": {"uv": [8.875, 13.75, 10, 13.625], "texture": "#voxels_atlas"},
				"down": {"uv": [10.25, 13.625, 11.375, 13.75], "texture": "#voxels_atlas"}
			}
		},
		{
			"name": "Voxels",
			"from": [6.4, 9.28, 7.68],
			"to": [8.64, 9.6, 8],
			"faces": {
				"north": {"uv": [5.5, 12.75, 4.625, 12.875], "texture": "#voxels_atlas"},
				"east": {"uv": [5.375, 2.75, 5.25, 2.875], "texture": "#voxels_atlas"},
				"south": {"uv": [10.25, 12.75, 11.125, 12.875], "texture": "#voxels_atlas"},
				"west": {"uv": [5.25, 3.125, 5.375, 3.25], "texture": "#voxels_atlas"},
				"up": {"uv": [3.5, 12.875, 4.375, 12.75], "texture": "#voxels_atlas"},
				"down": {"uv": [13.625, 12.75, 14.5, 12.875], "texture": "#voxels_atlas"}
			}
		},
		{
			"name": "Voxels",
			"from": [6.4, 10.56, 7.68],
			"to": [8.64, 11.2, 8],
			"faces": {
				"north": {"uv": [8.375, 14.125, 7.5, 14.375], "texture": "#voxels_atlas"},
				"east": {"uv": [4.5, 0.625, 4.375, 0.875], "texture": "#voxels_atlas"},
				"south": {"uv": [10.875, 14.125, 11.75, 14.375], "texture": "#voxels_atlas"},
				"west": {"uv": [4.375, 1.125, 4.5, 1.375], "texture": "#voxels_atlas"},
				"up": {"uv": [6.875, 12.875, 7.75, 12.75], "texture": "#voxels_atlas"},
				"down": {"uv": [5.75, 12.75, 6.625, 12.875], "texture": "#voxels_atlas"}
			}
		},
		{
			"name": "Voxels",
			"from": [6.4, 12.48, 7.68],
			"to": [8.64, 21.44, 8],
			"faces": {
				"north": {"uv": [0.875, 12.5, 0, 16], "texture": "#voxels_atlas"},
				"east": {"uv": [1.25, 9.375, 1.125, 12.875], "texture": "#voxels_atlas"},
				"south": {"uv": [0, 8.75, 0.875, 12.25], "texture": "#voxels_atlas"},
				"west": {"uv": [1.125, 5.625, 1.25, 9.125], "texture": "#voxels_atlas"},
				"up": {"uv": [10, 14.75, 10.875, 14.625], "texture": "#voxels_atlas"},
				"down": {"uv": [14.75, 12.75, 15.625, 12.875], "texture": "#voxels_atlas"}
			}
		},
		{
			"name": "Voxels",
			"from": [6.72, -4.16, 7.68],
			"to": [7.04, -3.52, 8],
			"faces": {
				"north": {"uv": [5, 10.375, 4.875, 10.625], "texture": "#voxels_atlas"},
				"east": {"uv": [5, 8.875, 4.875, 9.125], "texture": "#voxels_atlas"},
				"south": {"uv": [4.875, 9.875, 5, 10.125], "texture": "#voxels_atlas"},
				"west": {"uv": [4.875, 9.375, 5, 9.625], "texture": "#voxels_atlas"},
				"up": {"uv": [5.25, 2.125, 5.375, 2], "texture": "#voxels_atlas"},
				"down": {"uv": [5.25, 2.375, 5.375, 2.5], "texture": "#voxels_atlas"}
			}
		},
		{
			"name": "Voxels",
			"from": [6.72, -3.84, 7.36],
			"to": [7.04, -1.28, 7.68],
			"faces": {
				"north": {"uv": [2.5, 10.625, 2.375, 11.625], "texture": "#voxels_atlas"},
				"east": {"uv": [1.875, 1.5, 1.75, 2.5], "texture": "#voxels_atlas"},
				"south": {"uv": [2.375, 6.875, 2.5, 7.875], "texture": "#voxels_atlas"},
				"west": {"uv": [2.375, 5.625, 2.5, 6.625], "texture": "#voxels_atlas"},
				"up": {"uv": [5.25, 1.375, 5.375, 1.25], "texture": "#voxels_atlas"},
				"down": {"uv": [5.25, 1.625, 5.375, 1.75], "texture": "#voxels_atlas"}
			}
		},
		{
			"name": "Voxels",
			"from": [6.72, -3.84, 8],
			"to": [7.04, -1.28, 8.32],
			"faces": {
				"north": {"uv": [1.875, 0.25, 1.75, 1.25], "texture": "#voxels_atlas"},
				"east": {"uv": [2.5, 8.125, 2.375, 9.125], "texture": "#voxels_atlas"},
				"south": {"uv": [2.375, 11.875, 2.5, 12.875], "texture": "#voxels_atlas"},
				"west": {"uv": [2.375, 9.375, 2.5, 10.375], "texture": "#voxels_atlas"},
				"up": {"uv": [5.25, 0.625, 5.375, 0.5], "texture": "#voxels_atlas"},
				"down": {"uv": [5.25, 0.875, 5.375, 1], "texture": "#voxels_atlas"}
			}
		},
		{
			"name": "Voxels",
			"from": [6.72, -2.88, 7.68],
			"to": [8.96, -1.6, 8],
			"faces": {
				"north": {"uv": [6.375, 14.875, 5.5, 15.375], "texture": "#voxels_atlas"},
				"east": {"uv": [3.25, 3.125, 3.125, 3.625], "texture": "#voxels_atlas"},
				"south": {"uv": [0, 0.25, 0.875, 0.75], "texture": "#voxels_atlas"},
				"west": {"uv": [2.75, 1.125, 2.875, 1.625], "texture": "#voxels_atlas"},
				"up": {"uv": [9.125, 12.875, 10, 12.75], "texture": "#voxels_atlas"},
				"down": {"uv": [11.375, 12.75, 12.25, 12.875], "texture": "#voxels_atlas"}
			}
		},
		{
			"name": "Voxels",
			"from": [6.72, -1.6, 7.68],
			"to": [8.32, 1.6, 8],
			"faces": {
				"north": {"uv": [0.625, 7.25, 0, 8.5], "texture": "#voxels_atlas"},
				"east": {"uv": [1.875, 6.5, 1.75, 7.75], "texture": "#voxels_atlas"},
				"south": {"uv": [0, 5.75, 0.625, 7], "texture": "#voxels_atlas"},
				"west": {"uv": [1.75, 8, 1.875, 9.25], "texture": "#voxels_atlas"},
				"up": {"uv": [4.375, 12.125, 5, 12], "texture": "#voxels_atlas"},
				"down": {"uv": [3.5, 12, 4.125, 12.125], "texture": "#voxels_atlas"}
			}
		},
		{
			"name": "Voxels",
			"from": [6.72, -0.64, 7.04],
			"to": [8.32, 0, 7.68],
			"faces": {
				"north": {"uv": [8.25, 13.125, 7.625, 13.375], "texture": "#voxels_atlas"},
				"east": {"uv": [3.75, 11, 3.5, 11.25], "texture": "#voxels_atlas"},
				"south": {"uv": [8.5, 13.125, 9.125, 13.375], "texture": "#voxels_atlas"},
				"west": {"uv": [3.5, 11.5, 3.75, 11.75], "texture": "#voxels_atlas"},
				"up": {"uv": [6.75, 13.375, 7.375, 13.125], "texture": "#voxels_atlas"},
				"down": {"uv": [5.875, 13.125, 6.5, 13.375], "texture": "#voxels_atlas"}
			}
		},
		{
			"name": "Voxels",
			"from": [6.72, -0.64, 8],
			"to": [8.32, 1.6, 8.32],
			"faces": {
				"north": {"uv": [0.625, 3.5, 0, 4.375], "texture": "#voxels_atlas"},
				"east": {"uv": [2.5, 3.375, 2.375, 4.25], "texture": "#voxels_atlas"},
				"south": {"uv": [0, 4.625, 0.625, 5.5], "texture": "#voxels_atlas"},
				"west": {"uv": [2.375, 4.5, 2.5, 5.375], "texture": "#voxels_atlas"},
				"up": {"uv": [7.875, 12.125, 8.5, 12], "texture": "#voxels_atlas"},
				"down": {"uv": [7, 12, 7.625, 12.125], "texture": "#voxels_atlas"}
			}
		},
		{
			"name": "Voxels",
			"from": [6.72, -0.64, 8.32],
			"to": [8.32, 0, 8.64],
			"faces": {
				"north": {"uv": [10, 13.125, 9.375, 13.375], "texture": "#voxels_atlas"},
				"east": {"uv": [5, 7.875, 4.875, 8.125], "texture": "#voxels_atlas"},
				"south": {"uv": [15, 14.125, 15.625, 14.375], "texture": "#voxels_atlas"},
				"west": {"uv": [4.875, 8.375, 5, 8.625], "texture": "#voxels_atlas"},
				"up": {"uv": [9.625, 12.125, 10.25, 12], "texture": "#voxels_atlas"},
				"down": {"uv": [8.75, 12, 9.375, 12.125], "texture": "#voxels_atlas"}
			}
		},
		{
			"name": "Voxels",
			"from": [6.72, 0, 7.36],
			"to": [8.32, 1.6, 7.68],
			"faces": {
				"north": {"uv": [7.25, 14.75, 6.625, 15.375], "texture": "#voxels_atlas"},
				"east": {"uv": [2.875, 3, 2.75, 3.625], "texture": "#voxels_atlas"},
				"south": {"uv": [7.5, 14.75, 8.125, 15.375], "texture": "#voxels_atlas"},
				"west": {"uv": [3.125, 4.5, 3.25, 5.125], "texture": "#voxels_atlas"},
				"up": {"uv": [13.125, 12.125, 13.75, 12], "texture": "#voxels_atlas"},
				"down": {"uv": [12.25, 12, 12.875, 12.125], "texture": "#voxels_atlas"}
			}
		},
		{
			"name": "Voxels",
			"from": [6.72, 0.32, 7.04],
			"to": [8.32, 0.96, 7.36],
			"faces": {
				"north": {"uv": [3, 13.125, 2.375, 13.375], "texture": "#voxels_atlas"},
				"east": {"uv": [5, 6.875, 4.875, 7.125], "texture": "#voxels_atlas"},
				"south": {"uv": [5, 13.125, 5.625, 13.375], "texture": "#voxels_atlas"},
				"west": {"uv": [4.875, 7.375, 5, 7.625], "texture": "#voxels_atlas"},
				"up": {"uv": [4.375, 12.5, 5, 12.375], "texture": "#voxels_atlas"},
				"down": {"uv": [3.5, 12.375, 4.125, 12.5], "texture": "#voxels_atlas"}
			}
		},
		{
			"name": "Voxels",
			"from": [6.72, 0.32, 8.32],
			"to": [8.32, 0.96, 8.64],
			"faces": {
				"north": {"uv": [3.875, 13.125, 3.25, 13.375], "texture": "#voxels_atlas"},
				"east": {"uv": [5, 5.875, 4.875, 6.125], "texture": "#voxels_atlas"},
				"south": {"uv": [4.125, 13.125, 4.75, 13.375], "texture": "#voxels_atlas"},
				"west": {"uv": [4.875, 6.375, 5, 6.625], "texture": "#voxels_atlas"},
				"up": {"uv": [7.875, 12.5, 8.5, 12.375], "texture": "#voxels_atlas"},
				"down": {"uv": [7, 12.375, 7.625, 12.5], "texture": "#voxels_atlas"}
			}
		},
		{
			"name": "Voxels",
			"from": [6.72, 4.16, 7.68],
			"to": [8.32, 6.08, 8],
			"faces": {
				"north": {"uv": [2.625, 14.625, 2, 15.375], "texture": "#voxels_atlas"},
				"east": {"uv": [2.5, 2.375, 2.375, 3.125], "texture": "#voxels_atlas"},
				"south": {"uv": [1.125, 14.625, 1.75, 15.375], "texture": "#voxels_atlas"},
				"west": {"uv": [2.75, 10.625, 2.875, 11.375], "texture": "#voxels_atlas"},
				"up": {"uv": [11.375, 12.5, 12, 12.375], "texture": "#voxels_atlas"},
				"down": {"uv": [10.5, 12.375, 11.125, 12.5], "texture": "#voxels_atlas"}
			}
		},
		{
			"name": "Voxels",
			"from": [6.72, 4.8, 7.36],
			"to": [8.32, 6.08, 7.68],
			"faces": {
				"north": {"uv": [13.5, 14.875, 12.875, 15.375], "texture": "#voxels_atlas"},
				"east": {"uv": [3.625, 9.75, 3.5, 10.25], "texture": "#voxels_atlas"},
				"south": {"uv": [13.75, 14.875, 14.375, 15.375], "texture": "#voxels_atlas"},
				"west": {"uv": [3.125, 1.125, 3.25, 1.625], "texture": "#voxels_atlas"},
				"up": {"uv": [13.125, 12.5, 13.75, 12.375], "texture": "#voxels_atlas"},
				"down": {"uv": [12.25, 12.375, 12.875, 12.5], "texture": "#voxels_atlas"}
			}
		},
		{
			"name": "Voxels",
			"from": [6.72, 4.8, 8],
			"to": [8.32, 6.08, 8.32],
			"faces": {
				"north": {"uv": [11.75, 14.875, 11.125, 15.375], "texture": "#voxels_atlas"},
				"east": {"uv": [3.625, 5.25, 3.5, 5.75], "texture": "#voxels_atlas"},
				"south": {"uv": [12, 14.875, 12.625, 15.375], "texture": "#voxels_atlas"},
				"west": {"uv": [3.5, 6, 3.625, 6.5], "texture": "#voxels_atlas"},
				"up": {"uv": [6.125, 12.125, 6.75, 12], "texture": "#voxels_atlas"},
				"down": {"uv": [5.25, 12, 5.875, 12.125], "texture": "#voxels_atlas"}
			}
		},
		{
			"name": "Voxels",
			"from": [6.72, 6.08, 7.04],
			"to": [7.36, 6.4, 7.36],
			"faces": {
				"north": {"uv": [11.875, 10.875, 11.625, 11], "texture": "#voxels_atlas"},
				"east": {"uv": [5.75, 8.25, 5.625, 8.375], "texture": "#voxels_atlas"},
				"south": {"uv": [12.125, 10.875, 12.375, 11], "texture": "#voxels_atlas"},
				"west": {"uv": [15.625, 10.125, 15.75, 10.25], "texture": "#voxels_atlas"},
				"up": {"uv": [11.125, 11, 11.375, 10.875], "texture": "#voxels_atlas"},
				"down": {"uv": [10.625, 10.875, 10.875, 11], "texture": "#voxels_atlas"}
			}
		},
		{
			"name": "Voxels",
			"from": [6.72, 6.08, 8.32],
			"to": [7.36, 6.4, 8.64],
			"faces": {
				"north": {"uv": [14.875, 10.875, 14.625, 11], "texture": "#voxels_atlas"},
				"east": {"uv": [5.75, 7.5, 5.625, 7.625], "texture": "#voxels_atlas"},
				"south": {"uv": [15.125, 10.875, 15.375, 11], "texture": "#voxels_atlas"},
				"west": {"uv": [5.625, 7.875, 5.75, 8], "texture": "#voxels_atlas"},
				"up": {"uv": [14.125, 11, 14.375, 10.875], "texture": "#voxels_atlas"},
				"down": {"uv": [13.625, 10.875, 13.875, 11], "texture": "#voxels_atlas"}
			}
		},
		{
			"name": "Voxels",
			"from": [6.72, 8, 7.36],
			"to": [7.36, 8.64, 7.68],
			"faces": {
				"north": {"uv": [3.75, 2.75, 3.5, 3], "texture": "#voxels_atlas"},
				"east": {"uv": [5, 4.875, 4.875, 5.125], "texture": "#voxels_atlas"},
				"south": {"uv": [3.5, 1.25, 3.75, 1.5], "texture": "#voxels_atlas"},
				"west": {"uv": [4.875, 5.375, 5, 5.625], "texture": "#voxels_atlas"},
				"up": {"uv": [6.75, 10.625, 7, 10.5], "texture": "#voxels_atlas"},
				"down": {"uv": [6.25, 10.5, 6.5, 10.625], "texture": "#voxels_atlas"}
			}
		},
		{
			"name": "Voxels",
			"from": [6.72, 8, 8],
			"to": [7.36, 8.64, 8.32],
			"faces": {
				"north": {"uv": [4.625, 11.125, 4.375, 11.375], "texture": "#voxels_atlas"},
				"east": {"uv": [5, 3.875, 4.875, 4.125], "texture": "#voxels_atlas"},
				"south": {"uv": [4.375, 9.625, 4.625, 9.875], "texture": "#voxels_atlas"},
				"west": {"uv": [4.875, 4.375, 5, 4.625], "texture": "#voxels_atlas"},
				"up": {"uv": [7.75, 10.625, 8, 10.5], "texture": "#voxels_atlas"},
				"down": {"uv": [7.25, 10.5, 7.5, 10.625], "texture": "#voxels_atlas"}
			}
		},
		{
			"name": "Voxels",
			"from": [6.72, 9.6, 7.68],
			"to": [8.32, 10.56, 8],
			"faces": {
				"north": {"uv": [5, 14, 4.375, 14.375], "texture": "#voxels_atlas"},
				"east": {"uv": [4.125, 3.375, 4, 3.75], "texture": "#voxels_atlas"},
				"south": {"uv": [3.5, 14, 4.125, 14.375], "texture": "#voxels_atlas"},
				"west": {"uv": [4, 4, 4.125, 4.375], "texture": "#voxels_atlas"},
				"up": {"uv": [5.25, 12.5, 5.875, 12.375], "texture": "#voxels_atlas"},
				"down": {"uv": [11.375, 12, 12, 12.125], "texture": "#voxels_atlas"}
			}
		},
		{
			"name": "Voxels",
			"from": [6.72, 21.44, 7.68],
			"to": [8.32, 22.4, 8],
			"faces": {
				"north": {"uv": [2.375, 14, 1.75, 14.375], "texture": "#voxels_atlas"},
				"east": {"uv": [4.125, 2.125, 4, 2.5], "texture": "#voxels_atlas"},
				"south": {"uv": [2.625, 14, 3.25, 14.375], "texture": "#voxels_atlas"},
				"west": {"uv": [4, 2.75, 4.125, 3.125], "texture": "#voxels_atlas"},
				"up": {"uv": [14, 12.5, 14.625, 12.375], "texture": "#voxels_atlas"},
				"down": {"uv": [9.625, 12.375, 10.25, 12.5], "texture": "#voxels_atlas"}
			}
		},
		{
			"name": "Voxels",
			"from": [7.04, -3.84, 7.68],
			"to": [8.32, -3.52, 8],
			"faces": {
				"north": {"uv": [3.25, 0.75, 2.75, 0.875], "texture": "#voxels_atlas"},
				"east": {"uv": [5.75, 6.75, 5.625, 6.875], "texture": "#voxels_atlas"},
				"south": {"uv": [2.75, 2.25, 3.25, 2.375], "texture": "#voxels_atlas"},
				"west": {"uv": [5.625, 7.125, 5.75, 7.25], "texture": "#voxels_atlas"},
				"up": {"uv": [7, 11.75, 7.5, 11.625], "texture": "#voxels_atlas"},
				"down": {"uv": [4.75, 11.625, 5.25, 11.75], "texture": "#voxels_atlas"}
			}
		},
		{
			"name": "Voxels",
			"from": [7.04, -3.52, 7.36],
			"to": [8.64, -1.6, 7.68],
			"faces": {
				"north": {"uv": [0.625, 2.5, 0, 3.25], "texture": "#voxels_atlas"},
				"east": {"uv": [2.5, 0.375, 2.375, 1.125], "texture": "#voxels_atlas"},
				"south": {"uv": [4.625, 14.625, 5.25, 15.375], "texture": "#voxels_atlas"},
				"west": {"uv": [2.375, 1.375, 2.5, 2.125], "texture": "#voxels_atlas"},
				"up": {"uv": [8.75, 12.5, 9.375, 12.375], "texture": "#voxels_atlas"},
				"down": {"uv": [6.125, 12.375, 6.75, 12.5], "texture": "#voxels_atlas"}
			}
		},
		{
			"name": "Voxels",
			"from": [7.04, -3.52, 8],
			"to": [8.64, -1.6, 8.32],
			"faces": {
				"north": {"uv": [3.5, 14.625, 2.875, 15.375], "texture": "#voxels_atlas"},
				"east": {"uv": [3.25, 10.625, 3.125, 11.375], "texture": "#voxels_atlas"},
				"south": {"uv": [3.75, 14.625, 4.375, 15.375], "texture": "#voxels_atlas"},
				"west": {"uv": [2.75, 4.375, 2.875, 5.125], "texture": "#voxels_atlas"},
				"up": {"uv": [10.5, 12.125, 11.125, 12], "texture": "#voxels_atlas"},
				"down": {"uv": [14.875, 12.375, 15.5, 12.5], "texture": "#voxels_atlas"}
			}
		},
		{
			"name": "Voxels",
			"from": [7.04, -2.88, 7.04],
			"to": [8.32, -2.24, 7.36],
			"faces": {
				"north": {"uv": [14.875, 13.125, 14.375, 13.375], "texture": "#voxels_atlas"},
				"east": {"uv": [5, 0.375, 4.875, 0.625], "texture": "#voxels_atlas"},
				"south": {"uv": [15.125, 13.125, 15.625, 13.375], "texture": "#voxels_atlas"},
				"west": {"uv": [5.25, 10, 5.375, 10.25], "texture": "#voxels_atlas"},
				"up": {"uv": [2.75, 0.5, 3.25, 0.375], "texture": "#voxels_atlas"},
				"down": {"uv": [2.75, 2.625, 3.25, 2.75], "texture": "#voxels_atlas"}
			}
		},
		{
			"name": "Voxels",
			"from": [7.04, -2.88, 8.32],
			"to": [8.32, -2.24, 8.64],
			"faces": {
				"north": {"uv": [3.25, 12.625, 2.75, 12.875], "texture": "#voxels_atlas"},
				"east": {"uv": [5, 2.375, 4.875, 2.625], "texture": "#voxels_atlas"},
				"south": {"uv": [2.75, 12.125, 3.25, 12.375], "texture": "#voxels_atlas"},
				"west": {"uv": [4.875, 1.875, 5, 2.125], "texture": "#voxels_atlas"},
				"up": {"uv": [14.75, 12.125, 15.25, 12], "texture": "#voxels_atlas"},
				"down": {"uv": [4, 11.625, 4.5, 11.75], "texture": "#voxels_atlas"}
			}
		},
		{
			"name": "Voxels",
			"from": [7.04, -2.24, 7.04],
			"to": [8, -1.28, 7.36],
			"faces": {
				"north": {"uv": [2.125, 3.375, 1.75, 3.75], "texture": "#voxels_atlas"},
				"east": {"uv": [4.125, 5.875, 4, 6.25], "texture": "#voxels_atlas"},
				"south": {"uv": [1.75, 5.25, 2.125, 5.625], "texture": "#voxels_atlas"},
				"west": {"uv": [4, 5.25, 4.125, 5.625], "texture": "#voxels_atlas"},
				"up": {"uv": [6.75, 11, 7.125, 10.875], "texture": "#voxels_atlas"},
				"down": {"uv": [8, 11.25, 8.375, 11.375], "texture": "#voxels_atlas"}
			}
		},
		{
			"name": "Voxels",
			"from": [7.04, -2.24, 8.32],
			"to": [8, -1.28, 8.64],
			"faces": {
				"north": {"uv": [2.125, 2.75, 1.75, 3.125], "texture": "#voxels_atlas"},
				"east": {"uv": [4.125, 4.625, 4, 5], "texture": "#voxels_atlas"},
				"south": {"uv": [1.75, 4.625, 2.125, 5], "texture": "#voxels_atlas"},
				"west": {"uv": [4, 6.5, 4.125, 6.875], "texture": "#voxels_atlas"},
				"up": {"uv": [8.625, 11.375, 9, 11.25], "texture": "#voxels_atlas"},
				"down": {"uv": [11.125, 11.25, 11.5, 11.375], "texture": "#voxels_atlas"}
			}
		},
		{
			"name": "Voxels",
			"from": [7.04, -1.6, 7.36],
			"to": [8.32, -0.64, 7.68],
			"faces": {
				"north": {"uv": [12.5, 14, 12, 14.375], "texture": "#voxels_atlas"},
				"east": {"uv": [4.125, 7.75, 4, 8.125], "texture": "#voxels_atlas"},
				"south": {"uv": [14.25, 14, 14.75, 14.375], "texture": "#voxels_atlas"},
				"west": {"uv": [4, 7.125, 4.125, 7.5], "texture": "#voxels_atlas"},
				"up": {"uv": [2.75, 2, 3.25, 1.875], "texture": "#voxels_atlas"},
				"down": {"uv": [14, 12, 14.5, 12.125], "texture": "#voxels_atlas"}
			}
		},
		{
			"name": "Voxels",
			"from": [7.04, -1.6, 8],
			"to": [8.32, -0.64, 8.32],
			"faces": {
				"north": {"uv": [14, 14, 13.5, 14.375], "texture": "#voxels_atlas"},
				"east": {"uv": [4.125, 8.375, 4, 8.75], "texture": "#voxels_atlas"},
				"south": {"uv": [12.75, 14, 13.25, 14.375], "texture": "#voxels_atlas"},
				"west": {"uv": [4, 9, 4.125, 9.375], "texture": "#voxels_atlas"},
				"up": {"uv": [5.5, 11.75, 6, 11.625], "texture": "#voxels_atlas"},
				"down": {"uv": [6.25, 11.625, 6.75, 11.75], "texture": "#voxels_atlas"}
			}
		},
		{
			"name": "Voxels",
			"from": [7.04, -1.28, 7.04],
			"to": [7.68, -0.96, 7.36],
			"faces": {
				"north": {"uv": [11, 10.5, 10.75, 10.625], "texture": "#voxels_atlas"},
				"east": {"uv": [14.875, 9.375, 14.75, 9.5], "texture": "#voxels_atlas"},
				"south": {"uv": [11.25, 10.5, 11.5, 10.625], "texture": "#voxels_atlas"},
				"west": {"uv": [15.125, 9.375, 15.25, 9.5], "texture": "#voxels_atlas"},
				"up": {"uv": [10.25, 10.625, 10.5, 10.5], "texture": "#voxels_atlas"},
				"down": {"uv": [9.75, 10.5, 10, 10.625], "texture": "#voxels_atlas"}
			}
		},
		{
			"name": "Voxels",
			"from": [7.04, -1.28, 8.32],
			"to": [7.68, -0.96, 8.64],
			"faces": {
				"north": {"uv": [13, 10.5, 12.75, 10.625], "texture": "#voxels_atlas"},
				"east": {"uv": [12.625, 9.375, 12.5, 9.5], "texture": "#voxels_atlas"},
				"south": {"uv": [13.25, 10.5, 13.5, 10.625], "texture": "#voxels_atlas"},
				"west": {"uv": [12.875, 9.375, 13, 9.5], "texture": "#voxels_atlas"},
				"up": {"uv": [12.25, 10.625, 12.5, 10.5], "texture": "#voxels_atlas"},
				"down": {"uv": [11.75, 10.5, 12, 10.625], "texture": "#voxels_atlas"}
			}
		},
		{
			"name": "Voxels",
			"from": [7.04, 0, 7.04],
			"to": [8, 0.32, 7.36],
			"faces": {
				"north": {"uv": [14.375, 11.625, 14, 11.75], "texture": "#voxels_atlas"},
				"east": {"uv": [13.375, 9.75, 13.25, 9.875], "texture": "#voxels_atlas"},
				"south": {"uv": [14.625, 11.625, 15, 11.75], "texture": "#voxels_atlas"},
				"west": {"uv": [13.625, 9.75, 13.75, 9.875], "texture": "#voxels_atlas"},
				"up": {"uv": [13.375, 11.75, 13.75, 11.625], "texture": "#voxels_atlas"},
				"down": {"uv": [12.75, 11.625, 13.125, 11.75], "texture": "#voxels_atlas"}
			}
		},
		{
			"name": "Voxels",
			"from": [7.04, 0, 8.32],
			"to": [8, 0.32, 8.64],
			"faces": {
				"north": {"uv": [5.875, 11.25, 5.5, 11.375], "texture": "#voxels_atlas"},
				"east": {"uv": [11.125, 9.75, 11, 9.875], "texture": "#voxels_atlas"},
				"south": {"uv": [6.125, 11.25, 6.5, 11.375], "texture": "#voxels_atlas"},
				"west": {"uv": [11.375, 9.75, 11.5, 9.875], "texture": "#voxels_atlas"},
				"up": {"uv": [4.875, 11.375, 5.25, 11.25], "texture": "#voxels_atlas"},
				"down": {"uv": [15.25, 11.625, 15.625, 11.75], "texture": "#voxels_atlas"}
			}
		},
		{
			"name": "Voxels",
			"from": [7.04, 1.6, 7.36],
			"to": [8, 4.8, 7.68],
			"faces": {
				"north": {"uv": [1.5, 13.125, 1.125, 14.375], "texture": "#voxels_atlas"},
				"east": {"uv": [1.875, 11, 1.75, 12.25], "texture": "#voxels_atlas"},
				"south": {"uv": [0, 1, 0.375, 2.25], "texture": "#voxels_atlas"},
				"west": {"uv": [1.75, 9.5, 1.875, 10.75], "texture": "#voxels_atlas"},
				"up": {"uv": [7.375, 11.375, 7.75, 11.25], "texture": "#voxels_atlas"},
				"down": {"uv": [6.75, 11.25, 7.125, 11.375], "texture": "#voxels_atlas"}
			}
		},
		{
			"name": "Voxels",
			"from": [7.04, 1.6, 7.68],
			"to": [8, 4.16, 8.32],
			"faces": {
				"north": {"uv": [1.5, 3.125, 1.125, 4.125], "texture": "#voxels_atlas"},
				"east": {"uv": [1.375, 1.875, 1.125, 2.875], "texture": "#voxels_atlas"},
				"south": {"uv": [1.125, 4.375, 1.5, 5.375], "texture": "#voxels_atlas"},
				"west": {"uv": [0.625, 1.25, 0.875, 2.25], "texture": "#voxels_atlas"},
				"up": {"uv": [2.75, 11.875, 3.125, 11.625], "texture": "#voxels_atlas"},
				"down": {"uv": [2.75, 9.625, 3.125, 9.875], "texture": "#voxels_atlas"}
			}
		},
		{
			"name": "Voxels",
			"from": [7.04, 4.16, 8],
			"to": [8, 4.8, 8.32],
			"faces": {
				"north": {"uv": [3.125, 9.125, 2.75, 9.375], "texture": "#voxels_atlas"},
				"east": {"uv": [5, 2.875, 4.875, 3.125], "texture": "#voxels_atlas"},
				"south": {"uv": [2.75, 7.625, 3.125, 7.875], "texture": "#voxels_atlas"},
				"west": {"uv": [4.875, 3.375, 5, 3.625], "texture": "#voxels_atlas"},
				"up": {"uv": [11.75, 11.375, 12.125, 11.25], "texture": "#voxels_atlas"},
				"down": {"uv": [13.625, 11.25, 14, 11.375], "texture": "#voxels_atlas"}
			}
		},
		{
			"name": "Voxels",
			"from": [7.04, 4.8, 7.04],
			"to": [8, 6.08, 7.36],
			"faces": {
				"north": {"uv": [2.125, 13.25, 1.75, 13.75], "texture": "#voxels_atlas"},
				"east": {"uv": [3.625, 3.25, 3.5, 3.75], "texture": "#voxels_atlas"},
				"south": {"uv": [1.125, 0.375, 1.5, 0.875], "texture": "#voxels_atlas"},
				"west": {"uv": [3.5, 4, 3.625, 4.5], "texture": "#voxels_atlas"},
				"up": {"uv": [5.5, 11, 5.875, 10.875], "texture": "#voxels_atlas"},
				"down": {"uv": [4.875, 10.875, 5.25, 11], "texture": "#voxels_atlas"}
			}
		},
		{
			"name": "Voxels",
			"from": [7.04, 4.8, 8.32],
			"to": [8, 6.08, 8.64],
			"faces": {
				"north": {"uv": [1.5, 1.125, 1.125, 1.625], "texture": "#voxels_atlas"},
				"east": {"uv": [4.125, 10.875, 4, 11.375], "texture": "#voxels_atlas"},
				"south": {"uv": [1.75, 12.5, 2.125, 13], "texture": "#voxels_atlas"},
				"west": {"uv": [3.5, 0.5, 3.625, 1], "texture": "#voxels_atlas"},
				"up": {"uv": [9.875, 11.375, 10.25, 11.25], "texture": "#voxels_atlas"},
				"down": {"uv": [9.25, 11.25, 9.625, 11.375], "texture": "#voxels_atlas"}
			}
		},
		{
			"name": "Voxels",
			"from": [7.04, 8.64, 7.36],
			"to": [7.36, 8.96, 7.68],
			"faces": {
				"north": {"uv": [9.25, 9.75, 9.125, 9.875], "texture": "#voxels_atlas"},
				"east": {"uv": [6.625, 9.75, 6.5, 9.875], "texture": "#voxels_atlas"},
				"south": {"uv": [8.75, 9.75, 8.875, 9.875], "texture": "#voxels_atlas"},
				"west": {"uv": [6.875, 9.75, 7, 9.875], "texture": "#voxels_atlas"},
				"up": {"uv": [10.25, 9.875, 10.375, 9.75], "texture": "#voxels_atlas"},
				"down": {"uv": [10.625, 9.75, 10.75, 9.875], "texture": "#voxels_atlas"}
			}
		},
		{
			"name": "Voxels",
			"from": [7.04, 8.64, 8],
			"to": [7.36, 8.96, 8.32],
			"faces": {
				"north": {"uv": [6.625, 9, 6.5, 9.125], "texture": "#voxels_atlas"},
				"east": {"uv": [6.625, 8.625, 6.5, 8.75], "texture": "#voxels_atlas"},
				"south": {"uv": [15.5, 9.375, 15.625, 9.5], "texture": "#voxels_atlas"},
				"west": {"uv": [6.5, 8.25, 6.625, 8.375], "texture": "#voxels_atlas"},
				"up": {"uv": [5.625, 0.5, 5.75, 0.375], "texture": "#voxels_atlas"},
				"down": {"uv": [6.125, 9.75, 6.25, 9.875], "texture": "#voxels_atlas"}
			}
		},
		{
			"name": "Voxels",
			"from": [7.04, 22.4, 7.68],
			"to": [8, 23.04, 8],
			"faces": {
				"north": {"uv": [3.125, 7.125, 2.75, 7.375], "texture": "#voxels_atlas"},
				"east": {"uv": [5, 0.875, 4.875, 1.125], "texture": "#voxels_atlas"},
				"south": {"uv": [2.75, 8.125, 3.125, 8.375], "texture": "#voxels_atlas"},
				"west": {"uv": [4.875, 1.375, 5, 1.625], "texture": "#voxels_atlas"},
				"up": {"uv": [11.5, 11.75, 11.875, 11.625], "texture": "#voxels_atlas"},
				"down": {"uv": [10.875, 11.625, 11.25, 11.75], "texture": "#voxels_atlas"}
			}
		},
		{
			"name": "Voxels",
			"from": [7.36, -4.48, 7.68],
			"to": [8.32, -3.84, 8],
			"faces": {
				"north": {"uv": [3.125, 8.625, 2.75, 8.875], "texture": "#voxels_atlas"},
				"east": {"uv": [5.375, 9, 5.25, 9.25], "texture": "#voxels_atlas"},
				"south": {"uv": [2.75, 3.875, 3.125, 4.125], "texture": "#voxels_atlas"},
				"west": {"uv": [5.25, 9.5, 5.375, 9.75], "texture": "#voxels_atlas"},
				"up": {"uv": [12.375, 11.375, 12.75, 11.25], "texture": "#voxels_atlas"},
				"down": {"uv": [10.5, 11.25, 10.875, 11.375], "texture": "#voxels_atlas"}
			}
		},
		{
			"name": "Voxels",
			"from": [7.36, -4.16, 7.36],
			"to": [8, -3.52, 7.68],
			"faces": {
				"north": {"uv": [3.75, 6.75, 3.5, 7], "texture": "#voxels_atlas"},
				"east": {"uv": [5.375, 8, 5.25, 8.25], "texture": "#voxels_atlas"},
				"south": {"uv": [3.5, 7.25, 3.75, 7.5], "texture": "#voxels_atlas"},
				"west": {"uv": [5.25, 8.5, 5.375, 8.75], "texture": "#voxels_atlas"},
				"up": {"uv": [14.25, 10.625, 14.5, 10.5], "texture": "#voxels_atlas"},
				"down": {"uv": [13.75, 10.5, 14, 10.625], "texture": "#voxels_atlas"}
			}
		},
		{
			"name": "Voxels",
			"from": [7.36, -4.16, 8],
			"to": [8, -3.52, 8.32],
			"faces": {
				"north": {"uv": [3.75, 8.75, 3.5, 9], "texture": "#voxels_atlas"},
				"east": {"uv": [5.375, 7, 5.25, 7.25], "texture": "#voxels_atlas"},
				"south": {"uv": [3.5, 9.25, 3.75, 9.5], "texture": "#voxels_atlas"},
				"west": {"uv": [5.25, 7.5, 5.375, 7.75], "texture": "#voxels_atlas"},
				"up": {"uv": [15.25, 10.625, 15.5, 10.5], "texture": "#voxels_atlas"},
				"down": {"uv": [14.75, 10.5, 15, 10.625], "texture": "#voxels_atlas"}
			}
		},
		{
			"name": "Voxels",
			"from": [7.36, -3.2, 7.04],
			"to": [8.32, -2.88, 7.36],
			"faces": {
				"north": {"uv": [8.375, 10.875, 8, 11], "texture": "#voxels_atlas"},
				"east": {"uv": [8.5, 9.75, 8.375, 9.875], "texture": "#voxels_atlas"},
				"south": {"uv": [7.375, 10.875, 7.75, 11], "texture": "#voxels_atlas"},
				"west": {"uv": [8, 9.75, 8.125, 9.875], "texture": "#voxels_atlas"},
				"up": {"uv": [12.125, 11.75, 12.5, 11.625], "texture": "#voxels_atlas"},
				"down": {"uv": [10.25, 11.625, 10.625, 11.75], "texture": "#voxels_atlas"}
			}
		},
		{
			"name": "Voxels",
			"from": [7.36, -3.2, 8.32],
			"to": [8.32, -2.88, 8.64],
			"faces": {
				"north": {"uv": [14.625, 11.25, 14.25, 11.375], "texture": "#voxels_atlas"},
				"east": {"uv": [12.25, 9.75, 12.125, 9.875], "texture": "#voxels_atlas"},
				"south": {"uv": [13, 11.25, 13.375, 11.375], "texture": "#voxels_atlas"},
				"west": {"uv": [11.75, 9.75, 11.875, 9.875], "texture": "#voxels_atlas"},
				"up": {"uv": [14.875, 11.375, 15.25, 11.25], "texture": "#voxels_atlas"},
				"down": {"uv": [6.125, 10.875, 6.5, 11], "texture": "#voxels_atlas"}
			}
		},
		{
			"name": "Voxels",
			"from": [7.36, -0.96, 7.04],
			"to": [7.68, -0.64, 7.36],
			"faces": {
				"north": {"uv": [14.125, 9.75, 14, 9.875], "texture": "#voxels_atlas"},
				"east": {"uv": [6.25, 1.125, 6.125, 1.25], "texture": "#voxels_atlas"},
				"south": {"uv": [14.375, 9.75, 14.5, 9.875], "texture": "#voxels_atlas"},
				"west": {"uv": [6.125, 1.5, 6.25, 1.625], "texture": "#voxels_atlas"},
				"up": {"uv": [12.875, 9.875, 13, 9.75], "texture": "#voxels_atlas"},
				"down": {"uv": [12.5, 9.75, 12.625, 9.875], "texture": "#voxels_atlas"}
			}
		},
		{
			"name": "Voxels",
			"from": [7.36, -0.96, 8.32],
			"to": [7.68, -0.64, 8.64],
			"faces": {
				"north": {"uv": [7.375, 9.375, 7.25, 9.5], "texture": "#voxels_atlas"},
				"east": {"uv": [8.5, 9.375, 8.375, 9.5], "texture": "#voxels_atlas"},
				"south": {"uv": [7.625, 9.375, 7.75, 9.5], "texture": "#voxels_atlas"},
				"west": {"uv": [8, 9.375, 8.125, 9.5], "texture": "#voxels_atlas"},
				"up": {"uv": [6.125, 0.5, 6.25, 0.375], "texture": "#voxels_atlas"},
				"down": {"uv": [6.125, 0.75, 6.25, 0.875], "texture": "#voxels_atlas"}
			}
		},
		{
			"name": "Voxels",
			"from": [7.36, 23.04, 7.68],
			"to": [7.68, 23.36, 8],
			"faces": {
				"north": {"uv": [13.375, 9.375, 13.25, 9.5], "texture": "#voxels_atlas"},
				"east": {"uv": [14.5, 9.375, 14.375, 9.5], "texture": "#voxels_atlas"},
				"south": {"uv": [13.625, 9.375, 13.75, 9.5], "texture": "#voxels_atlas"},
				"west": {"uv": [14, 9.375, 14.125, 9.5], "texture": "#voxels_atlas"},
				"up": {"uv": [12.125, 9.5, 12.25, 9.375], "texture": "#voxels_atlas"},
				"down": {"uv": [11.75, 9.375, 11.875, 9.5], "texture": "#voxels_atlas"}
			}
		},
		{
			"name": "Voxels",
			"from": [7.68, -4.8, 7.68],
			"to": [8.32, -4.48, 8],
			"faces": {
				"north": {"uv": [6.875, 10.125, 6.625, 10.25], "texture": "#voxels_atlas"},
				"east": {"uv": [6.625, 7.5, 6.5, 7.625], "texture": "#voxels_atlas"},
				"south": {"uv": [7.125, 10.125, 7.375, 10.25], "texture": "#voxels_atlas"},
				"west": {"uv": [6.5, 7.875, 6.625, 8], "texture": "#voxels_atlas"},
				"up": {"uv": [6.125, 10.25, 6.375, 10.125], "texture": "#voxels_atlas"},
				"down": {"uv": [5.625, 10.125, 5.875, 10.25], "texture": "#voxels_atlas"}
			}
		},
		{
			"name": "Voxels",
			"from": [7.68, -4.48, 7.36],
			"to": [8, -4.16, 7.68],
			"faces": {
				"north": {"uv": [6.625, 5.625, 6.5, 5.75], "texture": "#voxels_atlas"},
				"east": {"uv": [6.625, 3.75, 6.5, 3.875], "texture": "#voxels_atlas"},
				"south": {"uv": [6.5, 5.25, 6.625, 5.375], "texture": "#voxels_atlas"},
				"west": {"uv": [6.5, 4.125, 6.625, 4.25], "texture": "#voxels_atlas"},
				"up": {"uv": [6.5, 6.125, 6.625, 6], "texture": "#voxels_atlas"},
				"down": {"uv": [6.5, 6.375, 6.625, 6.5], "texture": "#voxels_atlas"}
			}
		},
		{
			"name": "Voxels",
			"from": [7.68, -4.48, 8],
			"to": [8, -4.16, 8.32],
			"faces": {
				"north": {"uv": [5.75, 6.375, 5.625, 6.5], "texture": "#voxels_atlas"},
				"east": {"uv": [5.75, 5.25, 5.625, 5.375], "texture": "#voxels_atlas"},
				"south": {"uv": [5.625, 6, 5.75, 6.125], "texture": "#voxels_atlas"},
				"west": {"uv": [5.625, 5.625, 5.75, 5.75], "texture": "#voxels_atlas"},
				"up": {"uv": [6.5, 3.125, 6.625, 3], "texture": "#voxels_atlas"},
				"down": {"uv": [6.5, 3.375, 6.625, 3.5], "texture": "#voxels_atlas"}
			}
		},
		{
			"name": "Voxels",
			"from": [7.68, -3.52, 7.04],
			"to": [8, -3.2, 7.36],
			"faces": {
				"north": {"uv": [5.75, 4.125, 5.625, 4.25], "texture": "#voxels_atlas"},
				"east": {"uv": [5.75, 3, 5.625, 3.125], "texture": "#voxels_atlas"},
				"south": {"uv": [5.625, 3.75, 5.75, 3.875], "texture": "#voxels_atlas"},
				"west": {"uv": [5.625, 3.375, 5.75, 3.5], "texture": "#voxels_atlas"},
				"up": {"uv": [5.625, 4.625, 5.75, 4.5], "texture": "#voxels_atlas"},
				"down": {"uv": [5.625, 4.875, 5.75, 5], "texture": "#voxels_atlas"}
			}
		},
		{
			"name": "Voxels",
			"from": [7.68, -3.52, 8.32],
			"to": [8, -3.2, 8.64],
			"faces": {
				"north": {"uv": [5.75, 1.875, 5.625, 2], "texture": "#voxels_atlas"},
				"east": {"uv": [5.75, 0.75, 5.625, 0.875], "texture": "#voxels_atlas"},
				"south": {"uv": [5.625, 1.5, 5.75, 1.625], "texture": "#voxels_atlas"},
				"west": {"uv": [5.625, 1.125, 5.75, 1.25], "texture": "#voxels_atlas"},
				"up": {"uv": [5.625, 2.375, 5.75, 2.25], "texture": "#voxels_atlas"},
				"down": {"uv": [5.625, 2.625, 5.75, 2.75], "texture": "#voxels_atlas"}
			}
		},
		{
			"name": "Voxels",
			"from": [7.68, 6.08, 7.04],
			"to": [8.32, 6.4, 7.36],
			"faces": {
				"north": {"uv": [8.875, 10.125, 8.625, 10.25], "texture": "#voxels_atlas"},
				"east": {"uv": [7.75, 9.75, 7.625, 9.875], "texture": "#voxels_atlas"},
				"south": {"uv": [9.125, 10.125, 9.375, 10.25], "texture": "#voxels_atlas"},
				"west": {"uv": [7.25, 9.75, 7.375, 9.875], "texture": "#voxels_atlas"},
				"up": {"uv": [8.125, 10.25, 8.375, 10.125], "texture": "#voxels_atlas"},
				"down": {"uv": [7.625, 10.125, 7.875, 10.25], "texture": "#voxels_atlas"}
			}
		},
		{
			"name": "Voxels",
			"from": [7.68, 6.08, 8.32],
			"to": [8.32, 6.4, 8.64],
			"faces": {
				"north": {"uv": [10.875, 10.125, 10.625, 10.25], "texture": "#voxels_atlas"},
				"east": {"uv": [10, 9.75, 9.875, 9.875], "texture": "#voxels_atlas"},
				"south": {"uv": [11.125, 10.125, 11.375, 10.25], "texture": "#voxels_atlas"},
				"west": {"uv": [9.5, 9.75, 9.625, 9.875], "texture": "#voxels_atlas"},
				"up": {"uv": [10.125, 10.25, 10.375, 10.125], "texture": "#voxels_atlas"},
				"down": {"uv": [9.625, 10.125, 9.875, 10.25], "texture": "#voxels_atlas"}
			}
		},
		{
			"name": "Voxels",
			"from": [7.68, 8, 7.36],
			"to": [8.32, 8.64, 7.68],
			"faces": {
				"north": {"uv": [4.625, 10.125, 4.375, 10.375], "texture": "#voxels_atlas"},
				"east": {"uv": [5.375, 6, 5.25, 6.25], "texture": "#voxels_atlas"},
				"south": {"uv": [4.375, 10.625, 4.625, 10.875], "texture": "#voxels_atlas"},
				"west": {"uv": [5.25, 6.5, 5.375, 6.75], "texture": "#voxels_atlas"},
				"up": {"uv": [12.125, 10.25, 12.375, 10.125], "texture": "#voxels_atlas"},
				"down": {"uv": [11.625, 10.125, 11.875, 10.25], "texture": "#voxels_atlas"}
			}
		},
		{
			"name": "Voxels",
			"from": [7.68, 8, 8],
			"to": [8.32, 8.64, 8.32],
			"faces": {
				"north": {"uv": [3.75, 1.75, 3.5, 2], "texture": "#voxels_atlas"},
				"east": {"uv": [5.375, 5, 5.25, 5.25], "texture": "#voxels_atlas"},
				"south": {"uv": [3.5, 2.25, 3.75, 2.5], "texture": "#voxels_atlas"},
				"west": {"uv": [5.25, 5.5, 5.375, 5.75], "texture": "#voxels_atlas"},
				"up": {"uv": [13.125, 10.25, 13.375, 10.125], "texture": "#voxels_atlas"},
				"down": {"uv": [12.625, 10.125, 12.875, 10.25], "texture": "#voxels_atlas"}
			}
		},
		{
			"name": "Voxels",
			"from": [7.68, 8.64, 7.36],
			"to": [8, 8.96, 7.68],
			"faces": {
				"north": {"uv": [15.625, 9.75, 15.5, 9.875], "texture": "#voxels_atlas"},
				"east": {"uv": [6.25, 8.625, 6.125, 8.75], "texture": "#voxels_atlas"},
				"south": {"uv": [6.125, 9.375, 6.25, 9.5], "texture": "#voxels_atlas"},
				"west": {"uv": [6.125, 9, 6.25, 9.125], "texture": "#voxels_atlas"},
				"up": {"uv": [15.125, 9.875, 15.25, 9.75], "texture": "#voxels_atlas"},
				"down": {"uv": [14.75, 9.75, 14.875, 9.875], "texture": "#voxels_atlas"}
			}
		},
		{
			"name": "Voxels",
			"from": [7.68, 8.64, 8],
			"to": [8, 8.96, 8.32],
			"faces": {
				"north": {"uv": [6.25, 7.5, 6.125, 7.625], "texture": "#voxels_atlas"},
				"east": {"uv": [6.25, 6.375, 6.125, 6.5], "texture": "#voxels_atlas"},
				"south": {"uv": [6.125, 7.125, 6.25, 7.25], "texture": "#voxels_atlas"},
				"west": {"uv": [6.125, 6.75, 6.25, 6.875], "texture": "#voxels_atlas"},
				"up": {"uv": [6.125, 8, 6.25, 7.875], "texture": "#voxels_atlas"},
				"down": {"uv": [6.125, 8.25, 6.25, 8.375], "texture": "#voxels_atlas"}
			}
		},
		{
			"name": "Voxels",
			"from": [8, -3.84, 7.36],
			"to": [8.32, -3.52, 7.68],
			"faces": {
				"north": {"uv": [6.25, 5.25, 6.125, 5.375], "texture": "#voxels_atlas"},
				"east": {"uv": [6.25, 4.125, 6.125, 4.25], "texture": "#voxels_atlas"},
				"south": {"uv": [6.125, 4.875, 6.25, 5], "texture": "#voxels_atlas"},
				"west": {"uv": [6.125, 4.5, 6.25, 4.625], "texture": "#voxels_atlas"},
				"up": {"uv": [6.125, 5.75, 6.25, 5.625], "texture": "#voxels_atlas"},
				"down": {"uv": [6.125, 6, 6.25, 6.125], "texture": "#voxels_atlas"}
			}
		},
		{
			"name": "Voxels",
			"from": [8, -3.84, 8],
			"to": [8.32, -3.52, 8.32],
			"faces": {
				"north": {"uv": [6.25, 3, 6.125, 3.125], "texture": "#voxels_atlas"},
				"east": {"uv": [6.25, 1.875, 6.125, 2], "texture": "#voxels_atlas"},
				"south": {"uv": [6.125, 2.625, 6.25, 2.75], "texture": "#voxels_atlas"},
				"west": {"uv": [6.125, 2.25, 6.25, 2.375], "texture": "#voxels_atlas"},
				"up": {"uv": [6.125, 3.5, 6.25, 3.375], "texture": "#voxels_atlas"},
				"down": {"uv": [6.125, 3.75, 6.25, 3.875], "texture": "#voxels_atlas"}
			}
		},
		{
			"name": "Voxels",
			"from": [8, 6.4, 7.04],
			"to": [8.64, 6.72, 7.36],
			"faces": {
				"north": {"uv": [14.875, 10.125, 14.625, 10.25], "texture": "#voxels_atlas"},
				"east": {"uv": [7, 9.375, 6.875, 9.5], "texture": "#voxels_atlas"},
				"south": {"uv": [15.125, 10.125, 15.375, 10.25], "texture": "#voxels_atlas"},
				"west": {"uv": [6.5, 9.375, 6.625, 9.5], "texture": "#voxels_atlas"},
				"up": {"uv": [14.125, 10.25, 14.375, 10.125], "texture": "#voxels_atlas"},
				"down": {"uv": [13.625, 10.125, 13.875, 10.25], "texture": "#voxels_atlas"}
			}
		},
		{
			"name": "Voxels",
			"from": [8, 6.4, 8.32],
			"to": [8.64, 6.72, 8.64],
			"faces": {
				"north": {"uv": [5.875, 9, 5.625, 9.125], "texture": "#voxels_atlas"},
				"east": {"uv": [9.25, 9.375, 9.125, 9.5], "texture": "#voxels_atlas"},
				"south": {"uv": [5.625, 8.625, 5.875, 8.75], "texture": "#voxels_atlas"},
				"west": {"uv": [8.75, 9.375, 8.875, 9.5], "texture": "#voxels_atlas"},
				"up": {"uv": [5.625, 9.5, 5.875, 9.375], "texture": "#voxels_atlas"},
				"down": {"uv": [5.625, 9.75, 5.875, 9.875], "texture": "#voxels_atlas"}
			}
		},
		{
			"name": "Voxels",
			"from": [8.64, -3.2, 7.68],
			"to": [8.96, -2.88, 8],
			"faces": {
				"north": {"uv": [10.375, 9.375, 10.25, 9.5], "texture": "#voxels_atlas"},
				"east": {"uv": [11.5, 9.375, 11.375, 9.5], "texture": "#voxels_atlas"},
				"south": {"uv": [10.625, 9.375, 10.75, 9.5], "texture": "#voxels_atlas"},
				"west": {"uv": [11, 9.375, 11.125, 9.5], "texture": "#voxels_atlas"},
				"up": {"uv": [9.875, 9.5, 10, 9.375], "texture": "#voxels_atlas"},
				"down": {"uv": [9.5, 9.375, 9.625, 9.5], "texture": "#voxels_atlas"}
			}
		},
		{
			"name": "Voxels",
			"from": [8.64, -1.92, 7.36],
			"to": [9.28, -1.28, 7.68],
			"faces": {
				"north": {"uv": [3.75, 10.5, 3.5, 10.75], "texture": "#voxels_atlas"},
				"east": {"uv": [4.5, 3.375, 4.375, 3.625], "texture": "#voxels_atlas"},
				"south": {"uv": [3.5, 4.75, 3.75, 5], "texture": "#voxels_atlas"},
				"west": {"uv": [4.375, 3.875, 4.5, 4.125], "texture": "#voxels_atlas"},
				"up": {"uv": [4.375, 6, 4.625, 5.875], "texture": "#voxels_atlas"},
				"down": {"uv": [4.375, 6.25, 4.625, 6.375], "texture": "#voxels_atlas"}
			}
		},
		{
			"name": "Voxels",
			"from": [8.64, -1.92, 8],
			"to": [9.28, -1.28, 8.32],
			"faces": {
				"north": {"uv": [3.75, 7.75, 3.5, 8], "texture": "#voxels_atlas"},
				"east": {"uv": [4.5, 1.625, 4.375, 1.875], "texture": "#voxels_atlas"},
				"south": {"uv": [3.5, 8.25, 3.75, 8.5], "texture": "#voxels_atlas"},
				"west": {"uv": [4.375, 2.125, 4.5, 2.375], "texture": "#voxels_atlas"},
				"up": {"uv": [4.375, 2.75, 4.625, 2.625], "texture": "#voxels_atlas"},
				"down": {"uv": [4.375, 3, 4.625, 3.125], "texture": "#voxels_atlas"}
			}
		},
		{
			"name": "Voxels",
			"from": [8.64, -1.6, 7.68],
			"to": [9.28, -1.28, 8],
			"faces": {
				"north": {"uv": [8.875, 10.875, 8.625, 11], "texture": "#voxels_atlas"},
				"east": {"uv": [6.625, 6.75, 6.5, 6.875], "texture": "#voxels_atlas"},
				"south": {"uv": [9.125, 10.875, 9.375, 11], "texture": "#voxels_atlas"},
				"west": {"uv": [6.5, 7.125, 6.625, 7.25], "texture": "#voxels_atlas"},
				"up": {"uv": [15.5, 11.375, 15.75, 11.25], "texture": "#voxels_atlas"},
				"down": {"uv": [4.375, 0.25, 4.625, 0.375], "texture": "#voxels_atlas"}
			}
		},
		{
			"name": "Voxels",
			"from": [8.64, 8, 7.36],
			"to": [9.28, 8.32, 7.68],
			"faces": {
				"north": {"uv": [12.875, 10.875, 12.625, 11], "texture": "#voxels_atlas"},
				"east": {"uv": [6.625, 4.5, 6.5, 4.625], "texture": "#voxels_atlas"},
				"south": {"uv": [13.125, 10.875, 13.375, 11], "texture": "#voxels_atlas"},
				"west": {"uv": [6.5, 4.875, 6.625, 5], "texture": "#voxels_atlas"},
				"up": {"uv": [10.125, 11, 10.375, 10.875], "texture": "#voxels_atlas"},
				"down": {"uv": [9.625, 10.875, 9.875, 11], "texture": "#voxels_atlas"}
			}
		},
		{
			"name": "Voxels",
			"from": [8.64, 8, 8],
			"to": [9.28, 8.32, 8.32],
			"faces": {
				"north": {"uv": [9, 10.5, 8.75, 10.625], "texture": "#voxels_atlas"},
				"east": {"uv": [6.625, 2.25, 6.5, 2.375], "texture": "#voxels_atlas"},
				"south": {"uv": [9.25, 10.5, 9.5, 10.625], "texture": "#voxels_atlas"},
				"west": {"uv": [6.5, 2.625, 6.625, 2.75], "texture": "#voxels_atlas"},
				"up": {"uv": [5.75, 10.625, 6, 10.5], "texture": "#voxels_atlas"},
				"down": {"uv": [5.25, 10.5, 5.5, 10.625], "texture": "#voxels_atlas"}
			}
		},
		{
			"name": "Voxels",
			"from": [8.96, -1.92, 7.68],
			"to": [9.28, -1.6, 8],
			"faces": {
				"north": {"uv": [6.625, 1.125, 6.5, 1.25], "texture": "#voxels_atlas"},
				"east": {"uv": [7, 9, 6.875, 9.125], "texture": "#voxels_atlas"},
				"south": {"uv": [6.5, 0.75, 6.625, 0.875], "texture": "#voxels_atlas"},
				"west": {"uv": [6.5, 0.375, 6.625, 0.5], "texture": "#voxels_atlas"},
				"up": {"uv": [6.5, 1.625, 6.625, 1.5], "texture": "#voxels_atlas"},
				"down": {"uv": [6.5, 1.875, 6.625, 2], "texture": "#voxels_atlas"}
			}
		}
	],
	"display": {
		"thirdperson_righthand": {
			"rotation": [0, 90, 0],
			"translation": [0, 2.782, 0.695],
			"scale": [0.92, 0.98, 0.81]
		},
		"thirdperson_lefthand": {
			"rotation": [0, 90, 0],
			"translation": [0, 2.782, 0.695],
			"scale": [0.92, 0.98, 0.81]
		},
		"firstperson_righthand": {
			"rotation": [0, 90, 0],
			"translation": [0, 2.782, 0],
			"scale": [0.7, 0.7, 0.7]
		},
		"firstperson_lefthand": {
			"rotation": [0, 90, 0],
			"translation": [0, 2.782, 0],
			"scale": [0.7, 0.7, 0.7]
		},
		"ground": {
			"rotation": [90, 0, 0],
			"scale": [0.7, 0.7, 0.7]
		},
		"gui": {
			"rotation": [0, 0, -45],
			"translation": [0, -0.69, 0],
			"scale": [0.7, 0.7, 0.7]
		},
		"fixed": {
			"rotation": [0, 0, 45]
		}
	}
}