{
	"credit": "Created with Blockbench [Exported as resourcepack with the \"resourcepack_packager\" plugin]",
	"texture_size": [64, 64],
	"textures": {
		"0": "nobi/dagger6",
		"particle": "item/wooden_sword"
	},
	"elements": [
		{
			"from": [7.6, 7.25, 6.575],
			"to": [8.4, 8.425, 9.425],
			"faces": {
				"north": {"uv": [9.5, 9, 11.5, 10], "texture": "#0"},
				"east": {"uv": [9.5, 9, 11.5, 10], "texture": "#0"},
				"south": {"uv": [9.5, 9, 11.5, 10], "texture": "#0"},
				"west": {"uv": [9.5, 9, 11.5, 10], "texture": "#0"},
				"up": {"uv": [9.5, 9, 11.5, 10], "texture": "#0"},
				"down": {"uv": [9.5, 9, 11.5, 10], "texture": "#0"}
			}
		},
		{
			"from": [7.575, 6.91036, 6.71569],
			"to": [8.425, 7.66036, 7.56569],
			"rotation": {"angle": -45, "axis": "x", "origin": [8, 7.28536, 7.14069]},
			"faces": {
				"north": {"uv": [3.5, 10.5, 4.5, 11.5], "texture": "#0"},
				"east": {"uv": [3.5, 10.5, 4.5, 11.5], "texture": "#0"},
				"south": {"uv": [3.5, 10.5, 4.5, 11.5], "texture": "#0"},
				"west": {"uv": [3.5, 10.5, 4.5, 11.5], "texture": "#0"},
				"up": {"uv": [3.5, 10.5, 4.5, 11.5], "texture": "#0"},
				"down": {"uv": [3.5, 10.5, 4.5, 11.5], "texture": "#0"}
			}
		},
		{
			"from": [7.575, 6.55838, 7.28405],
			"to": [8.425, 7.30838, 8.13405],
			"rotation": {"angle": 45, "axis": "x", "origin": [8, 5.72088, 8.70905]},
			"faces": {
				"north": {"uv": [2.5, 9.5, 3.5, 10.5], "texture": "#0"},
				"east": {"uv": [2.5, 9.5, 3.5, 10.5], "texture": "#0"},
				"south": {"uv": [2.5, 9.5, 3.5, 10.5], "texture": "#0"},
				"west": {"uv": [2.5, 9.5, 3.5, 10.5], "texture": "#0"},
				"up": {"uv": [2.5, 9.5, 3.5, 10.5], "texture": "#0"},
				"down": {"uv": [2.5, 9.5, 3.5, 10.5], "texture": "#0"}
			}
		},
		{
			"from": [7.575, 8.55345, 6.5218],
			"to": [8.425, 9.72845, 7.1218],
			"rotation": {"angle": -45, "axis": "x", "origin": [8, 9.14095, 8.1218]},
			"faces": {
				"north": {"uv": [4.5, 9.5, 5.5, 10.5], "texture": "#0"},
				"east": {"uv": [4.5, 9.5, 5.5, 10.5], "texture": "#0"},
				"south": {"uv": [4.5, 9.5, 5.5, 10.5], "texture": "#0"},
				"west": {"uv": [4.5, 9.5, 5.5, 10.5], "texture": "#0"},
				"up": {"uv": [4.5, 9.5, 5.5, 10.5], "texture": "#0"},
				"down": {"uv": [4.5, 9.5, 5.5, 10.5], "texture": "#0"}
			}
		},
		{
			"from": [7.575, 8.36662, 7.28405],
			"to": [8.425, 8.96662, 8.13405],
			"rotation": {"angle": -45, "axis": "x", "origin": [8, 9.95412, 8.70905]},
			"faces": {
				"north": {"uv": [4.5, 11.5, 5.5, 12.5], "texture": "#0"},
				"east": {"uv": [4.5, 11.5, 5.5, 12.5], "texture": "#0"},
				"south": {"uv": [4.5, 11.5, 5.5, 12.5], "texture": "#0"},
				"west": {"uv": [4.5, 11.5, 5.5, 12.5], "texture": "#0"},
				"up": {"uv": [4.5, 11.5, 5.5, 12.5], "texture": "#0"},
				"down": {"uv": [4.5, 11.5, 5.5, 12.5], "texture": "#0"}
			}
		},
		{
			"from": [7.7, 3.85662, 1.68142],
			"to": [8.3, 5.18162, 2.98142],
			"rotation": {"angle": -45, "axis": "x", "origin": [8.325, 9.76912, 9.00642]},
			"faces": {
				"north": {"uv": [8, 8, 7, 9.5], "texture": "#0"},
				"east": {"uv": [8.5, 8, 7, 9.5], "texture": "#0"},
				"south": {"uv": [8.5, 8, 7, 9.5], "texture": "#0"},
				"west": {"uv": [7, 8, 8.5, 9.5], "texture": "#0"},
				"up": {"uv": [8.5, 8, 7, 9.5], "texture": "#0"},
				"down": {"uv": [7, 8, 8, 9.5], "texture": "#0"}
			}
		},
		{
			"from": [7.525, 1.85, 7.4],
			"to": [8.475, 7.075, 8.6],
			"faces": {
				"north": {"uv": [10, 4, 9, 8], "texture": "#0"},
				"east": {"uv": [9, 4, 10, 8], "texture": "#0"},
				"south": {"uv": [10, 4, 9, 8], "texture": "#0"},
				"west": {"uv": [9, 4, 10, 8], "texture": "#0"},
				"up": {"uv": [9, 4, 10, 8], "texture": "#0"},
				"down": {"uv": [9, 4, 10, 8], "texture": "#0"}
			}
		},
		{
			"from": [7.3875, 7.025, 7.275],
			"to": [8.6125, 8.425, 8.675],
			"rotation": {"angle": -45, "axis": "x", "origin": [8.1875, 7.75, 8]},
			"faces": {
				"north": {"uv": [11.5, 4, 10, 5.5], "texture": "#0"},
				"east": {"uv": [11.5, 4, 10, 5.5], "texture": "#0"},
				"south": {"uv": [11.5, 4, 10, 5.5], "texture": "#0"},
				"west": {"uv": [11.5, 4, 10, 5.5], "texture": "#0"},
				"up": {"uv": [11.5, 4, 10, 5.5], "texture": "#0"},
				"down": {"uv": [11.5, 4, 10, 5.5], "texture": "#0"}
			}
		},
		{
			"from": [7.1375, 7.275, 7.525],
			"to": [8.8625, 8.175, 8.425],
			"rotation": {"angle": -45, "axis": "x", "origin": [8.25, 7.75, 8]},
			"faces": {
				"north": {"uv": [7, 8.5, 8, 9.5], "texture": "#0"},
				"east": {"uv": [7, 8.5, 8, 9.5], "texture": "#0"},
				"south": {"uv": [7, 8.5, 8, 9.5], "texture": "#0"},
				"west": {"uv": [7, 8.5, 8, 9.5], "texture": "#0"},
				"up": {"uv": [7, 8.5, 8, 9.5], "texture": "#0"},
				"down": {"uv": [7, 8.5, 8, 9.5], "texture": "#0"}
			}
		},
		{
			"from": [7.25, 1.275, 7],
			"to": [8.75, 1.875, 9],
			"rotation": {"angle": 0, "axis": "z", "origin": [8.425, 1.5, 8]},
			"faces": {
				"north": {"uv": [12, 10.5, 10, 11.5], "texture": "#0"},
				"east": {"uv": [10, 10.5, 12, 11.5], "texture": "#0"},
				"south": {"uv": [12, 10.5, 10, 11.5], "texture": "#0"},
				"west": {"uv": [10, 10.5, 12, 11.5], "texture": "#0"},
				"up": {"uv": [10, 10.5, 12, 11.5], "texture": "#0"},
				"down": {"uv": [10, 10.5, 12, 11.5], "texture": "#0"}
			}
		},
		{
			"from": [7.675, 8, 7],
			"to": [8.325, 23, 9],
			"faces": {
				"north": {"uv": [1, 0, 1.5, 7.5], "texture": "#0"},
				"east": {"uv": [2, 0, 1, 7.5], "texture": "#0"},
				"south": {"uv": [1.5, 0, 2, 7.5], "texture": "#0"},
				"west": {"uv": [1, 0, 2, 7.5], "texture": "#0"},
				"up": {"uv": [1, 0, 2, 7.5], "texture": "#0"},
				"down": {"uv": [1, 0, 2, 7.5], "texture": "#0"}
			}
		},
		{
			"from": [7.725, 23, 7],
			"to": [8.275, 24, 8],
			"faces": {
				"north": {"uv": [6.5, 0, 7, 0.5], "texture": "#0"},
				"east": {"uv": [6.5, 0, 7, 0.5], "texture": "#0"},
				"south": {"uv": [6.5, 0, 7, 0.5], "texture": "#0"},
				"west": {"uv": [6.5, 0, 7, 0.5], "texture": "#0"},
				"up": {"uv": [6.5, 0, 7, 0.5], "texture": "#0"},
				"down": {"uv": [6.5, 0, 7, 0.5], "texture": "#0"}
			}
		},
		{
			"from": [7.65, 24, 7],
			"to": [8.35, 24.5, 7.5],
			"faces": {
				"north": {"uv": [4.5, 6.5, 5, 7], "texture": "#0"},
				"east": {"uv": [4.5, 6.5, 5, 7], "texture": "#0"},
				"south": {"uv": [4.5, 6.5, 5, 7], "texture": "#0"},
				"west": {"uv": [4.5, 6.5, 5, 7], "texture": "#0"},
				"up": {"uv": [4.5, 6.5, 5, 7], "texture": "#0"},
				"down": {"uv": [4.5, 6.5, 5, 7], "texture": "#0"}
			}
		},
		{
			"from": [7.675, 24.5, 7],
			"to": [8.325, 24.75, 7.25],
			"faces": {
				"north": {"uv": [7, 1.5, 7.5, 2], "texture": "#0"},
				"east": {"uv": [7, 1.5, 7.5, 2], "texture": "#0"},
				"south": {"uv": [7, 1.5, 7.5, 2], "texture": "#0"},
				"west": {"uv": [7, 1.5, 7.5, 2], "texture": "#0"},
				"up": {"uv": [7, 1.5, 7.5, 2], "texture": "#0"},
				"down": {"uv": [7, 1.5, 7.5, 2], "texture": "#0"}
			}
		},
		{
			"from": [7.675, 23.70711, 7.66789],
			"to": [8.325, 24.83211, 8.29289],
			"rotation": {"angle": -45, "axis": "x", "origin": [8, 23.70711, 8.29289]},
			"faces": {
				"north": {"uv": [4.5, 6, 5, 6.5], "texture": "#0"},
				"east": {"uv": [4.5, 6, 5, 6.5], "texture": "#0"},
				"south": {"uv": [4.5, 6, 5, 6.5], "texture": "#0"},
				"west": {"uv": [4.5, 6, 5, 6.5], "texture": "#0"},
				"up": {"uv": [4.5, 6, 5, 6.5], "texture": "#0"},
				"down": {"uv": [4.5, 6, 5, 6.5], "texture": "#0"}
			}
		},
		{
			"from": [7.7, 24.90533, 8.11967],
			"to": [8.3, 25.25533, 8.46967],
			"rotation": {"angle": -45, "axis": "x", "origin": [8, 23.53033, 8.46967]},
			"faces": {
				"north": {"uv": [6, 6.5, 6.5, 7], "texture": "#0"},
				"east": {"uv": [6, 6.5, 6.5, 7], "texture": "#0"},
				"south": {"uv": [6, 6.5, 6.5, 7], "texture": "#0"},
				"west": {"uv": [6, 6.5, 6.5, 7], "texture": "#0"},
				"up": {"uv": [6, 6.5, 6.5, 7], "texture": "#0"},
				"down": {"uv": [6, 6.5, 6.5, 7], "texture": "#0"}
			}
		},
		{
			"from": [7.7, 22.70711, 6.86789],
			"to": [8.3, 24.10711, 8.29289],
			"rotation": {"angle": -45, "axis": "x", "origin": [8, 23.70711, 8.29289]},
			"faces": {
				"north": {"uv": [7, 8, 8, 7], "texture": "#0"},
				"east": {"uv": [8, 8, 7, 7], "texture": "#0"},
				"south": {"uv": [7.5, 8, 8, 7], "texture": "#0"},
				"west": {"uv": [7, 8, 8, 7], "texture": "#0"},
				"up": {"uv": [7, 8, 8, 7], "texture": "#0"},
				"down": {"uv": [7, 8, 8, 7], "texture": "#0"}
			}
		}
	],
	"display": {
		"thirdperson_righthand": {
			"rotation": [5, 177, 0],
			"translation": [0.5, 0.5, 1.25],
			"scale": [0.61, 0.78, 0.89]
		},
		"thirdperson_lefthand": {
			"rotation": [-175.75, 0, 0],
			"translation": [0, -5.75, 1]
		},
		"firstperson_righthand": {
			"rotation": [-164.25, 8, -180],
			"translation": [0, 2, 0]
		},
		"firstperson_lefthand": {
			"rotation": [-175.25, 9.25, 180],
			"translation": [1.5, 12.75, 0]
		},
		"ground": {
			"translation": [0, 6.25, 0]
		},
		"gui": {
			"rotation": [103.02, -61.12, 101.47],
			"translation": [2.25, -3.25, 0],
			"scale": [0.81, 0.81, 0.81]
		},
		"fixed": {
			"rotation": [180, -78.25, 180],
			"translation": [1, -5.5, 0]
		}
	}
}