{
	"credit": "Created with Blockbench [Exported as resourcepack with the \"resourcepack_packager\" plugin]",
	"texture_size": [32, 32],
	"textures": {
		"0": "nobi/Dagger7",
		"particle": "item/Dagger7"
	},
	"elements": [
		{
			"from": [7.5, 3.875, 7],
			"to": [8.5, 16.625, 9],
			"rotation": {"angle": 0, "axis": "y", "origin": [8, 7.5, 8]},
			"faces": {
				"north": {"uv": [2, 3.5, 2.5, 7.5], "texture": "#0"},
				"east": {"uv": [0, 0, 1, 4], "texture": "#0"},
				"south": {"uv": [2.5, 3.5, 3, 7.5], "texture": "#0"},
				"west": {"uv": [1, 0, 0, 4], "texture": "#0"},
				"up": {"uv": [1, 0, 0, 4], "texture": "#0"},
				"down": {"uv": [7.5, 5, 7, 6], "texture": "#0"}
			}
		},
		{
			"from": [7.575, 16.30384, 7.73541],
			"to": [8.475, 18.95384, 8.78541],
			"rotation": {"angle": -22.5, "axis": "x", "origin": [8.025, 17.00384, 8.08541]},
			"faces": {
				"north": {"uv": [2, 3.5, 2.5, 7.5], "texture": "#0"},
				"east": {"uv": [12, 0.25, 12.5, 1.25], "texture": "#0"},
				"south": {"uv": [2.5, 4.5, 3, 5.5], "texture": "#0"},
				"west": {"uv": [12.5, 0.25, 12, 1.25], "texture": "#0"},
				"up": {"uv": [1, 0, 0, 4], "texture": "#0"},
				"down": {"uv": [7.5, 5, 7, 6], "texture": "#0"}
			}
		},
		{
			"from": [7.575, 18.94242, 8.228],
			"to": [8.475, 20.31742, 8.728],
			"rotation": {"angle": -22.5, "axis": "x", "origin": [8.025, 17.14242, 8.028]},
			"faces": {
				"north": {"uv": [2, 3.5, 2.5, 7.5], "texture": "#0"},
				"east": {"uv": [13.25, 11.5, 13.5, 12], "texture": "#0"},
				"south": {"uv": [2.5, 4.75, 3, 5.25], "texture": "#0"},
				"west": {"uv": [13.5, 11.5, 13.25, 12], "texture": "#0"},
				"up": {"uv": [1, 0, 0, 4], "texture": "#0"},
				"down": {"uv": [7.5, 5, 7, 6], "texture": "#0"}
			}
		},
		{
			"from": [7.6, 16.625, 7],
			"to": [8.45, 19.075, 7.925],
			"rotation": {"angle": 0, "axis": "x", "origin": [8.025, 17.325, 7.45]},
			"faces": {
				"north": {"uv": [2, 3.5, 2.25, 4], "texture": "#0"},
				"east": {"uv": [9.25, 0, 9.75, 0.75], "texture": "#0"},
				"south": {"uv": [2.5, 3.5, 3, 7.5], "texture": "#0"},
				"west": {"uv": [9.75, 0, 9.25, 0.75], "texture": "#0"},
				"up": {"uv": [5.5, 8, 5, 7], "texture": "#0"},
				"down": {"uv": [7.5, 5, 7, 6], "texture": "#0"}
			}
		},
		{
			"from": [7.6, 19.075, 7],
			"to": [8.45, 20.35, 7.45],
			"rotation": {"angle": 0, "axis": "x", "origin": [8.025, 17.325, 7.45]},
			"faces": {
				"north": {"uv": [2, 3.5, 2.25, 4.25], "texture": "#0"},
				"east": {"uv": [13.25, 10.5, 13.5, 11], "texture": "#0"},
				"south": {"uv": [2.5, 3.5, 3, 7.5], "texture": "#0"},
				"west": {"uv": [13.25, 10.5, 13.5, 11], "texture": "#0"},
				"up": {"uv": [2.5, 4.75, 3, 5.25], "texture": "#0"},
				"down": {"uv": [7.5, 5, 7, 6], "texture": "#0"}
			}
		},
		{
			"from": [7.425, -2.2, 7.175],
			"to": [8.575, 2.975, 8.825],
			"rotation": {"angle": 0, "axis": "y", "origin": [1, 0, -2]},
			"faces": {
				"north": {"uv": [3, 3.5, 3.75, 6], "texture": "#0"},
				"east": {"uv": [3, 3.5, 3.75, 6], "texture": "#0"},
				"south": {"uv": [3, 3.5, 3.75, 6], "texture": "#0"},
				"west": {"uv": [3, 3.5, 3.75, 6], "texture": "#0"},
				"up": {"uv": [3, 3.5, 3.75, 6], "texture": "#0"},
				"down": {"uv": [3, 3.5, 3.75, 6], "texture": "#0"}
			}
		},
		{
			"from": [7.25, -4.525, 9],
			"to": [8.75, -2.525, 11],
			"rotation": {"angle": -45, "axis": "x", "origin": [8, -5.525, 8]},
			"faces": {
				"north": {"uv": [4, 5, 5, 6], "texture": "#0"},
				"east": {"uv": [4, 5, 5, 6], "texture": "#0"},
				"south": {"uv": [4, 5, 5, 6], "texture": "#0"},
				"west": {"uv": [4, 5, 5, 6], "texture": "#0"},
				"up": {"uv": [4, 5, 5, 6], "texture": "#0"},
				"down": {"uv": [4, 5, 5, 6], "texture": "#0"}
			}
		},
		{
			"from": [7.25, 2.92157, 5.75],
			"to": [8.75, 4.92157, 7.75],
			"rotation": {"angle": -45, "axis": "x", "origin": [8, 5.17157, 8]},
			"faces": {
				"north": {"uv": [5, 5, 6, 6], "texture": "#0"},
				"east": {"uv": [5, 5, 6, 6], "texture": "#0"},
				"south": {"uv": [5, 5, 6, 6], "texture": "#0"},
				"west": {"uv": [6, 5, 5, 6], "texture": "#0"},
				"up": {"uv": [6, 5, 5, 6], "texture": "#0"},
				"down": {"uv": [5, 5, 6, 6], "texture": "#0"}
			}
		},
		{
			"from": [7, 3.27157, 6.1],
			"to": [9, 4.57157, 7.4],
			"rotation": {"angle": -45, "axis": "x", "origin": [8, 5.17157, 8]},
			"faces": {
				"north": {"uv": [7, 3, 7.75, 3.75], "texture": "#0"},
				"east": {"uv": [7, 3, 7.75, 3.75], "texture": "#0"},
				"south": {"uv": [7, 3, 7.75, 3.75], "texture": "#0"},
				"west": {"uv": [7.75, 3, 7, 3.75], "texture": "#0"},
				"up": {"uv": [7, 3, 7.75, 3.75], "texture": "#0"},
				"down": {"uv": [7, 3, 7.75, 3.75], "texture": "#0"}
			}
		}
	],
	"gui_light": "front",
	"display": {
		"thirdperson_righthand": {
			"rotation": [-176.75, 0, 0],
			"translation": [0, -10.25, 1.25]
		},
		"thirdperson_lefthand": {
			"rotation": [-174.97, 2.67, -0.12],
			"translation": [0, -9.25, 1]
		},
		"firstperson_righthand": {
			"rotation": [-169.75, 2.5, 180],
			"translation": [0, 4.75, 0]
		},
		"firstperson_lefthand": {
			"rotation": [-173.25, -3, 180],
			"translation": [0, 17.75, 0]
		},
		"ground": {
			"translation": [0, 11.25, 0]
		},
		"gui": {
			"rotation": [86.42, -55.92, 87.03]
		},
		"fixed": {
			"rotation": [180, -83.75, 180],
			"translation": [0, 0, -0.5]
		}
	}
}