{
	"credit": "Created with Blockbench [Exported as resourcepack with the \"resourcepack_packager\" plugin]",
	"texture_size": [32, 32],
	"textures": {
		"0": "nobi/dagger8",
		"particle": "nobi/dagger8"
	},
	"elements": [
		{
			"from": [7.32212, 16.01367, 7.672],
			"to": [8.57262, 20.2335, 8.328],
			"rotation": {"angle": -22.5, "axis": "z", "origin": [8.47012, 17.20267, 8]},
			"faces": {
				"north": {"uv": [7, 4, 6, 6.5], "texture": "#0"},
				"east": {"uv": [7, 7.5, 7.5, 10], "texture": "#0"},
				"south": {"uv": [6, 4, 7, 6.5], "texture": "#0"},
				"west": {"uv": [8, 0, 8.5, 2.5], "texture": "#0"},
				"up": {"uv": [6.5, 9.5, 5.5, 9], "texture": "#0"},
				"down": {"uv": [9, 9, 8, 9.5], "texture": "#0"}
			}
		},
		{
			"from": [7.21108, 20.25559, 7.672],
			"to": [8.31808, 21.91292, 8.328],
			"rotation": {"angle": -22.5, "axis": "z", "origin": [8.35908, 16.93459, 8]},
			"faces": {
				"north": {"uv": [10, 9.5, 9.5, 10.5], "texture": "#0"},
				"east": {"uv": [9, 9.5, 9.5, 10.5], "texture": "#0"},
				"south": {"uv": [9.5, 9.5, 10, 10.5], "texture": "#0"},
				"west": {"uv": [10, 0, 10.5, 1], "texture": "#0"},
				"up": {"uv": [10.5, 10.5, 10, 10], "texture": "#0"},
				"down": {"uv": [0.5, 10.5, 0, 11], "texture": "#0"}
			}
		},
		{
			"from": [8.1435, 16.5435, 7.6925],
			"to": [10.2345, 19.3315, 8.3075],
			"rotation": {"angle": 0, "axis": "z", "origin": [9.0865, 17.7325, 8]},
			"faces": {
				"north": {"uv": [6.5, 7.5, 5, 9], "texture": "#0"},
				"east": {"uv": [8.5, 1, 9, 2.5], "texture": "#0"},
				"south": {"uv": [5, 7.5, 6.5, 9], "texture": "#0"},
				"west": {"uv": [8.5, 5, 9, 6.5], "texture": "#0"},
				"up": {"uv": [9.5, 4, 8, 3.5], "texture": "#0"},
				"down": {"uv": [9.5, 8.5, 8, 9], "texture": "#0"}
			}
		},
		{
			"from": [9.2095, 19.3315, 7.6925],
			"to": [10.2345, 21.976, 8.3075],
			"rotation": {"angle": 0, "axis": "z", "origin": [9.0865, 17.2405, 8]},
			"faces": {
				"north": {"uv": [5, 9, 4.5, 10.5], "texture": "#0"},
				"east": {"uv": [4, 9, 4.5, 10.5], "texture": "#0"},
				"south": {"uv": [4.5, 9, 5, 10.5], "texture": "#0"},
				"west": {"uv": [5, 9, 5.5, 10.5], "texture": "#0"},
				"up": {"uv": [11, 0.5, 10.5, 0], "texture": "#0"},
				"down": {"uv": [1, 10.5, 0.5, 11], "texture": "#0"}
			}
		},
		{
			"from": [6.43114, 16.15377, 7.713],
			"to": [6.96414, 17.73227, 8.287],
			"rotation": {"angle": -22.5, "axis": "z", "origin": [5.61114, 8.91727, 8]},
			"faces": {
				"north": {"uv": [6.5, 9.5, 6, 10.5], "texture": "#0"},
				"east": {"uv": [5.5, 9.5, 6, 10.5], "texture": "#0"},
				"south": {"uv": [6, 9.5, 6.5, 10.5], "texture": "#0"},
				"west": {"uv": [8, 9.5, 8.5, 10.5], "texture": "#0"},
				"up": {"uv": [10.5, 9.5, 10, 9], "texture": "#0"},
				"down": {"uv": [10.5, 9.5, 10, 10], "texture": "#0"}
			}
		},
		{
			"from": [6.9545, -1.0865, 7.6515],
			"to": [9.6605, 16.5435, 8.3485],
			"rotation": {"angle": 0, "axis": "y", "origin": [2.8545, -6.0065, 1.44]},
			"faces": {
				"north": {"uv": [3, 0, 1.5, 10.5], "texture": "#0"},
				"east": {"uv": [3, 0, 3.5, 10.5], "texture": "#0"},
				"south": {"uv": [1.5, 0, 3, 10.5], "texture": "#0"},
				"west": {"uv": [3.5, 0, 4, 10.5], "texture": "#0"},
				"up": {"uv": [10.5, 5.5, 9, 5], "texture": "#0"},
				"down": {"uv": [10.5, 5.5, 9, 6], "texture": "#0"}
			}
		},
		{
			"from": [7.35, -8.9, 7.4],
			"to": [9.35, -1, 8.6],
			"rotation": {"angle": 0, "axis": "y", "origin": [1, -7.325, 0]},
			"faces": {
				"north": {"uv": [5, 4, 4, 8], "texture": "#0"},
				"east": {"uv": [6.5, 7.5, 7, 11.5], "texture": "#0"},
				"south": {"uv": [4, 4, 5, 8], "texture": "#0"},
				"west": {"uv": [7.5, 6.5, 8, 10.5], "texture": "#0"},
				"up": {"uv": [10, 8.5, 9, 8], "texture": "#0"},
				"down": {"uv": [10, 9, 9, 9.5], "texture": "#0"}
			}
		},
		{
			"from": [7.1149, -10.175, 7.375],
			"to": [9.1149, -8.175, 8.625],
			"rotation": {"angle": -45, "axis": "z", "origin": [8.1149, -9.4875, 8]},
			"faces": {
				"north": {"uv": [8.5, 0, 9.5, 1], "texture": "#0"},
				"east": {"uv": [8.5, 0, 9.5, 1], "texture": "#0"},
				"south": {"uv": [8.5, 0, 9.5, 1], "texture": "#0"},
				"west": {"uv": [8.5, 0, 9.5, 1], "texture": "#0"},
				"up": {"uv": [8.5, 0, 9.5, 1], "texture": "#0"},
				"down": {"uv": [8.5, 0, 9.5, 1], "texture": "#0"}
			}
		},
		{
			"from": [4.86041, -2.08456, 7.3],
			"to": [9.96041, -0.08456, 8.7],
			"rotation": {"angle": 22.5, "axis": "z", "origin": [8.23541, 0.89044, 8]},
			"faces": {
				"north": {"uv": [9.5, 4, 7, 5], "texture": "#0"},
				"east": {"uv": [9.5, 0, 10, 1], "texture": "#0"},
				"south": {"uv": [7, 4, 9.5, 5], "texture": "#0"},
				"west": {"uv": [9.5, 1, 10, 2], "texture": "#0"},
				"up": {"uv": [10.5, 3, 8, 2.5], "texture": "#0"},
				"down": {"uv": [10.5, 3, 8, 3.5], "texture": "#0"}
			}
		},
		{
			"from": [10.47321, -1.29972, 7.475],
			"to": [13.09821, -0.22472, 8.525],
			"rotation": {"angle": -22.5, "axis": "z", "origin": [13.02321, -1.22472, 8]},
			"faces": {
				"north": {"uv": [10.5, 6.5, 9, 7], "texture": "#0"},
				"east": {"uv": [10.5, 0.5, 11, 1], "texture": "#0"},
				"south": {"uv": [9, 6.5, 10.5, 7], "texture": "#0"},
				"west": {"uv": [1, 10.5, 1.5, 11], "texture": "#0"},
				"up": {"uv": [10.5, 7.5, 9, 7], "texture": "#0"},
				"down": {"uv": [10.5, 7.5, 9, 8], "texture": "#0"}
			}
		},
		{
			"from": [11.05, -1.325, 7.5],
			"to": [13.05, -0.25, 8.5],
			"rotation": {"angle": 0, "axis": "z", "origin": [12.4375, -0.7875, 8]},
			"faces": {
				"north": {"uv": [9.5, 4.5, 10.5, 5], "texture": "#0"},
				"east": {"uv": [1.5, 10.5, 2, 11], "texture": "#0"},
				"south": {"uv": [9.5, 4.5, 10.5, 5], "texture": "#0"},
				"west": {"uv": [2, 10.5, 2.5, 11], "texture": "#0"},
				"up": {"uv": [10.5, 9, 9.5, 8.5], "texture": "#0"},
				"down": {"uv": [11, 1, 10, 1.5], "texture": "#0"}
			}
		},
		{
			"from": [5.5, -1.325, 7.25],
			"to": [11.05, 0.675, 8.75],
			"rotation": {"angle": 0, "axis": "y", "origin": [1, -8.825, 0]},
			"faces": {
				"north": {"uv": [8, 1, 5, 2], "texture": "#0"},
				"east": {"uv": [4, 8, 5, 9], "texture": "#0"},
				"south": {"uv": [5, 1, 8, 2], "texture": "#0"},
				"west": {"uv": [8, 6.5, 9, 7.5], "texture": "#0"},
				"up": {"uv": [8, 3, 5, 2], "texture": "#0"},
				"down": {"uv": [8, 3, 5, 4], "texture": "#0"}
			}
		}
	],
	"gui_light": "front",
	"display": {
		"thirdperson_righthand": {
			"rotation": [-20.29, 89.43, -162.32],
			"translation": [0.25, -10.5, 1],
			"scale": [0.75, 0.65, 0.49]
		},
		"thirdperson_lefthand": {
			"rotation": [120.03, -84.92, -62.01],
			"translation": [0.75, -12, 1],
			"scale": [0.79, 0.79, 0.79]
		},
		"firstperson_righthand": {
			"rotation": [-172.5, -80, 180],
			"translation": [0.75, 7.25, 0]
		},
		"firstperson_lefthand": {
			"rotation": [-170.25, 81.5, 180],
			"translation": [0.25, 18.75, 0]
		},
		"ground": {
			"translation": [0, 17.25, 0]
		},
		"gui": {
			"rotation": [-5, 0, -137],
			"translation": [1.75, -0.25, 0],
			"scale": [0.71, 0.54, 1.49]
		},
		"fixed": {
			"rotation": [180, 2.5, 180],
			"translation": [0.75, 3.75, 0]
		}
	}
}