{
	"credit": "Created with Blockbench [Exported as resourcepack with the \"resourcepack_packager\" plugin]",
	"texture_size": [32, 32],
	"textures": {
		"0": "nobi/dagger9",
		"particle": "nobi/dagger9"
	},
	"elements": [
		{
			"from": [7.15405, 19.39468, 7.6815],
			"to": [7.5863, 22.87543, 8.3185],
			"rotation": {"angle": 22.5, "axis": "z", "origin": [6.6763, 23.03468, 8]},
			"faces": {
				"north": {"uv": [5.5, 7.5, 5.75, 9.25], "texture": "#0"},
				"east": {"uv": [5.5, 7.5, 5.75, 9.25], "texture": "#0"},
				"south": {"uv": [5.5, 7.5, 5.75, 9.25], "texture": "#0"},
				"west": {"uv": [0, 8, 0.25, 9.75], "texture": "#0"},
				"up": {"uv": [9.25, 3.75, 9, 3.5], "texture": "#0"},
				"down": {"uv": [4.25, 9, 4, 9.25], "texture": "#0"}
			}
		},
		{
			"from": [7.09, 20.02, 7.70425],
			"to": [8.455, 21.112, 8.29575],
			"rotation": {"angle": 0, "axis": "z", "origin": [7.47675, 21.6125, 8]},
			"faces": {
				"north": {"uv": [8, 0, 8.75, 0.5], "texture": "#0"},
				"east": {"uv": [8.5, 4.5, 8.75, 5], "texture": "#0"},
				"south": {"uv": [8.75, 0, 8, 0.5], "texture": "#0"},
				"west": {"uv": [5, 8.5, 5.25, 9], "texture": "#0"},
				"up": {"uv": [9.25, 3.25, 8.5, 3], "texture": "#0"},
				"down": {"uv": [9.25, 4, 8.5, 4.25], "texture": "#0"}
			}
		},
		{
			"from": [7.09, 21.112, 7.70425],
			"to": [8.02275, 22.113, 8.29575],
			"rotation": {"angle": 0, "axis": "z", "origin": [7.47675, 21.112, 8]},
			"faces": {
				"north": {"uv": [6, 8, 6.5, 8.5], "texture": "#0"},
				"east": {"uv": [8.5, 5, 8.75, 5.5], "texture": "#0"},
				"south": {"uv": [6, 8, 6.5, 8.5], "texture": "#0"},
				"west": {"uv": [8.5, 5.5, 8.75, 6], "texture": "#0"},
				"up": {"uv": [6.5, 8.75, 6, 8.5], "texture": "#0"},
				"down": {"uv": [9, 6, 8.5, 6.25], "texture": "#0"}
			}
		},
		{
			"from": [7.09, 22.113, 7.70425],
			"to": [7.636, 23.0685, 8.29575],
			"rotation": {"angle": 0, "axis": "z", "origin": [7.47675, 21.203, 8]},
			"faces": {
				"north": {"uv": [6.5, 8.5, 6.75, 9], "texture": "#0"},
				"east": {"uv": [8.5, 6.5, 8.75, 7], "texture": "#0"},
				"south": {"uv": [6.75, 8.5, 6.5, 9], "texture": "#0"},
				"west": {"uv": [8.5, 7.5, 8.75, 8], "texture": "#0"},
				"up": {"uv": [4.75, 9.25, 4.5, 9], "texture": "#0"},
				"down": {"uv": [9.25, 4.5, 9, 4.75], "texture": "#0"}
			}
		},
		{
			"from": [7.09, 8.19, 7.56775],
			"to": [8.91, 20.02, 8.43225],
			"rotation": {"angle": 0, "axis": "y", "origin": [7.09, 0, 7.09]},
			"faces": {
				"north": {"uv": [0, 0, 1, 6], "texture": "#0"},
				"east": {"uv": [2, 0, 2.5, 6], "texture": "#0"},
				"south": {"uv": [1, 0, 0, 6], "texture": "#0"},
				"west": {"uv": [2.5, 0, 3, 6], "texture": "#0"},
				"up": {"uv": [8, 7.5, 7, 7], "texture": "#0"},
				"down": {"uv": [1, 7.5, 0, 8], "texture": "#0"}
			}
		},
		{
			"from": [6.775, 8.175, 7.15],
			"to": [9.225, 10.75, 8.85],
			"rotation": {"angle": 0, "axis": "y", "origin": [7, 0, 7]},
			"faces": {
				"north": {"uv": [5, 0, 6.25, 1.25], "texture": "#0"},
				"east": {"uv": [5, 5, 5.75, 6.25], "texture": "#0"},
				"south": {"uv": [6.25, 0, 5, 1.25], "texture": "#0"},
				"west": {"uv": [0, 6, 0.75, 7.25], "texture": "#0"},
				"up": {"uv": [2.25, 6.75, 1, 6], "texture": "#0"},
				"down": {"uv": [3.75, 6, 2.5, 6.75], "texture": "#0"}
			}
		},
		{
			"from": [7.35, 8.525, 6.95],
			"to": [8.65, 10.4, 9.05],
			"rotation": {"angle": 0, "axis": "y", "origin": [7, 0, 7]},
			"faces": {
				"north": {"uv": [5, 6.5, 5.75, 7.5], "texture": "#0"},
				"east": {"uv": [5, 6.5, 5.75, 7.5], "texture": "#0"},
				"south": {"uv": [5, 6.5, 5.75, 7.5], "texture": "#0"},
				"west": {"uv": [5, 6.5, 5.75, 7.5], "texture": "#0"},
				"up": {"uv": [5, 6.5, 5.75, 7.5], "texture": "#0"},
				"down": {"uv": [5, 6.5, 5.75, 7.5], "texture": "#0"}
			}
		},
		{
			"from": [8.63905, 8.17922, 7.225],
			"to": [10.63905, 10.02922, 8.775],
			"rotation": {"angle": -22.5, "axis": "z", "origin": [9.86405, 9.09172, 8]},
			"faces": {
				"north": {"uv": [3, 5, 4, 6], "texture": "#0"},
				"east": {"uv": [6, 3, 6.75, 4], "texture": "#0"},
				"south": {"uv": [4, 5, 3, 6], "texture": "#0"},
				"west": {"uv": [4, 6, 4.75, 7], "texture": "#0"},
				"up": {"uv": [7, 4.75, 6, 4], "texture": "#0"},
				"down": {"uv": [7, 5, 6, 5.75], "texture": "#0"}
			}
		},
		{
			"from": [9.58235, 7.0368, 7.325],
			"to": [11.13235, 9.2368, 8.675],
			"rotation": {"angle": 22.5, "axis": "z", "origin": [10.13235, 8.6368, 8]},
			"faces": {
				"north": {"uv": [6, 6, 6.75, 7], "texture": "#0"},
				"east": {"uv": [6.5, 0, 7.25, 1], "texture": "#0"},
				"south": {"uv": [6.75, 6, 6, 7], "texture": "#0"},
				"west": {"uv": [6.5, 2, 7.25, 3], "texture": "#0"},
				"up": {"uv": [7.75, 4.75, 7, 4], "texture": "#0"},
				"down": {"uv": [7.75, 5, 7, 5.75], "texture": "#0"}
			}
		},
		{
			"from": [10.05442, 4.5953, 7.55],
			"to": [11.15442, 6.1203, 8.45],
			"rotation": {"angle": -22.5, "axis": "z", "origin": [10.60442, 5.3578, 8]},
			"faces": {
				"north": {"uv": [8, 0.5, 8.5, 1.25], "texture": "#0"},
				"east": {"uv": [1.5, 8, 2, 8.75], "texture": "#0"},
				"south": {"uv": [8.5, 0.5, 8, 1.25], "texture": "#0"},
				"west": {"uv": [2, 8, 2.5, 8.75], "texture": "#0"},
				"up": {"uv": [7, 8.5, 6.5, 8], "texture": "#0"},
				"down": {"uv": [8.5, 6.5, 8, 7], "texture": "#0"}
			}
		},
		{
			"from": [9.49268, 3.53011, 7.625],
			"to": [10.34268, 5.05511, 8.375],
			"rotation": {"angle": -45, "axis": "z", "origin": [9.89268, 4.29261, 8]},
			"faces": {
				"north": {"uv": [4, 8, 4.5, 8.75], "texture": "#0"},
				"east": {"uv": [8, 4, 8.5, 4.75], "texture": "#0"},
				"south": {"uv": [4.5, 8, 4, 8.75], "texture": "#0"},
				"west": {"uv": [8, 5, 8.5, 5.75], "texture": "#0"},
				"up": {"uv": [8.5, 7.5, 8, 7], "texture": "#0"},
				"down": {"uv": [8.5, 7.5, 8, 8], "texture": "#0"}
			}
		},
		{
			"from": [8.74652, 2.73168, 7.675],
			"to": [9.44652, 3.93168, 8.325],
			"rotation": {"angle": -22.5, "axis": "z", "origin": [9.17152, 3.16918, 8]},
			"faces": {
				"north": {"uv": [9, 8, 8.5, 8.5], "texture": "#0"},
				"east": {"uv": [8.5, 8.5, 8.75, 9], "texture": "#0"},
				"south": {"uv": [8.5, 8, 9, 8.5], "texture": "#0"},
				"west": {"uv": [9, 0.5, 9.25, 1], "texture": "#0"},
				"up": {"uv": [5.25, 9.25, 5, 9], "texture": "#0"},
				"down": {"uv": [9.25, 5, 9, 5.25], "texture": "#0"}
			}
		},
		{
			"from": [9.02665, 1.9211, 7.81648],
			"to": [9.62665, 2.1211, 8.16648],
			"rotation": {"angle": -22.5, "axis": "z", "origin": [9.50165, 2.0961, 7.99148]},
			"faces": {
				"north": {"uv": [9, 5.5, 9.25, 5.75], "texture": "#0"},
				"east": {"uv": [6, 9, 6.25, 9.25], "texture": "#0"},
				"south": {"uv": [9, 6, 9.25, 6.25], "texture": "#0"},
				"west": {"uv": [6.5, 9, 6.75, 9.25], "texture": "#0"},
				"up": {"uv": [9.25, 6.75, 9, 6.5], "texture": "#0"},
				"down": {"uv": [9.25, 7, 9, 7.25], "texture": "#0"}
			}
		},
		{
			"from": [8.7724, 2.14425, 7.725],
			"to": [9.2724, 3.09425, 8.275],
			"rotation": {"angle": 22.5, "axis": "z", "origin": [9.1224, 2.49425, 8]},
			"faces": {
				"north": {"uv": [1, 9, 1.25, 9.5], "texture": "#0"},
				"east": {"uv": [9, 1, 9.25, 1.5], "texture": "#0"},
				"south": {"uv": [1.25, 9, 1, 9.5], "texture": "#0"},
				"west": {"uv": [9, 1.5, 9.25, 2], "texture": "#0"},
				"up": {"uv": [9.25, 7.75, 9, 7.5], "texture": "#0"},
				"down": {"uv": [8.25, 9, 8, 9.25], "texture": "#0"}
			}
		},
		{
			"from": [10.22364, 5.82308, 7.475],
			"to": [11.47364, 7.52308, 8.525],
			"rotation": {"angle": 0, "axis": "z", "origin": [10.39864, 7.29808, 8]},
			"faces": {
				"north": {"uv": [6, 7, 6.75, 7.75], "texture": "#0"},
				"east": {"uv": [2.5, 8, 3, 8.75], "texture": "#0"},
				"south": {"uv": [6.75, 7, 6, 7.75], "texture": "#0"},
				"west": {"uv": [8, 2.5, 8.5, 3.25], "texture": "#0"},
				"up": {"uv": [3.75, 8.5, 3, 8], "texture": "#0"},
				"down": {"uv": [8.75, 3.5, 8, 4], "texture": "#0"}
			}
		},
		{
			"from": [7.275, 4.125, 7.375],
			"to": [8.725, 8.775, 8.625],
			"rotation": {"angle": 0, "axis": "y", "origin": [7, 0, 7]},
			"faces": {
				"north": {"uv": [3, 0, 3.75, 2.25], "texture": "#0"},
				"east": {"uv": [3.75, 0, 3, 2.25], "texture": "#0"},
				"south": {"uv": [3, 0, 3.75, 2.25], "texture": "#0"},
				"west": {"uv": [3.75, 0, 3, 2.25], "texture": "#0"},
				"up": {"uv": [3, 0, 3.75, 2.25], "texture": "#0"},
				"down": {"uv": [3, 0, 3.75, 2.25], "texture": "#0"}
			}
		},
		{
			"from": [7.35587, 3.2778, 7.48592],
			"to": [8.05355, 5.27904, 8.51408],
			"rotation": {"angle": -22.5, "axis": "z", "origin": [7.42931, 4.36104, 8]},
			"faces": {
				"north": {"uv": [3, 8.5, 3.25, 9.5], "texture": "#0"},
				"east": {"uv": [3, 8.5, 3.25, 9.5], "texture": "#0"},
				"south": {"uv": [3, 8.5, 3.25, 9.5], "texture": "#0"},
				"west": {"uv": [3, 8.5, 3.25, 9.5], "texture": "#0"},
				"up": {"uv": [3, 8.5, 3.25, 9.5], "texture": "#0"},
				"down": {"uv": [3, 8.5, 3.25, 9.5], "texture": "#0"}
			}
		},
		{
			"from": [7.5964, 3.12137, 7.50428],
			"to": [8.38588, 4.18625, 8.49572],
			"rotation": {"angle": 0, "axis": "y", "origin": [8.20228, 3.99804, 7.98164]},
			"faces": {
				"north": {"uv": [8.5, 0.5, 9, 1], "texture": "#0"},
				"east": {"uv": [8.5, 0.5, 9, 1], "texture": "#0"},
				"south": {"uv": [8.5, 0.5, 9, 1], "texture": "#0"},
				"west": {"uv": [8.5, 0.5, 9, 1], "texture": "#0"},
				"up": {"uv": [8.5, 0.5, 9, 1], "texture": "#0"},
				"down": {"uv": [8.5, 0.5, 9, 1], "texture": "#0"}
			}
		},
		{
			"from": [7.92872, 3.2778, 7.46756],
			"to": [8.6264, 5.27904, 8.53244],
			"rotation": {"angle": 22.5, "axis": "z", "origin": [8.55296, 4.36104, 8]},
			"faces": {
				"north": {"uv": [8, 8, 8.25, 9], "texture": "#0"},
				"east": {"uv": [8, 8, 8.25, 9], "texture": "#0"},
				"south": {"uv": [8, 8, 8.25, 9], "texture": "#0"},
				"west": {"uv": [8, 8, 8.25, 9], "texture": "#0"},
				"up": {"uv": [8, 8, 8.25, 9], "texture": "#0"},
				"down": {"uv": [8, 8, 8.25, 9], "texture": "#0"}
			}
		}
	],
	"gui_light": "front",
	"display": {
		"thirdperson_righthand": {
			"rotation": [-17.16, -88.74, 164.12],
			"translation": [0, -4, 1.5],
			"scale": [1.22, 1.22, 1.22]
		},
		"thirdperson_lefthand": {
			"rotation": [21.22, 87.79, 164.97],
			"translation": [0, -3.25, 1],
			"scale": [1.1, 1.1, 1.1]
		},
		"firstperson_righthand": {
			"rotation": [8, 85.75, 0],
			"translation": [0.25, 1.25, 0]
		},
		"firstperson_lefthand": {
			"rotation": [6, -81.75, 0],
			"translation": [0.75, 11, 0]
		},
		"ground": {
			"translation": [0, 6.75, 0]
		},
		"gui": {
			"rotation": [174.37, -10.36, 151.26],
			"translation": [2.25, -4, 0],
			"scale": [0.7, 0.79, 0.9]
		},
		"fixed": {
			"rotation": [0, 0, -37.75],
			"translation": [-1.75, -3.25, 0]
		}
	}
}