{"textures":{"0":"modelengine:entity/horse_unicorn"},"elements":[{"from":[4.285714,4.4500804,5.9474463],"to":[11.714286,8.450081,7.661732],"rotation":{"angle":0.0,"axis":"y","origin":[8.0,8.766186,6.5190816]},"faces":{"east":{"uv":[9.625,10.875,10.0,11.75],"rotation":0,"texture":"#0","tintindex":0},"south":{"uv":[0.0,7.625,1.625,8.5],"rotation":0,"texture":"#0","tintindex":0},"north":{"uv":[7.25,2.0,8.875,2.875],"rotation":0,"texture":"#0","tintindex":0},"west":{"uv":[7.875,12.875,8.25,13.75],"rotation":0,"texture":"#0","tintindex":0},"up":{"uv":[8.5,4.625,6.875,4.25],"rotation":0,"texture":"#0","tintindex":0},"down":{"uv":[12.875,2.5,11.25,2.875],"rotation":0,"texture":"#0","tintindex":0}}},{"from":[4.5714283,4.735795,-1.1954107],"to":[11.428572,11.592937,7.9474463],"rotation":{"angle":0.0,"axis":"y","origin":[8.0,8.766186,6.5190816]},"faces":{"east":{"uv":[0.0,0.0,2.0,1.5],"rotation":0,"texture":"#0","tintindex":0},"south":{"uv":[5.125,5.0,6.625,6.5],"rotation":0,"texture":"#0","tintindex":0},"north":{"uv":[3.5,5.0,5.0,6.5],"rotation":0,"texture":"#0","tintindex":0},"west":{"uv":[0.0,1.625,2.0,3.125],"rotation":0,"texture":"#0","tintindex":0},"up":{"uv":[3.625,2.0,2.125,0.0],"rotation":0,"texture":"#0","tintindex":0},"down":{"uv":[3.625,2.125,2.125,4.125],"rotation":0,"texture":"#0","tintindex":0}}},{"from":[4.0,8.164367,3.3760176],"to":[12.0,12.164367,10.804589],"rotation":{"angle":0.0,"axis":"y","origin":[8.0,8.766186,6.5190816]},"faces":{"east":{"uv":[7.25,0.0,8.875,0.875],"rotation":0,"texture":"#0","tintindex":0},"south":{"uv":[6.875,3.25,8.625,4.125],"rotation":0,"texture":"#0","tintindex":0},"north":{"uv":[6.75,4.75,8.5,5.625],"rotation":0,"texture":"#0","tintindex":0},"west":{"uv":[7.25,1.0,8.875,1.875],"rotation":0,"texture":"#0","tintindex":0},"up":{"uv":[1.75,4.875,0.0,3.25],"rotation":0,"texture":"#0","tintindex":0},"down":{"uv":[5.5,0.0,3.75,1.625],"rotation":0,"texture":"#0","tintindex":0}}},{"from":[4.5714283,12.164367,9.090303],"to":[11.428572,13.307224,10.804589],"rotation":{"angle":0.0,"axis":"y","origin":[8.0,8.766186,6.5190816]},"faces":{"east":{"uv":[9.375,7.625,9.75,7.875],"rotation":0,"texture":"#0","tintindex":0},"south":{"uv":[12.875,5.125,14.375,5.375],"rotation":0,"texture":"#0","tintindex":0},"north":{"uv":[12.875,1.875,14.375,2.125],"rotation":0,"texture":"#0","tintindex":0},"west":{"uv":[1.125,10.25,1.5,10.5],"rotation":0,"texture":"#0","tintindex":0},"up":{"uv":[1.5,7.25,0.0,6.875],"rotation":0,"texture":"#0","tintindex":0},"down":{"uv":[13.125,9.0,11.625,9.375],"rotation":0,"texture":"#0","tintindex":0}}}],"display":{"head":{"translation":[0.0,-6.4,0.0],"scale":[4.0,4.0,4.0]}}}