{"textures":{"0":"modelengine:entity/horse_unicorn"},"elements":[{"from":[5.714286,10.312113,7.1948752],"to":[10.285714,14.883541,13.48059],"rotation":{"angle":-22.5,"axis":"x","origin":[8.0,2.1206446,15.275705]},"faces":{"east":{"uv":[7.875,5.75,9.25,6.75],"rotation":0,"texture":"#0","tintindex":0},"south":{"uv":[2.625,9.625,3.625,10.625],"rotation":0,"texture":"#0","tintindex":0},"north":{"uv":[9.0,1.625,10.0,2.625],"rotation":0,"texture":"#0","tintindex":0},"west":{"uv":[7.875,6.875,9.25,7.875],"rotation":0,"texture":"#0","tintindex":0},"up":{"uv":[2.75,9.0,1.75,7.625],"rotation":0,"texture":"#0","tintindex":0},"down":{"uv":[8.875,8.0,7.875,9.375],"rotation":0,"texture":"#0","tintindex":0}}},{"from":[7.142857,10.125287,2.470325],"to":[8.857143,14.696715,4.184611],"rotation":{"angle":-45.0,"axis":"x","origin":[7.714286,13.696715,3.8988962]},"faces":{"east":{"uv":[12.875,0.75,13.25,1.75],"rotation":0,"texture":"#0","tintindex":0},"south":{"uv":[1.25,12.875,1.625,13.875],"rotation":0,"texture":"#0","tintindex":0},"north":{"uv":[9.625,12.75,10.0,13.75],"rotation":0,"texture":"#0","tintindex":0},"west":{"uv":[1.75,12.875,2.125,13.875],"rotation":0,"texture":"#0","tintindex":0},"up":{"uv":[3.25,6.5,2.875,6.125],"rotation":0,"texture":"#0","tintindex":0},"down":{"uv":[10.625,7.0,10.25,7.375],"rotation":0,"texture":"#0","tintindex":0}}},{"from":[7.428571,13.002735,0.3806939],"to":[8.571428,17.002735,1.523551],"rotation":{"angle":-45.0,"axis":"x","origin":[8.0,15.71702,0.66640806]},"faces":{"east":{"uv":[0.0,13.125,0.25,14.0],"rotation":0,"texture":"#0","tintindex":0},"south":{"uv":[0.375,13.125,0.625,14.0],"rotation":0,"texture":"#0","tintindex":0},"north":{"uv":[4.5,13.0,4.75,13.875],"rotation":0,"texture":"#0","tintindex":0},"west":{"uv":[4.875,13.125,5.125,14.0],"rotation":0,"texture":"#0","tintindex":0},"up":{"uv":[11.5,3.25,11.25,3.0],"rotation":0,"texture":"#0","tintindex":0},"down":{"uv":[1.875,11.625,1.625,11.875],"rotation":0,"texture":"#0","tintindex":0}}},{"from":[6.285714,11.45497,3.1948752],"to":[9.714286,14.312113,7.1948752],"rotation":{"angle":-22.5,"axis":"x","origin":[8.0,2.1206446,15.275705]},"faces":{"east":{"uv":[11.875,1.75,12.75,2.375],"rotation":0,"texture":"#0","tintindex":0},"south":{"uv":[4.875,12.375,5.625,13.0],"rotation":0,"texture":"#0","tintindex":0},"north":{"uv":[12.125,10.375,12.875,11.0],"rotation":0,"texture":"#0","tintindex":0},"west":{"uv":[12.0,6.25,12.875,6.875],"rotation":0,"texture":"#0","tintindex":0},"up":{"uv":[11.0,4.875,10.25,4.0],"rotation":0,"texture":"#0","tintindex":0},"down":{"uv":[11.0,5.0,10.25,5.875],"rotation":0,"texture":"#0","tintindex":0}}},{"from":[7.428571,14.883541,9.48059],"to":[8.571428,16.597828,15.194876],"rotation":{"angle":-22.5,"axis":"x","origin":[8.0,2.1206446,15.275705]},"faces":{"east":{"uv":[11.875,3.875,13.125,4.25],"rotation":0,"texture":"#0","tintindex":0},"south":{"uv":[0.75,11.125,1.0,11.5],"rotation":0,"texture":"#0","tintindex":0},"north":{"uv":[10.625,3.375,10.875,3.75],"rotation":0,"texture":"#0","tintindex":0},"west":{"uv":[6.875,12.375,8.125,12.75],"rotation":0,"texture":"#0","tintindex":0},"up":{"uv":[7.75,9.375,7.5,8.125],"rotation":0,"texture":"#0","tintindex":0},"down":{"uv":[6.0,12.375,5.75,13.625],"rotation":0,"texture":"#0","tintindex":0}}},{"from":[9.69593,11.682608,7.2616196],"to":[11.410215,14.539751,7.833048],"rotation":{"angle":22.5,"axis":"z","origin":[8.0,2.1206446,15.275705]},"faces":{"east":{"uv":[1.875,3.25,2.0,3.875],"rotation":0,"texture":"#0","tintindex":0},"south":{"uv":[13.0,6.875,13.375,7.5],"rotation":0,"texture":"#0","tintindex":0},"north":{"uv":[10.125,2.0,10.5,2.625],"rotation":0,"texture":"#0","tintindex":0},"west":{"uv":[3.5,4.25,3.625,4.875],"rotation":0,"texture":"#0","tintindex":0},"up":{"uv":[6.0,4.875,5.625,4.75],"rotation":0,"texture":"#0","tintindex":0},"down":{"uv":[6.5,4.75,6.125,4.875],"rotation":0,"texture":"#0","tintindex":0}}},{"from":[4.589785,11.682608,7.2616196],"to":[6.304071,14.539751,7.833048],"rotation":{"angle":-22.5,"axis":"z","origin":[8.0,2.1206446,15.275705]},"faces":{"east":{"uv":[1.625,5.0,1.75,5.625],"rotation":0,"texture":"#0","tintindex":0},"south":{"uv":[10.5,13.0,10.875,13.625],"rotation":0,"texture":"#0","tintindex":0},"north":{"uv":[13.0,10.25,13.375,10.875],"rotation":0,"texture":"#0","tintindex":0},"west":{"uv":[9.875,0.875,10.0,1.5],"rotation":0,"texture":"#0","tintindex":0},"up":{"uv":[7.625,3.125,7.25,3.0],"rotation":0,"texture":"#0","tintindex":0},"down":{"uv":[0.375,7.375,0.0,7.5],"rotation":0,"texture":"#0","tintindex":0}}},{"from":[7.4142857,10.312113,13.48059],"to":[8.585714,14.883541,15.194876],"rotation":{"angle":-22.5,"axis":"x","origin":[8.014286,2.1206446,15.275705]},"faces":{"east":{"uv":[6.875,12.875,7.25,13.875],"rotation":0,"texture":"#0","tintindex":0},"south":{"uv":[2.25,13.0,2.5,14.0],"rotation":0,"texture":"#0","tintindex":0},"north":{"uv":[6.125,11.0,6.375,12.0],"rotation":0,"texture":"#0","tintindex":0},"west":{"uv":[7.375,12.875,7.75,13.875],"rotation":0,"texture":"#0","tintindex":0},"up":{"uv":[6.75,13.5,6.5,13.125],"rotation":0,"texture":"#0","tintindex":0},"down":{"uv":[8.625,13.125,8.375,13.5],"rotation":0,"texture":"#0","tintindex":0}}},{"from":[6.285714,10.312113,3.1948752],"to":[9.714286,11.45497,7.1948752],"rotation":{"angle":-22.5,"axis":"x","origin":[8.0,2.1206446,15.275705]},"faces":{"east":{"uv":[13.0,12.0,13.875,12.25],"rotation":0,"texture":"#0","tintindex":0},"south":{"uv":[13.25,8.375,14.0,8.625],"rotation":0,"texture":"#0","tintindex":0},"north":{"uv":[13.25,8.0,14.0,8.25],"rotation":0,"texture":"#0","tintindex":0},"west":{"uv":[13.0,12.375,13.875,12.625],"rotation":0,"texture":"#0","tintindex":0},"up":{"uv":[11.0,6.875,10.25,6.0],"rotation":0,"texture":"#0","tintindex":0},"down":{"uv":[1.875,10.625,1.125,11.5],"rotation":0,"texture":"#0","tintindex":0}}}],"display":{"head":{"translation":[0.0,-6.4,0.0],"scale":[4.0,4.0,4.0]}}}