{"textures":{"0":"modelengine:entity/kitsune_demonic"},"elements":[{"from":[6.6761904,5.4979277,4.6684394],"to":[8.961905,8.355071,6.954154],"rotation":{"angle":-22.5,"axis":"x","origin":[5.540476,13.529943,6.95747]},"faces":{"east":{"uv":[7.375,11.125,6.875,11.75],"rotation":0,"texture":"#0","tintindex":0},"south":{"uv":[11.5,4.75,11.0,5.375],"rotation":0,"texture":"#0","tintindex":0},"north":{"uv":[11.5,0.5,11.0,1.125],"rotation":0,"texture":"#0","tintindex":0},"west":{"uv":[11.5,1.25,11.0,1.875],"rotation":0,"texture":"#0","tintindex":0},"up":{"uv":[11.25,10.25,11.75,9.75],"rotation":0,"texture":"#0","tintindex":0},"down":{"uv":[11.25,10.375,11.75,10.875],"rotation":0,"texture":"#0","tintindex":0}}}],"display":{"head":{"translation":[0.0,-6.4,0.0],"scale":[4.0,4.0,4.0]}}}