{"textures":{"0":"modelengine:entity/kitsune_demonic"},"elements":[{"from":[6.4392858,6.951973,5.384618],"to":[8.725,10.951973,8.24176],"rotation":{"angle":-22.5,"axis":"x","origin":[4.717857,12.390812,14.068701]},"faces":{"east":{"uv":[7.75,10.125,7.125,11.0],"rotation":0,"texture":"#0","tintindex":0},"south":{"uv":[10.875,1.375,10.375,2.25],"rotation":0,"texture":"#0","tintindex":0},"north":{"uv":[9.125,10.125,8.625,11.0],"rotation":0,"texture":"#0","tintindex":0},"west":{"uv":[7.125,10.125,7.75,11.0],"rotation":0,"texture":"#0","tintindex":0},"up":{"uv":[6.25,11.5,6.75,10.875],"rotation":0,"texture":"#0","tintindex":0},"down":{"uv":[10.875,7.5,11.375,8.125],"rotation":0,"texture":"#0","tintindex":0}}},{"from":[8.710714,4.8316245,9.2359295],"to":[8.710714,8.831625,12.093073],"rotation":{"angle":0.0,"axis":"y","origin":[4.717857,12.390812,14.068701]},"faces":{"east":{"uv":[8.5,10.125,7.875,11.0],"rotation":0,"texture":"#0","tintindex":0},"south":{"uv":[2.625,11.625,2.625,12.5],"rotation":0,"texture":"#0","tintindex":0},"north":{"uv":[2.25,9.875,2.25,10.75],"rotation":0,"texture":"#0","tintindex":0},"west":{"uv":[7.875,10.125,8.5,11.0],"rotation":0,"texture":"#0","tintindex":0},"up":{"uv":[1.0,10.625,1.0,10.0],"rotation":0,"texture":"#0","tintindex":0},"down":{"uv":[10.375,2.375,10.375,3.0],"rotation":0,"texture":"#0","tintindex":0}}}],"display":{"head":{"translation":[0.0,-6.4,0.0],"scale":[4.0,4.0,4.0]}}}