{"textures":{"0":"modelengine:entity/kitsune_demonic"},"elements":[{"from":[6.857143,5.9830055,5.2010107],"to":[9.142858,8.840149,10.915297],"rotation":{"angle":-45.0,"axis":"x","origin":[8.564285,10.726973,5.9248233]},"faces":{"east":{"uv":[10.25,2.5,9.0,3.125],"rotation":0,"texture":"#0","tintindex":0},"south":{"uv":[10.375,10.75,9.875,11.375],"rotation":0,"texture":"#0","tintindex":0},"north":{"uv":[9.75,10.75,9.25,11.375],"rotation":0,"texture":"#0","tintindex":0},"west":{"uv":[10.25,1.75,9.0,2.375],"rotation":0,"texture":"#0","tintindex":0},"up":{"uv":[5.0,11.25,5.5,10.0],"rotation":0,"texture":"#0","tintindex":0},"down":{"uv":[5.625,10.0,6.125,11.25],"rotation":0,"texture":"#0","tintindex":0}}}],"display":{"head":{"translation":[0.0,-6.4,0.0],"scale":[4.0,4.0,4.0]}}}