{"textures":{"0":"modelengine:entity/nocsy_chibi_djinn_dragon"},"elements":[{"from":[5.5,6.5,4.0],"to":[10.5,10.5,12.0],"faces":{"east":{"uv":[0.0,3.375,1.0,3.875],"tintindex":0,"rotation":0,"texture":"#0"},"south":{"uv":[3.5,4.5,4.125,5.0],"tintindex":0,"rotation":0,"texture":"#0"},"north":{"uv":[0.75,4.5,1.375,5.0],"tintindex":0,"rotation":0,"texture":"#0"},"west":{"uv":[2.625,3.375,3.625,3.875],"tintindex":0,"rotation":0,"texture":"#0"},"up":{"uv":[1.75,3.5,1.125,2.5],"tintindex":0,"rotation":0,"texture":"#0"},"down":{"uv":[2.5,2.625,1.875,3.625],"tintindex":0,"rotation":0,"texture":"#0"}}}],"display":{"gui":{"rotation":[30,225,0]}}}