{"textures":{"0":"modelengine:entity/nocsy_chibi_djinn_dragon"},"elements":[{"from":[5.7,8.106728,3.8948712],"to":[7.7,10.106728,3.8948712],"faces":{"south":{"uv":[5.0,6.25,4.75,6.5],"tintindex":0,"rotation":0,"texture":"#0"},"north":{"uv":[4.75,6.25,5.0,6.5],"tintindex":0,"rotation":0,"texture":"#0"}}},{"from":[11.831845,7.1067276,4.270005],"to":[11.831845,12.106728,9.270005],"faces":{"east":{"uv":[4.25,0.75,4.875,1.375],"tintindex":0,"rotation":0,"texture":"#0"},"west":{"uv":[4.875,0.75,4.25,1.375],"tintindex":0,"rotation":0,"texture":"#0"}},"rotation":{"origin":[12.481846,9.606728,5.270005],"angle":22.5,"axis":"y"}},{"from":[5.5,7.1067276,3.9448714],"to":[11.5,12.106728,8.944872],"faces":{"east":{"uv":[0.0,4.0,0.625,4.625],"tintindex":0,"rotation":0,"texture":"#0"},"south":{"uv":[3.75,2.25,4.5,2.875],"tintindex":0,"rotation":0,"texture":"#0"},"north":{"uv":[1.125,3.75,1.875,4.375],"tintindex":0,"rotation":0,"texture":"#0"},"west":{"uv":[2.0,4.0,2.625,4.625],"tintindex":0,"rotation":0,"texture":"#0"},"up":{"uv":[4.5,3.625,3.75,3.0],"tintindex":0,"rotation":0,"texture":"#0"},"down":{"uv":[4.5,3.75,3.75,4.375],"tintindex":0,"rotation":0,"texture":"#0"}}},{"from":[5.1681547,7.1067276,4.270005],"to":[5.1681547,12.106728,9.270005],"faces":{"east":{"uv":[4.875,0.0,4.25,0.625],"tintindex":0,"rotation":0,"texture":"#0"},"west":{"uv":[4.25,0.0,4.875,0.625],"tintindex":0,"rotation":0,"texture":"#0"}},"rotation":{"origin":[4.5181546,9.606728,5.270005],"angle":-22.5,"axis":"y"}},{"from":[5.9,9.206728,3.7948713],"to":[6.6,9.906729,3.7948713],"faces":{"south":{"uv":[4.75,7.125,4.625,7.25],"tintindex":0,"rotation":0,"texture":"#0"},"north":{"uv":[4.625,7.125,4.75,7.25],"tintindex":0,"rotation":0,"texture":"#0"}}},{"from":[9.3,8.106728,3.8948712],"to":[11.3,10.106728,3.8948712],"faces":{"south":{"uv":[6.5,0.75,6.75,1.0],"tintindex":0,"rotation":0,"texture":"#0"},"north":{"uv":[6.75,0.75,6.5,1.0],"tintindex":0,"rotation":0,"texture":"#0"}}},{"from":[9.5,9.206728,3.7948713],"to":[10.2,9.906729,3.7948713],"faces":{"south":{"uv":[4.625,7.125,4.75,7.25],"tintindex":0,"rotation":0,"texture":"#0"},"north":{"uv":[4.75,7.125,4.625,7.25],"tintindex":0,"rotation":0,"texture":"#0"}}}],"display":{"gui":{"rotation":[30,225,0]}}}