{"textures":{"0":"modelengine:entity/nocsy_chibi_djinn_dragon"},"elements":[{"from":[7.5,4.799999,6.3],"to":[8.5,8.799999,8.3],"faces":{"east":{"uv":[4.0,5.125,4.25,5.625],"tintindex":0,"rotation":0,"texture":"#0"},"south":{"uv":[5.375,6.5,5.5,7.0],"tintindex":0,"rotation":0,"texture":"#0"},"north":{"uv":[5.125,6.25,5.25,6.75],"tintindex":0,"rotation":0,"texture":"#0"},"west":{"uv":[4.375,5.125,4.625,5.625],"tintindex":0,"rotation":0,"texture":"#0"},"up":{"uv":[3.625,4.25,3.5,4.0],"tintindex":0,"rotation":0,"texture":"#0"},"down":{"uv":[0.625,4.75,0.5,5.0],"tintindex":0,"rotation":0,"texture":"#0"}},"rotation":{"origin":[8.0,8.0,8.0],"angle":-45.0,"axis":"x"}},{"from":[7.1,7.3678775,6.0467153],"to":[8.9,9.167877,9.846716],"faces":{"east":{"uv":[3.125,2.25,3.625,2.5],"tintindex":0,"rotation":0,"texture":"#0"},"south":{"uv":[2.75,6.5,3.0,6.75],"tintindex":0,"rotation":0,"texture":"#0"},"north":{"uv":[1.5,6.5,1.75,6.75],"tintindex":0,"rotation":0,"texture":"#0"},"west":{"uv":[2.0,5.125,2.5,5.375],"tintindex":0,"rotation":0,"texture":"#0"},"up":{"uv":[3.5,5.625,3.25,5.125],"tintindex":0,"rotation":0,"texture":"#0"},"down":{"uv":[3.875,5.125,3.625,5.625],"tintindex":0,"rotation":0,"texture":"#0"}},"rotation":{"origin":[8.0,8.267878,8.646715],"angle":-22.5,"axis":"x"}}],"display":{"gui":{"rotation":[30,225,0]}}}