{"textures":{"0":"modelengine:entity/nocsy_chibi_djinn_dragon"},"elements":[{"from":[7.1,7.3678775,6.0467153],"to":[8.9,9.167877,9.846716],"faces":{"east":{"uv":[4.75,5.125,5.25,5.375],"tintindex":0,"rotation":0,"texture":"#0"},"south":{"uv":[5.625,6.5,5.875,6.75],"tintindex":0,"rotation":0,"texture":"#0"},"north":{"uv":[6.5,4.25,6.75,4.5],"tintindex":0,"rotation":0,"texture":"#0"},"west":{"uv":[1.375,5.25,1.875,5.5],"tintindex":0,"rotation":0,"texture":"#0"},"up":{"uv":[5.5,2.625,5.25,2.125],"tintindex":0,"rotation":0,"texture":"#0"},"down":{"uv":[5.5,4.25,5.25,4.75],"tintindex":0,"rotation":0,"texture":"#0"}},"rotation":{"origin":[8.0,8.267878,8.646715],"angle":-22.5,"axis":"x"}},{"from":[7.5,4.799999,6.3],"to":[8.5,8.799999,8.3],"faces":{"east":{"uv":[5.375,0.75,5.625,1.25],"tintindex":0,"rotation":0,"texture":"#0"},"south":{"uv":[6.5,6.125,6.625,6.625],"tintindex":0,"rotation":0,"texture":"#0"},"north":{"uv":[6.0,6.5,6.125,7.0],"tintindex":0,"rotation":0,"texture":"#0"},"west":{"uv":[5.375,2.75,5.625,3.25],"tintindex":0,"rotation":0,"texture":"#0"},"up":{"uv":[3.375,5.0,3.25,4.75],"tintindex":0,"rotation":0,"texture":"#0"},"down":{"uv":[2.75,5.125,2.625,5.375],"tintindex":0,"rotation":0,"texture":"#0"}},"rotation":{"origin":[8.0,8.0,8.0],"angle":-45.0,"axis":"x"}}],"display":{"gui":{"rotation":[30,225,0]}}}