{"textures":{"0":"modelengine:entity/nocsy_chibi_djinn_dragon"},"elements":[{"from":[6.8,6.803727,6.7390656],"to":[9.2,8.203727,9.139065],"faces":{"east":{"uv":[1.875,6.625,2.125,6.75],"tintindex":0,"rotation":0,"texture":"#0"},"south":{"uv":[6.625,1.875,6.875,2.0],"tintindex":0,"rotation":0,"texture":"#0"},"north":{"uv":[6.625,1.625,6.875,1.75],"tintindex":0,"rotation":0,"texture":"#0"},"west":{"uv":[6.625,2.125,6.875,2.25],"tintindex":0,"rotation":0,"texture":"#0"},"up":{"uv":[3.0,6.375,2.75,6.125],"tintindex":0,"rotation":0,"texture":"#0"},"down":{"uv":[3.75,6.125,3.5,6.375],"tintindex":0,"rotation":0,"texture":"#0"}}}],"display":{"gui":{"rotation":[30,225,0]}}}