{"textures":{"0":"modelengine:entity/nocsy_chibi_djinn_dragon"},"elements":[{"from":[7.4718957,4.6866474,7.9607453],"to":[15.471895,9.686647,7.9607453],"faces":{"south":{"uv":[4.125,0.75,3.125,1.375],"tintindex":0,"rotation":0,"texture":"#0"},"north":{"uv":[3.125,0.75,4.125,1.375],"tintindex":0,"rotation":0,"texture":"#0"}}},{"from":[7.4718957,7.6866474,7.4607453],"to":[11.471895,8.686647,8.460745],"faces":{"east":{"uv":[6.75,6.625,6.875,6.75],"tintindex":0,"rotation":0,"texture":"#0"},"south":{"uv":[6.5,3.75,7.0,3.875],"tintindex":0,"rotation":0,"texture":"#0"},"north":{"uv":[3.5,6.5,4.0,6.625],"tintindex":0,"rotation":0,"texture":"#0"},"west":{"uv":[0.625,6.875,0.75,7.0],"tintindex":0,"rotation":0,"texture":"#0"},"up":{"uv":[7.0,4.125,6.5,4.0],"tintindex":0,"rotation":0,"texture":"#0"},"down":{"uv":[4.625,6.5,4.125,6.625],"tintindex":0,"rotation":0,"texture":"#0"}}}],"display":{"gui":{"rotation":[30,225,0]}}}