{"textures":{"0":"modelengine:entity/nocsy_chibi_djinn_dragon"},"elements":[{"from":[5.591075,6.637375,6.8853087],"to":[8.991075,8.0373745,9.285308],"faces":{"east":{"uv":[5.0,6.625,4.75,6.75],"tintindex":0,"rotation":0,"texture":"#0"},"south":{"uv":[7.0,0.25,6.625,0.375],"tintindex":0,"rotation":0,"texture":"#0"},"north":{"uv":[7.0,0.0,6.625,0.125],"tintindex":0,"rotation":0,"texture":"#0"},"west":{"uv":[6.875,3.5,6.625,3.625],"tintindex":0,"rotation":0,"texture":"#0"},"up":{"uv":[5.625,4.5,6.0,4.25],"tintindex":0,"rotation":0,"texture":"#0"},"down":{"uv":[5.125,5.625,5.5,5.875],"tintindex":0,"rotation":0,"texture":"#0"}}}],"display":{"gui":{"rotation":[30,225,0]}}}