{"textures":{"0":"modelengine:entity/nocsy_chibi_djinn_dragon"},"elements":[{"from":[6.389013,5.3663836,6.9106045],"to":[8.389013,8.3663845,8.9106045],"faces":{"east":{"uv":[0.0,5.5,0.25,5.875],"tintindex":0,"rotation":0,"texture":"#0"},"south":{"uv":[2.0,5.5,2.25,5.875],"tintindex":0,"rotation":0,"texture":"#0"},"north":{"uv":[0.75,4.0,1.0,4.375],"tintindex":0,"rotation":0,"texture":"#0"},"west":{"uv":[2.375,5.5,2.625,5.875],"tintindex":0,"rotation":0,"texture":"#0"},"up":{"uv":[1.75,6.375,1.5,6.125],"tintindex":0,"rotation":0,"texture":"#0"},"down":{"uv":[6.375,2.625,6.125,2.875],"tintindex":0,"rotation":0,"texture":"#0"}}}],"display":{"gui":{"rotation":[30,225,0]}}}