{"textures":{"0":"modelengine:entity/nocsy_chibi_djinn_dragon"},"elements":[{"from":[7.0089254,6.637375,6.8853087],"to":[10.408925,8.0373745,9.285308],"faces":{"east":{"uv":[6.625,3.5,6.875,3.625],"tintindex":0,"rotation":0,"texture":"#0"},"south":{"uv":[6.625,0.25,7.0,0.375],"tintindex":0,"rotation":0,"texture":"#0"},"north":{"uv":[6.625,0.0,7.0,0.125],"tintindex":0,"rotation":0,"texture":"#0"},"west":{"uv":[4.75,6.625,5.0,6.75],"tintindex":0,"rotation":0,"texture":"#0"},"up":{"uv":[6.0,4.5,5.625,4.25],"tintindex":0,"rotation":0,"texture":"#0"},"down":{"uv":[5.5,5.625,5.125,5.875],"tintindex":0,"rotation":0,"texture":"#0"}}}],"display":{"gui":{"rotation":[30,225,0]}}}