{"textures":{"0":"modelengine:entity/nocsy_chibi_djinn_dragon"},"elements":[{"from":[7.5,8.48369,7.1289263],"to":[15.5,8.48369,13.128926],"faces":{"up":{"uv":[3.0,0.75,2.0,0.0],"tintindex":0,"rotation":0,"texture":"#0"},"down":{"uv":[3.0,0.0,2.0,0.75],"tintindex":0,"rotation":0,"texture":"#0"}},"rotation":{"origin":[11.5,8.48369,10.328926],"angle":-22.5,"axis":"y"}},{"from":[7.5391006,7.9836903,11.132353],"to":[11.539101,8.98369,12.132353],"faces":{"east":{"uv":[6.25,6.5,6.375,6.625],"tintindex":0,"rotation":0,"texture":"#0"},"south":{"uv":[6.0,2.375,6.5,2.5],"tintindex":0,"rotation":0,"texture":"#0"},"north":{"uv":[5.875,4.0,6.375,4.125],"tintindex":0,"rotation":0,"texture":"#0"},"west":{"uv":[0.375,6.75,0.5,6.875],"tintindex":0,"rotation":0,"texture":"#0"},"up":{"uv":[6.5,3.375,6.0,3.25],"tintindex":0,"rotation":0,"texture":"#0"},"down":{"uv":[6.5,3.5,6.0,3.625],"tintindex":0,"rotation":0,"texture":"#0"}},"rotation":{"origin":[9.539101,8.48369,11.632353],"angle":-22.5,"axis":"y"}},{"from":[7.5,7.9836903,7.328926],"to":[8.5,8.98369,11.328926],"faces":{"east":{"uv":[2.0,3.75,2.5,3.875],"tintindex":0,"rotation":0,"texture":"#0"},"south":{"uv":[4.25,6.125,4.375,6.25],"tintindex":0,"rotation":0,"texture":"#0"},"north":{"uv":[4.625,4.25,4.75,4.375],"tintindex":0,"rotation":0,"texture":"#0"},"west":{"uv":[5.875,3.75,6.375,3.875],"tintindex":0,"rotation":0,"texture":"#0"},"up":{"uv":[6.125,2.25,6.0,1.75],"tintindex":0,"rotation":0,"texture":"#0"},"down":{"uv":[2.125,6.0,2.0,6.5],"tintindex":0,"rotation":0,"texture":"#0"}}}],"display":{"gui":{"rotation":[30,225,0]}}}