{"textures":{"0":"modelengine:entity/nocsy_chibi_djinn_dragon"},"elements":[{"from":[0.5281043,4.6866474,7.9607453],"to":[8.528105,9.686647,7.9607453],"faces":{"south":{"uv":[3.625,2.625,2.625,3.25],"tintindex":0,"rotation":0,"texture":"#0"},"north":{"uv":[2.625,2.625,3.625,3.25],"tintindex":0,"rotation":0,"texture":"#0"}}},{"from":[4.5281043,7.6866474,7.4607453],"to":[8.528105,8.686647,8.460745],"faces":{"east":{"uv":[6.75,6.375,6.875,6.5],"tintindex":0,"rotation":0,"texture":"#0"},"south":{"uv":[6.375,4.625,6.875,4.75],"tintindex":0,"rotation":0,"texture":"#0"},"north":{"uv":[6.125,3.0,6.625,3.125],"tintindex":0,"rotation":0,"texture":"#0"},"west":{"uv":[6.5,6.75,6.625,6.875],"tintindex":0,"rotation":0,"texture":"#0"},"up":{"uv":[7.0,1.25,6.5,1.125],"tintindex":0,"rotation":0,"texture":"#0"},"down":{"uv":[7.0,2.625,6.5,2.75],"tintindex":0,"rotation":0,"texture":"#0"}}}],"display":{"gui":{"rotation":[30,225,0]}}}