{"textures":{"0":"modelengine:entity/nocsy_chibi_djinn_dragon"},"elements":[{"from":[7.0,6.0254173,7.9880285],"to":[9.0,8.025417,13.988029],"faces":{"east":{"uv":[4.625,3.875,5.375,4.125],"tintindex":0,"rotation":0,"texture":"#0"},"south":{"uv":[6.125,0.75,6.375,1.0],"tintindex":0,"rotation":0,"texture":"#0"},"north":{"uv":[0.75,6.125,1.0,6.375],"tintindex":0,"rotation":0,"texture":"#0"},"west":{"uv":[2.0,4.75,2.75,5.0],"tintindex":0,"rotation":0,"texture":"#0"},"up":{"uv":[3.125,5.5,2.875,4.75],"tintindex":0,"rotation":0,"texture":"#0"},"down":{"uv":[5.125,4.25,4.875,5.0],"tintindex":0,"rotation":0,"texture":"#0"}}}],"display":{"gui":{"rotation":[30,225,0]}}}