{"textures":{"0":"modelengine:entity/nocsy_chibi_djinn_dragon"},"elements":[{"from":[6.5,5.0158577,8.007702],"to":[9.5,8.015858,13.007702],"faces":{"east":{"uv":[4.625,2.875,5.25,3.25],"tintindex":0,"rotation":0,"texture":"#0"},"south":{"uv":[0.875,5.125,1.25,5.5],"tintindex":0,"rotation":0,"texture":"#0"},"north":{"uv":[5.0,1.625,5.375,2.0],"tintindex":0,"rotation":0,"texture":"#0"},"west":{"uv":[4.625,3.375,5.25,3.75],"tintindex":0,"rotation":0,"texture":"#0"},"up":{"uv":[1.875,5.125,1.5,4.5],"tintindex":0,"rotation":0,"texture":"#0"},"down":{"uv":[0.375,4.75,0.0,5.375],"tintindex":0,"rotation":0,"texture":"#0"}}}],"display":{"gui":{"rotation":[30,225,0]}}}