{"textures":{"0":"modelengine:entity/horse_spartan"},"elements":[{"from":[7.285714,2.2857141,6.928571],"to":[9.571428,8.0,9.214286],"rotation":{"angle":0.0,"axis":"y","origin":[11.285714,13.173248,12.357349]},"faces":{"east":{"uv":[11.375,8.375,11.875,9.625],"rotation":0,"texture":"#0","tintindex":0},"south":{"uv":[0.875,11.5,1.375,12.75],"rotation":0,"texture":"#0","tintindex":0},"north":{"uv":[9.5,11.25,10.0,12.5],"rotation":0,"texture":"#0","tintindex":0},"west":{"uv":[11.5,4.0,12.0,5.25],"rotation":0,"texture":"#0","tintindex":0},"up":{"uv":[10.625,14.5,10.125,14.0],"rotation":0,"texture":"#0","tintindex":0},"down":{"uv":[11.25,14.0,10.75,14.5],"rotation":0,"texture":"#0","tintindex":0}}},{"from":[6.714286,1.1428566,6.357143],"to":[10.142858,2.2857141,9.785714],"rotation":{"angle":0.0,"axis":"y","origin":[11.285714,13.173248,12.357349]},"faces":{"east":{"uv":[14.25,11.625,15.0,11.875],"rotation":0,"texture":"#0","tintindex":0},"south":{"uv":[14.25,12.0,15.0,12.25],"rotation":0,"texture":"#0","tintindex":0},"north":{"uv":[14.25,11.25,15.0,11.5],"rotation":0,"texture":"#0","tintindex":0},"west":{"uv":[14.25,12.375,15.0,12.625],"rotation":0,"texture":"#0","tintindex":0},"up":{"uv":[13.25,2.75,12.5,2.0],"rotation":0,"texture":"#0","tintindex":0},"down":{"uv":[13.375,7.625,12.625,8.375],"rotation":0,"texture":"#0","tintindex":0}}}],"display":{"head":{"translation":[0.0,-6.4,0.0],"scale":[4.0,4.0,4.0]}}}