{"textures":{"0":"modelengine:entity/horse_spartan"},"elements":[{"from":[5.9547615,4.6370206,4.8080893],"to":[9.383333,10.922735,9.950946],"rotation":{"angle":22.5,"axis":"x","origin":[4.8119044,7.322174,1.8259983]},"faces":{"east":{"uv":[6.75,4.875,7.875,6.25],"rotation":0,"texture":"#0","tintindex":0},"south":{"uv":[9.75,3.25,10.5,4.625],"rotation":0,"texture":"#0","tintindex":0},"north":{"uv":[9.75,3.25,10.5,4.625],"rotation":0,"texture":"#0","tintindex":0},"west":{"uv":[6.75,4.875,7.875,6.25],"rotation":0,"texture":"#0","tintindex":0},"up":{"uv":[10.5,11.125,9.75,10.0],"rotation":0,"texture":"#0","tintindex":0},"down":{"uv":[10.875,7.75,10.125,8.875],"rotation":0,"texture":"#0","tintindex":0}}}],"display":{"head":{"translation":[0.0,-6.4,0.0],"scale":[4.0,4.0,4.0]}}}