{"textures":{"0":"modelengine:entity/barrel_explosive"},"elements":[{"from":[1.0,20.0,1.0],"to":[15.0,23.0,15.0],"faces":{"east":{"uv":[3.5,6.75,5.25,7.125],"tintindex":0,"rotation":0,"texture":"#0"},"south":{"uv":[3.5,6.75,5.25,7.125],"tintindex":0,"rotation":0,"texture":"#0"},"north":{"uv":[3.5,6.75,5.25,7.125],"tintindex":0,"rotation":0,"texture":"#0"},"west":{"uv":[3.5,6.75,5.25,7.125],"tintindex":0,"rotation":0,"texture":"#0"},"up":{"uv":[3.625,5.5,1.875,3.75],"tintindex":0,"rotation":0,"texture":"#0"},"down":{"uv":[5.5,1.875,3.75,3.625],"tintindex":0,"rotation":0,"texture":"#0"}}},{"from":[1.0,17.0,1.0],"to":[15.0,19.0,15.0],"faces":{"east":{"uv":[7.25,5.375,9.0,5.625],"tintindex":0,"rotation":0,"texture":"#0"},"south":{"uv":[7.25,5.375,9.0,5.625],"tintindex":0,"rotation":0,"texture":"#0"},"north":{"uv":[7.25,5.375,9.0,5.625],"tintindex":0,"rotation":0,"texture":"#0"},"west":{"uv":[7.25,5.375,9.0,5.625],"tintindex":0,"rotation":0,"texture":"#0"},"up":{"uv":[3.625,1.75,1.875,0.0],"tintindex":0,"rotation":0,"texture":"#0"},"down":{"uv":[3.625,1.875,1.875,3.625],"tintindex":0,"rotation":0,"texture":"#0"}}},{"from":[1.5,8.0,1.5],"to":[14.5,23.0,14.5],"faces":{"east":{"uv":[3.75,3.75,5.375,5.625],"tintindex":0,"rotation":0,"texture":"#0"},"south":{"uv":[3.75,3.75,5.375,5.625],"tintindex":0,"rotation":0,"texture":"#0"},"north":{"uv":[3.75,3.75,5.375,5.625],"tintindex":0,"rotation":0,"texture":"#0"},"west":{"uv":[3.75,3.75,5.375,5.625],"tintindex":0,"rotation":0,"texture":"#0"},"up":{"uv":[3.375,7.25,1.75,5.625],"tintindex":0,"rotation":0,"texture":"#0"},"down":{"uv":[3.375,7.25,1.75,5.625],"tintindex":0,"rotation":0,"texture":"#0"}}},{"from":[1.0,8.0,1.0],"to":[15.0,11.0,15.0],"faces":{"east":{"uv":[3.5,7.125,5.25,6.75],"tintindex":0,"rotation":0,"texture":"#0"},"south":{"uv":[3.5,7.125,5.25,6.75],"tintindex":0,"rotation":0,"texture":"#0"},"north":{"uv":[3.5,7.125,5.25,6.75],"tintindex":0,"rotation":0,"texture":"#0"},"west":{"uv":[3.5,7.125,5.25,6.75],"tintindex":0,"rotation":0,"texture":"#0"},"up":{"uv":[5.5,3.625,3.75,1.875],"tintindex":0,"rotation":0,"texture":"#0"},"down":{"uv":[3.625,3.75,1.875,5.5],"tintindex":0,"rotation":0,"texture":"#0"}}},{"from":[1.0,12.0,1.0],"to":[15.0,14.0,15.0],"faces":{"east":{"uv":[7.25,5.625,9.0,5.375],"tintindex":0,"rotation":0,"texture":"#0"},"south":{"uv":[7.25,5.625,9.0,5.375],"tintindex":0,"rotation":0,"texture":"#0"},"north":{"uv":[7.25,5.625,9.0,5.375],"tintindex":0,"rotation":0,"texture":"#0"},"west":{"uv":[7.25,5.625,9.0,5.375],"tintindex":0,"rotation":0,"texture":"#0"},"up":{"uv":[3.625,3.625,1.875,1.875],"tintindex":0,"rotation":0,"texture":"#0"},"down":{"uv":[3.625,0.0,1.875,1.75],"tintindex":0,"rotation":0,"texture":"#0"}}}],"display":{"gui":{"rotation":[30,225,0]}}}