{"textures":{"0":"modelengine:entity/chest_bone"},"elements":[{"from":[5.5,6.975,6.5],"to":[10.5,10.975,9.5],"faces":{"east":{"uv":[6.0,9.5,6.75,10.5],"tintindex":0,"rotation":0,"texture":"#0"},"south":{"uv":[1.5,8.75,2.75,9.75],"tintindex":0,"rotation":0,"texture":"#0"},"north":{"uv":[0.0,8.75,1.25,9.75],"tintindex":0,"rotation":0,"texture":"#0"},"west":{"uv":[7.0,9.5,7.75,10.5],"tintindex":0,"rotation":0,"texture":"#0"},"up":{"uv":[4.25,10.25,3.0,9.5],"tintindex":0,"rotation":0,"texture":"#0"},"down":{"uv":[5.75,9.5,4.5,10.25],"tintindex":0,"rotation":0,"texture":"#0"}}},{"from":[6.5,4.975,6.5],"to":[9.5,6.975,8.5],"faces":{"east":{"uv":[11.0,1.0,11.5,1.5],"tintindex":0,"rotation":0,"texture":"#0"},"south":{"uv":[3.0,8.75,3.75,9.25],"tintindex":0,"rotation":0,"texture":"#0"},"north":{"uv":[8.0,7.0,8.75,7.5],"tintindex":0,"rotation":0,"texture":"#0"},"west":{"uv":[1.75,11.0,2.25,11.5],"tintindex":0,"rotation":0,"texture":"#0"},"up":{"uv":[9.75,7.5,9.0,7.0],"tintindex":0,"rotation":0,"texture":"#0"},"down":{"uv":[1.5,11.0,0.75,11.5],"tintindex":0,"rotation":0,"texture":"#0"}}}],"display":{"gui":{"rotation":[30,225,0]}}}