{"textures":{"0":"modelengine:entity/chest_bone"},"elements":[{"from":[2.0,12.75,2.0],"to":[4.0,17.75,4.0],"faces":{"east":{"uv":[8.75,9.5,9.25,10.75],"tintindex":0,"rotation":0,"texture":"#0"},"south":{"uv":[9.5,9.5,10.0,10.75],"tintindex":0,"rotation":0,"texture":"#0"},"north":{"uv":[8.0,9.5,8.5,10.75],"tintindex":0,"rotation":0,"texture":"#0"},"west":{"uv":[0.0,10.0,0.5,11.25],"tintindex":0,"rotation":0,"texture":"#0"},"up":{"uv":[11.5,2.25,11.0,1.75],"tintindex":0,"rotation":0,"texture":"#0"},"down":{"uv":[11.5,2.5,11.0,3.0],"tintindex":0,"rotation":0,"texture":"#0"}},"rotation":{"origin":[3.0,16.528805,3.0124998],"angle":22.5,"axis":"z"}},{"from":[2.35983,16.769127,1.5250001],"to":[5.35983,19.769127,4.525],"faces":{"east":{"uv":[3.5,10.5,2.75,11.25],"tintindex":0,"rotation":0,"texture":"#0"},"south":{"uv":[0.75,10.0,1.5,10.75],"tintindex":0,"rotation":0,"texture":"#0"},"north":{"uv":[1.5,10.0,0.75,10.75],"tintindex":0,"rotation":0,"texture":"#0"},"west":{"uv":[2.5,10.0,1.75,10.75],"tintindex":0,"rotation":0,"texture":"#0"},"up":{"uv":[3.75,11.25,4.5,10.5],"tintindex":0,"rotation":0,"texture":"#0"},"down":{"uv":[4.75,10.5,5.5,11.25],"tintindex":0,"rotation":0,"texture":"#0"}}},{"from":[0.6401701,16.769127,1.5],"to":[3.64017,19.769127,4.5],"faces":{"east":{"uv":[1.75,10.0,2.5,10.75],"tintindex":0,"rotation":0,"texture":"#0"},"south":{"uv":[1.5,10.0,0.75,10.75],"tintindex":0,"rotation":0,"texture":"#0"},"north":{"uv":[0.75,10.0,1.5,10.75],"tintindex":0,"rotation":0,"texture":"#0"},"west":{"uv":[2.75,10.5,3.5,11.25],"tintindex":0,"rotation":0,"texture":"#0"},"up":{"uv":[4.5,11.25,3.75,10.5],"tintindex":0,"rotation":0,"texture":"#0"},"down":{"uv":[5.5,10.5,4.75,11.25],"tintindex":0,"rotation":0,"texture":"#0"}},"rotation":{"origin":[3.0,16.528805,3.0124998],"angle":45.0,"axis":"z"}},{"from":[0.5,8.0,-3.5],"to":[15.5,14.0,9.5],"faces":{"east":{"uv":[7.5,3.5,10.75,5.0],"tintindex":0,"rotation":0,"texture":"#0"},"south":{"uv":[0.0,7.0,3.75,8.5],"tintindex":0,"rotation":0,"texture":"#0"},"north":{"uv":[4.0,6.0,7.75,7.5],"tintindex":0,"rotation":0,"texture":"#0"},"west":{"uv":[4.0,7.75,7.25,9.25],"tintindex":0,"rotation":0,"texture":"#0"},"up":{"uv":[3.75,3.25,0.0,0.0],"tintindex":0,"rotation":0,"texture":"#0"},"down":{"uv":[3.75,3.5,0.0,6.75],"tintindex":0,"rotation":0,"texture":"#0"}}},{"from":[12.0,12.75,2.0],"to":[14.0,17.75,4.0],"faces":{"east":{"uv":[0.5,10.0,0.0,11.25],"tintindex":0,"rotation":0,"texture":"#0"},"south":{"uv":[10.0,9.5,9.5,10.75],"tintindex":0,"rotation":0,"texture":"#0"},"north":{"uv":[8.5,9.5,8.0,10.75],"tintindex":0,"rotation":0,"texture":"#0"},"west":{"uv":[9.25,9.5,8.75,10.75],"tintindex":0,"rotation":0,"texture":"#0"},"up":{"uv":[11.0,2.25,11.5,1.75],"tintindex":0,"rotation":0,"texture":"#0"},"down":{"uv":[11.0,2.5,11.5,3.0],"tintindex":0,"rotation":0,"texture":"#0"}},"rotation":{"origin":[13.0,16.528805,3.0124998],"angle":-22.5,"axis":"z"}},{"from":[12.35983,16.769127,1.5],"to":[15.35983,19.769127,4.5],"faces":{"east":{"uv":[3.5,10.5,2.75,11.25],"tintindex":0,"rotation":0,"texture":"#0"},"south":{"uv":[0.75,10.0,1.5,10.75],"tintindex":0,"rotation":0,"texture":"#0"},"north":{"uv":[1.5,10.0,0.75,10.75],"tintindex":0,"rotation":0,"texture":"#0"},"west":{"uv":[2.5,10.0,1.75,10.75],"tintindex":0,"rotation":0,"texture":"#0"},"up":{"uv":[3.75,11.25,4.5,10.5],"tintindex":0,"rotation":0,"texture":"#0"},"down":{"uv":[4.75,10.5,5.5,11.25],"tintindex":0,"rotation":0,"texture":"#0"}},"rotation":{"origin":[13.0,16.528805,3.0124998],"angle":-45.0,"axis":"z"}},{"from":[10.64017,16.769127,1.5250001],"to":[13.64017,19.769127,4.525],"faces":{"east":{"uv":[1.75,10.0,2.5,10.75],"tintindex":0,"rotation":0,"texture":"#0"},"south":{"uv":[1.5,10.0,0.75,10.75],"tintindex":0,"rotation":0,"texture":"#0"},"north":{"uv":[0.75,10.0,1.5,10.75],"tintindex":0,"rotation":0,"texture":"#0"},"west":{"uv":[2.75,10.5,3.5,11.25],"tintindex":0,"rotation":0,"texture":"#0"},"up":{"uv":[4.5,11.25,3.75,10.5],"tintindex":0,"rotation":0,"texture":"#0"},"down":{"uv":[5.5,10.5,4.75,11.25],"tintindex":0,"rotation":0,"texture":"#0"}}}],"display":{"gui":{"rotation":[30,225,0]}}}