{
	"credit": "Made with Blockbench",
	"ambientocclusion": false,
	"textures": {
		"1": "block/sand",
		"2": "block/sand_rock1",
		"particle": "block/sand"
	},
	"elements": [
		{
			"from": [0, 0, 0],
			"to": [16, 16, 16],
			"faces": {
				"north": {"uv": [0, 0, 16, 16], "texture": "#1", "cullface": "north"},
				"east": {"uv": [0, 0, 16, 16], "texture": "#1", "cullface": "east"},
				"south": {"uv": [0, 0, 16, 16], "texture": "#1", "cullface": "south"},
				"west": {"uv": [0, 0, 16, 16], "texture": "#1", "cullface": "west"},
				"up": {"uv": [0, 0, 16, 16], "texture": "#1", "cullface": "up"},
				"down": {"uv": [0, 0, 16, 16], "texture": "#1", "cullface": "down"}
			}
		},
		{
			"from": [8, 16, 2],
			"to": [8, 20, 14],
			"shade": false,
			"rotation": {"angle": 22.5, "axis": "y", "origin": [8, 20.25, 8]},
			"faces": {
				"north": {"uv": [0, 0, 0, 5], "texture": "#missing"},
				"east": {"uv": [2, 12, 14, 16], "texture": "#2", "cullface": "up"},
				"south": {"uv": [0, 0, 0, 5], "texture": "#missing"},
				"west": {"uv": [2, 12, 14, 16], "texture": "#2", "cullface": "up"},
				"up": {"uv": [0, 0, 0, 14], "texture": "#missing"},
				"down": {"uv": [0, 0, 0, 14], "texture": "#missing"}
			}
		},
		{
			"from": [8, 20, 3],
			"to": [8, 22, 13],
			"shade": false,
			"rotation": {"angle": 22.5, "axis": "y", "origin": [8, 20.25, 8]},
			"faces": {
				"north": {"uv": [0, 0, 0, 5], "texture": "#missing"},
				"east": {"uv": [3, 10, 13, 12], "texture": "#2", "cullface": "up"},
				"south": {"uv": [0, 0, 0, 5], "texture": "#missing"},
				"west": {"uv": [3, 10, 13, 12], "texture": "#2", "cullface": "up"},
				"up": {"uv": [0, 0, 0, 14], "texture": "#missing"},
				"down": {"uv": [0, 0, 0, 14], "texture": "#missing"}
			}
		},
		{
			"from": [8, 22, 5],
			"to": [8, 23, 11],
			"shade": false,
			"rotation": {"angle": 22.5, "axis": "y", "origin": [8, 20.25, 8]},
			"faces": {
				"north": {"uv": [0, 0, 0, 5], "texture": "#missing"},
				"east": {"uv": [5, 9, 11, 10], "texture": "#2", "cullface": "up"},
				"south": {"uv": [0, 0, 0, 5], "texture": "#missing"},
				"west": {"uv": [5, 9, 11, 10], "texture": "#2", "cullface": "up"},
				"up": {"uv": [0, 0, 0, 14], "texture": "#missing"},
				"down": {"uv": [0, 0, 0, 14], "texture": "#missing"}
			}
		},
		{
			"from": [2, 16, 8],
			"to": [14, 20, 8],
			"shade": false,
			"rotation": {"angle": 22.5, "axis": "y", "origin": [8, 20.25, 8]},
			"faces": {
				"north": {"uv": [2, 12, 14, 16], "texture": "#2", "cullface": "up"},
				"east": {"uv": [0, 0, 0, 5], "texture": "#missing"},
				"south": {"uv": [2, 12, 14, 16], "texture": "#2", "cullface": "up"},
				"west": {"uv": [0, 0, 0, 5], "texture": "#missing"},
				"up": {"uv": [0, 0, 0, 14], "rotation": 90, "texture": "#missing"},
				"down": {"uv": [0, 0, 0, 14], "rotation": 270, "texture": "#missing"}
			}
		},
		{
			"from": [3, 20, 8],
			"to": [13, 22, 8],
			"shade": false,
			"rotation": {"angle": 22.5, "axis": "y", "origin": [8, 20.25, 8]},
			"faces": {
				"north": {"uv": [3, 10, 13, 12], "texture": "#2", "cullface": "up"},
				"east": {"uv": [0, 0, 0, 5], "texture": "#missing"},
				"south": {"uv": [3, 10, 13, 12], "texture": "#2", "cullface": "up"},
				"west": {"uv": [0, 0, 0, 5], "texture": "#missing"},
				"up": {"uv": [0, 0, 0, 14], "rotation": 90, "texture": "#missing"},
				"down": {"uv": [0, 0, 0, 14], "rotation": 270, "texture": "#missing"}
			}
		},
		{
			"from": [5, 22, 8],
			"to": [11, 23, 8],
			"shade": false,
			"rotation": {"angle": 22.5, "axis": "y", "origin": [8, 20.25, 8]},
			"faces": {
				"north": {"uv": [5, 9, 11, 10], "texture": "#2", "cullface": "up"},
				"east": {"uv": [0, 0, 0, 5], "texture": "#missing"},
				"south": {"uv": [5, 9, 11, 10], "texture": "#2", "cullface": "up"},
				"west": {"uv": [0, 0, 0, 5], "texture": "#missing"},
				"up": {"uv": [0, 0, 0, 14], "rotation": 90, "texture": "#missing"},
				"down": {"uv": [0, 0, 0, 14], "rotation": 270, "texture": "#missing"}
			}
		}
	],
      "display": {
		"thirdperson_righthand": {
			"scale": [0.3, 0.3, 0.3]
		},
		"thirdperson_lefthand": {
			"scale": [0.3, 0.3, 0.3]
		},
		"firstperson_righthand": {
			"scale": [0.3, 0.3, 0.2]
		},
		"firstperson_lefthand": {
			"scale": [0.3, 0.3, 0.2]
		},
		"ground": {
			"scale": [0.2, 0.2, 0.2]
		},
		"gui": {
			"rotation": [40, -45, 0],
			"scale": [0.6, 0.6, 0.6]
		},
		"fixed": {
			"scale": [0.6, 0.6, 0.6]
		}
	}
}