{
	"credit": "Made with Blockbench",
	"ambientocclusion": false,
	"textures": {
		"0": "block/soul_sand",
		"1": "block/soul_sand_skull0",
		"particle": "block/soul_sand"
	},
	"elements": [
		{
			"from": [3.5, 18, 8],
			"to": [4.5, 25, 8],
			"shade": false,
			"rotation": {"angle": 45, "axis": "y", "origin": [8, 8, 8], "rescale": true},
			"faces": {
				"north": {"uv": [11, 7, 12, 14], "texture": "#1", "cullface": "up"},
				"south": {"uv": [11, 7, 12, 14], "texture": "#1", "cullface": "up"}
			}
		},
		{
			"from": [11.5, 18, 8],
			"to": [12.5, 24, 8],
			"shade": false,
			"rotation": {"angle": 45, "axis": "y", "origin": [8, 8, 8], "rescale": true},
			"faces": {
				"north": {"uv": [3, 8, 4, 14], "texture": "#1", "cullface": "up"},
				"south": {"uv": [3, 8, 4, 14], "texture": "#1", "cullface": "up"}
			}
		},
		{
			"from": [4.5, 18, 8],
			"to": [11.5, 26, 8],
			"shade": false,
			"rotation": {"angle": 45, "axis": "y", "origin": [8, 8, 8], "rescale": true},
			"faces": {
				"north": {"uv": [4, 6, 11, 14], "texture": "#1", "cullface": "up"},
				"south": {"uv": [4, 6, 11, 14], "texture": "#1", "cullface": "up"}
			}
		},
		{
			"from": [5.5, 17, 8],
			"to": [10.5, 18, 8],
			"shade": false,
			"rotation": {"angle": 45, "axis": "y", "origin": [8, 8, 8], "rescale": true},
			"faces": {
				"north": {"uv": [5, 14, 10, 15], "texture": "#1", "cullface": "up"},
				"south": {"uv": [5, 14, 10, 15], "texture": "#1", "cullface": "up"}
			}
		},
		{
			"from": [5.5, 16, 8],
			"to": [6.5, 17, 8],
			"shade": false,
			"rotation": {"angle": 45, "axis": "y", "origin": [8, 8, 8], "rescale": true},
			"faces": {
				"north": {"uv": [9, 15, 10, 16], "texture": "#1", "cullface": "up"},
				"south": {"uv": [9, 15, 10, 16], "texture": "#1", "cullface": "up"}
			}
		},
		{
			"from": [7.5, 16, 8],
			"to": [8.5, 17, 8],
			"shade": false,
			"rotation": {"angle": 45, "axis": "y", "origin": [8, 8, 8], "rescale": true},
			"faces": {
				"north": {"uv": [7, 15, 8, 16], "texture": "#1", "cullface": "up"},
				"south": {"uv": [7, 15, 8, 16], "texture": "#1", "cullface": "up"}
			}
		},
		{
			"from": [9.5, 16, 8],
			"to": [10.5, 17, 8],
			"shade": false,
			"rotation": {"angle": 45, "axis": "y", "origin": [8, 8, 8], "rescale": true},
			"faces": {
				"north": {"uv": [5, 15, 6, 16], "texture": "#1", "cullface": "up"},
				"south": {"uv": [5, 15, 6, 16], "texture": "#1", "cullface": "up"}
			}
		},
		{
			"from": [3.5, 18, 8],
			"to": [4.5, 25, 8],
			"shade": false,
			"rotation": {"angle": -45, "axis": "y", "origin": [8, 8, 8], "rescale": true},
			"faces": {
				"north": {"uv": [11, 7, 12, 14], "texture": "#1", "cullface": "up"},
				"south": {"uv": [11, 7, 12, 14], "texture": "#1", "cullface": "up"}
			}
		},
		{
			"from": [11.5, 18, 8],
			"to": [12.5, 24, 8],
			"shade": false,
			"rotation": {"angle": -45, "axis": "y", "origin": [8, 8, 8], "rescale": true},
			"faces": {
				"north": {"uv": [3, 8, 4, 14], "texture": "#1", "cullface": "up"},
				"south": {"uv": [3, 8, 4, 14], "texture": "#1", "cullface": "up"}
			}
		},
		{
			"from": [4.5, 18, 8],
			"to": [11.5, 26, 8],
			"shade": false,
			"rotation": {"angle": -45, "axis": "y", "origin": [8, 8, 8], "rescale": true},
			"faces": {
				"north": {"uv": [4, 6, 11, 14], "texture": "#1", "cullface": "up"},
				"south": {"uv": [4, 6, 11, 14], "texture": "#1", "cullface": "up"}
			}
		},
		{
			"from": [5.5, 17, 8],
			"to": [10.5, 18, 8],
			"shade": false,
			"rotation": {"angle": -45, "axis": "y", "origin": [8, 8, 8], "rescale": true},
			"faces": {
				"north": {"uv": [5, 14, 10, 15], "texture": "#1", "cullface": "up"},
				"south": {"uv": [5, 14, 10, 15], "texture": "#1", "cullface": "up"}
			}
		},
		{
			"from": [5.5, 16, 8],
			"to": [6.5, 17, 8],
			"shade": false,
			"rotation": {"angle": -45, "axis": "y", "origin": [8, 8, 8], "rescale": true},
			"faces": {
				"north": {"uv": [9, 15, 10, 16], "texture": "#1", "cullface": "up"},
				"south": {"uv": [9, 15, 10, 16], "texture": "#1", "cullface": "up"}
			}
		},
		{
			"from": [7.5, 16, 8],
			"to": [8.5, 17, 8],
			"shade": false,
			"rotation": {"angle": -45, "axis": "y", "origin": [8, 8, 8], "rescale": true},
			"faces": {
				"north": {"uv": [7, 15, 8, 16], "texture": "#1", "cullface": "up"},
				"south": {"uv": [7, 15, 8, 16], "texture": "#1", "cullface": "up"}
			}
		},
		{
			"from": [9.5, 16, 8],
			"to": [10.5, 17, 8],
			"shade": false,
			"rotation": {"angle": -45, "axis": "y", "origin": [8, 8, 8], "rescale": true},
			"faces": {
				"north": {"uv": [5, 15, 6, 16], "texture": "#1", "cullface": "up"},
				"south": {"uv": [5, 15, 6, 16], "texture": "#1", "cullface": "up"}
			}
		},
		{
			"from": [0, 0, 0],
			"to": [16, 16, 16],
			"faces": {
				"north": {"uv": [0, 0, 16, 16], "texture": "#0", "cullface": "north"},
				"east": {"uv": [0, 0, 16, 16], "texture": "#0", "cullface": "east"},
				"south": {"uv": [0, 0, 16, 16], "texture": "#0", "cullface": "south"},
				"west": {"uv": [0, 0, 16, 16], "texture": "#0", "cullface": "west"},
				"up": {"uv": [0, 0, 16, 16], "texture": "#0", "cullface": "up"},
				"down": {"uv": [0, 0, 16, 16], "texture": "#0", "cullface": "down"}
			}
		}
	],
	"groups": [
		{
			"name": "group",
			"origin": [8, 8, 8],
			"color": 0,
			"shade": false,
			"children": [0, 1, 2, 3, 4, 5, 6]
		},
		{
			"name": "group",
			"origin": [8, 8, 8],
			"color": 0,
			"shade": false,
			"children": [7, 8, 9, 10, 11, 12, 13]
		},
		14
	],
      "display": {
		"thirdperson_righthand": {
			"scale": [0.3, 0.3, 0.3]
		},
		"thirdperson_lefthand": {
			"scale": [0.3, 0.3, 0.3]
		},
		"firstperson_righthand": {
			"scale": [0.3, 0.3, 0.2]
		},
		"firstperson_lefthand": {
			"scale": [0.3, 0.3, 0.2]
		},
		"ground": {
			"scale": [0.2, 0.2, 0.2]
		},
		"gui": {
			"rotation": [40, -45, 0],
			"scale": [0.6, 0.6, 0.6]
		},
		"fixed": {
			"scale": [0.6, 0.6, 0.6]
		}
	}
}