{"textures":{"0":"modelengine:entity/awakened_shrub"},"elements":[{"from":[11.914213,7.86875,8.957107],"to":[15.914213,11.86875,8.957107],"faces":{"south":{"uv":[6.5,11.0,7.5,12.0],"tintindex":0,"rotation":0,"texture":"#0"},"north":{"uv":[7.5,11.0,6.5,12.0],"tintindex":0,"rotation":0,"texture":"#0"}},"rotation":{"origin":[13.914213,9.86875,8.957107],"angle":-45.0,"axis":"y"}},{"from":[0.08578634,7.86875,8.957107],"to":[4.0857863,11.86875,8.957107],"faces":{"south":{"uv":[7.5,11.0,6.5,12.0],"tintindex":0,"rotation":0,"texture":"#0"},"north":{"uv":[6.5,11.0,7.5,12.0],"tintindex":0,"rotation":0,"texture":"#0"}},"rotation":{"origin":[2.0857863,9.86875,8.957107],"angle":45.0,"axis":"y"}},{"from":[3.5,6.89375,4.5428934],"to":[12.5,10.89375,11.542893],"faces":{"east":{"uv":[5.0,10.25,3.25,11.25],"tintindex":0,"rotation":0,"texture":"#0"},"south":{"uv":[8.5,4.25,10.75,5.25],"tintindex":0,"rotation":0,"texture":"#0"},"north":{"uv":[8.5,4.25,10.75,5.25],"tintindex":0,"rotation":0,"texture":"#0"},"west":{"uv":[3.25,10.25,5.0,11.25],"tintindex":0,"rotation":0,"texture":"#0"},"up":{"uv":[8.25,6.75,6.0,5.0],"tintindex":0,"rotation":0,"texture":"#0"},"down":{"uv":[8.25,5.0,6.0,6.75],"tintindex":0,"rotation":0,"texture":"#0"}}},{"from":[4.5,7.86875,5.5428934],"to":[11.5,10.86875,10.542893],"faces":{"east":{"uv":[12.75,1.5,11.5,2.25],"tintindex":0,"rotation":0,"texture":"#0"},"south":{"uv":[10.25,8.75,12.0,9.5],"tintindex":0,"rotation":0,"texture":"#0"},"north":{"uv":[10.25,8.75,12.0,9.5],"tintindex":0,"rotation":0,"texture":"#0"},"west":{"uv":[11.5,1.5,12.75,2.25],"tintindex":0,"rotation":0,"texture":"#0"},"up":{"uv":[4.25,10.0,2.5,8.75],"tintindex":0,"rotation":0,"texture":"#0"},"down":{"uv":[4.25,8.75,2.5,10.0],"tintindex":0,"rotation":0,"texture":"#0"}}}],"display":{"gui":{"rotation":[30,225,0]}}}