{"textures":{"0":"modelengine:entity/ballon_cluster"},"elements":[{"from":[2.0,13.1488,8.23421],"to":[10.0,25.1488,16.234211],"faces":{"east":{"uv":[0.0,0.0,4.0,6.0],"tintindex":0,"rotation":0,"texture":"#0"},"south":{"uv":[0.0,0.0,4.0,6.0],"tintindex":0,"rotation":0,"texture":"#0"},"north":{"uv":[0.0,0.0,4.0,6.0],"tintindex":0,"rotation":0,"texture":"#0"},"west":{"uv":[0.0,0.0,4.0,6.0],"tintindex":0,"rotation":0,"texture":"#0"},"up":{"uv":[0.0,0.0,4.0,6.0],"tintindex":0,"rotation":0,"texture":"#0"},"down":{"uv":[0.0,0.0,4.0,6.0],"tintindex":0,"rotation":0,"texture":"#0"}},"rotation":{"origin":[7.76956,16.73147,6.7294],"angle":22.5,"axis":"x"}},{"from":[4.0,11.94169,-3.2754002],"to":[12.0,23.94169,4.7246],"faces":{"east":{"uv":[12.0,0.0,16.0,6.0],"tintindex":0,"rotation":0,"texture":"#0"},"south":{"uv":[12.0,0.0,16.0,6.0],"tintindex":0,"rotation":0,"texture":"#0"},"north":{"uv":[12.0,0.0,16.0,6.0],"tintindex":0,"rotation":0,"texture":"#0"},"west":{"uv":[12.0,0.0,16.0,6.0],"tintindex":0,"rotation":0,"texture":"#0"},"up":{"uv":[12.0,0.0,16.0,6.0],"tintindex":0,"rotation":0,"texture":"#0"},"down":{"uv":[12.0,0.0,16.0,6.0],"tintindex":0,"rotation":0,"texture":"#0"}},"rotation":{"origin":[7.76956,16.73147,6.7294],"angle":-22.5,"axis":"x"}},{"from":[3.08502,19.8988,1.0],"to":[11.08502,31.8988,9.0],"faces":{"east":{"uv":[0.0,0.0,4.0,6.0],"tintindex":0,"rotation":0,"texture":"#0"},"south":{"uv":[0.0,0.0,4.0,6.0],"tintindex":0,"rotation":0,"texture":"#0"},"north":{"uv":[0.0,0.0,4.0,6.0],"tintindex":0,"rotation":0,"texture":"#0"},"west":{"uv":[0.0,0.0,4.0,6.0],"tintindex":0,"rotation":0,"texture":"#0"},"up":{"uv":[0.0,0.0,4.0,6.0],"tintindex":0,"rotation":0,"texture":"#0"},"down":{"uv":[0.0,0.0,4.0,6.0],"tintindex":0,"rotation":0,"texture":"#0"}},"rotation":{"origin":[7.76956,16.73147,6.7294],"angle":-22.5,"axis":"z"}},{"from":[8.0,14.0,7.0],"to":[16.0,26.0,15.0],"faces":{"east":{"uv":[8.0,0.0,12.0,6.0],"tintindex":0,"rotation":0,"texture":"#0"},"south":{"uv":[8.0,0.0,12.0,6.0],"tintindex":0,"rotation":0,"texture":"#0"},"north":{"uv":[8.0,0.0,12.0,6.0],"tintindex":0,"rotation":0,"texture":"#0"},"west":{"uv":[8.0,0.0,12.0,6.0],"tintindex":0,"rotation":0,"texture":"#0"},"up":{"uv":[8.0,0.0,12.0,6.0],"tintindex":0,"rotation":0,"texture":"#0"},"down":{"uv":[8.0,0.0,12.0,6.0],"tintindex":0,"rotation":0,"texture":"#0"}}},{"from":[0.0,19.1488,3.23421],"to":[8.0,31.1488,11.23421],"faces":{"east":{"uv":[12.0,0.0,16.0,6.0],"tintindex":0,"rotation":0,"texture":"#0"},"south":{"uv":[12.0,0.0,16.0,6.0],"tintindex":0,"rotation":0,"texture":"#0"},"north":{"uv":[12.0,0.0,16.0,6.0],"tintindex":0,"rotation":0,"texture":"#0"},"west":{"uv":[12.0,0.0,16.0,6.0],"tintindex":0,"rotation":0,"texture":"#0"},"up":{"uv":[12.0,0.0,16.0,6.0],"tintindex":0,"rotation":0,"texture":"#0"},"down":{"uv":[12.0,0.0,16.0,6.0],"tintindex":0,"rotation":0,"texture":"#0"}},"rotation":{"origin":[7.76956,16.73147,6.7294],"angle":22.5,"axis":"x"}},{"from":[1.0,17.0,-1.0],"to":[9.0,29.0,7.0],"faces":{"east":{"uv":[8.0,0.0,12.0,6.0],"tintindex":0,"rotation":0,"texture":"#0"},"south":{"uv":[8.0,0.0,12.0,6.0],"tintindex":0,"rotation":0,"texture":"#0"},"north":{"uv":[8.0,0.0,12.0,6.0],"tintindex":0,"rotation":0,"texture":"#0"},"west":{"uv":[8.0,0.0,12.0,6.0],"tintindex":0,"rotation":0,"texture":"#0"},"up":{"uv":[8.0,0.0,12.0,6.0],"tintindex":0,"rotation":0,"texture":"#0"},"down":{"uv":[8.0,0.0,12.0,6.0],"tintindex":0,"rotation":0,"texture":"#0"}}},{"from":[-1.4245901,13.19169,3.0],"to":[6.57541,25.19169,11.0],"faces":{"east":{"uv":[4.0,0.0,8.0,6.0],"tintindex":0,"rotation":0,"texture":"#0"},"south":{"uv":[4.0,0.0,8.0,6.0],"tintindex":0,"rotation":0,"texture":"#0"},"north":{"uv":[4.0,0.0,8.0,6.0],"tintindex":0,"rotation":0,"texture":"#0"},"west":{"uv":[4.0,0.0,8.0,6.0],"tintindex":0,"rotation":0,"texture":"#0"},"up":{"uv":[4.0,0.0,8.0,6.0],"tintindex":0,"rotation":0,"texture":"#0"},"down":{"uv":[4.0,0.0,8.0,6.0],"tintindex":0,"rotation":0,"texture":"#0"}},"rotation":{"origin":[7.76956,16.73147,6.7294],"angle":22.5,"axis":"z"}},{"from":[9.08502,12.8988,2.0],"to":[17.08502,24.8988,10.0],"faces":{"east":{"uv":[4.0,0.0,8.0,6.0],"tintindex":0,"rotation":0,"texture":"#0"},"south":{"uv":[4.0,0.0,8.0,6.0],"tintindex":0,"rotation":0,"texture":"#0"},"north":{"uv":[4.0,0.0,8.0,6.0],"tintindex":0,"rotation":0,"texture":"#0"},"west":{"uv":[4.0,0.0,8.0,6.0],"tintindex":0,"rotation":0,"texture":"#0"},"up":{"uv":[4.0,0.0,8.0,6.0],"tintindex":0,"rotation":0,"texture":"#0"},"down":{"uv":[4.0,0.0,8.0,6.0],"tintindex":0,"rotation":0,"texture":"#0"}},"rotation":{"origin":[7.76956,16.73147,6.7294],"angle":-22.5,"axis":"z"}}],"display":{"gui":{"rotation":[30,225,0]}}}