{
	"credit": "Made with Blockbench",
	"texture_size": [32, 32],
	"textures": {
		"0": "fishing_rod/fishing_rod_3",
		"particle": "fishing_rod/fishing_rod_3"
	},
	"elements": [
		{
			"from": [7, -8, 7],
			"to": [9, -4, 9],
			"faces": {
				"north": {"uv": [4.5, 5, 5.5, 7], "texture": "#0"},
				"east": {"uv": [5.5, 0, 6.5, 2], "texture": "#0"},
				"south": {"uv": [2, 5.5, 3, 7.5], "texture": "#0"},
				"west": {"uv": [5.5, 2, 6.5, 4], "texture": "#0"},
				"up": {"uv": [8, 6.5, 7, 5.5], "texture": "#0"},
				"down": {"uv": [8, 6.5, 7, 7.5], "texture": "#0"}
			}
		},
		{
			"from": [9, -5, 3],
			"to": [10, -4, 9],
			"faces": {
				"north": {"uv": [6, 7.5, 6.5, 8], "texture": "#0"},
				"east": {"uv": [6.5, 4.5, 9.5, 5], "texture": "#0"},
				"south": {"uv": [8, 4, 8.5, 4.5], "texture": "#0"},
				"west": {"uv": [6.5, 5, 9.5, 5.5], "texture": "#0"},
				"up": {"uv": [7, 8.5, 6.5, 5.5], "texture": "#0"},
				"down": {"uv": [5, 7, 4.5, 10], "texture": "#0"}
			}
		},
		{
			"from": [7, -13, 7],
			"to": [9, -11, 9],
			"faces": {
				"north": {"uv": [3, 7.5, 4, 8.5], "texture": "#0"},
				"east": {"uv": [7.5, 3, 8.5, 4], "texture": "#0"},
				"south": {"uv": [5, 7.5, 6, 8.5], "texture": "#0"},
				"west": {"uv": [7, 7.5, 8, 8.5], "texture": "#0"},
				"up": {"uv": [1, 9, 0, 8], "texture": "#0"},
				"down": {"uv": [2, 8, 1, 9], "texture": "#0"}
			}
		},
		{
			"from": [7.2, -11, 7.2],
			"to": [8.8, -8, 8.8],
			"faces": {
				"north": {"uv": [5.5, 6, 6.5, 7.5], "texture": "#0"},
				"east": {"uv": [6.5, 0, 7.5, 1.5], "texture": "#0"},
				"south": {"uv": [6.5, 1.5, 7.5, 3], "texture": "#0"},
				"west": {"uv": [6.5, 3, 7.5, 4.5], "texture": "#0"},
				"up": {"uv": [3, 8.5, 2, 7.5], "texture": "#0"},
				"down": {"uv": [8.5, 2, 7.5, 3], "texture": "#0"}
			}
		},
		{
			"from": [7.5, -4, 7.5],
			"to": [8.5, 7, 8.5],
			"rotation": {"angle": 0, "axis": "y", "origin": [8, 2.5, 8]},
			"faces": {
				"north": {"uv": [2, 0, 2.5, 5.5], "texture": "#0"},
				"east": {"uv": [2.5, 0, 3, 5.5], "texture": "#0"},
				"south": {"uv": [3, 0, 3.5, 5.5], "texture": "#0"},
				"west": {"uv": [3.5, 0, 4, 5.5], "texture": "#0"},
				"up": {"uv": [5.5, 7.5, 5, 7], "texture": "#0"},
				"down": {"uv": [8, 4, 7.5, 4.5], "texture": "#0"}
			}
		},
		{
			"from": [7.6, 7, 7.6],
			"to": [8.4, 19, 8.4],
			"rotation": {"angle": 0, "axis": "y", "origin": [7.6, 9, 8.4]},
			"faces": {
				"north": {"uv": [0, 0, 0.5, 6], "texture": "#0"},
				"east": {"uv": [0.5, 0, 1, 6], "texture": "#0"},
				"south": {"uv": [1, 0, 1.5, 6], "texture": "#0"},
				"west": {"uv": [1.5, 0, 2, 6], "texture": "#0"},
				"up": {"uv": [8.5, 6, 8, 5.5], "texture": "#0"},
				"down": {"uv": [6.5, 8, 6, 8.5], "texture": "#0"}
			}
		},
		{
			"from": [7.7, 19, 7.7],
			"to": [8.3, 29, 8.3],
			"rotation": {"angle": 0, "axis": "y", "origin": [8, 24, 8]},
			"faces": {
				"north": {"uv": [4, 0, 4.5, 5], "texture": "#0"},
				"east": {"uv": [4.5, 0, 5, 5], "texture": "#0"},
				"south": {"uv": [5, 0, 5.5, 5], "texture": "#0"},
				"west": {"uv": [4, 5, 4.5, 10], "texture": "#0"},
				"up": {"uv": [8.5, 6.5, 8, 6], "texture": "#0"},
				"down": {"uv": [8.5, 6.5, 8, 7], "texture": "#0"}
			}
		},
		{
			"from": [9, -9, 4],
			"to": [11, -5, 6],
			"faces": {
				"north": {"uv": [3, 5.5, 4, 7.5], "texture": "#0"},
				"east": {"uv": [5.5, 4, 6.5, 6], "texture": "#0"},
				"south": {"uv": [0, 6, 1, 8], "texture": "#0"},
				"west": {"uv": [1, 6, 2, 8], "texture": "#0"},
				"up": {"uv": [8.5, 1, 7.5, 0], "texture": "#0"},
				"down": {"uv": [8.5, 1, 7.5, 2], "texture": "#0"}
			}
		}
	],
	"display": {
		"thirdperson_righthand": {
			"rotation": [0, 90, 0],
			"translation": [0, 15, 2]
		},
		"firstperson_righthand": {
			"rotation": [-10.75, 90, 0],
			"translation": [0.25, 13.75, -3],
			"scale": [0.7, 0.7, 0.7]
		},
		"gui": {
			"rotation": [-1, 148, -46],
			"scale": [0.54, 0.47, 1]
		}
	}
}