{"textures":{"0":"modelengine:entity/fairy_seed"},"elements":[{"from":[9.25,10.5,3.9499998],"to":[9.5,10.75,3.9499998],"faces":{"south":{"uv":[10.25,8.5,10.5,8.75],"tintindex":0,"rotation":0,"texture":"#0"},"north":{"uv":[9.75,8.5,10.0,8.75],"tintindex":0,"rotation":0,"texture":"#0"}}},{"from":[4.0,5.0,4.0],"to":[12.0,12.0,12.0],"faces":{"east":{"uv":[4.75,9.0,6.75,10.75],"tintindex":0,"rotation":0,"texture":"#0"},"south":{"uv":[7.0,9.0,9.0,10.75],"tintindex":0,"rotation":0,"texture":"#0"},"north":{"uv":[2.5,9.0,4.5,10.75],"tintindex":0,"rotation":0,"texture":"#0"},"west":{"uv":[9.25,9.0,11.25,10.75],"tintindex":0,"rotation":0,"texture":"#0"},"up":{"uv":[9.5,6.5,7.5,4.5],"tintindex":0,"rotation":0,"texture":"#0"},"down":{"uv":[9.5,6.75,7.5,8.75],"tintindex":0,"rotation":0,"texture":"#0"}}},{"from":[6.5,10.5,3.9499998],"to":[6.75,10.75,3.9499998],"faces":{"south":{"uv":[7.25,11.0,7.5,11.25],"tintindex":0,"rotation":0,"texture":"#0"},"north":{"uv":[10.75,8.5,11.0,8.75],"tintindex":0,"rotation":0,"texture":"#0"}}},{"from":[12.5,12.5,12.5],"to":[3.5,4.5,3.5],"faces":{"east":{"uv":[2.5,2.25,4.75,4.25],"tintindex":0,"rotation":0,"texture":"#0"},"south":{"uv":[2.5,4.5,4.75,6.5],"tintindex":0,"rotation":0,"texture":"#0"},"north":{"uv":[2.5,0.0,4.75,2.0],"tintindex":0,"rotation":0,"texture":"#0"},"west":{"uv":[0.0,5.0,2.25,7.0],"tintindex":0,"rotation":0,"texture":"#0"},"up":{"uv":[2.25,2.25,0.0,0.0],"tintindex":0,"rotation":0,"texture":"#0"},"down":{"uv":[2.25,2.5,0.0,4.75],"tintindex":0,"rotation":0,"texture":"#0"}}},{"from":[5.0,9.25,3.975],"to":[7.0,11.25,3.975],"faces":{"south":{"uv":[6.5,11.0,7.0,11.5],"tintindex":0,"rotation":0,"texture":"#0"},"north":{"uv":[5.75,11.0,6.25,11.5],"tintindex":0,"rotation":0,"texture":"#0"}}},{"from":[8.088388,9.390165,3.975],"to":[8.588388,9.640165,3.975],"faces":{"south":{"uv":[9.25,11.0,9.5,11.25],"tintindex":0,"rotation":0,"texture":"#0"},"north":{"uv":[8.75,11.0,9.0,11.25],"tintindex":0,"rotation":0,"texture":"#0"}},"rotation":{"origin":[8.338388,9.515165,3.975],"angle":45.0,"axis":"z"}},{"from":[7.75,9.25,3.975],"to":[8.25,9.5,3.975],"faces":{"south":{"uv":[8.25,11.0,8.5,11.25],"tintindex":0,"rotation":0,"texture":"#0"},"north":{"uv":[7.75,11.0,8.0,11.25],"tintindex":0,"rotation":0,"texture":"#0"}}},{"from":[9.0,9.25,3.975],"to":[11.0,11.25,3.975],"faces":{"south":{"uv":[5.0,11.0,5.5,11.5],"tintindex":0,"rotation":0,"texture":"#0"},"north":{"uv":[4.25,11.0,4.75,11.5],"tintindex":0,"rotation":0,"texture":"#0"}}},{"from":[7.4116116,9.390165,3.975],"to":[7.9116116,9.640165,3.975],"faces":{"south":{"uv":[10.25,11.0,10.5,11.25],"tintindex":0,"rotation":0,"texture":"#0"},"north":{"uv":[9.75,11.0,10.0,11.25],"tintindex":0,"rotation":0,"texture":"#0"}},"rotation":{"origin":[7.6616116,9.515165,3.975],"angle":-45.0,"axis":"z"}}],"display":{"gui":{"rotation":[30,225,0]}}}