{"textures":{"0":"modelengine:entity/chest_light"},"elements":[{"from":[1.5,8.0,2.5],"to":[14.5,14.0,13.5],"faces":{"east":{"uv":[0.0,10.0,2.75,11.5],"tintindex":0,"rotation":0,"texture":"#0"},"south":{"uv":[10.5,0.0,13.75,1.5],"tintindex":0,"rotation":0,"texture":"#0"},"north":{"uv":[10.0,6.75,13.25,8.25],"tintindex":0,"rotation":0,"texture":"#0"},"west":{"uv":[10.25,10.75,13.0,12.25],"tintindex":0,"rotation":0,"texture":"#0"},"up":{"uv":[7.25,2.75,4.0,0.0],"tintindex":0,"rotation":0,"texture":"#0"},"down":{"uv":[7.25,3.0,4.0,5.75],"tintindex":0,"rotation":0,"texture":"#0"}}}],"display":{"gui":{"rotation":[30,225,0]}}}