{"textures":{"0":"modelengine:entity/chest_light"},"elements":[{"from":[10.5,6.0,6.5],"to":[15.5,12.0,6.5],"faces":{"south":{"uv":[5.0,11.0,6.25,12.5],"tintindex":0,"rotation":0,"texture":"#0"},"north":{"uv":[6.25,11.0,5.0,12.5],"tintindex":0,"rotation":0,"texture":"#0"}}},{"from":[0.5,6.0,6.5],"to":[5.5,12.0,6.5],"faces":{"south":{"uv":[6.25,11.0,5.0,12.5],"tintindex":0,"rotation":0,"texture":"#0"},"north":{"uv":[5.0,11.0,6.25,12.5],"tintindex":0,"rotation":0,"texture":"#0"}}},{"from":[5.5,6.0,6.5],"to":[10.5,10.0,9.5],"faces":{"east":{"uv":[10.5,12.5,11.25,13.5],"tintindex":0,"rotation":0,"texture":"#0"},"south":{"uv":[7.5,12.5,8.75,13.5],"tintindex":0,"rotation":0,"texture":"#0"},"north":{"uv":[11.25,3.5,12.5,4.5],"tintindex":0,"rotation":0,"texture":"#0"},"west":{"uv":[11.5,12.5,12.25,13.5],"tintindex":0,"rotation":0,"texture":"#0"},"up":{"uv":[8.75,5.75,7.5,5.0],"tintindex":0,"rotation":0,"texture":"#0"},"down":{"uv":[10.25,12.5,9.0,13.25],"tintindex":0,"rotation":0,"texture":"#0"}}}],"display":{"gui":{"rotation":[30,225,0]}}}