{"textures":{"0":"modelengine:entity/chest_light"},"elements":[{"from":[-4.5,8.0,3.0],"to":[6.5,19.0,3.0],"faces":{"south":{"uv":[9.75,6.0,7.0,8.75],"tintindex":0,"rotation":0,"texture":"#0"},"north":{"uv":[7.0,6.0,9.75,8.75],"tintindex":0,"rotation":0,"texture":"#0"}}},{"from":[6.5,8.025,-4.0],"to":[9.5,15.025,10.0],"faces":{"east":{"uv":[7.5,3.0,11.0,4.75],"tintindex":0,"rotation":0,"texture":"#0"},"south":{"uv":[6.5,12.5,7.25,14.25],"tintindex":0,"rotation":0,"texture":"#0"},"north":{"uv":[3.0,7.0,3.75,8.75],"tintindex":0,"rotation":0,"texture":"#0"},"west":{"uv":[3.0,9.0,6.5,10.75],"tintindex":0,"rotation":0,"texture":"#0"},"up":{"uv":[3.75,14.5,3.0,11.0],"tintindex":0,"rotation":0,"texture":"#0"},"down":{"uv":[4.75,11.0,4.0,14.5],"tintindex":0,"rotation":0,"texture":"#0"}}},{"from":[0.5,8.0,-3.5],"to":[15.5,14.0,9.5],"faces":{"east":{"uv":[6.75,10.75,10.0,12.25],"tintindex":0,"rotation":0,"texture":"#0"},"south":{"uv":[10.0,5.0,13.75,6.5],"tintindex":0,"rotation":0,"texture":"#0"},"north":{"uv":[6.75,9.0,10.5,10.5],"tintindex":0,"rotation":0,"texture":"#0"},"west":{"uv":[10.75,8.5,14.0,10.0],"tintindex":0,"rotation":0,"texture":"#0"},"up":{"uv":[3.75,3.25,0.0,0.0],"tintindex":0,"rotation":0,"texture":"#0"},"down":{"uv":[3.75,3.5,0.0,6.75],"tintindex":0,"rotation":0,"texture":"#0"}}},{"from":[9.5,8.0,3.0],"to":[20.5,19.0,3.0],"faces":{"south":{"uv":[7.0,6.0,9.75,8.75],"tintindex":0,"rotation":0,"texture":"#0"},"north":{"uv":[9.75,6.0,7.0,8.75],"tintindex":0,"rotation":0,"texture":"#0"}}}],"display":{"gui":{"rotation":[30,225,0]}}}