{
	"credit": "Made with Blockbench",
	"texture_size": [8, 8],
	"textures": {
		"0": "hanu/wsp1",
		"1": "hanu/wsp2",
		"3": "hanu/wsp3",
		"4": "hanu/wsp4",
		"5": "hanu/wsp5",
		"particle": "hanu/wsp1"
	},
	"elements": [
		{
			"from": [6, 22, 7],
			"to": [8, 29.7, 8],
			"rotation": {"angle": 0, "axis": "y", "origin": [8, 25.25, 7.5]},
			"faces": {
				"north": {"uv": [0, 0, 1, 4.5], "texture": "#3"},
				"east": {"uv": [4, 0, 4.5, 4.5], "texture": "#3"},
				"south": {"uv": [1, 0, 2, 4.5], "texture": "#3"},
				"west": {"uv": [0, 4.5, 0.5, 9], "texture": "#3"},
				"up": {"uv": [2, 5, 1, 4.5], "texture": "#3"},
				"down": {"uv": [3, 4.5, 2, 5], "texture": "#3"}
			}
		},
		{
			"from": [7.5, 15.5, 7],
			"to": [8.5, 19, 8],
			"rotation": {"angle": 0, "axis": "y", "origin": [8, 7.25, 7.5]},
			"faces": {
				"north": {"uv": [4, 0, 5, 3.5], "texture": "#0"},
				"east": {"uv": [4, 4, 5, 7.5], "texture": "#0"},
				"south": {"uv": [0, 5, 1, 8.5], "texture": "#0"},
				"west": {"uv": [5, 0, 6, 3.5], "texture": "#0"},
				"up": {"uv": [4, 6, 3, 5], "texture": "#0"},
				"down": {"uv": [6, 4, 5, 5], "texture": "#0"}
			}
		},
		{
			"from": [4.9, 21.2, 6.8],
			"to": [6.7, 22.2, 8.2],
			"rotation": {"angle": -22.5, "axis": "z", "origin": [6, 22.5, 7.5]},
			"faces": {
				"north": {"uv": [0, 8, 4, 10], "texture": "#1"},
				"east": {"uv": [4, 10, 6, 12], "texture": "#1"},
				"south": {"uv": [8, 0, 12, 2], "texture": "#1"},
				"west": {"uv": [6, 10, 8, 12], "texture": "#1"},
				"up": {"uv": [12, 4, 8, 2], "texture": "#1"},
				"down": {"uv": [8, 8, 4, 10], "texture": "#1"}
			}
		},
		{
			"from": [9.3, 21.2, 6.8],
			"to": [11.1, 22.2, 8.2],
			"rotation": {"angle": 22.5, "axis": "z", "origin": [10, 22.5, 7.5]},
			"faces": {
				"north": {"uv": [8, 4, 12, 6], "texture": "#1"},
				"east": {"uv": [0, 12, 2, 14], "texture": "#1"},
				"south": {"uv": [8, 6, 12, 8], "texture": "#1"},
				"west": {"uv": [12, 0, 14, 2], "texture": "#1"},
				"up": {"uv": [12, 10, 8, 8], "texture": "#1"},
				"down": {"uv": [4, 10, 0, 12], "texture": "#1"}
			}
		},
		{
			"from": [8, 22, 7],
			"to": [10, 29.7, 8],
			"rotation": {"angle": 0, "axis": "y", "origin": [8, 25.25, 7.5]},
			"faces": {
				"north": {"uv": [2, 0, 3, 4.5], "texture": "#3"},
				"east": {"uv": [4.5, 0, 5, 4.5], "texture": "#3"},
				"south": {"uv": [3, 0, 4, 4.5], "texture": "#3"},
				"west": {"uv": [0.5, 4.5, 1, 9], "texture": "#3"},
				"up": {"uv": [4, 5, 3, 4.5], "texture": "#3"},
				"down": {"uv": [5, 4.5, 4, 5], "texture": "#3"}
			}
		},
		{
			"from": [7, 29.7, 7],
			"to": [9, 30.7, 8],
			"rotation": {"angle": 0, "axis": "y", "origin": [8, 25.25, 7.5]},
			"faces": {
				"north": {"uv": [5, 0, 6, 0.5], "texture": "#3"},
				"east": {"uv": [5, 1.5, 5.5, 2], "texture": "#3"},
				"south": {"uv": [5, 0.5, 6, 1], "texture": "#3"},
				"west": {"uv": [2, 5, 2.5, 5.5], "texture": "#3"},
				"up": {"uv": [2, 5.5, 1, 5], "texture": "#3"},
				"down": {"uv": [6, 1, 5, 1.5], "texture": "#3"}
			}
		},
		{
			"from": [6, 21, 6.695],
			"to": [10, 22, 8.303],
			"rotation": {"angle": 0, "axis": "y", "origin": [8, 25.25, 7.5]},
			"faces": {
				"north": {"uv": [0, 0, 8, 2], "texture": "#1"},
				"east": {"uv": [8, 10, 10, 12], "texture": "#1"},
				"south": {"uv": [0, 2, 8, 4], "texture": "#1"},
				"west": {"uv": [10, 10, 12, 12], "texture": "#1"},
				"up": {"uv": [8, 6, 0, 4], "texture": "#1"},
				"down": {"uv": [8, 6, 0, 8], "texture": "#1"}
			}
		},
		{
			"from": [7.6, -4.5, 7.1],
			"to": [8.4, 16.5, 7.9],
			"rotation": {"angle": 0, "axis": "y", "origin": [-0.5, 15.5, 0]},
			"faces": {
				"north": {"uv": [0, 0, 0.5, 10.5], "texture": "#4"},
				"east": {"uv": [0.5, 0, 1, 10.5], "texture": "#4"},
				"south": {"uv": [1, 0, 1.5, 10.5], "texture": "#4"},
				"west": {"uv": [1.5, 0, 2, 10.5], "texture": "#4"},
				"up": {"uv": [2.5, 2.5, 2, 2], "texture": "#4"},
				"down": {"uv": [2.5, 2.5, 2, 3], "texture": "#4"}
			}
		},
		{
			"from": [6.8, 20, 6.895],
			"to": [9.2, 21, 8.095],
			"rotation": {"angle": 0, "axis": "y", "origin": [8, 19, 6.695]},
			"faces": {
				"north": {"uv": [2, 0, 3.25, 0.5], "texture": "#4"},
				"east": {"uv": [2.5, 2, 3, 2.5], "texture": "#4"},
				"south": {"uv": [2, 0.5, 3.25, 1], "texture": "#4"},
				"west": {"uv": [2.5, 2.5, 3, 3], "texture": "#4"},
				"up": {"uv": [3.25, 1.5, 2, 1], "texture": "#4"},
				"down": {"uv": [3.25, 1.5, 2, 2], "texture": "#4"}
			}
		},
		{
			"from": [7.4, 19, 6.895],
			"to": [8.6, 20, 8.095],
			"rotation": {"angle": 0, "axis": "y", "origin": [8, 19, 6.695]},
			"faces": {
				"north": {"uv": [2, 3, 2.5, 3.5], "texture": "#4"},
				"east": {"uv": [3, 2, 3.5, 2.5], "texture": "#4"},
				"south": {"uv": [2.5, 3, 3, 3.5], "texture": "#4"},
				"west": {"uv": [3, 2.5, 3.5, 3], "texture": "#4"},
				"up": {"uv": [3.5, 3.5, 3, 3], "texture": "#4"},
				"down": {"uv": [4, 0, 3.5, 0.5], "texture": "#4"}
			}
		},
		{
			"from": [4.4, 17.2, 7.5],
			"to": [7.4, 19.2, 7.5],
			"rotation": {"angle": 22.5, "axis": "z", "origin": [6, 18.5, 7.5]},
			"faces": {
				"north": {"uv": [0, 0, 6, 4], "texture": "#5"},
				"east": {"uv": [0, 0, 0, 4], "texture": "#5"},
				"south": {"uv": [0, 4, 6, 8], "texture": "#5"},
				"west": {"uv": [0, 0, 0, 4], "texture": "#5"},
				"up": {"uv": [6, 0, 0, 0], "texture": "#5"},
				"down": {"uv": [6, 0, 0, 0], "texture": "#5"}
			}
		}
	],
	"display": {
		"thirdperson_righthand": {
			"rotation": [0, 90, 0],
			"translation": [0.5, 0, 0.75]
		},
		"thirdperson_lefthand": {
			"rotation": [0, -90, 0],
			"translation": [-0.5, 0, 0.75]
		},
		"firstperson_righthand": {
			"rotation": [0, 90, 0],
			"translation": [3, 6, 0]
		},
		"firstperson_lefthand": {
			"rotation": [0, -90, 0],
			"translation": [3, 6, 0]
		},
		"ground": {
			"rotation": [-90, 0, 0],
			"translation": [0, 0, 5]
		},
		"gui": {
			"rotation": [0, 0, -45],
			"translation": [-2, -2, 0],
			"scale": [0.55, 0.55, 0.55]
		},
		"fixed": {
			"translation": [0, 0, -1]
		}
	}
}