{
	"credit": "Made with Blockbench",
	"texture_size": [32, 32],
	"textures": {
		"0": "hanu/isp1",
		"1": "hanu/isp2",
		"particle": "hanu/isp2"
	},
	"elements": [
		{
			"from": [7.6, -13.8, 7.6],
			"to": [8.4, 9.5, 8.4],
			"rotation": {"angle": 45, "axis": "y", "origin": [8, 4, 8]},
			"faces": {
				"north": {"uv": [0, 0, 0.5, 11.5], "texture": "#1"},
				"east": {"uv": [0.5, 0, 1, 11.5], "texture": "#1"},
				"south": {"uv": [1, 0, 1.5, 11.5], "texture": "#1"},
				"west": {"uv": [1.5, 0, 2, 11.5], "texture": "#1"},
				"up": {"uv": [4, 0.5, 3.5, 0], "texture": "#1"},
				"down": {"uv": [4, 0.5, 3.5, 1], "texture": "#1"}
			}
		},
		{
			"from": [7.5, -15.5, 7.5],
			"to": [8.5, -13.5, 8.5],
			"rotation": {"angle": 45, "axis": "y", "origin": [8, 4, 8]},
			"faces": {
				"north": {"uv": [3, 0, 3.5, 1], "texture": "#1"},
				"east": {"uv": [3, 1, 3.5, 2], "texture": "#1"},
				"south": {"uv": [3, 2, 3.5, 3], "texture": "#1"},
				"west": {"uv": [3, 3, 3.5, 4], "texture": "#1"},
				"up": {"uv": [4, 1.5, 3.5, 1], "texture": "#1"},
				"down": {"uv": [4, 1.5, 3.5, 2], "texture": "#1"}
			}
		},
		{
			"from": [7.5, 8.4, 7.5],
			"to": [8.5, 12.4, 8.5],
			"rotation": {"angle": 45, "axis": "y", "origin": [8, 4, 8]},
			"faces": {
				"north": {"uv": [2, 0, 2.5, 2], "texture": "#1"},
				"east": {"uv": [2, 2, 2.5, 4], "texture": "#1"},
				"south": {"uv": [2.5, 0, 3, 2], "texture": "#1"},
				"west": {"uv": [2.5, 2, 3, 4], "texture": "#1"},
				"up": {"uv": [4, 2.5, 3.5, 2], "texture": "#1"},
				"down": {"uv": [4, 2.5, 3.5, 3], "texture": "#1"}
			}
		},
		{
			"from": [7.4, 8.1, 7.4],
			"to": [8.6, 8.5, 8.6],
			"rotation": {"angle": 45, "axis": "y", "origin": [8, 4, 8]},
			"faces": {
				"north": {"uv": [3.5, 3, 4, 3.5], "texture": "#1"},
				"east": {"uv": [3.5, 3.5, 4, 4], "texture": "#1"},
				"south": {"uv": [4, 0, 4.5, 0.5], "texture": "#1"},
				"west": {"uv": [4, 0.5, 4.5, 1], "texture": "#1"},
				"up": {"uv": [4.5, 1.5, 4, 1], "texture": "#1"},
				"down": {"uv": [4.5, 1.5, 4, 2], "texture": "#1"}
			}
		},
		{
			"from": [7.4, 12.2, 7.4],
			"to": [8.6, 12.6, 8.6],
			"rotation": {"angle": 45, "axis": "y", "origin": [8, 4, 8]},
			"faces": {
				"north": {"uv": [2, 4, 2.5, 4.5], "texture": "#1"},
				"east": {"uv": [4, 2, 4.5, 2.5], "texture": "#1"},
				"south": {"uv": [2.5, 4, 3, 4.5], "texture": "#1"},
				"west": {"uv": [4, 2.5, 4.5, 3], "texture": "#1"},
				"up": {"uv": [3.5, 4.5, 3, 4], "texture": "#1"},
				"down": {"uv": [4.5, 3, 4, 3.5], "texture": "#1"}
			}
		},
		{
			"from": [3.17002, 15.1429, 7.498],
			"to": [3.87002, 16.7429, 8.502],
			"rotation": {"angle": 45, "axis": "z", "origin": [7.99006, 18.09752, 8]},
			"faces": {
				"north": {"uv": [12, 0, 12.25, 0.75], "texture": "#0"},
				"east": {"uv": [3, 9.5, 3.5, 10.25], "texture": "#0"},
				"south": {"uv": [12, 3, 12.25, 3.75], "texture": "#0"},
				"west": {"uv": [9.5, 3, 10, 3.75], "texture": "#0"},
				"up": {"uv": [12.25, 12.5, 12, 12], "texture": "#0"},
				"down": {"uv": [0.25, 12.5, 0, 13], "texture": "#0"}
			}
		},
		{
			"from": [6.28995, 15.4, 7.501],
			"to": [9.68995, 20.5, 8.499],
			"rotation": {"angle": 0, "axis": "y", "origin": [7.98995, 18.05248, 8]},
			"faces": {
				"north": {"uv": [0, 0, 2, 2.5], "texture": "#0"},
				"east": {"uv": [0, 3, 0.5, 5.5], "texture": "#0"},
				"south": {"uv": [2, 0, 0, 2.5], "texture": "#0"},
				"west": {"uv": [1, 3, 1.5, 5.5], "texture": "#0"},
				"up": {"uv": [2.75, 6.5, 1, 6], "texture": "#0"},
				"down": {"uv": [7.75, 2.5, 6, 3], "texture": "#0"}
			}
		},
		{
			"from": [7.48995, 20.5, 7.501],
			"to": [8.48995, 22.9, 8.499],
			"rotation": {"angle": 0, "axis": "y", "origin": [7.98995, 18.05248, 8]},
			"faces": {
				"north": {"uv": [7, 0, 7.5, 1.25], "texture": "#0"},
				"east": {"uv": [1, 7, 1.5, 8.25], "texture": "#0"},
				"south": {"uv": [7.5, 0, 7, 1.25], "texture": "#0"},
				"west": {"uv": [3, 7.5, 3.5, 8.75], "texture": "#0"},
				"up": {"uv": [11.5, 7.5, 11, 7], "texture": "#0"},
				"down": {"uv": [11.5, 8, 11, 8.5], "texture": "#0"}
			}
		},
		{
			"from": [8.48995, 20.5, 7.501],
			"to": [8.98995, 22.2, 8.499],
			"rotation": {"angle": 0, "axis": "y", "origin": [7.98995, 18.05248, 8]},
			"faces": {
				"north": {"uv": [4, 12, 4.25, 12.75], "texture": "#0"},
				"east": {"uv": [9.5, 4.5, 10, 5.25], "texture": "#0"},
				"south": {"uv": [12, 4.5, 12.25, 5.25], "texture": "#0"},
				"west": {"uv": [9.5, 6, 10, 6.75], "texture": "#0"},
				"up": {"uv": [12.75, 2, 12.5, 1.5], "texture": "#0"},
				"down": {"uv": [3.25, 12.5, 3, 13], "texture": "#0"}
			}
		},
		{
			"from": [8.98995, 20.5, 7.501],
			"to": [9.28995, 21.3, 8.499],
			"rotation": {"angle": 0, "axis": "y", "origin": [7.98995, 18.05248, 8]},
			"faces": {
				"north": {"uv": [13, 0, 13.25, 0.5], "texture": "#0"},
				"east": {"uv": [11, 9, 11.5, 9.5], "texture": "#0"},
				"south": {"uv": [1, 13, 1.25, 13.5], "texture": "#0"},
				"west": {"uv": [11, 10, 11.5, 10.5], "texture": "#0"},
				"up": {"uv": [2.25, 13.5, 2, 13], "texture": "#0"},
				"down": {"uv": [13.25, 2.5, 13, 3], "texture": "#0"}
			}
		},
		{
			"from": [6.68995, 20.5, 7.501],
			"to": [6.98995, 21.3, 8.499],
			"rotation": {"angle": 0, "axis": "y", "origin": [7.98995, 18.05248, 8]},
			"faces": {
				"north": {"uv": [13, 3.5, 13.25, 4], "texture": "#0"},
				"east": {"uv": [11, 11, 11.5, 11.5], "texture": "#0"},
				"south": {"uv": [13, 4.5, 13.25, 5], "texture": "#0"},
				"west": {"uv": [0, 11.5, 0.5, 12], "texture": "#0"},
				"up": {"uv": [13.25, 6, 13, 5.5], "texture": "#0"},
				"down": {"uv": [13.25, 6.5, 13, 7], "texture": "#0"}
			}
		},
		{
			"from": [6.98995, 20.5, 7.501],
			"to": [7.48995, 22.2, 8.499],
			"rotation": {"angle": 0, "axis": "y", "origin": [7.98995, 18.05248, 8]},
			"faces": {
				"north": {"uv": [5, 12, 5.25, 12.75], "texture": "#0"},
				"east": {"uv": [0, 10, 0.5, 10.75], "texture": "#0"},
				"south": {"uv": [6, 12, 6.25, 12.75], "texture": "#0"},
				"west": {"uv": [10, 0, 10.5, 0.75], "texture": "#0"},
				"up": {"uv": [13.25, 8, 13, 7.5], "texture": "#0"},
				"down": {"uv": [13.25, 8.5, 13, 9], "texture": "#0"}
			}
		},
		{
			"from": [7.39702, 13.12599, 7.499],
			"to": [7.89702, 15.12599, 8.501],
			"rotation": {"angle": -22.5, "axis": "z", "origin": [7.99006, 18.09752, 8]},
			"faces": {
				"north": {"uv": [1, 11.5, 1.25, 12.5], "texture": "#0"},
				"east": {"uv": [8, 0, 8.5, 1], "texture": "#0"},
				"south": {"uv": [11.5, 1.5, 11.75, 2.5], "texture": "#0"},
				"west": {"uv": [0, 8.5, 0.5, 9.5], "texture": "#0"},
				"up": {"uv": [9.25, 13.5, 9, 13], "texture": "#0"},
				"down": {"uv": [13.25, 9.5, 13, 10], "texture": "#0"}
			}
		},
		{
			"from": [8.083, 13.12599, 7.499],
			"to": [8.583, 15.12599, 8.501],
			"rotation": {"angle": 22.5, "axis": "z", "origin": [7.98995, 18.09752, 8]},
			"faces": {
				"north": {"uv": [2, 11.5, 2.25, 12.5], "texture": "#0"},
				"east": {"uv": [8.5, 1.5, 9, 2.5], "texture": "#0"},
				"south": {"uv": [9, 11.5, 9.25, 12.5], "texture": "#0"},
				"west": {"uv": [8.5, 3, 9, 4], "texture": "#0"},
				"up": {"uv": [13.25, 11, 13, 10.5], "texture": "#0"},
				"down": {"uv": [13.25, 11.5, 13, 12], "texture": "#0"}
			}
		},
		{
			"from": [12.11, 15.1429, 7.498],
			"to": [12.81, 16.7429, 8.502],
			"rotation": {"angle": -45, "axis": "z", "origin": [7.98995, 18.09752, 8]},
			"faces": {
				"north": {"uv": [12, 6, 12.25, 6.75], "texture": "#0"},
				"east": {"uv": [10, 7.5, 10.5, 8.25], "texture": "#0"},
				"south": {"uv": [7, 12, 7.25, 12.75], "texture": "#0"},
				"west": {"uv": [9, 10, 9.5, 10.75], "texture": "#0"},
				"up": {"uv": [12.25, 13.5, 12, 13], "texture": "#0"},
				"down": {"uv": [13.25, 12.5, 13, 13], "texture": "#0"}
			}
		},
		{
			"from": [9.22068, 15.34952, 7.498],
			"to": [9.72068, 20.44952, 8.502],
			"rotation": {"angle": 0, "axis": "y", "origin": [7.98995, 17.99752, 8]},
			"faces": {
				"north": {"uv": [7.5, 3.5, 7.75, 6], "texture": "#0"},
				"east": {"uv": [2, 3, 2.5, 5.5], "texture": "#0"},
				"south": {"uv": [4, 7.5, 4.25, 10], "texture": "#0"},
				"west": {"uv": [3, 3, 3.5, 5.5], "texture": "#0"},
				"up": {"uv": [0.25, 14, 0, 13.5], "texture": "#0"},
				"down": {"uv": [13.75, 1, 13.5, 1.5], "texture": "#0"}
			}
		},
		{
			"from": [7.79006, 22.84504, 7.5],
			"to": [8.19006, 24.14504, 8.5],
			"rotation": {"angle": 0, "axis": "y", "origin": [7.99006, 17.99752, 8]},
			"faces": {
				"north": {"uv": [12, 7.5, 12.5, 8.5], "texture": "#0"},
				"east": {"uv": [10, 9, 10.5, 9.75], "texture": "#0"},
				"south": {"uv": [12.5, 7.5, 12, 8.5], "texture": "#0"},
				"west": {"uv": [10.5, 1.5, 11, 2.25], "texture": "#0"},
				"up": {"uv": [3.25, 14, 3, 13.5], "texture": "#0"},
				"down": {"uv": [4.25, 13.5, 4, 14], "texture": "#0"}
			}
		},
		{
			"from": [6.67101, 12.6, 7.5],
			"to": [9.30901, 13.3, 8.5],
			"rotation": {"angle": 0, "axis": "y", "origin": [7.99006, 18.15248, 8]},
			"faces": {
				"north": {"uv": [5, 11, 6.5, 11.25], "texture": "#0"},
				"east": {"uv": [5, 13.5, 5.5, 13.75], "texture": "#0"},
				"south": {"uv": [6.5, 11, 5, 11.25], "texture": "#0"},
				"west": {"uv": [6, 13.5, 6.5, 13.75], "texture": "#0"},
				"up": {"uv": [8.75, 7, 7.5, 6.5], "texture": "#0"},
				"down": {"uv": [9, 7.5, 7.5, 8], "texture": "#0"}
			}
		},
		{
			"from": [6.25933, 15.34952, 7.497],
			"to": [6.75933, 20.44952, 8.503],
			"rotation": {"angle": 0, "axis": "y", "origin": [7.99006, 17.99752, 8]},
			"faces": {
				"north": {"uv": [5, 8, 5.25, 10.5], "texture": "#0"},
				"east": {"uv": [4, 3, 4.5, 5.5], "texture": "#0"},
				"south": {"uv": [6, 8, 6.25, 10.5], "texture": "#0"},
				"west": {"uv": [5, 0, 5.5, 2.5], "texture": "#0"},
				"up": {"uv": [7.25, 14, 7, 13.5], "texture": "#0"},
				"down": {"uv": [8.25, 13.5, 8, 14], "texture": "#0"}
			}
		},
		{
			"from": [10.02728, 19.60055, 7.499],
			"to": [10.52728, 23.60055, 8.501],
			"rotation": {"angle": 22.5, "axis": "z", "origin": [7.98995, 17.99752, 8]},
			"faces": {
				"north": {"uv": [7, 8.5, 7.25, 10.5], "texture": "#0"},
				"east": {"uv": [5, 3, 5.5, 5], "texture": "#0"},
				"south": {"uv": [8, 8.5, 8.25, 10.5], "texture": "#0"},
				"west": {"uv": [5, 5.5, 5.5, 7.5], "texture": "#0"},
				"up": {"uv": [10.25, 14, 10, 13.5], "texture": "#0"},
				"down": {"uv": [11.25, 13.5, 11, 14], "texture": "#0"}
			}
		},
		{
			"from": [5.45273, 19.60055, 7.498],
			"to": [5.95273, 23.60055, 8.502],
			"rotation": {"angle": -22.5, "axis": "z", "origin": [7.99006, 17.99752, 8]},
			"faces": {
				"north": {"uv": [1, 9, 1.25, 11], "texture": "#0"},
				"east": {"uv": [0, 6, 0.5, 8], "texture": "#0"},
				"south": {"uv": [2, 9, 2.25, 11], "texture": "#0"},
				"west": {"uv": [6, 0, 6.5, 2], "texture": "#0"},
				"up": {"uv": [13.25, 14, 13, 13.5], "texture": "#0"},
				"down": {"uv": [14.25, 0, 14, 0.5], "texture": "#0"}
			}
		},
		{
			"from": [6.48995, 13.3, 7.5],
			"to": [7.98995, 15.4, 8.5],
			"rotation": {"angle": 0, "axis": "y", "origin": [7.68995, 13.4, 7.501]},
			"faces": {
				"north": {"uv": [3.5, 6, 4.25, 7], "texture": "#0"},
				"east": {"uv": [8.5, 4.5, 9, 5.5], "texture": "#0"},
				"south": {"uv": [6, 3.5, 6.75, 4.5], "texture": "#0"},
				"west": {"uv": [9, 0, 9.5, 1], "texture": "#0"},
				"up": {"uv": [11.25, 3.5, 10.5, 3], "texture": "#0"},
				"down": {"uv": [11.25, 4, 10.5, 4.5], "texture": "#0"}
			}
		},
		{
			"from": [7.98995, 13.3, 7.5],
			"to": [9.48995, 15.4, 8.5],
			"rotation": {"angle": 0, "axis": "y", "origin": [7.68995, 13.4, 7.501]},
			"faces": {
				"north": {"uv": [6, 5, 6.75, 6], "texture": "#0"},
				"east": {"uv": [9, 8.5, 9.5, 9.5], "texture": "#0"},
				"south": {"uv": [6, 6.5, 6.75, 7.5], "texture": "#0"},
				"west": {"uv": [9.5, 1.5, 10, 2.5], "texture": "#0"},
				"up": {"uv": [11.25, 5.5, 10.5, 5], "texture": "#0"},
				"down": {"uv": [11.25, 6, 10.5, 6.5], "texture": "#0"}
			}
		},
		{
			"from": [9.48995, 13.3, 7.5],
			"to": [9.98995, 14.8, 8.5],
			"rotation": {"angle": 0, "axis": "y", "origin": [7.68995, 13.4, 7.501]},
			"faces": {
				"north": {"uv": [12, 9, 12.25, 9.75], "texture": "#0"},
				"east": {"uv": [4, 10.5, 4.5, 11.25], "texture": "#0"},
				"south": {"uv": [10, 12, 10.25, 12.75], "texture": "#0"},
				"west": {"uv": [10, 10.5, 10.5, 11.25], "texture": "#0"},
				"up": {"uv": [1.25, 14.5, 1, 14], "texture": "#0"},
				"down": {"uv": [2.25, 14, 2, 14.5], "texture": "#0"}
			}
		},
		{
			"from": [5.98995, 13.3, 7.5],
			"to": [6.48995, 14.8, 8.5],
			"rotation": {"angle": 0, "axis": "y", "origin": [7.68995, 13.4, 7.501]},
			"faces": {
				"north": {"uv": [12, 10.5, 12.25, 11.25], "texture": "#0"},
				"east": {"uv": [11, 0, 11.5, 0.75], "texture": "#0"},
				"south": {"uv": [11, 12, 11.25, 12.75], "texture": "#0"},
				"west": {"uv": [3, 11, 3.5, 11.75], "texture": "#0"},
				"up": {"uv": [14.25, 2.5, 14, 2], "texture": "#0"},
				"down": {"uv": [14.25, 3, 14, 3.5], "texture": "#0"}
			}
		}
	],
	"display": {
		"thirdperson_righthand": {
			"rotation": [0, 90, 0],
			"translation": [0, 12.25, 1]
		},
		"firstperson_righthand": {
			"rotation": [0, 90, 0],
			"translation": [3, 0, 0]
		},
		"firstperson_lefthand": {
			"rotation": [0, -90, 0],
			"translation": [3, 11, 0]
		},
		"ground": {
			"rotation": [-90, 0, 0],
			"translation": [0, 0, -7]
		},
		"gui": {
			"rotation": [0, 0, -45],
			"translation": [1.25, 1.25, 0],
			"scale": [0.52, 0.52, 0.52]
		},
		"fixed": {
			"translation": [0, 5, -1.5]
		}
	},
	"groups": [
		{
			"name": "group",
			"origin": [8, 8, 8],
			"color": 0,
			"children": [
				{
					"name": "기둥,봉",
					"origin": [8.02215, 20, 8.21109],
					"color": 0,
					"children": [0, 1, 2, 3, 4]
				},
				{
					"name": "날",
					"origin": [7.38264, 28.37118, 7.965],
					"color": 0,
					"children": [5, 6, 7, 8, 9, 10, 11, 12, 13, 14, 15, 16, 17, 18, 19, 20, 21, 22, 23, 24]
				}
			]
		}
	]
}