{
	"credit": "Made with Blockbench",
	"texture_size": [32, 32],
	"textures": {
		"2": "hanu/ixe1",
		"3": "hanu/ixe2",
		"particle": "hanu/ixe1"
	},
	"elements": [
		{
			"from": [3.8, 17.1, 6.2],
			"to": [5.2, 18.5, 9.9],
			"rotation": {"angle": 45, "axis": "z", "origin": [8, 21.3, 8.4]},
			"faces": {
				"north": {"uv": [11.5, 14, 12.5, 15], "texture": "#2"},
				"east": {"uv": [15.5, 15, 16, 16], "texture": "#2"},
				"south": {"uv": [14, 11.5, 15, 12.5], "texture": "#2"},
				"west": {"uv": [15, 15, 15.5, 16], "texture": "#2"},
				"up": {"uv": [15, 15, 14, 14.5], "texture": "#2"},
				"down": {"uv": [15, 15, 14, 15.5], "texture": "#2"}
			}
		},
		{
			"from": [3.5, 16.8, 6.5],
			"to": [5.5, 18.8, 9.5],
			"rotation": {"angle": 45, "axis": "z", "origin": [8, 21.3, 8.4]},
			"faces": {
				"north": {"uv": [6.5, 11, 7.5, 12], "texture": "#2"},
				"east": {"uv": [8.5, 5, 10, 6], "texture": "#2"},
				"south": {"uv": [7.5, 11, 8.5, 12], "texture": "#2"},
				"west": {"uv": [8.5, 6, 10, 7], "texture": "#2"},
				"up": {"uv": [9.5, 8.5, 8.5, 7], "texture": "#2"},
				"down": {"uv": [9.5, 8.5, 8.5, 10], "texture": "#2"}
			}
		},
		{
			"from": [7.5, -11.1, 7.5],
			"to": [8.5, 13.9, 8.5],
			"rotation": {"angle": 45, "axis": "y", "origin": [8, 8, 8]},
			"faces": {
				"north": {"uv": [0, 0, 0.5, 11.5], "texture": "#3"},
				"east": {"uv": [0.5, 0, 1, 11.5], "texture": "#3"},
				"south": {"uv": [1, 0, 1.5, 11.5], "texture": "#3"},
				"west": {"uv": [1.5, 0, 2, 11.5], "texture": "#3"},
				"up": {"uv": [3.5, 4.5, 3, 4], "texture": "#3"},
				"down": {"uv": [4.5, 3, 4, 3.5], "texture": "#3"}
			}
		},
		{
			"from": [7.1, 13.9, 7.1],
			"to": [8.9, 18.9, 8.9],
			"rotation": {"angle": 45, "axis": "y", "origin": [8, 8, 8]},
			"faces": {
				"north": {"uv": [5, 3, 6, 5.5], "texture": "#2"},
				"east": {"uv": [5, 5.5, 6, 8], "texture": "#2"},
				"south": {"uv": [0, 6, 1, 8.5], "texture": "#2"},
				"west": {"uv": [1, 6, 2, 8.5], "texture": "#2"},
				"up": {"uv": [11.5, 10, 10.5, 9], "texture": "#2"},
				"down": {"uv": [12, 0, 11, 1], "texture": "#2"}
			}
		},
		{
			"from": [7.4, 8.9, 7.4],
			"to": [8.6, 13.9, 8.6],
			"rotation": {"angle": 45, "axis": "y", "origin": [8, 8, 8]},
			"faces": {
				"north": {"uv": [2, 0, 2.5, 2], "texture": "#3"},
				"east": {"uv": [2.5, 0, 3, 2], "texture": "#3"},
				"south": {"uv": [2, 2, 2.5, 4], "texture": "#3"},
				"west": {"uv": [2.5, 2, 3, 4], "texture": "#3"},
				"up": {"uv": [4, 3.5, 3.5, 3], "texture": "#3"},
				"down": {"uv": [4, 3.5, 3.5, 4], "texture": "#3"}
			}
		},
		{
			"from": [7.3, 8.6, 7.3],
			"to": [8.7, 9.2, 8.7],
			"rotation": {"angle": 45, "axis": "y", "origin": [8, 8, 8]},
			"faces": {
				"north": {"uv": [4, 0, 4.5, 0.5], "texture": "#3"},
				"east": {"uv": [3, 0.5, 3.5, 0], "texture": "#3"},
				"south": {"uv": [3, 1, 3.5, 0.5], "texture": "#3"},
				"west": {"uv": [3.5, 0.5, 4, 0], "texture": "#3"},
				"up": {"uv": [4, 1, 3.5, 0.5], "texture": "#3"},
				"down": {"uv": [4.5, 0.5, 4, 1], "texture": "#3"}
			}
		},
		{
			"from": [7.3, 13.3, 7.3],
			"to": [8.7, 13.9, 8.7],
			"rotation": {"angle": 45, "axis": "y", "origin": [8, 8, 8]},
			"faces": {
				"north": {"uv": [4, 0, 4.5, 0.5], "texture": "#3"},
				"east": {"uv": [3, 0.5, 3.5, 0], "texture": "#3"},
				"south": {"uv": [3, 1, 3.5, 0.5], "texture": "#3"},
				"west": {"uv": [3.5, 0.5, 4, 0], "texture": "#3"},
				"up": {"uv": [4, 1, 3.5, 0.5], "texture": "#3"},
				"down": {"uv": [4.5, 0.5, 4, 1], "texture": "#3"}
			}
		},
		{
			"from": [7.4, -13.3, 7.4],
			"to": [8.6, -11.1, 8.6],
			"rotation": {"angle": 45, "axis": "y", "origin": [8, 8, 8]},
			"faces": {
				"north": {"uv": [4, 1, 4.5, 2], "texture": "#3"},
				"east": {"uv": [3, 2, 3.5, 1], "texture": "#3"},
				"south": {"uv": [3, 2, 3.5, 3], "texture": "#3"},
				"west": {"uv": [3.5, 1, 4, 2], "texture": "#3"},
				"up": {"uv": [4, 2.5, 3.5, 2], "texture": "#3"},
				"down": {"uv": [4.5, 2, 4, 2.5], "texture": "#3"}
			}
		},
		{
			"from": [5.1, 14.9, 7.4],
			"to": [10.9, 17.9, 8.6],
			"rotation": {"angle": 0, "axis": "y", "origin": [5.29289, -1.1, 8]},
			"faces": {
				"north": {"uv": [5, 0, 8, 1.5], "texture": "#2"},
				"east": {"uv": [12.5, 12, 13, 13.5], "texture": "#2"},
				"south": {"uv": [5, 1.5, 8, 3], "texture": "#2"},
				"west": {"uv": [0, 13, 0.5, 14.5], "texture": "#2"},
				"up": {"uv": [11.5, 4.5, 8.5, 4], "texture": "#2"},
				"down": {"uv": [11.5, 4.5, 8.5, 5], "texture": "#2"}
			}
		},
		{
			"from": [5.04101, 17.84101, 7.398],
			"to": [6.04101, 23.94101, 8.602],
			"rotation": {"angle": 0, "axis": "y", "origin": [12.54101, 21.94101, 8]},
			"faces": {
				"north": {"uv": [4, 6, 4.5, 9], "texture": "#2"},
				"east": {"uv": [4.5, 6, 5, 9], "texture": "#2"},
				"south": {"uv": [8, 1, 8.5, 4], "texture": "#2"},
				"west": {"uv": [2, 8, 2.5, 11], "texture": "#2"},
				"up": {"uv": [10.5, 14, 10, 13.5], "texture": "#2"},
				"down": {"uv": [11, 13.5, 10.5, 14], "texture": "#2"}
			}
		},
		{
			"from": [2.91744, 19.53492, 7.399],
			"to": [5.91744, 20.53492, 8.601],
			"rotation": {"angle": 22.5, "axis": "z", "origin": [-3.08256, 20.03492, 8]},
			"faces": {
				"north": {"uv": [8.5, 11, 10, 11.5], "texture": "#2"},
				"east": {"uv": [11, 13.5, 11.5, 14], "texture": "#2"},
				"south": {"uv": [10, 11, 11.5, 11.5], "texture": "#2"},
				"west": {"uv": [11.5, 13.5, 12, 14], "texture": "#2"},
				"up": {"uv": [12.5, 10.5, 11, 10], "texture": "#2"},
				"down": {"uv": [12.5, 10.5, 11, 11], "texture": "#2"}
			}
		},
		{
			"from": [-2.11972, 21.19676, 7.398],
			"to": [-1.11972, 24.19676, 8.602],
			"rotation": {"angle": -45, "axis": "z", "origin": [-1.61972, 18.19676, 8]},
			"faces": {
				"north": {"uv": [0, 11.5, 0.5, 13], "texture": "#2"},
				"east": {"uv": [0.5, 11.5, 1, 13], "texture": "#2"},
				"south": {"uv": [1, 11.5, 1.5, 13], "texture": "#2"},
				"west": {"uv": [11.5, 1, 12, 2.5], "texture": "#2"},
				"up": {"uv": [12.5, 14, 12, 13.5], "texture": "#2"},
				"down": {"uv": [13, 13.5, 12.5, 14], "texture": "#2"}
			}
		},
		{
			"from": [-1.03806, 17.70866, 7.399],
			"to": [-0.03806, 20.70866, 8.601],
			"rotation": {"angle": -22.5, "axis": "z", "origin": [-0.53806, 17.70866, 8]},
			"faces": {
				"north": {"uv": [1.5, 11.5, 2, 13], "texture": "#2"},
				"east": {"uv": [2, 11.5, 2.5, 13], "texture": "#2"},
				"south": {"uv": [2.5, 11.5, 3, 13], "texture": "#2"},
				"west": {"uv": [3, 11.5, 3.5, 13], "texture": "#2"},
				"up": {"uv": [14, 13, 13.5, 12.5], "texture": "#2"},
				"down": {"uv": [13.5, 13.5, 13, 14], "texture": "#2"}
			}
		},
		{
			"from": [-1, 14.9, 7.4],
			"to": [0, 17.9, 8.6],
			"rotation": {"angle": 0, "axis": "y", "origin": [5.29289, -1.1, 8]},
			"faces": {
				"north": {"uv": [3.5, 11.5, 4, 13], "texture": "#2"},
				"east": {"uv": [4, 11.5, 4.5, 13], "texture": "#2"},
				"south": {"uv": [11.5, 4, 12, 5.5], "texture": "#2"},
				"west": {"uv": [4.5, 11.5, 5, 13], "texture": "#2"},
				"up": {"uv": [14, 13.5, 13.5, 13], "texture": "#2"},
				"down": {"uv": [14, 13.5, 13.5, 14], "texture": "#2"}
			}
		},
		{
			"from": [-1.03806, 12.09134, 7.399],
			"to": [-0.03806, 15.09134, 8.601],
			"rotation": {"angle": 22.5, "axis": "z", "origin": [-0.53806, 15.09134, 8]},
			"faces": {
				"north": {"uv": [5, 11.5, 5.5, 13], "texture": "#2"},
				"east": {"uv": [5.5, 11.5, 6, 13], "texture": "#2"},
				"south": {"uv": [11.5, 5.5, 12, 7], "texture": "#2"},
				"west": {"uv": [11.5, 7, 12, 8.5], "texture": "#2"},
				"up": {"uv": [14.5, 0.5, 14, 0], "texture": "#2"},
				"down": {"uv": [14.5, 0.5, 14, 1], "texture": "#2"}
			}
		},
		{
			"from": [-2.11972, 8.60323, 7.398],
			"to": [-1.11972, 11.60323, 8.602],
			"rotation": {"angle": 45, "axis": "z", "origin": [-1.61972, 14.60323, 8]},
			"faces": {
				"north": {"uv": [8.5, 11.5, 9, 13], "texture": "#2"},
				"east": {"uv": [11.5, 8.5, 12, 10], "texture": "#2"},
				"south": {"uv": [9, 11.5, 9.5, 13], "texture": "#2"},
				"west": {"uv": [9.5, 11.5, 10, 13], "texture": "#2"},
				"up": {"uv": [2, 14.5, 1.5, 14], "texture": "#2"},
				"down": {"uv": [2.5, 14, 2, 14.5], "texture": "#2"}
			}
		},
		{
			"from": [2.34653, 9.39496, 7.399],
			"to": [5.34653, 10.39496, 8.601],
			"rotation": {"angle": -22.5, "axis": "z", "origin": [3.84653, 9.89496, 8]},
			"faces": {
				"north": {"uv": [11.5, 2.5, 13, 3], "texture": "#2"},
				"east": {"uv": [2.5, 14, 3, 14.5], "texture": "#2"},
				"south": {"uv": [10, 11.5, 11.5, 12], "texture": "#2"},
				"west": {"uv": [14, 2.5, 14.5, 3], "texture": "#2"},
				"up": {"uv": [13, 11.5, 11.5, 11], "texture": "#2"},
				"down": {"uv": [13, 11.5, 11.5, 12], "texture": "#2"}
			}
		},
		{
			"from": [5.04101, 8.85899, 7.398],
			"to": [6.04101, 14.95899, 8.602],
			"rotation": {"angle": 0, "axis": "y", "origin": [5.54101, 10.85899, 8]},
			"faces": {
				"north": {"uv": [2.5, 8, 3, 11], "texture": "#2"},
				"east": {"uv": [3, 8, 3.5, 11], "texture": "#2"},
				"south": {"uv": [3.5, 8, 4, 11], "texture": "#2"},
				"west": {"uv": [8, 4, 8.5, 7], "texture": "#2"},
				"up": {"uv": [3.5, 14.5, 3, 14], "texture": "#2"},
				"down": {"uv": [4, 14, 3.5, 14.5], "texture": "#2"}
			}
		},
		{
			"from": [1.8, 21, 7.4],
			"to": [3.4, 22.2, 8.6],
			"rotation": {"angle": 0, "axis": "y", "origin": [12.55, 16.35, 8]},
			"faces": {
				"north": {"uv": [0.5, 13, 1.5, 13.5], "texture": "#2"},
				"east": {"uv": [4, 14, 4.5, 14.5], "texture": "#2"},
				"south": {"uv": [1.5, 13, 2.5, 13.5], "texture": "#2"},
				"west": {"uv": [14, 4, 14.5, 4.5], "texture": "#2"},
				"up": {"uv": [3.5, 13.5, 2.5, 13], "texture": "#2"},
				"down": {"uv": [14, 2.5, 13, 3], "texture": "#2"}
			}
		},
		{
			"from": [3.4, 21, 7.4],
			"to": [5.1, 22.9, 8.6],
			"rotation": {"angle": 0, "axis": "y", "origin": [12.55, 16.35, 8]},
			"faces": {
				"north": {"uv": [9, 3, 10, 4], "texture": "#2"},
				"east": {"uv": [13, 3, 13.5, 4], "texture": "#2"},
				"south": {"uv": [4, 9, 5, 10], "texture": "#2"},
				"west": {"uv": [3.5, 13, 4, 14], "texture": "#2"},
				"up": {"uv": [5, 13.5, 4, 13], "texture": "#2"},
				"down": {"uv": [14, 4, 13, 4.5], "texture": "#2"}
			}
		},
		{
			"from": [0.7, 19.5, 7.4],
			"to": [5.1, 21, 8.6],
			"rotation": {"angle": 0, "axis": "y", "origin": [12.55, 16.35, 8]},
			"faces": {
				"north": {"uv": [2, 6, 4, 7], "texture": "#2"},
				"east": {"uv": [13, 4.5, 13.5, 5.5], "texture": "#2"},
				"south": {"uv": [6, 3, 8, 4], "texture": "#2"},
				"west": {"uv": [5, 13, 5.5, 14], "texture": "#2"},
				"up": {"uv": [11.5, 7.5, 9.5, 7], "texture": "#2"},
				"down": {"uv": [11.5, 7.5, 9.5, 8], "texture": "#2"}
			}
		},
		{
			"from": [0, 13.3, 7.4],
			"to": [5.1, 19.5, 8.6],
			"rotation": {"angle": 0, "axis": "y", "origin": [12.55, 16.35, 8]},
			"faces": {
				"north": {"uv": [0, 0, 2.5, 3], "texture": "#2"},
				"east": {"uv": [5, 8, 5.5, 11], "texture": "#2"},
				"south": {"uv": [2.5, 0, 5, 3], "texture": "#2"},
				"west": {"uv": [5.5, 8, 6, 11], "texture": "#2"},
				"up": {"uv": [11.5, 1.5, 9, 1], "texture": "#2"},
				"down": {"uv": [11.5, 1.5, 9, 2], "texture": "#2"}
			}
		},
		{
			"from": [0.7, 11.8, 7.4],
			"to": [5.1, 13.3, 8.6],
			"rotation": {"angle": 0, "axis": "y", "origin": [12.55, 16.35, 8]},
			"faces": {
				"north": {"uv": [6, 4, 8, 5], "texture": "#2"},
				"east": {"uv": [5.5, 13, 6, 14], "texture": "#2"},
				"south": {"uv": [6, 5, 8, 6], "texture": "#2"},
				"west": {"uv": [13, 5.5, 13.5, 6.5], "texture": "#2"},
				"up": {"uv": [11.5, 8.5, 9.5, 8], "texture": "#2"},
				"down": {"uv": [11.5, 8.5, 9.5, 9], "texture": "#2"}
			}
		},
		{
			"from": [1.8, 10.6, 7.4],
			"to": [3.4, 11.8, 8.6],
			"rotation": {"angle": 0, "axis": "y", "origin": [12.55, 16.35, 8]},
			"faces": {
				"north": {"uv": [13, 6.5, 14, 7], "texture": "#2"},
				"east": {"uv": [4.5, 14, 5, 14.5], "texture": "#2"},
				"south": {"uv": [13, 7, 14, 7.5], "texture": "#2"},
				"west": {"uv": [5, 14, 5.5, 14.5], "texture": "#2"},
				"up": {"uv": [9.5, 13.5, 8.5, 13], "texture": "#2"},
				"down": {"uv": [14, 11, 13, 11.5], "texture": "#2"}
			}
		},
		{
			"from": [3.4, 9.9, 7.4],
			"to": [5.1, 11.8, 8.6],
			"rotation": {"angle": 0, "axis": "y", "origin": [12.55, 16.35, 8]},
			"faces": {
				"north": {"uv": [9.5, 9, 10.5, 10], "texture": "#2"},
				"east": {"uv": [6, 13, 6.5, 14], "texture": "#2"},
				"south": {"uv": [10, 0, 11, 1], "texture": "#2"},
				"west": {"uv": [9.5, 13, 10, 14], "texture": "#2"},
				"up": {"uv": [14, 12, 13, 11.5], "texture": "#2"},
				"down": {"uv": [14, 12, 13, 12.5], "texture": "#2"}
			}
		},
		{
			"from": [10.9, 13.3, 7.4],
			"to": [16, 19.5, 8.6],
			"rotation": {"angle": 0, "axis": "y", "origin": [12.55, 16.35, 8]},
			"faces": {
				"north": {"uv": [0, 3, 2.5, 6], "texture": "#2"},
				"east": {"uv": [6, 8, 6.5, 11], "texture": "#2"},
				"south": {"uv": [2.5, 3, 5, 6], "texture": "#2"},
				"west": {"uv": [6.5, 8, 7, 11], "texture": "#2"},
				"up": {"uv": [11.5, 2.5, 9, 2], "texture": "#2"},
				"down": {"uv": [11.5, 2.5, 9, 3], "texture": "#2"}
			}
		},
		{
			"from": [10.9, 11.8, 7.4],
			"to": [15.3, 13.3, 8.6],
			"rotation": {"angle": 0, "axis": "y", "origin": [12.55, 16.35, 8]},
			"faces": {
				"north": {"uv": [6, 6, 8, 7], "texture": "#2"},
				"east": {"uv": [13, 12.5, 13.5, 13.5], "texture": "#2"},
				"south": {"uv": [2, 7, 4, 8], "texture": "#2"},
				"west": {"uv": [13.5, 0, 14, 1], "texture": "#2"},
				"up": {"uv": [12, 3.5, 10, 3], "texture": "#2"},
				"down": {"uv": [12, 3.5, 10, 4], "texture": "#2"}
			}
		},
		{
			"from": [10.9, 9.9, 7.4],
			"to": [12.6, 11.8, 8.6],
			"rotation": {"angle": 0, "axis": "y", "origin": [12.55, 16.35, 8]},
			"faces": {
				"north": {"uv": [4, 10, 5, 11], "texture": "#2"},
				"east": {"uv": [0.5, 13.5, 1, 14.5], "texture": "#2"},
				"south": {"uv": [10, 5, 11, 6], "texture": "#2"},
				"west": {"uv": [1, 13.5, 1.5, 14.5], "texture": "#2"},
				"up": {"uv": [14.5, 1.5, 13.5, 1], "texture": "#2"},
				"down": {"uv": [2.5, 13.5, 1.5, 14], "texture": "#2"}
			}
		},
		{
			"from": [12.6, 10.6, 7.4],
			"to": [14.2, 11.8, 8.6],
			"rotation": {"angle": 0, "axis": "y", "origin": [12.55, 16.35, 8]},
			"faces": {
				"north": {"uv": [13.5, 1.5, 14.5, 2], "texture": "#2"},
				"east": {"uv": [5.5, 14, 6, 14.5], "texture": "#2"},
				"south": {"uv": [13.5, 2, 14.5, 2.5], "texture": "#2"},
				"west": {"uv": [14, 5.5, 14.5, 6], "texture": "#2"},
				"up": {"uv": [3.5, 14, 2.5, 13.5], "texture": "#2"},
				"down": {"uv": [14.5, 3, 13.5, 3.5], "texture": "#2"}
			}
		},
		{
			"from": [12.6, 21, 7.4],
			"to": [14.2, 22.2, 8.6],
			"rotation": {"angle": 0, "axis": "y", "origin": [12.55, 16.35, 8]},
			"faces": {
				"north": {"uv": [13.5, 3.5, 14.5, 4], "texture": "#2"},
				"east": {"uv": [6, 14, 6.5, 14.5], "texture": "#2"},
				"south": {"uv": [4, 13.5, 5, 14], "texture": "#2"},
				"west": {"uv": [14, 6, 14.5, 6.5], "texture": "#2"},
				"up": {"uv": [14.5, 5, 13.5, 4.5], "texture": "#2"},
				"down": {"uv": [14.5, 5, 13.5, 5.5], "texture": "#2"}
			}
		},
		{
			"from": [10.9, 21, 7.4],
			"to": [12.6, 22.9, 8.6],
			"rotation": {"angle": 0, "axis": "y", "origin": [12.55, 16.35, 8]},
			"faces": {
				"north": {"uv": [10, 6, 11, 7], "texture": "#2"},
				"east": {"uv": [13.5, 5.5, 14, 6.5], "texture": "#2"},
				"south": {"uv": [8, 10, 9, 11], "texture": "#2"},
				"west": {"uv": [6.5, 13.5, 7, 14.5], "texture": "#2"},
				"up": {"uv": [8, 14, 7, 13.5], "texture": "#2"},
				"down": {"uv": [9, 13.5, 8, 14], "texture": "#2"}
			}
		},
		{
			"from": [10.9, 19.5, 7.4],
			"to": [15.3, 21, 8.6],
			"rotation": {"angle": 0, "axis": "y", "origin": [12.55, 16.35, 8]},
			"faces": {
				"north": {"uv": [6, 7, 8, 8], "texture": "#2"},
				"east": {"uv": [9, 13.5, 9.5, 14.5], "texture": "#2"},
				"south": {"uv": [8, 0, 10, 1], "texture": "#2"},
				"west": {"uv": [13.5, 9, 14, 10], "texture": "#2"},
				"up": {"uv": [11, 10.5, 9, 10], "texture": "#2"},
				"down": {"uv": [11, 10.5, 9, 11], "texture": "#2"}
			}
		},
		{
			"from": [9.95899, 17.84101, 7.398],
			"to": [10.95899, 23.94101, 8.602],
			"rotation": {"angle": 0, "axis": "y", "origin": [13.45899, 21.94101, 8]},
			"faces": {
				"north": {"uv": [7, 8, 7.5, 11], "texture": "#2"},
				"east": {"uv": [8, 7, 8.5, 10], "texture": "#2"},
				"south": {"uv": [7.5, 8, 8, 11], "texture": "#2"},
				"west": {"uv": [0, 8.5, 0.5, 11.5], "texture": "#2"},
				"up": {"uv": [14.5, 7, 14, 6.5], "texture": "#2"},
				"down": {"uv": [7.5, 14, 7, 14.5], "texture": "#2"}
			}
		},
		{
			"from": [10.08256, 19.53492, 7.399],
			"to": [13.08256, 20.53492, 8.601],
			"rotation": {"angle": -22.5, "axis": "z", "origin": [19.08256, 20.03492, 8]},
			"faces": {
				"north": {"uv": [12, 0, 13.5, 0.5], "texture": "#2"},
				"east": {"uv": [14, 7, 14.5, 7.5], "texture": "#2"},
				"south": {"uv": [12, 0.5, 13.5, 1], "texture": "#2"},
				"west": {"uv": [7.5, 14, 8, 14.5], "texture": "#2"},
				"up": {"uv": [13.5, 1.5, 12, 1], "texture": "#2"},
				"down": {"uv": [13.5, 1.5, 12, 2], "texture": "#2"}
			}
		},
		{
			"from": [15.7055, 20.61098, 7.398],
			"to": [16.7055, 23.61098, 8.602],
			"rotation": {"angle": 45, "axis": "z", "origin": [16.2055, 19.61098, 8]},
			"faces": {
				"north": {"uv": [12, 3, 12.5, 4.5], "texture": "#2"},
				"east": {"uv": [12, 4.5, 12.5, 6], "texture": "#2"},
				"south": {"uv": [12, 6, 12.5, 7.5], "texture": "#2"},
				"west": {"uv": [6.5, 12, 7, 13.5], "texture": "#2"},
				"up": {"uv": [14.5, 8, 14, 7.5], "texture": "#2"},
				"down": {"uv": [8.5, 14, 8, 14.5], "texture": "#2"}
			}
		},
		{
			"from": [16.42074, 17.78478, 7.399],
			"to": [17.42074, 20.78478, 8.601],
			"rotation": {"angle": 22.5, "axis": "z", "origin": [16.92074, 16.78478, 8]},
			"faces": {
				"north": {"uv": [7, 12, 7.5, 13.5], "texture": "#2"},
				"east": {"uv": [7.5, 12, 8, 13.5], "texture": "#2"},
				"south": {"uv": [12, 7.5, 12.5, 9], "texture": "#2"},
				"west": {"uv": [8, 12, 8.5, 13.5], "texture": "#2"},
				"up": {"uv": [14.5, 8.5, 14, 8], "texture": "#2"},
				"down": {"uv": [9, 14, 8.5, 14.5], "texture": "#2"}
			}
		},
		{
			"from": [16, 14.9, 7.4],
			"to": [17, 17.9, 8.6],
			"rotation": {"angle": 0, "axis": "y", "origin": [8.29289, -1.1, 8]},
			"faces": {
				"north": {"uv": [10, 12, 10.5, 13.5], "texture": "#2"},
				"east": {"uv": [10.5, 12, 11, 13.5], "texture": "#2"},
				"south": {"uv": [11, 12, 11.5, 13.5], "texture": "#2"},
				"west": {"uv": [11.5, 12, 12, 13.5], "texture": "#2"},
				"up": {"uv": [14.5, 9, 14, 8.5], "texture": "#2"},
				"down": {"uv": [14.5, 9, 14, 9.5], "texture": "#2"}
			}
		},
		{
			"from": [16.61209, 11.97716, 7.399],
			"to": [17.61209, 14.97716, 8.601],
			"rotation": {"angle": -22.5, "axis": "z", "origin": [17.11209, 16.47716, 8]},
			"faces": {
				"north": {"uv": [12, 12, 12.5, 13.5], "texture": "#2"},
				"east": {"uv": [12.5, 3, 13, 4.5], "texture": "#2"},
				"south": {"uv": [12.5, 4.5, 13, 6], "texture": "#2"},
				"west": {"uv": [12.5, 6, 13, 7.5], "texture": "#2"},
				"up": {"uv": [10, 14.5, 9.5, 14], "texture": "#2"},
				"down": {"uv": [14.5, 9.5, 14, 10], "texture": "#2"}
			}
		},
		{
			"from": [10.59459, 16.57811, 7.398],
			"to": [13.59459, 17.57811, 8.602],
			"rotation": {"angle": 45, "axis": "z", "origin": [20.09459, 17.07811, 8]},
			"faces": {
				"north": {"uv": [12, 2, 13.5, 2.5], "texture": "#2"},
				"east": {"uv": [10, 14, 10.5, 14.5], "texture": "#2"},
				"south": {"uv": [12, 9, 13.5, 9.5], "texture": "#2"},
				"west": {"uv": [14, 10, 14.5, 10.5], "texture": "#2"},
				"up": {"uv": [13.5, 10, 12, 9.5], "texture": "#2"},
				"down": {"uv": [14, 7.5, 12.5, 8], "texture": "#2"}
			}
		},
		{
			"from": [10.76765, 8.82093, 7.399],
			"to": [13.76765, 9.82093, 8.601],
			"rotation": {"angle": 22.5, "axis": "z", "origin": [10.76765, 9.32093, 8]},
			"faces": {
				"north": {"uv": [12.5, 8, 14, 8.5], "texture": "#2"},
				"east": {"uv": [10.5, 14, 11, 14.5], "texture": "#2"},
				"south": {"uv": [12.5, 8.5, 14, 9], "texture": "#2"},
				"west": {"uv": [14, 10.5, 14.5, 11], "texture": "#2"},
				"up": {"uv": [14, 10.5, 12.5, 10], "texture": "#2"},
				"down": {"uv": [14, 10.5, 12.5, 11], "texture": "#2"}
			}
		},
		{
			"from": [9.95899, 8.85899, 7.398],
			"to": [10.95899, 14.95899, 8.602],
			"rotation": {"angle": 0, "axis": "y", "origin": [10.45899, 5.65899, 8]},
			"faces": {
				"north": {"uv": [0.5, 8.5, 1, 11.5], "texture": "#2"},
				"east": {"uv": [1, 8.5, 1.5, 11.5], "texture": "#2"},
				"south": {"uv": [8.5, 1, 9, 4], "texture": "#2"},
				"west": {"uv": [1.5, 8.5, 2, 11.5], "texture": "#2"},
				"up": {"uv": [11.5, 14.5, 11, 14], "texture": "#2"},
				"down": {"uv": [14.5, 11, 14, 11.5], "texture": "#2"}
			}
		}
	],
	"display": {
		"thirdperson_righthand": {
			"rotation": [0, 90, 0],
			"translation": [0, 6.5, 1]
		},
		"firstperson_righthand": {
			"rotation": [0, 90, 0],
			"translation": [3, 10.75, 0]
		},
		"firstperson_lefthand": {
			"rotation": [0, -90, 0],
			"translation": [3, 1, 0]
		},
		"ground": {
			"rotation": [-90, 0, 0],
			"translation": [0, 0, -1.75]
		},
		"gui": {
			"rotation": [0, 0, -45],
			"translation": [0.25, 0.25, 0],
			"scale": [0.52, 0.52, 0.52]
		},
		"fixed": {
			"translation": [0, 5, -1.5]
		}
	},
	"groups": [
		{
			"name": "group",
			"origin": [8.02215, 20, 8.21109],
			"color": 0,
			"children": [
				0,
				1,
				2,
				3,
				4,
				5,
				6,
				7,
				8,
				{
					"name": "group",
					"origin": [5.54101, 10.85899, 8],
					"color": 0,
					"children": [9, 10, 11, 12, 13, 14, 15, 16, 17, 18, 19, 20, 21, 22, 23, 24]
				},
				{
					"name": "group",
					"origin": [10.45899, 5.65899, 8],
					"color": 0,
					"children": [25, 26, 27, 28, 29, 30, 31, 32, 33, 34, 35, 36, 37, 38, 39, 40]
				}
			]
		}
	]
}