{
	"credit": "Created with Blockbench [Exported as resourcepack with the \"resourcepack_packager\" plugin]",
	"texture_size": [64, 64],
	"textures": {
		"0": "nobi/h6",
		"particle": "nobi/h6"
	},
	"elements": [
		{
			"from": [7, -16, 7],
			"to": [9, 19, 9],
			"rotation": {"angle": 0, "axis": "y", "origin": [7, 0, 7]},
			"faces": {
				"north": {"uv": [5, 0, 5.5, 8.75], "texture": "#0"},
				"east": {"uv": [5.5, 0, 5, 8.75], "texture": "#0"},
				"south": {"uv": [5.5, 0, 5, 8.75], "texture": "#0"},
				"west": {"uv": [5, 0, 5.5, 8.75], "texture": "#0"},
				"up": {"uv": [5, 0, 5.5, 8.75], "texture": "#0"},
				"down": {"uv": [5, 0, 5.5, 8.75], "texture": "#0"}
			}
		},
		{
			"from": [7, 24, 6.75],
			"to": [9, 28, 9.25],
			"rotation": {"angle": 0, "axis": "y", "origin": [7, 0, 9]},
			"faces": {
				"north": {"uv": [3, 7.5, 3.5, 8.5], "texture": "#0"},
				"east": {"uv": [0, 9.75, 0.75, 10.75], "texture": "#0"},
				"south": {"uv": [3, 9.75, 3.5, 10.75], "texture": "#0"},
				"west": {"uv": [9.5, 9, 10.25, 10], "texture": "#0"},
				"up": {"uv": [5.5, 11, 4.75, 10.5], "rotation": 270, "texture": "#0"},
				"down": {"uv": [6.25, 10.5, 5.5, 11], "rotation": 90, "texture": "#0"}
			}
		},
		{
			"from": [6.75, 14, 6.75],
			"to": [9.25, 18, 9.25],
			"rotation": {"angle": 0, "axis": "y", "origin": [7, 0, 8.75]},
			"faces": {
				"north": {"uv": [10.5, 0, 9.75, 1], "texture": "#0"},
				"east": {"uv": [9.75, 0, 10.5, 1], "texture": "#0"},
				"south": {"uv": [10.5, 0, 9.75, 1], "texture": "#0"},
				"west": {"uv": [9.75, 0, 10.5, 1], "texture": "#0"},
				"up": {"uv": [9.75, 0, 10.5, 1], "texture": "#0"},
				"down": {"uv": [9.75, 0, 10.5, 1], "texture": "#0"}
			}
		},
		{
			"from": [6.75, -16, 6.75],
			"to": [9.25, -12, 9.25],
			"rotation": {"angle": 0, "axis": "y", "origin": [7, 0, 7]},
			"faces": {
				"north": {"uv": [10, 10, 9.25, 11], "texture": "#0"},
				"east": {"uv": [9.25, 10, 10, 11], "texture": "#0"},
				"south": {"uv": [10, 10, 9.25, 11], "texture": "#0"},
				"west": {"uv": [9.25, 10, 10, 11], "texture": "#0"},
				"up": {"uv": [9.25, 10, 10, 11], "texture": "#0"},
				"down": {"uv": [9.25, 10, 10, 11], "texture": "#0"}
			}
		},
		{
			"from": [6.5, 16, 6.25],
			"to": [9.5, 18, 9.75],
			"rotation": {"angle": 0, "axis": "y", "origin": [7, 0, 8.75]},
			"faces": {
				"north": {"uv": [8.25, 1.5, 7.25, 2], "texture": "#0"},
				"east": {"uv": [7.25, 1.5, 8.25, 2], "texture": "#0"},
				"south": {"uv": [8.25, 1.5, 7.25, 2], "texture": "#0"},
				"west": {"uv": [7.25, 1.5, 8.25, 2], "texture": "#0"},
				"up": {"uv": [7.25, 1.5, 8.25, 2], "texture": "#0"},
				"down": {"uv": [7.25, 1.5, 8.25, 2], "texture": "#0"}
			}
		},
		{
			"from": [6.99, 27.165, 5.99],
			"to": [9.01, 30.01, 8.835],
			"rotation": {"angle": 45, "axis": "x", "origin": [8, 28, 8]},
			"faces": {
				"north": {"uv": [6.25, 10.5, 6.75, 11.25], "texture": "#0"},
				"east": {"uv": [10.75, 10, 10, 10.75], "texture": "#0"},
				"south": {"uv": [6.75, 10.5, 7.25, 11.25], "texture": "#0"},
				"west": {"uv": [10, 10, 10.75, 10.75], "texture": "#0"},
				"up": {"uv": [0.75, 11.25, 0, 10.75], "rotation": 270, "texture": "#0"},
				"down": {"uv": [1.5, 10.75, 0.75, 11.25], "rotation": 90, "texture": "#0"}
			}
		},
		{
			"from": [4.74, 18.665, 12.2933],
			"to": [11.26, 21.51, 15.1383],
			"rotation": {"angle": 45, "axis": "x", "origin": [8, 28, 13.3033]},
			"faces": {
				"north": {"uv": [0, 9, 1.75, 9.75], "texture": "#0"},
				"east": {"uv": [10.25, 2.5, 11, 3.25], "texture": "#0"},
				"south": {"uv": [1.75, 9, 3.5, 9.75], "texture": "#0"},
				"west": {"uv": [10.25, 1.75, 11, 2.5], "texture": "#0"},
				"up": {"uv": [4.75, 10.5, 4, 8.75], "rotation": 270, "texture": "#0"},
				"down": {"uv": [5.5, 8.75, 4.75, 10.5], "rotation": 90, "texture": "#0"}
			}
		},
		{
			"from": [4.49, 19.165, 12.7933],
			"to": [11.51, 21.01, 14.6383],
			"rotation": {"angle": 45, "axis": "x", "origin": [8, 28, 13.3033]},
			"faces": {
				"north": {"uv": [9.5, 4.5, 11.25, 5], "texture": "#0"},
				"east": {"uv": [10.25, 1, 9.75, 1.5], "texture": "#0"},
				"south": {"uv": [9.5, 8.5, 11.25, 9], "texture": "#0"},
				"west": {"uv": [9.75, 1, 10.25, 1.5], "texture": "#0"},
				"up": {"uv": [8, 11.25, 7.5, 9.5], "rotation": 270, "texture": "#0"},
				"down": {"uv": [8.5, 9.5, 8, 11.25], "rotation": 90, "texture": "#0"}
			}
		},
		{
			"from": [5, 18, 4.875],
			"to": [11, 26, 11.125],
			"rotation": {"angle": 0, "axis": "y", "origin": [7, 0, 10.875]},
			"faces": {
				"north": {"uv": [5.5, 2, 7, 4], "texture": "#0"},
				"east": {"uv": [3.25, 5.5, 1.75, 7.5], "texture": "#0"},
				"south": {"uv": [5.5, 6, 7, 8], "texture": "#0"},
				"west": {"uv": [1.75, 5.5, 3.25, 7.5], "texture": "#0"},
				"up": {"uv": [8.5, 6.5, 7, 5], "rotation": 270, "texture": "#0"},
				"down": {"uv": [8.5, 6.5, 7, 8], "rotation": 90, "texture": "#0"}
			}
		},
		{
			"from": [5, 21.75, 11.125],
			"to": [11, 26, 15.375],
			"rotation": {"angle": 0, "axis": "y", "origin": [7, -0.25, 9.125]},
			"faces": {
				"north": {"uv": [8.5, 6.5, 10, 7.5], "texture": "#0"},
				"east": {"uv": [6.5, 9.5, 5.5, 10.5], "texture": "#0"},
				"south": {"uv": [8.5, 7.5, 10, 8.5], "texture": "#0"},
				"west": {"uv": [5.5, 9.5, 6.5, 10.5], "texture": "#0"},
				"up": {"uv": [9.5, 10, 8.5, 8.5], "rotation": 270, "texture": "#0"},
				"down": {"uv": [9.75, 0, 8.75, 1.5], "rotation": 90, "texture": "#0"}
			}
		},
		{
			"from": [5.1, 18.53814, 7.39372],
			"to": [10.9, 24.08814, 12.94372],
			"rotation": {"angle": -45, "axis": "x", "origin": [6.75, 22.78814, 9.86872]},
			"faces": {
				"north": {"uv": [0, 7.5, 1.5, 9], "texture": "#0"},
				"east": {"uv": [8.75, 0, 7.25, 1.5], "texture": "#0"},
				"south": {"uv": [5.5, 8, 7, 9.5], "texture": "#0"},
				"west": {"uv": [7.25, 0, 8.75, 1.5], "texture": "#0"},
				"up": {"uv": [8.5, 9.5, 7, 8], "rotation": 270, "texture": "#0"},
				"down": {"uv": [10, 5, 8.5, 6.5], "rotation": 90, "texture": "#0"}
			}
		},
		{
			"from": [4, 16, -2],
			"to": [12, 27, 5],
			"rotation": {"angle": 0, "axis": "y", "origin": [7, 0, 17.5]},
			"faces": {
				"north": {"uv": [0, 0, 2, 2.75], "texture": "#0"},
				"east": {"uv": [1.75, 2.75, 0, 5.5], "texture": "#0"},
				"south": {"uv": [2, 0, 4, 2.75], "texture": "#0"},
				"west": {"uv": [0, 2.75, 1.75, 5.5], "texture": "#0"},
				"up": {"uv": [1.75, 7.5, 0, 5.5], "rotation": 270, "texture": "#0"},
				"down": {"uv": [0, 7.5, 1.75, 5.5], "rotation": 270, "texture": "#0"}
			}
		},
		{
			"from": [4.75, 20.5, 13.75],
			"to": [11.25, 26.025, 16.5],
			"rotation": {"angle": 0, "axis": "y", "origin": [5.75, -0.25, 9]},
			"faces": {
				"north": {"uv": [7, 2, 8.75, 3.5], "texture": "#0"},
				"east": {"uv": [10.25, 1.5, 9.5, 3], "texture": "#0"},
				"south": {"uv": [7, 3.5, 8.75, 5], "texture": "#0"},
				"west": {"uv": [9.5, 1.5, 10.25, 3], "texture": "#0"},
				"up": {"uv": [9.5, 3.25, 8.75, 1.5], "rotation": 270, "texture": "#0"},
				"down": {"uv": [9.5, 3.25, 8.75, 5], "rotation": 90, "texture": "#0"}
			}
		}
	],
	"gui_light": "front",
	"display": {
		"thirdperson_righthand": {
			"translation": [0, 5, 1.75]
		},
		"thirdperson_lefthand": {
			"translation": [0, 6.5, 1.5]
		},
		"firstperson_righthand": {
			"rotation": [13.5, 0, 0],
			"translation": [1, 0.25, 0]
		},
		"firstperson_lefthand": {
			"rotation": [9.75, 0, 0],
			"translation": [3, 13.75, -3.75]
		},
		"ground": {
			"translation": [0, 24.75, 0]
		},
		"gui": {
			"rotation": [85, -126, 93],
			"translation": [-0.5, -0.25, 0],
			"scale": [0.28, 0.31, 0.4]
		},
		"fixed": {
			"rotation": [-87.09, -69.95, -87.25]
		}
	}
}