{
	"credit": "Created with Blockbench [Exported as resourcepack with the \"resourcepack_packager\" plugin]",
	"texture_size": [64, 64],
	"textures": {
		"0": "nobi/h5",
		"particle": "nobi/h5"
	},
	"elements": [
		{
			"from": [7, -16, 7],
			"to": [9, 11, 9],
			"rotation": {"angle": 0, "axis": "y", "origin": [7, 0, 7]},
			"faces": {
				"north": {"uv": [7, 5.5, 6.5, 12.25], "texture": "#0"},
				"east": {"uv": [6.5, 5.5, 7, 12.25], "texture": "#0"},
				"south": {"uv": [7, 5.5, 6.5, 12.25], "texture": "#0"},
				"west": {"uv": [6.5, 5.5, 7, 12.25], "texture": "#0"},
				"up": {"uv": [6.5, 5.5, 7, 12.25], "texture": "#0"},
				"down": {"uv": [6.5, 5.5, 7, 12.25], "texture": "#0"}
			}
		},
		{
			"from": [6.5, 11, 6.25],
			"to": [9.5, 24, 9.75],
			"rotation": {"angle": 0, "axis": "y", "origin": [7, 0, 7]},
			"faces": {
				"north": {"uv": [4.5, 7.5, 3.5, 10.75], "texture": "#0"},
				"east": {"uv": [3.5, 7.5, 4.5, 10.75], "texture": "#0"},
				"south": {"uv": [4.5, 7.5, 3.5, 10.75], "texture": "#0"},
				"west": {"uv": [3.5, 7.5, 4.5, 10.75], "texture": "#0"},
				"up": {"uv": [9, 5, 8.25, 4], "texture": "#0"},
				"down": {"uv": [11.25, 10.5, 10.5, 11.5], "texture": "#0"}
			}
		},
		{
			"from": [6.75, -14, 6.5],
			"to": [9.25, -11, 9.5],
			"rotation": {"angle": 0, "axis": "y", "origin": [7, 0, 7]},
			"faces": {
				"north": {"uv": [11.25, 11.25, 12, 12], "texture": "#0"},
				"east": {"uv": [11.25, 11.25, 12, 12], "texture": "#0"},
				"south": {"uv": [12, 11.25, 11.25, 12], "texture": "#0"},
				"west": {"uv": [12, 11.25, 11.25, 12], "texture": "#0"},
				"up": {"uv": [11.25, 11.25, 12, 12], "texture": "#0"},
				"down": {"uv": [11.25, 11.25, 12, 12], "texture": "#0"}
			}
		},
		{
			"from": [6.49, 20.74, 11.72008],
			"to": [9.51, 24.26, 15.24008],
			"rotation": {"angle": 45, "axis": "x", "origin": [8, 30.25, 13.48008]},
			"faces": {
				"north": {"uv": [3.5, 10.75, 4.25, 11.75], "texture": "#0"},
				"east": {"uv": [10.5, 6.5, 11.5, 7.5], "texture": "#0"},
				"south": {"uv": [4.25, 10.75, 5, 11.75], "texture": "#0"},
				"west": {"uv": [11.5, 6.5, 10.5, 7.5], "texture": "#0"},
				"up": {"uv": [5.75, 11.75, 5, 10.75], "texture": "#0"},
				"down": {"uv": [11.75, 0, 11, 1], "texture": "#0"}
			}
		},
		{
			"from": [6.49, -12.02992, 27.72008],
			"to": [9.51, -8.50992, 31.24008],
			"rotation": {"angle": 45, "axis": "x", "origin": [8, 13.48008, 13.48008]},
			"faces": {
				"north": {"uv": [7.5, 12.25, 8.25, 11.25], "texture": "#0"},
				"east": {"uv": [10.5, 8.5, 11.5, 9.5], "texture": "#0"},
				"south": {"uv": [11.25, 2, 12, 3], "texture": "#0"},
				"west": {"uv": [11.5, 8.5, 10.5, 9.5], "texture": "#0"},
				"up": {"uv": [8.25, 12.25, 7.5, 11.25], "texture": "#0"},
				"down": {"uv": [12, 3, 11.25, 2], "texture": "#0"}
			}
		},
		{
			"from": [5, 15, 3.5],
			"to": [11, 22.25, 12.5],
			"rotation": {"angle": 0, "axis": "y", "origin": [9, 0, 7]},
			"faces": {
				"north": {"uv": [7.5, 9.5, 9, 11.25], "texture": "#0"},
				"east": {"uv": [6, 2, 8.25, 3.75], "texture": "#0"},
				"south": {"uv": [0.5, 9.75, 2, 11.5], "texture": "#0"},
				"west": {"uv": [8.25, 2, 6, 3.75], "texture": "#0"},
				"up": {"uv": [2, 9.75, 0.5, 7.5], "texture": "#0"},
				"down": {"uv": [3.5, 7.5, 2, 9.75], "texture": "#0"}
			}
		},
		{
			"from": [5, 13, 12.5],
			"to": [11, 24.25, 18.75],
			"rotation": {"angle": 0, "axis": "y", "origin": [9, 0, 7]},
			"faces": {
				"north": {"uv": [0, 0, 1.5, 2.75], "texture": "#0"},
				"east": {"uv": [1.5, 0, 3, 2.75], "texture": "#0"},
				"south": {"uv": [0, 2.75, 1.5, 5.5], "texture": "#0"},
				"west": {"uv": [3, 0, 1.5, 2.75], "texture": "#0"},
				"up": {"uv": [11.25, 3.5, 9.75, 2], "texture": "#0"},
				"down": {"uv": [10.5, 10, 9, 11.5], "texture": "#0"}
			}
		},
		{
			"from": [5.01, 15.74782, 7.61723],
			"to": [10.99, 23.67782, 15.57223],
			"rotation": {"angle": 45, "axis": "x", "origin": [8, 18.06282, 10.73223]},
			"faces": {
				"north": {"uv": [7.5, 5.5, 9, 7.5], "texture": "#0"},
				"east": {"uv": [0, 5.5, 2, 7.5], "texture": "#0"},
				"south": {"uv": [7.5, 7.5, 9, 9.5], "texture": "#0"},
				"west": {"uv": [2, 5.5, 0, 7.5], "texture": "#0"},
				"up": {"uv": [9.5, 2, 8, 0], "texture": "#0"},
				"down": {"uv": [9.75, 2, 8.25, 4], "texture": "#0"}
			}
		},
		{
			"from": [5, 13, -2.75],
			"to": [11, 24.25, 3.5],
			"rotation": {"angle": 0, "axis": "y", "origin": [9, 0, 9]},
			"faces": {
				"north": {"uv": [1.5, 2.75, 0, 5.5], "texture": "#0"},
				"east": {"uv": [3, 0, 1.5, 2.75], "texture": "#0"},
				"south": {"uv": [1.5, 0, 0, 2.75], "texture": "#0"},
				"west": {"uv": [1.5, 0, 3, 2.75], "texture": "#0"},
				"up": {"uv": [11.25, 2, 9.75, 3.5], "texture": "#0"},
				"down": {"uv": [10.5, 11.5, 9, 10], "texture": "#0"}
			}
		},
		{
			"from": [5.01, 15.74782, 0.42777],
			"to": [10.99, 23.67782, 8.38277],
			"rotation": {"angle": -45, "axis": "x", "origin": [8, 18.06282, 5.26777]},
			"faces": {
				"north": {"uv": [9, 7.5, 7.5, 9.5], "texture": "#0"},
				"east": {"uv": [2, 5.5, 0, 7.5], "texture": "#0"},
				"south": {"uv": [9, 5.5, 7.5, 7.5], "texture": "#0"},
				"west": {"uv": [0, 5.5, 2, 7.5], "texture": "#0"},
				"up": {"uv": [9.5, 0, 8, 2], "texture": "#0"},
				"down": {"uv": [9.75, 4, 8.25, 2], "texture": "#0"}
			}
		}
	],
	"gui_light": "front",
	"display": {
		"thirdperson_righthand": {
			"translation": [0, 9, 2.5]
		},
		"thirdperson_lefthand": {
			"translation": [0, 7.75, 2]
		},
		"firstperson_righthand": {
			"rotation": [18.5, 0, 0],
			"translation": [2, 13.25, -2.5]
		},
		"firstperson_lefthand": {
			"rotation": [7.25, 6, 0],
			"translation": [0.75, 14.5, 0]
		},
		"ground": {
			"translation": [0, 26, 0]
		},
		"gui": {
			"rotation": [85, -126, 93],
			"translation": [-0.5, -0.25, 0],
			"scale": [0.28, 0.31, 0.4]
		},
		"fixed": {
			"rotation": [-91.4, -69.23, -91.3],
			"translation": [1.5, 3.5, 0]
		}
	}
}