{
	"credit": "Created with Blockbench [Exported as resourcepack with the \"resourcepack_packager\" plugin]",
	"texture_size": [64, 64],
	"textures": {
		"0": "nobi/h4",
		"particle": "nobi/h4"
	},
	"elements": [
		{
			"from": [7.25, -11, 7.25],
			"to": [8.75, 20, 8.75],
			"rotation": {"angle": 0, "axis": "y", "origin": [7, 0, 7]},
			"faces": {
				"north": {"uv": [0.5, 5, 0, 12.75], "texture": "#0"},
				"east": {"uv": [0, 5, 0.5, 12.75], "texture": "#0"},
				"south": {"uv": [0.5, 5, 0, 12.75], "texture": "#0"},
				"west": {"uv": [0, 5, 0.5, 12.75], "texture": "#0"},
				"up": {"uv": [0, 5, 0.5, 12.75], "texture": "#0"},
				"down": {"uv": [0, 5, 0.5, 12.75], "texture": "#0"}
			}
		},
		{
			"from": [6.75, 13, 6.75],
			"to": [9.25, 20, 9.25],
			"rotation": {"angle": 0, "axis": "y", "origin": [7, 0, 7]},
			"faces": {
				"north": {"uv": [8.5, 0, 7.75, 1.75], "texture": "#0"},
				"east": {"uv": [7.75, 0, 8.5, 1.75], "texture": "#0"},
				"south": {"uv": [8.5, 0, 7.75, 1.75], "texture": "#0"},
				"west": {"uv": [7.75, 0, 8.5, 1.75], "texture": "#0"},
				"up": {"uv": [7.75, 0, 8.5, 1.75], "texture": "#0"},
				"down": {"uv": [7.75, 0, 8.5, 1.75], "texture": "#0"}
			}
		},
		{
			"from": [6.75, -12, 6.75],
			"to": [9.25, -10, 9.25],
			"rotation": {"angle": 0, "axis": "y", "origin": [7, 0, 7]},
			"faces": {
				"north": {"uv": [2.75, 9.5, 3.5, 10], "texture": "#0"},
				"east": {"uv": [3.5, 9.5, 2.75, 10], "texture": "#0"},
				"south": {"uv": [2.75, 9.5, 3.5, 10], "texture": "#0"},
				"west": {"uv": [2.75, 9.5, 3.5, 10], "texture": "#0"},
				"up": {"uv": [2.75, 9.75, 2, 9], "texture": "#0"},
				"down": {"uv": [9.75, 2.25, 9, 3], "texture": "#0"}
			}
		},
		{
			"from": [5.75, -14, 5.75],
			"to": [10.25, -12, 10.25],
			"rotation": {"angle": 0, "axis": "y", "origin": [7, 0, 7]},
			"faces": {
				"north": {"uv": [9.75, 8, 8.5, 8.5], "texture": "#0"},
				"east": {"uv": [8.5, 8, 9.75, 8.5], "texture": "#0"},
				"south": {"uv": [9.75, 8, 8.5, 8.5], "texture": "#0"},
				"west": {"uv": [8.5, 8, 9.75, 8.5], "texture": "#0"},
				"up": {"uv": [1.75, 8, 0.5, 6.75], "texture": "#0"},
				"down": {"uv": [1.75, 6.75, 0.5, 8], "texture": "#0"}
			}
		},
		{
			"from": [7.5, -16, 0.40276],
			"to": [8.5, -14, 2.40276],
			"rotation": {"angle": 22.5, "axis": "x", "origin": [9.25, -17.74842, 2.40276]},
			"faces": {
				"north": {"uv": [3.25, 5, 3.5, 5.5], "texture": "#0"},
				"east": {"uv": [9.5, 6, 10, 6.5], "texture": "#0"},
				"south": {"uv": [3.25, 5.5, 3.5, 6], "texture": "#0"},
				"west": {"uv": [10, 6, 9.5, 6.5], "texture": "#0"},
				"up": {"uv": [3.5, 6.5, 3.25, 6], "texture": "#0"},
				"down": {"uv": [9.75, 7, 9.5, 7.5], "texture": "#0"}
			}
		},
		{
			"from": [8, -15.75, 2.25],
			"to": [8, -13.75, 7.75],
			"rotation": {"angle": -22.5, "axis": "x", "origin": [8, -15, 3]},
			"faces": {
				"north": {"uv": [0, 0, 0, 0.5], "texture": "#0"},
				"east": {"uv": [5, 8.25, 6.5, 8.75], "texture": "#0"},
				"south": {"uv": [0, 0, 0, 0.5], "texture": "#0"},
				"west": {"uv": [8.5, 0, 10, 0.5], "texture": "#0"},
				"up": {"uv": [0, 1.5, 0, 0], "texture": "#0"},
				"down": {"uv": [0, 0, 0, 1.5], "texture": "#0"}
			}
		},
		{
			"from": [6.25, 17, 6.25],
			"to": [9.75, 20, 9.75],
			"rotation": {"angle": 0, "axis": "y", "origin": [7, 0, 7]},
			"faces": {
				"north": {"uv": [9, 6.75, 8, 7.5], "texture": "#0"},
				"east": {"uv": [8, 6.75, 9, 7.5], "texture": "#0"},
				"south": {"uv": [9, 6.75, 8, 7.5], "texture": "#0"},
				"west": {"uv": [8, 6.75, 9, 7.5], "texture": "#0"},
				"up": {"uv": [8, 6.75, 9, 7.5], "texture": "#0"},
				"down": {"uv": [8, 6.75, 9, 7.5], "texture": "#0"}
			}
		},
		{
			"from": [7, 27, 7.08579],
			"to": [9, 29, 9.08579],
			"rotation": {"angle": 45, "axis": "x", "origin": [8, 27.5, 6.58579]},
			"faces": {
				"north": {"uv": [5.5, 9.5, 6, 10], "texture": "#0"},
				"east": {"uv": [5.5, 9.5, 6, 10], "texture": "#0"},
				"south": {"uv": [5.5, 9.5, 6, 10], "texture": "#0"},
				"west": {"uv": [5.5, 9.5, 6, 10], "texture": "#0"},
				"up": {"uv": [5.5, 9.5, 6, 10], "texture": "#0"},
				"down": {"uv": [5.5, 9.5, 6, 10], "texture": "#0"}
			}
		},
		{
			"from": [7.25, 28.25, 5.12868],
			"to": [8.75, 31.25, 8.12868],
			"rotation": {"angle": 45, "axis": "x", "origin": [8, 27.5, 5.87868]},
			"faces": {
				"north": {"uv": [6.5, 9, 7, 9.75], "texture": "#0"},
				"east": {"uv": [1.25, 9, 0.5, 9.75], "texture": "#0"},
				"south": {"uv": [7, 9.75, 7.5, 9], "texture": "#0"},
				"west": {"uv": [0.5, 9, 1.25, 9.75], "texture": "#0"},
				"up": {"uv": [7.5, 9.75, 7, 9], "texture": "#0"},
				"down": {"uv": [7.5, 9.75, 7, 9], "texture": "#0"}
			}
		},
		{
			"from": [5, 19.75, 2.7],
			"to": [11, 26.75, 11.7],
			"rotation": {"angle": 0, "axis": "y", "origin": [9, 0, 6.5]},
			"faces": {
				"north": {"uv": [6.25, 0, 7.75, 1.75], "texture": "#0"},
				"east": {"uv": [6.25, 0, 4, 1.75], "texture": "#0"},
				"south": {"uv": [6.5, 6, 8, 7.75], "texture": "#0"},
				"west": {"uv": [4, 0, 6.25, 1.75], "texture": "#0"},
				"up": {"uv": [7.25, 4, 5.75, 1.75], "texture": "#0"},
				"down": {"uv": [6.5, 6, 5, 8.25], "texture": "#0"}
			}
		},
		{
			"from": [6, 21, 11.7],
			"to": [10, 25.5, 15.7],
			"rotation": {"angle": 0, "axis": "y", "origin": [9, 0, 6.5]},
			"faces": {
				"north": {"uv": [7.75, 3.5, 8.75, 4.75], "texture": "#0"},
				"east": {"uv": [8.5, 7.75, 7.5, 9], "texture": "#0"},
				"south": {"uv": [6.5, 7.75, 7.5, 9], "texture": "#0"},
				"west": {"uv": [7.5, 7.75, 8.5, 9], "texture": "#0"},
				"up": {"uv": [1.5, 9, 0.5, 8], "texture": "#0"},
				"down": {"uv": [2.5, 8, 1.5, 9], "texture": "#0"}
			}
		},
		{
			"from": [6.75, 21.75, 15.7],
			"to": [9.25, 24.75, 18.7],
			"rotation": {"angle": 0, "axis": "y", "origin": [9, 0, 6.5]},
			"faces": {
				"north": {"uv": [5, 1.75, 5.75, 2.5], "texture": "#0"},
				"east": {"uv": [9.5, 4.25, 8.75, 5], "texture": "#0"},
				"south": {"uv": [8.75, 3.5, 9.5, 4.25], "texture": "#0"},
				"west": {"uv": [8.75, 4.25, 9.5, 5], "texture": "#0"},
				"up": {"uv": [5.75, 9.5, 5, 8.75], "texture": "#0"},
				"down": {"uv": [9.5, 5, 8.75, 5.75], "texture": "#0"}
			}
		},
		{
			"from": [7.25, 22.25, 18.7],
			"to": [8.75, 24.25, 21.7],
			"rotation": {"angle": 0, "axis": "y", "origin": [9, 0, 6.5]},
			"faces": {
				"north": {"uv": [9.5, 3.5, 10, 4], "texture": "#0"},
				"east": {"uv": [9.75, 3, 9, 3.5], "texture": "#0"},
				"south": {"uv": [9.5, 4, 10, 4.5], "texture": "#0"},
				"west": {"uv": [9, 3, 9.75, 3.5], "texture": "#0"},
				"up": {"uv": [3.5, 7.5, 3, 6.75], "texture": "#0"},
				"down": {"uv": [9.5, 5.75, 9, 6.5], "texture": "#0"}
			}
		},
		{
			"from": [4, 18.25, -2.8],
			"to": [12, 28.25, 4.2],
			"rotation": {"angle": 0, "axis": "y", "origin": [9, 0, 6.5]},
			"faces": {
				"north": {"uv": [0, 0, 2, 2.5], "texture": "#0"},
				"east": {"uv": [3.5, 2.5, 1.75, 5], "texture": "#0"},
				"south": {"uv": [2, 0, 4, 2.5], "texture": "#0"},
				"west": {"uv": [1.75, 2.5, 3.5, 5], "texture": "#0"},
				"up": {"uv": [2.5, 6.75, 0.5, 5], "texture": "#0"},
				"down": {"uv": [2.5, 5, 0.5, 6.75], "texture": "#0"}
			}
		}
	],
	"gui_light": "front",
	"display": {
		"thirdperson_righthand": {
			"translation": [0, 8, 1.75]
		},
		"thirdperson_lefthand": {
			"translation": [0, 7.25, 1.5]
		},
		"firstperson_righthand": {
			"rotation": [13.5, 0, 0],
			"translation": [1, 3, 0]
		},
		"firstperson_lefthand": {
			"rotation": [13.5, 0, 0],
			"translation": [1, 3, 0]
		},
		"ground": {
			"translation": [0, 25, 0]
		},
		"gui": {
			"rotation": [175.87, 49.67, 160.64],
			"translation": [0.25, -0.25, 0],
			"scale": [0.26, 0.31, 0.4]
		},
		"fixed": {
			"rotation": [-92.32, -57.44, -91.97]
		}
	}
}