{
	"credit": "Created with Blockbench [Exported as resourcepack with the \"resourcepack_packager\" plugin]",
	"texture_size": [64, 64],
	"textures": {
		"0": "nobi/h3",
		"particle": "nobi/h3"
	},
	"elements": [
		{
			"from": [5, 20, 2.5],
			"to": [11, 26, 13.5],
			"rotation": {"angle": 0, "axis": "y", "origin": [4, 23, 8]},
			"faces": {
				"north": {"uv": [5, 6, 6.5, 7.5], "texture": "#0"},
				"east": {"uv": [0, 0, 2.75, 1.5], "texture": "#0"},
				"south": {"uv": [6.5, 6, 8, 7.5], "texture": "#0"},
				"west": {"uv": [2.75, 0, 0, 1.5], "texture": "#0"},
				"up": {"uv": [4.25, 2.75, 2.75, 0], "texture": "#0"},
				"down": {"uv": [4.25, 2.75, 2.75, 5.5], "texture": "#0"}
			}
		},
		{
			"from": [4.98, 18.98, 11.48],
			"to": [11.02, 27.02, 17.52],
			"rotation": {"angle": 0, "axis": "y", "origin": [4, 23, 8]},
			"faces": {
				"north": {"uv": [4.25, 0, 5.75, 2], "texture": "#0"},
				"east": {"uv": [4.25, 2, 5.75, 4], "texture": "#0"},
				"south": {"uv": [4.25, 4, 5.75, 6], "texture": "#0"},
				"west": {"uv": [5.75, 2, 4.25, 4], "texture": "#0"},
				"up": {"uv": [8.75, 1.5, 7.25, 0], "texture": "#0"},
				"down": {"uv": [8.75, 0, 7.25, 1.5], "texture": "#0"}
			}
		},
		{
			"from": [4.98, 18.98, -1.52],
			"to": [11.02, 27.02, 4.52],
			"rotation": {"angle": 0, "axis": "y", "origin": [4, 23, 8]},
			"faces": {
				"north": {"uv": [5.75, 4, 4.25, 6], "texture": "#0"},
				"east": {"uv": [5.75, 2, 4.25, 4], "texture": "#0"},
				"south": {"uv": [5.75, 0, 4.25, 2], "texture": "#0"},
				"west": {"uv": [4.25, 2, 5.75, 4], "texture": "#0"},
				"up": {"uv": [8.75, 0, 7.25, 1.5], "texture": "#0"},
				"down": {"uv": [8.75, 1.5, 7.25, 0], "texture": "#0"}
			}
		},
		{
			"from": [7, 1, 7],
			"to": [9, 27, 9],
			"rotation": {"angle": 0, "axis": "y", "origin": [7, 0, 7]},
			"faces": {
				"north": {"uv": [1, 3, 0.5, 9.5], "texture": "#0"},
				"east": {"uv": [0.5, 3, 1, 9.5], "texture": "#0"},
				"south": {"uv": [1, 3, 0.5, 9.5], "texture": "#0"},
				"west": {"uv": [0.5, 3, 1, 9.5], "texture": "#0"},
				"up": {"uv": [0.5, 3, 1, 9.5], "texture": "#0"},
				"down": {"uv": [0.5, 3, 1, 9.5], "texture": "#0"}
			}
		},
		{
			"from": [6.25, 18, 6.25],
			"to": [9.75, 20, 9.75],
			"rotation": {"angle": 0, "axis": "y", "origin": [7, 0, 7]},
			"faces": {
				"north": {"uv": [9.75, 4.25, 8.75, 4.75], "texture": "#0"},
				"east": {"uv": [8.75, 4.25, 9.75, 4.75], "texture": "#0"},
				"south": {"uv": [9.75, 4.25, 8.75, 4.75], "texture": "#0"},
				"west": {"uv": [8.75, 4.25, 9.75, 4.75], "texture": "#0"},
				"up": {"uv": [8.75, 4.25, 9.75, 4.75], "texture": "#0"},
				"down": {"uv": [8.75, 4.25, 9.75, 4.75], "texture": "#0"}
			}
		},
		{
			"from": [6.75, 13, 6.75],
			"to": [9.25, 18, 9.25],
			"rotation": {"angle": 0, "axis": "y", "origin": [7, 0, 7]},
			"faces": {
				"north": {"uv": [2.75, 4.25, 2, 5.5], "texture": "#0"},
				"east": {"uv": [2, 4.25, 2.75, 5.5], "texture": "#0"},
				"south": {"uv": [2.75, 4.25, 2, 5.5], "texture": "#0"},
				"west": {"uv": [2, 4.25, 2.75, 5.5], "texture": "#0"},
				"up": {"uv": [2, 4.25, 2.75, 5.5], "texture": "#0"},
				"down": {"uv": [2, 4.25, 2.75, 5.5], "texture": "#0"}
			}
		},
		{
			"from": [6.75, -3, 6.75],
			"to": [9.25, 2, 9.25],
			"rotation": {"angle": 0, "axis": "y", "origin": [7, 0, 7]},
			"faces": {
				"north": {"uv": [3.75, 8, 3, 9.25], "texture": "#0"},
				"east": {"uv": [3, 8, 3.75, 9.25], "texture": "#0"},
				"south": {"uv": [3.75, 8, 3, 9.25], "texture": "#0"},
				"west": {"uv": [3, 8, 3.75, 9.25], "texture": "#0"},
				"up": {"uv": [3, 8, 3.75, 9.25], "texture": "#0"},
				"down": {"uv": [3, 8, 3.75, 9.25], "texture": "#0"}
			}
		},
		{
			"from": [6.76, 24.76, 10.72231],
			"to": [9.24, 26.74, 12.70231],
			"rotation": {"angle": 45, "axis": "x", "origin": [8, 31, 11.71231]},
			"faces": {
				"north": {"uv": [8.75, 5.75, 9.25, 6.25], "texture": "#0"},
				"east": {"uv": [8.75, 5.75, 9.25, 6.25], "texture": "#0"},
				"south": {"uv": [8.75, 5.75, 9.25, 6.25], "texture": "#0"},
				"west": {"uv": [8.75, 5.75, 9.25, 6.25], "texture": "#0"},
				"up": {"uv": [8.75, 5.75, 9.25, 6.25], "texture": "#0"},
				"down": {"uv": [8.75, 5.75, 9.25, 6.25], "texture": "#0"}
			}
		},
		{
			"from": [6.5, -15.78769, 23.84709],
			"to": [9.5, -13.28769, 26.34709],
			"rotation": {"angle": 45, "axis": "x", "origin": [8, 11.71231, 30.09709]},
			"faces": {
				"north": {"uv": [8.25, 8, 9, 8.75], "texture": "#0"},
				"east": {"uv": [8.25, 8, 9, 8.75], "texture": "#0"},
				"south": {"uv": [8.25, 8, 9, 8.75], "texture": "#0"},
				"west": {"uv": [9, 8, 8.25, 8.75], "texture": "#0"},
				"up": {"uv": [8.25, 8, 9, 8.75], "texture": "#0"},
				"down": {"uv": [9, 8, 8.25, 8.75], "texture": "#0"}
			}
		}
	],
	"gui_light": "front",
	"display": {
		"thirdperson_righthand": {
			"translation": [0, 0.75, 1.75]
		},
		"thirdperson_lefthand": {
			"translation": [0, 0.5, 2.25]
		},
		"firstperson_righthand": {
			"rotation": [13.5, 0, 0],
			"translation": [1, 3, 0]
		},
		"firstperson_lefthand": {
			"rotation": [13.5, 0, 0],
			"translation": [1, 3, 0]
		},
		"ground": {
			"translation": [0, 13.5, 0]
		},
		"gui": {
			"rotation": [-158.49, 49.12, 155.63],
			"translation": [0.5, -1, 0],
			"scale": [0.28, 0.31, 0.4]
		},
		"fixed": {
			"rotation": [-92.29, -56.95, -91.96],
			"translation": [-2.75, -2.5, 0]
		}
	}
}