{
	"credit": "Created with Blockbench [Exported as resourcepack with the \"resourcepack_packager\" plugin]",
	"texture_size": [64, 64],
	"textures": {
		"0": "nobi/h2",
		"particle": "nobi/h2"
	},
	"elements": [
		{
			"from": [7, 30, 7],
			"to": [9, 32, 9],
			"rotation": {"angle": 0, "axis": "y", "origin": [7, 0, 7]},
			"faces": {
				"north": {"uv": [3, 5, 3.5, 5.5], "texture": "#0"},
				"east": {"uv": [3, 5, 3.5, 5.5], "texture": "#0"},
				"south": {"uv": [3, 5, 3.5, 5.5], "texture": "#0"},
				"west": {"uv": [3, 5, 3.5, 5.5], "texture": "#0"},
				"up": {"uv": [3, 5, 3.5, 5.5], "texture": "#0"},
				"down": {"uv": [3, 5, 3.5, 5.5], "texture": "#0"}
			}
		},
		{
			"from": [6.25, 20, 6.25],
			"to": [9.75, 23, 9.75],
			"rotation": {"angle": 0, "axis": "y", "origin": [7, 0, 7]},
			"faces": {
				"north": {"uv": [9, 5.75, 10, 6.5], "texture": "#0"},
				"east": {"uv": [10, 5.75, 9, 6.5], "texture": "#0"},
				"south": {"uv": [9, 5.75, 10, 6.5], "texture": "#0"},
				"west": {"uv": [10, 5.75, 9, 6.5], "texture": "#0"},
				"up": {"uv": [9, 5.75, 10, 6.5], "texture": "#0"},
				"down": {"uv": [9, 5.75, 10, 6.5], "texture": "#0"}
			}
		},
		{
			"from": [6.75, 15, 6.75],
			"to": [9.25, 20, 9.25],
			"rotation": {"angle": 0, "axis": "y", "origin": [7, 0, 7]},
			"faces": {
				"north": {"uv": [8.25, 7.75, 9, 9], "texture": "#0"},
				"east": {"uv": [9, 7.75, 8.25, 9], "texture": "#0"},
				"south": {"uv": [8.25, 7.75, 9, 9], "texture": "#0"},
				"west": {"uv": [9, 7.75, 8.25, 9], "texture": "#0"},
				"up": {"uv": [8.25, 7.75, 9, 9], "texture": "#0"},
				"down": {"uv": [8.25, 7.75, 9, 9], "texture": "#0"}
			}
		},
		{
			"from": [6.25, -1, 6.25],
			"to": [9.75, 2, 9.75],
			"rotation": {"angle": 0, "axis": "y", "origin": [7, 0, 7]},
			"faces": {
				"north": {"uv": [8.25, 9, 9.25, 9.75], "texture": "#0"},
				"east": {"uv": [9.25, 9, 8.25, 9.75], "texture": "#0"},
				"south": {"uv": [8.25, 9, 9.25, 9.75], "texture": "#0"},
				"west": {"uv": [9.25, 9, 8.25, 9.75], "texture": "#0"},
				"up": {"uv": [8.25, 9, 9.25, 9.75], "texture": "#0"},
				"down": {"uv": [8.25, 9, 9.25, 9.75], "texture": "#0"}
			}
		},
		{
			"from": [7, 0, 7],
			"to": [9, 24, 9],
			"rotation": {"angle": 0, "axis": "y", "origin": [7, 0, 7]},
			"faces": {
				"north": {"uv": [7.25, 7.75, 7.75, 13.75], "texture": "#0"},
				"east": {"uv": [7.75, 7.75, 7.25, 13.75], "texture": "#0"},
				"south": {"uv": [7.25, 7.75, 7.75, 13.75], "texture": "#0"},
				"west": {"uv": [7.75, 7.75, 7.25, 13.75], "texture": "#0"},
				"up": {"uv": [7.25, 7.75, 7.75, 13.75], "texture": "#0"},
				"down": {"uv": [7.25, 7.75, 7.75, 13.75], "texture": "#0"}
			}
		},
		{
			"from": [1, 23, 5],
			"to": [15, 30, 11],
			"rotation": {"angle": 0, "axis": "y", "origin": [7, 0, 7]},
			"faces": {
				"north": {"uv": [0, 0, 3.5, 1.75], "texture": "#0"},
				"east": {"uv": [7.5, 2, 9, 3.75], "texture": "#0"},
				"south": {"uv": [3.5, 0, 0, 1.75], "texture": "#0"},
				"west": {"uv": [2.75, 8.25, 4.25, 10], "texture": "#0"},
				"up": {"uv": [3.5, 5, 0, 3.5], "texture": "#0"},
				"down": {"uv": [0, 5, 3.5, 3.5], "texture": "#0"}
			}
		},
		{
			"from": [10.5, 22, 4],
			"to": [17.5, 31, 12],
			"rotation": {"angle": 0, "axis": "y", "origin": [7, 0, 7]},
			"faces": {
				"north": {"uv": [5.5, 3.75, 7.25, 6], "texture": "#0"},
				"east": {"uv": [3.5, 1.5, 5.5, 3.75], "texture": "#0"},
				"south": {"uv": [7.25, 3.75, 5.5, 6], "texture": "#0"},
				"west": {"uv": [3.5, 3.75, 5.5, 6], "texture": "#0"},
				"up": {"uv": [1.75, 9.25, 0, 7.25], "texture": "#0"},
				"down": {"uv": [1.75, 9.25, 0, 7.25], "texture": "#0"}
			}
		},
		{
			"from": [-1.5, 22, 4],
			"to": [5.5, 31, 12],
			"rotation": {"angle": 0, "axis": "y", "origin": [9, 0, 7]},
			"faces": {
				"north": {"uv": [7.25, 3.75, 5.5, 6], "texture": "#0"},
				"east": {"uv": [0, 5, 2, 7.25], "texture": "#0"},
				"south": {"uv": [5.5, 3.75, 7.25, 6], "texture": "#0"},
				"west": {"uv": [5.5, 1.5, 3.5, 3.75], "texture": "#0"},
				"up": {"uv": [0, 9.25, 1.75, 7.25], "texture": "#0"},
				"down": {"uv": [0, 9.25, 1.75, 7.25], "texture": "#0"}
			}
		}
	],
	"gui_light": "front",
	"display": {
		"thirdperson_righthand": {
			"rotation": [-13.62, 87.35, 16.16],
			"translation": [0, -1.25, 1.75]
		},
		"thirdperson_lefthand": {
			"rotation": [-78.27, 88.88, 81.43],
			"translation": [0, -2.75, 1.25]
		},
		"firstperson_righthand": {
			"rotation": [13.5, 0, 0],
			"translation": [1, 0.25, 0]
		},
		"firstperson_lefthand": {
			"rotation": [8.5, -89.25, 0],
			"translation": [0, 12.25, 0]
		},
		"ground": {
			"translation": [0, 10.5, 0]
		},
		"gui": {
			"rotation": [-7, 5, -40],
			"translation": [-3.25, -3.5, 0],
			"scale": [0.44, 0.44, 0.4]
		},
		"fixed": {
			"rotation": [0, 0, -23.25],
			"translation": [-3.5, -6.5, 0]
		}
	}
}