{
	"credit": "Created with Blockbench [Exported as resourcepack with the \"resourcepack_packager\" plugin]",
	"texture_size": [64, 64],
	"textures": {
		"0": "nobi/h1",
		"particle": "nobi/h1"
	},
	"elements": [
		{
			"from": [7, 11, 7],
			"to": [9, 28, 9],
			"rotation": {"angle": 0, "axis": "y", "origin": [8, 1, 6]},
			"faces": {
				"north": {"uv": [1, 0, 0.5, 4.25], "texture": "#0"},
				"east": {"uv": [0.5, 0, 1, 4.25], "texture": "#0"},
				"south": {"uv": [1, 0, 0.5, 4.25], "texture": "#0"},
				"west": {"uv": [0.5, 0, 1, 4.25], "texture": "#0"},
				"up": {"uv": [0.5, 0, 1, 4.25], "texture": "#0"},
				"down": {"uv": [0.5, 0, 1, 4.25], "texture": "#0"}
			}
		},
		{
			"from": [6.75, 29, 6.75],
			"to": [9.25, 31, 9.25],
			"rotation": {"angle": 0, "axis": "y", "origin": [8, 1, 6]},
			"faces": {
				"north": {"uv": [5.625, 7.75, 5, 8.25], "texture": "#0"},
				"east": {"uv": [5, 7.75, 5.625, 8.25], "texture": "#0"},
				"south": {"uv": [5.625, 7.75, 5, 8.25], "texture": "#0"},
				"west": {"uv": [5, 7.75, 5.625, 8.25], "texture": "#0"},
				"up": {"uv": [7.875, 4.875, 7.25, 4.25], "texture": "#0"},
				"down": {"uv": [7.875, 5, 7.25, 5.625], "texture": "#0"}
			}
		},
		{
			"from": [6.75, 22, 6.75],
			"to": [9.25, 24, 9.25],
			"rotation": {"angle": 0, "axis": "y", "origin": [8, 1, 6]},
			"faces": {
				"north": {"uv": [8.625, 6.25, 8, 6.75], "texture": "#0"},
				"east": {"uv": [8, 6.25, 8.625, 6.75], "texture": "#0"},
				"south": {"uv": [8.625, 6.25, 8, 6.75], "texture": "#0"},
				"west": {"uv": [8, 6.25, 8.625, 6.75], "texture": "#0"},
				"up": {"uv": [7.5, 0.75, 8.125, 1.375], "texture": "#0"},
				"down": {"uv": [8.125, 0.75, 7.5, 1.375], "texture": "#0"}
			}
		},
		{
			"from": [6.75, 9, 6.75],
			"to": [9.25, 11, 9.25],
			"rotation": {"angle": 0, "axis": "y", "origin": [8, 1, 6]},
			"faces": {
				"north": {"uv": [8.625, 4.25, 8, 4.75], "texture": "#0"},
				"east": {"uv": [8, 4.25, 8.625, 4.75], "texture": "#0"},
				"south": {"uv": [8.625, 4.25, 8, 4.75], "texture": "#0"},
				"west": {"uv": [8, 4.25, 8.625, 4.75], "texture": "#0"},
				"up": {"uv": [7.875, 6.375, 7.25, 5.75], "texture": "#0"},
				"down": {"uv": [7.25, 6.375, 7.875, 5.75], "texture": "#0"}
			}
		},
		{
			"from": [5, 24, 5.75],
			"to": [11, 30, 11.75],
			"rotation": {"angle": 0, "axis": "y", "origin": [8, 1, 2.75]},
			"faces": {
				"north": {"uv": [2, 3.5, 3.5, 5], "texture": "#0"},
				"east": {"uv": [3.5, 3.5, 5, 5], "texture": "#0"},
				"south": {"uv": [3.75, 0, 5.25, 1.5], "texture": "#0"},
				"west": {"uv": [5, 3.5, 3.5, 5], "texture": "#0"},
				"up": {"uv": [3.5, 6.5, 2, 5], "texture": "#0"},
				"down": {"uv": [6.5, 3, 5, 4.5], "texture": "#0"}
			}
		},
		{
			"from": [5.25, 24.25, 3.75],
			"to": [10.75, 29.75, 5.75],
			"rotation": {"angle": 0, "axis": "y", "origin": [8, 1, 2.75]},
			"faces": {
				"north": {"uv": [5.25, 0, 6.625, 1.375], "texture": "#0"},
				"east": {"uv": [4.5, 6.5, 5, 7.875], "texture": "#0"},
				"south": {"uv": [5.25, 1.5, 6.625, 2.875], "texture": "#0"},
				"west": {"uv": [5, 6.5, 4.5, 7.875], "texture": "#0"},
				"up": {"uv": [8.125, 3, 6.75, 2.5], "texture": "#0"},
				"down": {"uv": [8.625, 3.75, 7.25, 4.25], "texture": "#0"}
			}
		},
		{
			"from": [5.25, 24.25, 9.75],
			"to": [10.75, 29.75, 12.75],
			"rotation": {"angle": 0, "axis": "y", "origin": [8, 1, 2.75]},
			"faces": {
				"north": {"uv": [3.5, 5, 4.875, 6.375], "texture": "#0"},
				"east": {"uv": [0, 7, 0.75, 8.375], "texture": "#0"},
				"south": {"uv": [5, 4.5, 6.375, 5.875], "texture": "#0"},
				"west": {"uv": [0.75, 7, 1.5, 8.375], "texture": "#0"},
				"up": {"uv": [8.125, 2.5, 6.75, 1.75], "texture": "#0"},
				"down": {"uv": [2.875, 7.25, 1.5, 8], "texture": "#0"}
			}
		},
		{
			"from": [4.75, 23.75, 12.75],
			"to": [11.25, 30.25, 15.75],
			"rotation": {"angle": 0, "axis": "y", "origin": [8, 1, 2.75]},
			"faces": {
				"north": {"uv": [2, 0, 3.625, 1.625], "texture": "#0"},
				"east": {"uv": [5, 6, 5.75, 7.625], "texture": "#0"},
				"south": {"uv": [2, 1.75, 3.625, 3.375], "texture": "#0"},
				"west": {"uv": [5.75, 6, 5, 7.625], "texture": "#0"},
				"up": {"uv": [3.625, 7.25, 2, 6.5], "texture": "#0"},
				"down": {"uv": [3.625, 6.5, 2, 7.25], "texture": "#0"}
			}
		}
	],
	"gui_light": "front",
	"display": {
		"thirdperson_righthand": {
			"rotation": [-178.77, 3.41, -178.61],
			"translation": [0, -10, 1.75],
			"scale": [1.13, 1.13, 1.13]
		},
		"thirdperson_lefthand": {
			"rotation": [-173.29, -4.16, 178.25],
			"translation": [0, -3.5, 1.75],
			"scale": [1.13, 1.13, 1.13]
		},
		"firstperson_righthand": {
			"rotation": [13.5, 0, 0],
			"translation": [1, -7.5, 0]
		},
		"firstperson_lefthand": {
			"rotation": [8.75, -0.24, 0.07],
			"translation": [1, 10.75, 0]
		},
		"ground": {
			"translation": [0, 10.75, 0]
		},
		"gui": {
			"rotation": [59, 59, -60],
			"translation": [-3.25, -5.5, 0],
			"scale": [0.5, 0.54, 0.4]
		},
		"fixed": {
			"rotation": [92.68, 56.21, -92.21],
			"translation": [-5, -4.75, 0]
		}
	}
}