{
	"credit": "Designed by 손우진 with Cubik Studio - https://cubik.studio",
	"textures": {
		"voxels_atlas": "nobi/hammer"
	},
	"elements": [
		{
			"name": "Element",
			"from": [3.625, 7.625, 3.375],
			"to": [5.5, 8.25, 4.5],
			"faces": {
				"north": {"uv": [1.875, 8.625, 0, 9.25], "texture": "#voxels_atlas"},
				"east": {"uv": [6.375, 15.375, 5.25, 16], "texture": "#voxels_atlas"},
				"south": {"uv": [0, 8, 1.875, 8.625], "texture": "#voxels_atlas"},
				"west": {"uv": [3.875, 8.375, 5, 9], "texture": "#voxels_atlas"},
				"up": {"uv": [0, 14.875, 1.875, 13.75], "texture": "#voxels_atlas"},
				"down": {"uv": [0, 14.875, 1.875, 16], "texture": "#voxels_atlas"}
			}
		},
		{
			"name": "Element",
			"from": [3.75, 7.5, 3.375],
			"to": [5.375, 7.625, 4.5],
			"faces": {
				"north": {"uv": [11, 15.25, 9.375, 15.375], "texture": "#voxels_atlas"},
				"east": {"uv": [14.5, 14.5, 13.375, 14.625], "texture": "#voxels_atlas"},
				"south": {"uv": [14, 15.625, 15.625, 15.75], "texture": "#voxels_atlas"},
				"west": {"uv": [14.5, 14.125, 15.625, 14.25], "texture": "#voxels_atlas"},
				"up": {"uv": [0, 12.625, 1.625, 11.5], "texture": "#voxels_atlas"},
				"down": {"uv": [0, 12.625, 1.625, 13.75], "texture": "#voxels_atlas"}
			}
		},
		{
			"name": "Element",
			"from": [3.75, 7.625, 3],
			"to": [5.375, 8.25, 3.375],
			"faces": {
				"north": {"uv": [3.5, 11.625, 1.875, 12.25], "texture": "#voxels_atlas"},
				"east": {"uv": [3.875, 9.75, 3.5, 10.375], "texture": "#voxels_atlas"},
				"south": {"uv": [1.875, 11, 3.5, 11.625], "texture": "#voxels_atlas"},
				"west": {"uv": [3.5, 11.625, 3.875, 12.25], "texture": "#voxels_atlas"},
				"up": {"uv": [9.375, 16, 11, 15.625], "texture": "#voxels_atlas"},
				"down": {"uv": [7.75, 15.625, 9.375, 16], "texture": "#voxels_atlas"}
			}
		},
		{
			"name": "Element",
			"from": [3.75, 7.625, 4.5],
			"to": [5.5, 8.25, 4.625],
			"faces": {
				"north": {"uv": [3.625, 12.875, 1.875, 13.5], "texture": "#voxels_atlas"},
				"east": {"uv": [5.25, 12.25, 5.125, 12.875], "texture": "#voxels_atlas"},
				"south": {"uv": [1.875, 12.25, 3.625, 12.875], "texture": "#voxels_atlas"},
				"west": {"uv": [5.125, 12.875, 5.25, 13.5], "texture": "#voxels_atlas"},
				"up": {"uv": [9.375, 15.5, 11.125, 15.375], "texture": "#voxels_atlas"},
				"down": {"uv": [14.25, 15.5, 16, 15.625], "texture": "#voxels_atlas"}
			}
		},
		{
			"name": "Element",
			"from": [3.75, 7.625, 4.625],
			"to": [5.375, 8.25, 4.875],
			"faces": {
				"north": {"uv": [3.5, 10.375, 1.875, 11], "texture": "#voxels_atlas"},
				"east": {"uv": [1.875, 12, 1.625, 12.625], "texture": "#voxels_atlas"},
				"south": {"uv": [1.875, 9.75, 3.5, 10.375], "texture": "#voxels_atlas"},
				"west": {"uv": [1.625, 13.125, 1.875, 13.75], "texture": "#voxels_atlas"},
				"up": {"uv": [7.75, 15.5, 9.375, 15.25], "texture": "#voxels_atlas"},
				"down": {"uv": [14, 15.75, 15.625, 16], "texture": "#voxels_atlas"}
			}
		},
		{
			"name": "Element",
			"from": [3.75, 8.25, 3.375],
			"to": [5.375, 8.375, 4.5],
			"faces": {
				"north": {"uv": [12.75, 15.25, 11.125, 15.375], "texture": "#voxels_atlas"},
				"east": {"uv": [12.25, 14.25, 11.125, 14.375], "texture": "#voxels_atlas"},
				"south": {"uv": [11.125, 15.375, 12.75, 15.5], "texture": "#voxels_atlas"},
				"west": {"uv": [8.875, 14.25, 10, 14.375], "texture": "#voxels_atlas"},
				"up": {"uv": [0, 10.375, 1.625, 9.25], "texture": "#voxels_atlas"},
				"down": {"uv": [0, 10.375, 1.625, 11.5], "texture": "#voxels_atlas"}
			}
		},
		{
			"name": "Element",
			"from": [3.875, 7.5, 3],
			"to": [5.25, 7.625, 3.375],
			"faces": {
				"north": {"uv": [10.25, 14.875, 8.875, 15], "texture": "#voxels_atlas"},
				"east": {"uv": [7.75, 8.5, 7.375, 8.625], "texture": "#voxels_atlas"},
				"south": {"uv": [11.875, 15, 13.25, 15.125], "texture": "#voxels_atlas"},
				"west": {"uv": [7.375, 8.625, 7.75, 8.75], "texture": "#voxels_atlas"},
				"up": {"uv": [6.375, 13.875, 7.75, 13.5], "texture": "#voxels_atlas"},
				"down": {"uv": [6.375, 13.125, 7.75, 13.5], "texture": "#voxels_atlas"}
			}
		},
		{
			"name": "Element",
			"from": [3.875, 7.5, 4.5],
			"to": [5.375, 7.625, 4.625],
			"faces": {
				"north": {"uv": [10.375, 15, 8.875, 15.125], "texture": "#voxels_atlas"},
				"east": {"uv": [11.125, 8.75, 11, 8.875], "texture": "#voxels_atlas"},
				"south": {"uv": [10.375, 15, 11.875, 15.125], "texture": "#voxels_atlas"},
				"west": {"uv": [11, 10.375, 11.125, 10.5], "texture": "#voxels_atlas"},
				"up": {"uv": [13.375, 15.25, 14.875, 15.125], "texture": "#voxels_atlas"},
				"down": {"uv": [11.875, 15.125, 13.375, 15.25], "texture": "#voxels_atlas"}
			}
		},
		{
			"name": "Element",
			"from": [3.875, 7.5, 4.625],
			"to": [5.25, 7.625, 4.875],
			"faces": {
				"north": {"uv": [13, 14.875, 11.625, 15], "texture": "#voxels_atlas"},
				"east": {"uv": [16, 15.25, 15.75, 15.375], "texture": "#voxels_atlas"},
				"south": {"uv": [13, 14.875, 14.375, 15], "texture": "#voxels_atlas"},
				"west": {"uv": [15.75, 15.375, 16, 15.5], "texture": "#voxels_atlas"},
				"up": {"uv": [6.375, 10.375, 7.75, 10.125], "texture": "#voxels_atlas"},
				"down": {"uv": [6.375, 10.375, 7.75, 10.625], "texture": "#voxels_atlas"}
			}
		},
		{
			"name": "Element",
			"from": [3.875, 7.625, 2.75],
			"to": [5.125, 8.25, 3],
			"faces": {
				"north": {"uv": [5.125, 10.25, 3.875, 10.875], "texture": "#voxels_atlas"},
				"east": {"uv": [1.875, 9.75, 1.625, 10.375], "texture": "#voxels_atlas"},
				"south": {"uv": [3.875, 10.875, 5.125, 11.5], "texture": "#voxels_atlas"},
				"west": {"uv": [1.625, 10.875, 1.875, 11.5], "texture": "#voxels_atlas"},
				"up": {"uv": [6.375, 9.375, 7.625, 9.125], "texture": "#voxels_atlas"},
				"down": {"uv": [6.375, 9.375, 7.625, 9.625], "texture": "#voxels_atlas"}
			}
		},
		{
			"name": "Element",
			"from": [3.875, 7.625, 4.875],
			"to": [5.25, 8.25, 5],
			"faces": {
				"north": {"uv": [3.25, 9.125, 1.875, 9.75], "texture": "#voxels_atlas"},
				"east": {"uv": [6.375, 9.125, 6.25, 9.75], "texture": "#voxels_atlas"},
				"south": {"uv": [1.875, 8.5, 3.25, 9.125], "texture": "#voxels_atlas"},
				"west": {"uv": [6.25, 9.75, 6.375, 10.375], "texture": "#voxels_atlas"},
				"up": {"uv": [10.25, 15, 11.625, 14.875], "texture": "#voxels_atlas"},
				"down": {"uv": [14.375, 14.875, 15.75, 15], "texture": "#voxels_atlas"}
			}
		},
		{
			"name": "Element",
			"from": [3.875, 7.625, 5],
			"to": [5.125, 8.25, 5.125],
			"faces": {
				"north": {"uv": [5.125, 9, 3.875, 9.625], "texture": "#voxels_atlas"},
				"east": {"uv": [7.75, 11.25, 7.625, 11.875], "texture": "#voxels_atlas"},
				"south": {"uv": [3.875, 9.625, 5.125, 10.25], "texture": "#voxels_atlas"},
				"west": {"uv": [6.25, 8.5, 6.375, 9.125], "texture": "#voxels_atlas"},
				"up": {"uv": [14.25, 14.75, 15.5, 14.625], "texture": "#voxels_atlas"},
				"down": {"uv": [13, 14.625, 14.25, 14.75], "texture": "#voxels_atlas"}
			}
		},
		{
			"name": "Element",
			"from": [3.875, 8.25, 3],
			"to": [5.25, 8.375, 3.375],
			"faces": {
				"north": {"uv": [16, 15, 14.625, 15.125], "texture": "#voxels_atlas"},
				"east": {"uv": [16, 14.375, 15.625, 14.5], "texture": "#voxels_atlas"},
				"south": {"uv": [13.25, 15, 14.625, 15.125], "texture": "#voxels_atlas"},
				"west": {"uv": [15.625, 14.5, 16, 14.625], "texture": "#voxels_atlas"},
				"up": {"uv": [3.875, 8.375, 5.25, 8], "texture": "#voxels_atlas"},
				"down": {"uv": [6.375, 12.75, 7.75, 13.125], "texture": "#voxels_atlas"}
			}
		},
		{
			"name": "Element",
			"from": [3.875, 8.25, 4.5],
			"to": [5.375, 8.375, 4.625],
			"faces": {
				"north": {"uv": [14.25, 15.25, 12.75, 15.375], "texture": "#voxels_atlas"},
				"east": {"uv": [11.125, 8.5, 11, 8.625], "texture": "#voxels_atlas"},
				"south": {"uv": [14.25, 15.375, 15.75, 15.5], "texture": "#voxels_atlas"},
				"west": {"uv": [11, 8.625, 11.125, 8.75], "texture": "#voxels_atlas"},
				"up": {"uv": [12.75, 15.5, 14.25, 15.375], "texture": "#voxels_atlas"},
				"down": {"uv": [10.375, 15.125, 11.875, 15.25], "texture": "#voxels_atlas"}
			}
		},
		{
			"name": "Element",
			"from": [3.875, 8.25, 4.625],
			"to": [5.25, 8.375, 4.875],
			"faces": {
				"north": {"uv": [13, 14.625, 11.625, 14.75], "texture": "#voxels_atlas"},
				"east": {"uv": [8.875, 14, 8.625, 14.125], "texture": "#voxels_atlas"},
				"south": {"uv": [10.25, 14.625, 11.625, 14.75], "texture": "#voxels_atlas"},
				"west": {"uv": [8.625, 14.125, 8.875, 14.25], "texture": "#voxels_atlas"},
				"up": {"uv": [6.375, 9.875, 7.75, 9.625], "texture": "#voxels_atlas"},
				"down": {"uv": [6.375, 9.875, 7.75, 10.125], "texture": "#voxels_atlas"}
			}
		},
		{
			"name": "Element",
			"from": [4, 7.5, 2.875],
			"to": [5.125, 7.625, 3],
			"faces": {
				"north": {"uv": [15.625, 14.375, 14.5, 14.5], "texture": "#voxels_atlas"},
				"east": {"uv": [11.125, 8.125, 11, 8.25], "texture": "#voxels_atlas"},
				"south": {"uv": [11.125, 14.125, 12.25, 14.25], "texture": "#voxels_atlas"},
				"west": {"uv": [11, 8.25, 11.125, 8.375], "texture": "#voxels_atlas"},
				"up": {"uv": [12.25, 14.25, 13.375, 14.125], "texture": "#voxels_atlas"},
				"down": {"uv": [13.375, 14.125, 14.5, 14.25], "texture": "#voxels_atlas"}
			}
		},
		{
			"name": "Element",
			"from": [4, 7.5, 4.875],
			"to": [5.125, 7.625, 5],
			"faces": {
				"north": {"uv": [11.125, 14.375, 10, 14.5], "texture": "#voxels_atlas"},
				"east": {"uv": [11.375, 12.75, 11.25, 12.875], "texture": "#voxels_atlas"},
				"south": {"uv": [12.25, 14.25, 13.375, 14.375], "texture": "#voxels_atlas"},
				"west": {"uv": [11.125, 12.75, 11.25, 12.875], "texture": "#voxels_atlas"},
				"up": {"uv": [8.875, 14.625, 10, 14.5], "texture": "#voxels_atlas"},
				"down": {"uv": [13.375, 14.25, 14.5, 14.375], "texture": "#voxels_atlas"}
			}
		},
		{
			"name": "Element",
			"from": [4, 8.25, 2.875],
			"to": [5.125, 8.375, 3],
			"faces": {
				"north": {"uv": [15.625, 14.5, 14.5, 14.625], "texture": "#voxels_atlas"},
				"east": {"uv": [11.625, 12.75, 11.5, 12.875], "texture": "#voxels_atlas"},
				"south": {"uv": [8.875, 14.375, 10, 14.5], "texture": "#voxels_atlas"},
				"west": {"uv": [11.375, 12.75, 11.5, 12.875], "texture": "#voxels_atlas"},
				"up": {"uv": [10, 14.625, 11.125, 14.5], "texture": "#voxels_atlas"},
				"down": {"uv": [10, 14.25, 11.125, 14.375], "texture": "#voxels_atlas"}
			}
		},
		{
			"name": "Element",
			"from": [4, 8.25, 4.875],
			"to": [5.125, 8.375, 5],
			"faces": {
				"north": {"uv": [13.375, 14.375, 12.25, 14.5], "texture": "#voxels_atlas"},
				"east": {"uv": [11.875, 12.75, 11.75, 12.875], "texture": "#voxels_atlas"},
				"south": {"uv": [11.125, 14.375, 12.25, 14.5], "texture": "#voxels_atlas"},
				"west": {"uv": [11.625, 12.75, 11.75, 12.875], "texture": "#voxels_atlas"},
				"up": {"uv": [12.25, 14.625, 13.375, 14.5], "texture": "#voxels_atlas"},
				"down": {"uv": [11.125, 14.5, 12.25, 14.625], "texture": "#voxels_atlas"}
			}
		},
		{
			"name": "Element",
			"from": [5.125, 7.625, 2.875],
			"to": [5.25, 8.25, 3],
			"faces": {
				"north": {"uv": [8.875, 12.375, 8.75, 13], "texture": "#voxels_atlas"},
				"east": {"uv": [8.625, 11.75, 8.5, 12.375], "texture": "#voxels_atlas"},
				"south": {"uv": [8.25, 11.75, 8.375, 12.375], "texture": "#voxels_atlas"},
				"west": {"uv": [8.375, 11.75, 8.5, 12.375], "texture": "#voxels_atlas"},
				"up": {"uv": [12.5, 12.875, 12.625, 12.75], "texture": "#voxels_atlas"},
				"down": {"uv": [12.125, 12.75, 12.25, 12.875], "texture": "#voxels_atlas"}
			}
		},
		{
			"name": "Element",
			"from": [5.25, 7.5, 3.25],
			"to": [5.375, 7.625, 3.375],
			"faces": {
				"north": {"uv": [13.25, 12.75, 13.125, 12.875], "texture": "#voxels_atlas"},
				"east": {"uv": [14.25, 12.75, 14.125, 12.875], "texture": "#voxels_atlas"},
				"south": {"uv": [13.25, 12.75, 13.375, 12.875], "texture": "#voxels_atlas"},
				"west": {"uv": [13.75, 12.75, 13.875, 12.875], "texture": "#voxels_atlas"},
				"up": {"uv": [13, 12.875, 13.125, 12.75], "texture": "#voxels_atlas"},
				"down": {"uv": [12.875, 12.75, 13, 12.875], "texture": "#voxels_atlas"}
			}
		},
		{
			"name": "Element",
			"from": [5.25, 8.25, 3.25],
			"to": [5.375, 8.375, 3.375],
			"faces": {
				"north": {"uv": [14.625, 12.75, 14.5, 12.875], "texture": "#voxels_atlas"},
				"east": {"uv": [15.25, 12.75, 15.125, 12.875], "texture": "#voxels_atlas"},
				"south": {"uv": [14.625, 12.75, 14.75, 12.875], "texture": "#voxels_atlas"},
				"west": {"uv": [14.75, 12.75, 14.875, 12.875], "texture": "#voxels_atlas"},
				"up": {"uv": [14.375, 12.875, 14.5, 12.75], "texture": "#voxels_atlas"},
				"down": {"uv": [14.25, 12.75, 14.375, 12.875], "texture": "#voxels_atlas"}
			}
		},
		{
			"name": "Element",
			"from": [5.375, 7.5, 3.625],
			"to": [5.5, 7.625, 4.375],
			"faces": {
				"north": {"uv": [15.375, 12.75, 15.25, 12.875], "texture": "#voxels_atlas"},
				"east": {"uv": [9.625, 10.375, 8.875, 10.5], "texture": "#voxels_atlas"},
				"south": {"uv": [15.375, 12.75, 15.5, 12.875], "texture": "#voxels_atlas"},
				"west": {"uv": [8.875, 10.5, 9.625, 10.625], "texture": "#voxels_atlas"},
				"up": {"uv": [8.5, 14.875, 8.625, 14.125], "texture": "#voxels_atlas"},
				"down": {"uv": [8.375, 14.125, 8.5, 14.875], "texture": "#voxels_atlas"}
			}
		},
		{
			"name": "Element",
			"from": [5.375, 7.625, 3.25],
			"to": [5.5, 8.25, 3.375],
			"faces": {
				"north": {"uv": [8.375, 9.375, 8.25, 10], "texture": "#voxels_atlas"},
				"east": {"uv": [8.75, 9.375, 8.625, 10], "texture": "#voxels_atlas"},
				"south": {"uv": [8.375, 9.375, 8.5, 10], "texture": "#voxels_atlas"},
				"west": {"uv": [8.5, 9.375, 8.625, 10], "texture": "#voxels_atlas"},
				"up": {"uv": [15.625, 12.875, 15.75, 12.75], "texture": "#voxels_atlas"},
				"down": {"uv": [15.5, 12.75, 15.625, 12.875], "texture": "#voxels_atlas"}
			}
		},
		{
			"name": "Element",
			"from": [5.375, 8.25, 3.625],
			"to": [5.5, 8.375, 4.375],
			"faces": {
				"north": {"uv": [15.875, 12.75, 15.75, 12.875], "texture": "#voxels_atlas"},
				"east": {"uv": [9.625, 9.875, 8.875, 10], "texture": "#voxels_atlas"},
				"south": {"uv": [11.125, 12.25, 11.25, 12.375], "texture": "#voxels_atlas"},
				"west": {"uv": [8.875, 10, 9.625, 10.125], "texture": "#voxels_atlas"},
				"up": {"uv": [5.125, 12.25, 5.25, 11.5], "texture": "#voxels_atlas"},
				"down": {"uv": [5, 11.5, 5.125, 12.25], "texture": "#voxels_atlas"}
			}
		},
		{
			"name": "Element",
			"from": [5.5, 7.625, 3.625],
			"to": [7.5, 8.25, 4.25],
			"faces": {
				"north": {"uv": [3.875, 14.125, 1.875, 14.75], "texture": "#voxels_atlas"},
				"east": {"uv": [7.5, 12.125, 6.875, 12.75], "texture": "#voxels_atlas"},
				"south": {"uv": [1.875, 15.375, 3.875, 16], "texture": "#voxels_atlas"},
				"west": {"uv": [3.25, 9.125, 3.875, 9.75], "texture": "#voxels_atlas"},
				"up": {"uv": [1.875, 14.125, 3.875, 13.5], "texture": "#voxels_atlas"},
				"down": {"uv": [1.875, 14.75, 3.875, 15.375], "texture": "#voxels_atlas"}
			}
		},
		{
			"name": "Element",
			"from": [5.625, 7.5, 3.625],
			"to": [5.75, 7.625, 4.25],
			"faces": {
				"north": {"uv": [11.25, 12.125, 11.125, 12.25], "texture": "#voxels_atlas"},
				"east": {"uv": [8.875, 8.25, 8.25, 8.375], "texture": "#voxels_atlas"},
				"south": {"uv": [11.125, 12, 11.25, 12.125], "texture": "#voxels_atlas"},
				"west": {"uv": [8.25, 8.375, 8.875, 8.5], "texture": "#voxels_atlas"},
				"up": {"uv": [8.5, 9.375, 8.625, 8.75], "texture": "#voxels_atlas"},
				"down": {"uv": [8.375, 8.75, 8.5, 9.375], "texture": "#voxels_atlas"}
			}
		},
		{
			"name": "Element",
			"from": [5.625, 7.625, 3.5],
			"to": [5.75, 8.25, 3.625],
			"faces": {
				"north": {"uv": [10, 13.25, 9.875, 13.875], "texture": "#voxels_atlas"},
				"east": {"uv": [10, 11.375, 9.875, 12], "texture": "#voxels_atlas"},
				"south": {"uv": [9.875, 12.625, 10, 13.25], "texture": "#voxels_atlas"},
				"west": {"uv": [9.875, 12, 10, 12.625], "texture": "#voxels_atlas"},
				"up": {"uv": [11.125, 11.375, 11.25, 11.25], "texture": "#voxels_atlas"},
				"down": {"uv": [11.125, 11.625, 11.25, 11.75], "texture": "#voxels_atlas"}
			}
		},
		{
			"name": "Element",
			"from": [5.625, 7.625, 4.25],
			"to": [5.75, 8.25, 4.375],
			"faces": {
				"north": {"uv": [10, 10.75, 9.875, 11.375], "texture": "#voxels_atlas"},
				"east": {"uv": [10, 8.875, 9.875, 9.5], "texture": "#voxels_atlas"},
				"south": {"uv": [9.875, 10.125, 10, 10.75], "texture": "#voxels_atlas"},
				"west": {"uv": [9.875, 9.5, 10, 10.125], "texture": "#voxels_atlas"},
				"up": {"uv": [11.125, 10.875, 11.25, 10.75], "texture": "#voxels_atlas"},
				"down": {"uv": [11.125, 10.875, 11.25, 11], "texture": "#voxels_atlas"}
			}
		},
		{
			"name": "Element",
			"from": [5.625, 8.25, 3.625],
			"to": [5.75, 8.375, 4.25],
			"faces": {
				"north": {"uv": [11.25, 10.625, 11.125, 10.75], "texture": "#voxels_atlas"},
				"east": {"uv": [13.125, 13.875, 12.5, 14], "texture": "#voxels_atlas"},
				"south": {"uv": [11.125, 10.5, 11.25, 10.625], "texture": "#voxels_atlas"},
				"west": {"uv": [11.875, 13.875, 12.5, 14], "texture": "#voxels_atlas"},
				"up": {"uv": [10, 13.875, 10.125, 13.25], "texture": "#voxels_atlas"},
				"down": {"uv": [9.875, 8.25, 10, 8.875], "texture": "#voxels_atlas"}
			}
		},
		{
			"name": "Element",
			"from": [5.875, 7.5, 3.625],
			"to": [6, 7.625, 4.25],
			"faces": {
				"north": {"uv": [11.25, 10.125, 11.125, 10.25], "texture": "#voxels_atlas"},
				"east": {"uv": [15.625, 13.875, 15, 14], "texture": "#voxels_atlas"},
				"south": {"uv": [11.125, 10, 11.25, 10.125], "texture": "#voxels_atlas"},
				"west": {"uv": [14.375, 13.875, 15, 14], "texture": "#voxels_atlas"},
				"up": {"uv": [10, 12.625, 10.125, 12], "texture": "#voxels_atlas"},
				"down": {"uv": [10, 12.625, 10.125, 13.25], "texture": "#voxels_atlas"}
			}
		},
		{
			"name": "Element",
			"from": [5.875, 7.625, 3.5],
			"to": [6, 8.25, 3.625],
			"faces": {
				"north": {"uv": [10.125, 10.125, 10, 10.75], "texture": "#voxels_atlas"},
				"east": {"uv": [10.125, 8.25, 10, 8.875], "texture": "#voxels_atlas"},
				"south": {"uv": [10, 9.5, 10.125, 10.125], "texture": "#voxels_atlas"},
				"west": {"uv": [10, 8.875, 10.125, 9.5], "texture": "#voxels_atlas"},
				"up": {"uv": [11.125, 9.625, 11.25, 9.5], "texture": "#voxels_atlas"},
				"down": {"uv": [11.125, 9.875, 11.25, 10], "texture": "#voxels_atlas"}
			}
		},
		{
			"name": "Element",
			"from": [5.875, 7.625, 4.25],
			"to": [6, 8.25, 4.375],
			"faces": {
				"north": {"uv": [10.25, 12, 10.125, 12.625], "texture": "#voxels_atlas"},
				"east": {"uv": [10.25, 10.125, 10.125, 10.75], "texture": "#voxels_atlas"},
				"south": {"uv": [10.125, 11.375, 10.25, 12], "texture": "#voxels_atlas"},
				"west": {"uv": [10.125, 10.75, 10.25, 11.375], "texture": "#voxels_atlas"},
				"up": {"uv": [11.125, 9.375, 11.25, 9.25], "texture": "#voxels_atlas"},
				"down": {"uv": [11, 10.5, 11.125, 10.625], "texture": "#voxels_atlas"}
			}
		},
		{
			"name": "Element",
			"from": [5.875, 8.25, 3.625],
			"to": [6, 8.375, 4.25],
			"faces": {
				"north": {"uv": [11.25, 9.125, 11.125, 9.25], "texture": "#voxels_atlas"},
				"east": {"uv": [12.75, 13.75, 12.125, 13.875], "texture": "#voxels_atlas"},
				"south": {"uv": [11.125, 8, 11.25, 8.125], "texture": "#voxels_atlas"},
				"west": {"uv": [11.5, 13.75, 12.125, 13.875], "texture": "#voxels_atlas"},
				"up": {"uv": [10.125, 9.5, 10.25, 8.875], "texture": "#voxels_atlas"},
				"down": {"uv": [10.125, 9.5, 10.25, 10.125], "texture": "#voxels_atlas"}
			}
		},
		{
			"name": "Element",
			"from": [6, 7.5, 3.75],
			"to": [6.125, 7.625, 4.125],
			"faces": {
				"north": {"uv": [11.5, 12.625, 11.375, 12.75], "texture": "#voxels_atlas"},
				"east": {"uv": [15.125, 13.125, 14.75, 13.25], "texture": "#voxels_atlas"},
				"south": {"uv": [11.5, 12.625, 11.625, 12.75], "texture": "#voxels_atlas"},
				"west": {"uv": [14.375, 13.125, 14.75, 13.25], "texture": "#voxels_atlas"},
				"up": {"uv": [10.625, 12.75, 10.75, 12.375], "texture": "#voxels_atlas"},
				"down": {"uv": [10.625, 12.75, 10.75, 13.125], "texture": "#voxels_atlas"}
			}
		},
		{
			"name": "Element",
			"from": [6, 7.875, 8.5],
			"to": [6.75, 8, 8.625],
			"faces": {
				"north": {"uv": [9.625, 10.625, 8.875, 10.75], "texture": "#voxels_atlas"},
				"east": {"uv": [12.125, 12.625, 12, 12.75], "texture": "#voxels_atlas"},
				"south": {"uv": [9.875, 13.875, 10.625, 14], "texture": "#voxels_atlas"},
				"west": {"uv": [11.625, 12.625, 11.75, 12.75], "texture": "#voxels_atlas"},
				"up": {"uv": [8.875, 9.75, 9.625, 9.625], "texture": "#voxels_atlas"},
				"down": {"uv": [8.875, 10.875, 9.625, 11], "texture": "#voxels_atlas"}
			}
		},
		{
			"name": "Element",
			"from": [6, 8.25, 3.75],
			"to": [6.125, 8.375, 4.125],
			"faces": {
				"north": {"uv": [12.25, 12.625, 12.125, 12.75], "texture": "#voxels_atlas"},
				"east": {"uv": [15.875, 13.125, 15.5, 13.25], "texture": "#voxels_atlas"},
				"south": {"uv": [12.25, 12.625, 12.375, 12.75], "texture": "#voxels_atlas"},
				"west": {"uv": [15.125, 13.125, 15.5, 13.25], "texture": "#voxels_atlas"},
				"up": {"uv": [10.625, 11.25, 10.75, 10.875], "texture": "#voxels_atlas"},
				"down": {"uv": [10.625, 11.25, 10.75, 11.625], "texture": "#voxels_atlas"}
			}
		},
		{
			"name": "Element",
			"from": [6.125, 7.5, 3.625],
			"to": [6.25, 7.625, 3.75],
			"faces": {
				"north": {"uv": [13, 12.625, 12.875, 12.75], "texture": "#voxels_atlas"},
				"east": {"uv": [13.875, 12.625, 13.75, 12.75], "texture": "#voxels_atlas"},
				"south": {"uv": [13, 12.625, 13.125, 12.75], "texture": "#voxels_atlas"},
				"west": {"uv": [13.625, 12.625, 13.75, 12.75], "texture": "#voxels_atlas"},
				"up": {"uv": [12.75, 12.75, 12.875, 12.625], "texture": "#voxels_atlas"},
				"down": {"uv": [12.625, 12.625, 12.75, 12.75], "texture": "#voxels_atlas"}
			}
		},
		{
			"name": "Element",
			"from": [6.125, 7.5, 4.125],
			"to": [6.25, 7.625, 4.25],
			"faces": {
				"north": {"uv": [14.25, 12.625, 14.125, 12.75], "texture": "#voxels_atlas"},
				"east": {"uv": [15.375, 12.625, 15.25, 12.75], "texture": "#voxels_atlas"},
				"south": {"uv": [14.5, 12.625, 14.625, 12.75], "texture": "#voxels_atlas"},
				"west": {"uv": [15.125, 12.625, 15.25, 12.75], "texture": "#voxels_atlas"},
				"up": {"uv": [14, 12.75, 14.125, 12.625], "texture": "#voxels_atlas"},
				"down": {"uv": [13.875, 12.625, 14, 12.75], "texture": "#voxels_atlas"}
			}
		},
		{
			"name": "Element",
			"from": [6.125, 7.625, 3.5],
			"to": [6.625, 8.25, 3.625],
			"faces": {
				"north": {"uv": [8.25, 12.75, 7.75, 13.375], "texture": "#voxels_atlas"},
				"east": {"uv": [8.875, 11.75, 8.75, 12.375], "texture": "#voxels_atlas"},
				"south": {"uv": [7.75, 12.125, 8.25, 12.75], "texture": "#voxels_atlas"},
				"west": {"uv": [8.625, 11.75, 8.75, 12.375], "texture": "#voxels_atlas"},
				"up": {"uv": [10.875, 13.625, 11.375, 13.5], "texture": "#voxels_atlas"},
				"down": {"uv": [10.375, 13.5, 10.875, 13.625], "texture": "#voxels_atlas"}
			}
		},
		{
			"name": "Element",
			"from": [6.125, 7.625, 4.25],
			"to": [6.625, 8.25, 4.375],
			"faces": {
				"north": {"uv": [8.25, 14, 7.75, 14.625], "texture": "#voxels_atlas"},
				"east": {"uv": [8.75, 11.125, 8.625, 11.75], "texture": "#voxels_atlas"},
				"south": {"uv": [7, 10.625, 7.5, 11.25], "texture": "#voxels_atlas"},
				"west": {"uv": [8.5, 11.125, 8.625, 11.75], "texture": "#voxels_atlas"},
				"up": {"uv": [11.875, 13.625, 12.375, 13.5], "texture": "#voxels_atlas"},
				"down": {"uv": [11.375, 13.5, 11.875, 13.625], "texture": "#voxels_atlas"}
			}
		},
		{
			"name": "Element",
			"from": [6.125, 7.75, 3.375],
			"to": [6.625, 8.125, 3.5],
			"faces": {
				"north": {"uv": [8.25, 11.375, 7.75, 11.75], "texture": "#voxels_atlas"},
				"east": {"uv": [10.5, 12.5, 10.375, 12.875], "texture": "#voxels_atlas"},
				"south": {"uv": [7.75, 11, 8.25, 11.375], "texture": "#voxels_atlas"},
				"west": {"uv": [10.375, 12.875, 10.5, 13.25], "texture": "#voxels_atlas"},
				"up": {"uv": [12.875, 13.625, 13.375, 13.5], "texture": "#voxels_atlas"},
				"down": {"uv": [12.375, 13.5, 12.875, 13.625], "texture": "#voxels_atlas"}
			}
		},
		{
			"name": "Element",
			"from": [6.125, 7.75, 4.375],
			"to": [6.625, 8.125, 4.5],
			"faces": {
				"north": {"uv": [8.25, 11.75, 7.75, 12.125], "texture": "#voxels_atlas"},
				"east": {"uv": [10.5, 11.75, 10.375, 12.125], "texture": "#voxels_atlas"},
				"south": {"uv": [6.375, 8.125, 6.875, 8.5], "texture": "#voxels_atlas"},
				"west": {"uv": [10.375, 12.125, 10.5, 12.5], "texture": "#voxels_atlas"},
				"up": {"uv": [14.875, 13.625, 15.375, 13.5], "texture": "#voxels_atlas"},
				"down": {"uv": [14.375, 13.5, 14.875, 13.625], "texture": "#voxels_atlas"}
			}
		},
		{
			"name": "Element",
			"from": [6.125, 7.75, 8.5],
			"to": [6.625, 7.875, 8.625],
			"faces": {
				"north": {"uv": [12.375, 13.375, 11.875, 13.5], "texture": "#voxels_atlas"},
				"east": {"uv": [11.375, 12.5, 11.25, 12.625], "texture": "#voxels_atlas"},
				"south": {"uv": [12.375, 13.375, 12.875, 13.5], "texture": "#voxels_atlas"},
				"west": {"uv": [15.875, 12.625, 16, 12.75], "texture": "#voxels_atlas"},
				"up": {"uv": [11.375, 13.5, 11.875, 13.375], "texture": "#voxels_atlas"},
				"down": {"uv": [10.875, 13.375, 11.375, 13.5], "texture": "#voxels_atlas"}
			}
		},
		{
			"name": "Element",
			"from": [6.125, 7.875, 3.125],
			"to": [6.5, 8, 3.25],
			"faces": {
				"north": {"uv": [15.625, 13.25, 15.25, 13.375], "texture": "#voxels_atlas"},
				"east": {"uv": [11.375, 12, 11.25, 12.125], "texture": "#voxels_atlas"},
				"south": {"uv": [15.625, 13.25, 16, 13.375], "texture": "#voxels_atlas"},
				"west": {"uv": [11.25, 12.375, 11.375, 12.5], "texture": "#voxels_atlas"},
				"up": {"uv": [14.875, 13.375, 15.25, 13.25], "texture": "#voxels_atlas"},
				"down": {"uv": [14.5, 13.25, 14.875, 13.375], "texture": "#voxels_atlas"}
			}
		},
		{
			"name": "Element",
			"from": [6.125, 7.875, 4.75],
			"to": [6.625, 8, 4.875],
			"faces": {
				"north": {"uv": [10.875, 13.25, 10.375, 13.375], "texture": "#voxels_atlas"},
				"east": {"uv": [11.375, 11.625, 11.25, 11.75], "texture": "#voxels_atlas"},
				"south": {"uv": [10.875, 13.25, 11.375, 13.375], "texture": "#voxels_atlas"},
				"west": {"uv": [11.25, 11.75, 11.375, 11.875], "texture": "#voxels_atlas"},
				"up": {"uv": [15.375, 13.5, 15.875, 13.375], "texture": "#voxels_atlas"},
				"down": {"uv": [14.875, 13.375, 15.375, 13.5], "texture": "#voxels_atlas"}
			}
		},
		{
			"name": "Element",
			"from": [6.125, 7.875, 5],
			"to": [6.625, 8, 5.125],
			"faces": {
				"north": {"uv": [12.875, 13.25, 12.375, 13.375], "texture": "#voxels_atlas"},
				"east": {"uv": [11.375, 10.25, 11.25, 10.375], "texture": "#voxels_atlas"},
				"south": {"uv": [12.875, 13.25, 13.375, 13.375], "texture": "#voxels_atlas"},
				"west": {"uv": [11.25, 11.5, 11.375, 11.625], "texture": "#voxels_atlas"},
				"up": {"uv": [11.875, 13.375, 12.375, 13.25], "texture": "#voxels_atlas"},
				"down": {"uv": [11.375, 13.25, 11.875, 13.375], "texture": "#voxels_atlas"}
			}
		},
		{
			"name": "Element",
			"from": [6.125, 7.875, 8.375],
			"to": [6.625, 8, 8.5],
			"faces": {
				"north": {"uv": [13.75, 13.75, 13.25, 13.875], "texture": "#voxels_atlas"},
				"east": {"uv": [11.375, 9.375, 11.25, 9.5], "texture": "#voxels_atlas"},
				"south": {"uv": [13.75, 13.75, 14.25, 13.875], "texture": "#voxels_atlas"},
				"west": {"uv": [11.25, 9.5, 11.375, 9.625], "texture": "#voxels_atlas"},
				"up": {"uv": [12.75, 13.875, 13.25, 13.75], "texture": "#voxels_atlas"},
				"down": {"uv": [15.5, 14, 16, 14.125], "texture": "#voxels_atlas"}
			}
		},
		{
			"name": "Element",
			"from": [6.125, 7.875, 8.625],
			"to": [6.625, 8, 8.75],
			"faces": {
				"north": {"uv": [15.75, 13.75, 15.25, 13.875], "texture": "#voxels_atlas"},
				"east": {"uv": [11.375, 9.125, 11.25, 9.25], "texture": "#voxels_atlas"},
				"south": {"uv": [10.375, 13.625, 10.875, 13.75], "texture": "#voxels_atlas"},
				"west": {"uv": [11.25, 9.25, 11.375, 9.375], "texture": "#voxels_atlas"},
				"up": {"uv": [14.75, 13.875, 15.25, 13.75], "texture": "#voxels_atlas"},
				"down": {"uv": [14.25, 13.75, 14.75, 13.875], "texture": "#voxels_atlas"}
			}
		},
		{
			"name": "Element",
			"from": [6.125, 8, 8.5],
			"to": [6.625, 8.125, 8.625],
			"faces": {
				"north": {"uv": [12.375, 13.625, 11.875, 13.75], "texture": "#voxels_atlas"},
				"east": {"uv": [11.375, 8.125, 11.25, 8.25], "texture": "#voxels_atlas"},
				"south": {"uv": [12.375, 13.625, 12.875, 13.75], "texture": "#voxels_atlas"},
				"west": {"uv": [11.25, 8.25, 11.375, 8.375], "texture": "#voxels_atlas"},
				"up": {"uv": [11.375, 13.75, 11.875, 13.625], "texture": "#voxels_atlas"},
				"down": {"uv": [10.875, 13.625, 11.375, 13.75], "texture": "#voxels_atlas"}
			}
		},
		{
			"name": "Element",
			"from": [6.125, 8.25, 3.625],
			"to": [6.25, 8.375, 3.75],
			"faces": {
				"north": {"uv": [13.25, 12.5, 13.125, 12.625], "texture": "#voxels_atlas"},
				"east": {"uv": [12.5, 12.5, 12.375, 12.625], "texture": "#voxels_atlas"},
				"south": {"uv": [13.5, 12.5, 13.625, 12.625], "texture": "#voxels_atlas"},
				"west": {"uv": [13.625, 12.5, 13.75, 12.625], "texture": "#voxels_atlas"},
				"up": {"uv": [13, 12.625, 13.125, 12.5], "texture": "#voxels_atlas"},
				"down": {"uv": [12.875, 12.5, 13, 12.625], "texture": "#voxels_atlas"}
			}
		},
		{
			"name": "Element",
			"from": [6.125, 8.25, 4.125],
			"to": [6.25, 8.375, 4.25],
			"faces": {
				"north": {"uv": [12.125, 12.5, 12, 12.625], "texture": "#voxels_atlas"},
				"east": {"uv": [11.375, 11.875, 11.25, 12], "texture": "#voxels_atlas"},
				"south": {"uv": [11.25, 9.625, 11.375, 9.75], "texture": "#voxels_atlas"},
				"west": {"uv": [11.25, 9.75, 11.375, 9.875], "texture": "#voxels_atlas"},
				"up": {"uv": [12.125, 12.625, 12.25, 12.5], "texture": "#voxels_atlas"},
				"down": {"uv": [12.25, 12.5, 12.375, 12.625], "texture": "#voxels_atlas"}
			}
		},
		{
			"name": "Element",
			"from": [6.25, 7.5, 3.5],
			"to": [6.5, 7.625, 3.625],
			"faces": {
				"north": {"uv": [11, 8.5, 10.75, 8.625], "texture": "#voxels_atlas"},
				"east": {"uv": [15.5, 12.625, 15.375, 12.75], "texture": "#voxels_atlas"},
				"south": {"uv": [10.75, 8.625, 11, 8.75], "texture": "#voxels_atlas"},
				"west": {"uv": [15.75, 12.625, 15.875, 12.75], "texture": "#voxels_atlas"},
				"up": {"uv": [10.75, 8.5, 11, 8.375], "texture": "#voxels_atlas"},
				"down": {"uv": [10.75, 8.25, 11, 8.375], "texture": "#voxels_atlas"}
			}
		},
		{
			"name": "Element",
			"from": [6.25, 7.5, 3.75],
			"to": [6.5, 7.625, 4.125],
			"faces": {
				"north": {"uv": [11, 8.75, 10.75, 8.875], "texture": "#voxels_atlas"},
				"east": {"uv": [16, 13.875, 15.625, 14], "texture": "#voxels_atlas"},
				"south": {"uv": [10.75, 8.875, 11, 9], "texture": "#voxels_atlas"},
				"west": {"uv": [13.375, 13.25, 13.75, 13.375], "texture": "#voxels_atlas"},
				"up": {"uv": [7.5, 12.75, 7.75, 12.375], "texture": "#voxels_atlas"},
				"down": {"uv": [5, 8.625, 5.25, 9], "texture": "#voxels_atlas"}
			}
		},
		{
			"name": "Element",
			"from": [6.25, 7.5, 4.25],
			"to": [6.5, 7.625, 4.375],
			"faces": {
				"north": {"uv": [11, 9.5, 10.75, 9.625], "texture": "#voxels_atlas"},
				"east": {"uv": [13.25, 12.625, 13.125, 12.75], "texture": "#voxels_atlas"},
				"south": {"uv": [10.75, 9.625, 11, 9.75], "texture": "#voxels_atlas"},
				"west": {"uv": [13.5, 12.625, 13.625, 12.75], "texture": "#voxels_atlas"},
				"up": {"uv": [10.75, 9.5, 11, 9.375], "texture": "#voxels_atlas"},
				"down": {"uv": [10.75, 9, 11, 9.125], "texture": "#voxels_atlas"}
			}
		},
		{
			"name": "Element",
			"from": [6.25, 7.625, 3.375],
			"to": [6.5, 7.75, 3.5],
			"faces": {
				"north": {"uv": [11, 10, 10.75, 10.125], "texture": "#voxels_atlas"},
				"east": {"uv": [12.5, 12.625, 12.375, 12.75], "texture": "#voxels_atlas"},
				"south": {"uv": [10.75, 10.125, 11, 10.25], "texture": "#voxels_atlas"},
				"west": {"uv": [12.5, 12.625, 12.625, 12.75], "texture": "#voxels_atlas"},
				"up": {"uv": [10.75, 10, 11, 9.875], "texture": "#voxels_atlas"},
				"down": {"uv": [10.75, 9.75, 11, 9.875], "texture": "#voxels_atlas"}
			}
		},
		{
			"name": "Element",
			"from": [6.25, 7.625, 4.375],
			"to": [6.5, 7.75, 4.625],
			"faces": {
				"north": {"uv": [11, 10.5, 10.75, 10.625], "texture": "#voxels_atlas"},
				"east": {"uv": [11, 10.875, 10.75, 11], "texture": "#voxels_atlas"},
				"south": {"uv": [10.75, 10.625, 11, 10.75], "texture": "#voxels_atlas"},
				"west": {"uv": [10.75, 10.75, 11, 10.875], "texture": "#voxels_atlas"},
				"up": {"uv": [7.375, 14.125, 7.625, 13.875], "texture": "#voxels_atlas"},
				"down": {"uv": [5, 8.375, 5.25, 8.625], "texture": "#voxels_atlas"}
			}
		},
		{
			"name": "Element",
			"from": [6.25, 7.75, 3],
			"to": [6.375, 8.125, 3.125],
			"faces": {
				"north": {"uv": [10.75, 9.375, 10.625, 9.75], "texture": "#voxels_atlas"},
				"east": {"uv": [10.75, 10.5, 10.625, 10.875], "texture": "#voxels_atlas"},
				"south": {"uv": [10.625, 9.75, 10.75, 10.125], "texture": "#voxels_atlas"},
				"west": {"uv": [10.625, 10.125, 10.75, 10.5], "texture": "#voxels_atlas"},
				"up": {"uv": [11.125, 8.375, 11.25, 8.25], "texture": "#voxels_atlas"},
				"down": {"uv": [11.25, 12.625, 11.375, 12.75], "texture": "#voxels_atlas"}
			}
		},
		{
			"name": "Element",
			"from": [6.25, 7.75, 3.125],
			"to": [6.375, 7.875, 3.375],
			"faces": {
				"north": {"uv": [11.25, 9.375, 11.125, 9.5], "texture": "#voxels_atlas"},
				"east": {"uv": [11, 11.375, 10.75, 11.5], "texture": "#voxels_atlas"},
				"south": {"uv": [11.125, 9.75, 11.25, 9.875], "texture": "#voxels_atlas"},
				"west": {"uv": [10.75, 11.25, 11, 11.375], "texture": "#voxels_atlas"},
				"up": {"uv": [7.625, 12.125, 7.75, 11.875], "texture": "#voxels_atlas"},
				"down": {"uv": [7.625, 9.375, 7.75, 9.625], "texture": "#voxels_atlas"}
			}
		},
		{
			"name": "Element",
			"from": [6.25, 7.75, 4.5],
			"to": [6.5, 8.25, 4.625],
			"faces": {
				"north": {"uv": [1.875, 12.625, 1.625, 13.125], "texture": "#voxels_atlas"},
				"east": {"uv": [10.375, 10.125, 10.25, 10.625], "texture": "#voxels_atlas"},
				"south": {"uv": [1.625, 11.5, 1.875, 12], "texture": "#voxels_atlas"},
				"west": {"uv": [7.625, 8, 7.75, 8.5], "texture": "#voxels_atlas"},
				"up": {"uv": [10.75, 11.75, 11, 11.625], "texture": "#voxels_atlas"},
				"down": {"uv": [10.75, 11.5, 11, 11.625], "texture": "#voxels_atlas"}
			}
		},
		{
			"name": "Element",
			"from": [6.25, 7.75, 4.625],
			"to": [6.5, 8.125, 4.75],
			"faces": {
				"north": {"uv": [3.875, 13.125, 3.625, 13.5], "texture": "#voxels_atlas"},
				"east": {"uv": [10.75, 12, 10.625, 12.375], "texture": "#voxels_atlas"},
				"south": {"uv": [3.625, 12.5, 3.875, 12.875], "texture": "#voxels_atlas"},
				"west": {"uv": [10.625, 11.625, 10.75, 12], "texture": "#voxels_atlas"},
				"up": {"uv": [10.75, 12.25, 11, 12.125], "texture": "#voxels_atlas"},
				"down": {"uv": [10.75, 12, 11, 12.125], "texture": "#voxels_atlas"}
			}
		},
		{
			"name": "Element",
			"from": [6.25, 7.75, 4.75],
			"to": [6.5, 7.875, 4.875],
			"faces": {
				"north": {"uv": [11, 12.5, 10.75, 12.625], "texture": "#voxels_atlas"},
				"east": {"uv": [16, 12.75, 15.875, 12.875], "texture": "#voxels_atlas"},
				"south": {"uv": [10.75, 12.625, 11, 12.75], "texture": "#voxels_atlas"},
				"west": {"uv": [11.125, 12.375, 11.25, 12.5], "texture": "#voxels_atlas"},
				"up": {"uv": [10.75, 12.5, 11, 12.375], "texture": "#voxels_atlas"},
				"down": {"uv": [10.75, 12.25, 11, 12.375], "texture": "#voxels_atlas"}
			}
		},
		{
			"name": "Element",
			"from": [6.25, 7.75, 5],
			"to": [6.5, 7.875, 5.125],
			"faces": {
				"north": {"uv": [16, 13, 15.75, 13.125], "texture": "#voxels_atlas"},
				"east": {"uv": [15, 12.75, 14.875, 12.875], "texture": "#voxels_atlas"},
				"south": {"uv": [15, 13, 15.25, 13.125], "texture": "#voxels_atlas"},
				"west": {"uv": [15, 12.75, 15.125, 12.875], "texture": "#voxels_atlas"},
				"up": {"uv": [10.75, 13, 11, 12.875], "texture": "#voxels_atlas"},
				"down": {"uv": [10.75, 12.75, 11, 12.875], "texture": "#voxels_atlas"}
			}
		},
		{
			"name": "Element",
			"from": [6.25, 7.75, 8.625],
			"to": [6.5, 7.875, 8.75],
			"faces": {
				"north": {"uv": [14, 13, 13.75, 13.125], "texture": "#voxels_atlas"},
				"east": {"uv": [13.75, 12.75, 13.625, 12.875], "texture": "#voxels_atlas"},
				"south": {"uv": [13.5, 13, 13.75, 13.125], "texture": "#voxels_atlas"},
				"west": {"uv": [14, 12.75, 14.125, 12.875], "texture": "#voxels_atlas"},
				"up": {"uv": [14, 13.125, 14.25, 13], "texture": "#voxels_atlas"},
				"down": {"uv": [14.75, 13, 15, 13.125], "texture": "#voxels_atlas"}
			}
		},
		{
			"name": "Element",
			"from": [6.25, 7.875, 2.875],
			"to": [6.625, 8, 3],
			"faces": {
				"north": {"uv": [12.875, 13.125, 12.5, 13.25], "texture": "#voxels_atlas"},
				"east": {"uv": [12.75, 12.75, 12.625, 12.875], "texture": "#voxels_atlas"},
				"south": {"uv": [12.125, 13.125, 12.5, 13.25], "texture": "#voxels_atlas"},
				"west": {"uv": [12.75, 12.75, 12.875, 12.875], "texture": "#voxels_atlas"},
				"up": {"uv": [12.875, 13.25, 13.25, 13.125], "texture": "#voxels_atlas"},
				"down": {"uv": [13.25, 13.125, 13.625, 13.25], "texture": "#voxels_atlas"}
			}
		},
		{
			"name": "Element",
			"from": [6.25, 7.875, 3.25],
			"to": [6.5, 8.125, 3.375],
			"faces": {
				"north": {"uv": [7.75, 12.125, 7.5, 12.375], "texture": "#voxels_atlas"},
				"east": {"uv": [3.875, 8, 3.75, 8.25], "texture": "#voxels_atlas"},
				"south": {"uv": [7.375, 11.875, 7.625, 12.125], "texture": "#voxels_atlas"},
				"west": {"uv": [7.625, 13.875, 7.75, 14.125], "texture": "#voxels_atlas"},
				"up": {"uv": [11.75, 13.125, 12, 13], "texture": "#voxels_atlas"},
				"down": {"uv": [12, 13, 12.25, 13.125], "texture": "#voxels_atlas"}
			}
		},
		{
			"name": "Element",
			"from": [6.25, 7.875, 4.875],
			"to": [6.5, 8, 5],
			"faces": {
				"north": {"uv": [11.25, 13, 11, 13.125], "texture": "#voxels_atlas"},
				"east": {"uv": [11.125, 8.375, 11, 8.5], "texture": "#voxels_atlas"},
				"south": {"uv": [10.75, 13, 11, 13.125], "texture": "#voxels_atlas"},
				"west": {"uv": [11, 8, 11.125, 8.125], "texture": "#voxels_atlas"},
				"up": {"uv": [11.25, 13.125, 11.5, 13], "texture": "#voxels_atlas"},
				"down": {"uv": [11.5, 13, 11.75, 13.125], "texture": "#voxels_atlas"}
			}
		},
		{
			"name": "Element",
			"from": [6.25, 7.875, 5.125],
			"to": [6.5, 8, 8.375],
			"faces": {
				"north": {"uv": [9.875, 8.125, 9.625, 8.25], "texture": "#voxels_atlas"},
				"east": {"uv": [11, 15.5, 7.75, 15.625], "texture": "#voxels_atlas"},
				"south": {"uv": [9.625, 8.25, 9.875, 8.375], "texture": "#voxels_atlas"},
				"west": {"uv": [11, 15.5, 14.25, 15.625], "texture": "#voxels_atlas"},
				"up": {"uv": [4.125, 14.75, 4.375, 11.5], "texture": "#voxels_atlas"},
				"down": {"uv": [3.875, 11.5, 4.125, 14.75], "texture": "#voxels_atlas"}
			}
		},
		{
			"name": "Element",
			"from": [6.25, 7.875, 8.75],
			"to": [6.5, 8, 8.875],
			"faces": {
				"north": {"uv": [9.875, 10, 9.625, 10.125], "texture": "#voxels_atlas"},
				"east": {"uv": [11.125, 10.75, 11, 10.875], "texture": "#voxels_atlas"},
				"south": {"uv": [1.625, 9.25, 1.875, 9.375], "texture": "#voxels_atlas"},
				"west": {"uv": [11, 10.625, 11.125, 10.75], "texture": "#voxels_atlas"},
				"up": {"uv": [9.625, 10, 9.875, 9.875], "texture": "#voxels_atlas"},
				"down": {"uv": [9.625, 8.375, 9.875, 8.5], "texture": "#voxels_atlas"}
			}
		},
		{
			"name": "Element",
			"from": [6.25, 8, 3.125],
			"to": [6.375, 8.125, 3.25],
			"faces": {
				"north": {"uv": [11.125, 11.125, 11, 11.25], "texture": "#voxels_atlas"},
				"east": {"uv": [14, 12.75, 13.875, 12.875], "texture": "#voxels_atlas"},
				"south": {"uv": [11.125, 8.625, 11.25, 8.75], "texture": "#voxels_atlas"},
				"west": {"uv": [11.125, 9, 11.25, 9.125], "texture": "#voxels_atlas"},
				"up": {"uv": [11, 11.125, 11.125, 11], "texture": "#voxels_atlas"},
				"down": {"uv": [11, 10.875, 11.125, 11], "texture": "#voxels_atlas"}
			}
		},
		{
			"name": "Element",
			"from": [6.25, 8, 4.75],
			"to": [6.5, 8.125, 4.875],
			"faces": {
				"north": {"uv": [11, 8, 10.75, 8.125], "texture": "#voxels_atlas"},
				"east": {"uv": [12.875, 12.5, 12.75, 12.625], "texture": "#voxels_atlas"},
				"south": {"uv": [11.25, 12.875, 11.5, 13], "texture": "#voxels_atlas"},
				"west": {"uv": [11.25, 10.125, 11.375, 10.25], "texture": "#voxels_atlas"},
				"up": {"uv": [10.75, 8.25, 11, 8.125], "texture": "#voxels_atlas"},
				"down": {"uv": [13.25, 13, 13.5, 13.125], "texture": "#voxels_atlas"}
			}
		},
		{
			"name": "Element",
			"from": [6.25, 8, 5],
			"to": [6.5, 8.125, 5.125],
			"faces": {
				"north": {"uv": [9.875, 10.25, 9.625, 10.375], "texture": "#voxels_atlas"},
				"east": {"uv": [14.75, 12.875, 14.625, 13], "texture": "#voxels_atlas"},
				"south": {"uv": [9.625, 8.625, 9.875, 8.75], "texture": "#voxels_atlas"},
				"west": {"uv": [14.75, 12.875, 14.875, 13], "texture": "#voxels_atlas"},
				"up": {"uv": [9.625, 10.25, 9.875, 10.125], "texture": "#voxels_atlas"},
				"down": {"uv": [12, 12.875, 12.25, 13], "texture": "#voxels_atlas"}
			}
		},
		{
			"name": "Element",
			"from": [6.25, 8, 8.625],
			"to": [6.5, 8.125, 8.75],
			"faces": {
				"north": {"uv": [9.875, 8, 9.625, 8.125], "texture": "#voxels_atlas"},
				"east": {"uv": [14.375, 12.875, 14.25, 13], "texture": "#voxels_atlas"},
				"south": {"uv": [10.75, 11.125, 11, 11.25], "texture": "#voxels_atlas"},
				"west": {"uv": [14.125, 12.875, 14.25, 13], "texture": "#voxels_atlas"},
				"up": {"uv": [15.75, 13.875, 16, 13.75], "texture": "#voxels_atlas"},
				"down": {"uv": [9.625, 9.25, 9.875, 9.375], "texture": "#voxels_atlas"}
			}
		},
		{
			"name": "Element",
			"from": [6.25, 8.125, 3.375],
			"to": [6.5, 8.25, 3.5],
			"faces": {
				"north": {"uv": [9.875, 9, 9.625, 9.125], "texture": "#voxels_atlas"},
				"east": {"uv": [15.125, 12.875, 15, 13], "texture": "#voxels_atlas"},
				"south": {"uv": [9.625, 8.875, 9.875, 9], "texture": "#voxels_atlas"},
				"west": {"uv": [14.875, 12.875, 15, 13], "texture": "#voxels_atlas"},
				"up": {"uv": [9.625, 9.5, 9.875, 9.375], "texture": "#voxels_atlas"},
				"down": {"uv": [9.625, 9.625, 9.875, 9.75], "texture": "#voxels_atlas"}
			}
		},
		{
			"name": "Element",
			"from": [6.25, 8.125, 4.375],
			"to": [6.5, 8.25, 4.5],
			"faces": {
				"north": {"uv": [9.875, 10.5, 9.625, 10.625], "texture": "#voxels_atlas"},
				"east": {"uv": [11.25, 8.375, 11.125, 8.5], "texture": "#voxels_atlas"},
				"south": {"uv": [9.625, 10.375, 9.875, 10.5], "texture": "#voxels_atlas"},
				"west": {"uv": [11.125, 8.5, 11.25, 8.625], "texture": "#voxels_atlas"},
				"up": {"uv": [8, 8.125, 8.25, 8], "texture": "#voxels_atlas"},
				"down": {"uv": [8, 9.875, 8.25, 10], "texture": "#voxels_atlas"}
			}
		},
		{
			"name": "Element",
			"from": [6.25, 8.25, 3.5],
			"to": [6.5, 8.375, 3.625],
			"faces": {
				"north": {"uv": [9.875, 8.75, 9.625, 8.875], "texture": "#voxels_atlas"},
				"east": {"uv": [11.125, 12.5, 11, 12.625], "texture": "#voxels_atlas"},
				"south": {"uv": [1.625, 10.375, 1.875, 10.5], "texture": "#voxels_atlas"},
				"west": {"uv": [11, 12.625, 11.125, 12.75], "texture": "#voxels_atlas"},
				"up": {"uv": [10.75, 9.25, 11, 9.125], "texture": "#voxels_atlas"},
				"down": {"uv": [10.75, 9.25, 11, 9.375], "texture": "#voxels_atlas"}
			}
		},
		{
			"name": "Element",
			"from": [6.25, 8.25, 3.75],
			"to": [6.5, 8.375, 4.125],
			"faces": {
				"north": {"uv": [12.75, 13, 12.5, 13.125], "texture": "#voxels_atlas"},
				"east": {"uv": [14.375, 13.125, 14, 13.25], "texture": "#voxels_atlas"},
				"south": {"uv": [12.75, 13, 13, 13.125], "texture": "#voxels_atlas"},
				"west": {"uv": [13.625, 13.125, 14, 13.25], "texture": "#voxels_atlas"},
				"up": {"uv": [1.625, 9.75, 1.875, 9.375], "texture": "#voxels_atlas"},
				"down": {"uv": [1.625, 10.5, 1.875, 10.875], "texture": "#voxels_atlas"}
			}
		},
		{
			"name": "Element",
			"from": [6.25, 8.25, 4.25],
			"to": [6.5, 8.375, 4.375],
			"faces": {
				"north": {"uv": [15.5, 13, 15.25, 13.125], "texture": "#voxels_atlas"},
				"east": {"uv": [11.25, 11, 11.125, 11.125], "texture": "#voxels_atlas"},
				"south": {"uv": [15.5, 13, 15.75, 13.125], "texture": "#voxels_atlas"},
				"west": {"uv": [11.125, 11.125, 11.25, 11.25], "texture": "#voxels_atlas"},
				"up": {"uv": [14.5, 13.125, 14.75, 13], "texture": "#voxels_atlas"},
				"down": {"uv": [14.25, 13, 14.5, 13.125], "texture": "#voxels_atlas"}
			}
		},
		{
			"name": "Element",
			"from": [6.375, 7.75, 2.75],
			"to": [6.5, 8.125, 2.875],
			"faces": {
				"north": {"uv": [8.25, 9.5, 8.125, 9.875], "texture": "#voxels_atlas"},
				"east": {"uv": [10.375, 9, 10.25, 9.375], "texture": "#voxels_atlas"},
				"south": {"uv": [10.25, 9.75, 10.375, 10.125], "texture": "#voxels_atlas"},
				"west": {"uv": [10.25, 9.375, 10.375, 9.75], "texture": "#voxels_atlas"},
				"up": {"uv": [11.125, 10.375, 11.25, 10.25], "texture": "#voxels_atlas"},
				"down": {"uv": [11.125, 10.375, 11.25, 10.5], "texture": "#voxels_atlas"}
			}
		},
		{
			"name": "Element",
			"from": [6.375, 7.75, 2.875],
			"to": [6.5, 7.875, 3],
			"faces": {
				"north": {"uv": [14.875, 12.625, 14.75, 12.75], "texture": "#voxels_atlas"},
				"east": {"uv": [11.375, 11.125, 11.25, 11.25], "texture": "#voxels_atlas"},
				"south": {"uv": [14.875, 12.625, 15, 12.75], "texture": "#voxels_atlas"},
				"west": {"uv": [11.25, 11.25, 11.375, 11.375], "texture": "#voxels_atlas"},
				"up": {"uv": [14.375, 12.75, 14.5, 12.625], "texture": "#voxels_atlas"},
				"down": {"uv": [14.25, 12.625, 14.375, 12.75], "texture": "#voxels_atlas"}
			}
		},
		{
			"name": "Element",
			"from": [6.375, 7.75, 3.25],
			"to": [6.5, 7.875, 3.375],
			"faces": {
				"north": {"uv": [11.375, 9, 11.25, 9.125], "texture": "#voxels_atlas"},
				"east": {"uv": [11.375, 8.625, 11.25, 8.75], "texture": "#voxels_atlas"},
				"south": {"uv": [11.25, 8.875, 11.375, 9], "texture": "#voxels_atlas"},
				"west": {"uv": [11.25, 8.75, 11.375, 8.875], "texture": "#voxels_atlas"},
				"up": {"uv": [11.25, 11, 11.375, 10.875], "texture": "#voxels_atlas"},
				"down": {"uv": [11.25, 11, 11.375, 11.125], "texture": "#voxels_atlas"}
			}
		},
		{
			"name": "Element",
			"from": [6.375, 7.875, 2.5],
			"to": [6.625, 8, 2.75],
			"faces": {
				"north": {"uv": [12.5, 12.875, 12.25, 13], "texture": "#voxels_atlas"},
				"east": {"uv": [13.25, 12.875, 13, 13], "texture": "#voxels_atlas"},
				"south": {"uv": [12.5, 12.875, 12.75, 13], "texture": "#voxels_atlas"},
				"west": {"uv": [12.75, 12.875, 13, 13], "texture": "#voxels_atlas"},
				"up": {"uv": [3.625, 13.125, 3.875, 12.875], "texture": "#voxels_atlas"},
				"down": {"uv": [3.625, 12.25, 3.875, 12.5], "texture": "#voxels_atlas"}
			}
		},
		{
			"name": "Element",
			"from": [6.375, 7.875, 3],
			"to": [6.5, 8, 3.125],
			"faces": {
				"north": {"uv": [7.875, 8, 7.75, 8.125], "texture": "#voxels_atlas"},
				"east": {"uv": [8.625, 14, 8.5, 14.125], "texture": "#voxels_atlas"},
				"south": {"uv": [7.875, 8, 8, 8.125], "texture": "#voxels_atlas"},
				"west": {"uv": [8.375, 14, 8.5, 14.125], "texture": "#voxels_atlas"},
				"up": {"uv": [11, 15.375, 11.125, 15.25], "texture": "#voxels_atlas"},
				"down": {"uv": [13.75, 12.5, 13.875, 12.625], "texture": "#voxels_atlas"}
			}
		},
		{
			"name": "Element",
			"from": [6.375, 8, 2.875],
			"to": [6.5, 8.125, 3],
			"faces": {
				"north": {"uv": [9.875, 13, 9.75, 13.125], "texture": "#voxels_atlas"},
				"east": {"uv": [9.875, 12.625, 9.75, 12.75], "texture": "#voxels_atlas"},
				"south": {"uv": [9.75, 12.875, 9.875, 13], "texture": "#voxels_atlas"},
				"west": {"uv": [9.75, 12.75, 9.875, 12.875], "texture": "#voxels_atlas"},
				"up": {"uv": [9.75, 13.25, 9.875, 13.125], "texture": "#voxels_atlas"},
				"down": {"uv": [9.75, 13.25, 9.875, 13.375], "texture": "#voxels_atlas"}
			}
		},
		{
			"name": "Element",
			"from": [6.5, 7.5, 3.625],
			"to": [6.625, 7.625, 3.75],
			"faces": {
				"north": {"uv": [9.875, 12.25, 9.75, 12.375], "texture": "#voxels_atlas"},
				"east": {"uv": [9.875, 11.875, 9.75, 12], "texture": "#voxels_atlas"},
				"south": {"uv": [9.75, 12.125, 9.875, 12.25], "texture": "#voxels_atlas"},
				"west": {"uv": [9.75, 12, 9.875, 12.125], "texture": "#voxels_atlas"},
				"up": {"uv": [9.75, 12.5, 9.875, 12.375], "texture": "#voxels_atlas"},
				"down": {"uv": [9.75, 12.5, 9.875, 12.625], "texture": "#voxels_atlas"}
			}
		},
		{
			"name": "Element",
			"from": [6.5, 7.5, 4.125],
			"to": [6.625, 7.625, 4.25],
			"faces": {
				"north": {"uv": [9.875, 11.5, 9.75, 11.625], "texture": "#voxels_atlas"},
				"east": {"uv": [9.875, 11.125, 9.75, 11.25], "texture": "#voxels_atlas"},
				"south": {"uv": [9.75, 11.375, 9.875, 11.5], "texture": "#voxels_atlas"},
				"west": {"uv": [9.75, 11.25, 9.875, 11.375], "texture": "#voxels_atlas"},
				"up": {"uv": [9.75, 11.75, 9.875, 11.625], "texture": "#voxels_atlas"},
				"down": {"uv": [9.75, 11.75, 9.875, 11.875], "texture": "#voxels_atlas"}
			}
		},
		{
			"name": "Element",
			"from": [6.5, 7.875, 2.375],
			"to": [6.75, 8, 2.5],
			"faces": {
				"north": {"uv": [9.875, 10.75, 9.625, 10.875], "texture": "#voxels_atlas"},
				"east": {"uv": [10.375, 8, 10.25, 8.125], "texture": "#voxels_atlas"},
				"south": {"uv": [9.625, 10.625, 9.875, 10.75], "texture": "#voxels_atlas"},
				"west": {"uv": [10.25, 8.125, 10.375, 8.25], "texture": "#voxels_atlas"},
				"up": {"uv": [9.625, 11, 9.875, 10.875], "texture": "#voxels_atlas"},
				"down": {"uv": [9.625, 11, 9.875, 11.125], "texture": "#voxels_atlas"}
			}
		},
		{
			"name": "Element",
			"from": [6.5, 7.875, 2.75],
			"to": [6.625, 8, 2.875],
			"faces": {
				"north": {"uv": [16, 13.375, 15.875, 13.5], "texture": "#voxels_atlas"},
				"east": {"uv": [10.75, 9.125, 10.625, 9.25], "texture": "#voxels_atlas"},
				"south": {"uv": [15.875, 13.125, 16, 13.25], "texture": "#voxels_atlas"},
				"west": {"uv": [10.625, 9.25, 10.75, 9.375], "texture": "#voxels_atlas"},
				"up": {"uv": [15.875, 13.625, 16, 13.5], "texture": "#voxels_atlas"},
				"down": {"uv": [15.875, 13.625, 16, 13.75], "texture": "#voxels_atlas"}
			}
		},
		{
			"name": "Element",
			"from": [6.5, 8.25, 3.625],
			"to": [6.625, 8.375, 3.75],
			"faces": {
				"north": {"uv": [10.75, 8.75, 10.625, 8.875], "texture": "#voxels_atlas"},
				"east": {"uv": [10.75, 8.375, 10.625, 8.5], "texture": "#voxels_atlas"},
				"south": {"uv": [10.625, 8.625, 10.75, 8.75], "texture": "#voxels_atlas"},
				"west": {"uv": [10.625, 8.5, 10.75, 8.625], "texture": "#voxels_atlas"},
				"up": {"uv": [10.625, 9, 10.75, 8.875], "texture": "#voxels_atlas"},
				"down": {"uv": [10.625, 9, 10.75, 9.125], "texture": "#voxels_atlas"}
			}
		},
		{
			"name": "Element",
			"from": [6.5, 8.25, 4.125],
			"to": [6.625, 8.375, 4.25],
			"faces": {
				"north": {"uv": [10.75, 8, 10.625, 8.125], "texture": "#voxels_atlas"},
				"east": {"uv": [13.625, 12.875, 13.5, 13], "texture": "#voxels_atlas"},
				"south": {"uv": [13.25, 12.875, 13.375, 13], "texture": "#voxels_atlas"},
				"west": {"uv": [13.375, 12.875, 13.5, 13], "texture": "#voxels_atlas"},
				"up": {"uv": [10.625, 8.25, 10.75, 8.125], "texture": "#voxels_atlas"},
				"down": {"uv": [10.625, 8.25, 10.75, 8.375], "texture": "#voxels_atlas"}
			}
		},
		{
			"name": "Element",
			"from": [6.625, 7.5, 3.75],
			"to": [6.75, 7.625, 4.125],
			"faces": {
				"north": {"uv": [13.75, 12.875, 13.625, 13], "texture": "#voxels_atlas"},
				"east": {"uv": [11.375, 13.125, 11, 13.25], "texture": "#voxels_atlas"},
				"south": {"uv": [13.75, 12.875, 13.875, 13], "texture": "#voxels_atlas"},
				"west": {"uv": [10.625, 13.125, 11, 13.25], "texture": "#voxels_atlas"},
				"up": {"uv": [10.5, 12.125, 10.625, 11.75], "texture": "#voxels_atlas"},
				"down": {"uv": [10.5, 12.125, 10.625, 12.5], "texture": "#voxels_atlas"}
			}
		},
		{
			"name": "Element",
			"from": [6.625, 8.25, 3.75],
			"to": [6.75, 8.375, 4.125],
			"faces": {
				"north": {"uv": [14, 12.875, 13.875, 13], "texture": "#voxels_atlas"},
				"east": {"uv": [12.125, 13.125, 11.75, 13.25], "texture": "#voxels_atlas"},
				"south": {"uv": [14, 12.875, 14.125, 13], "texture": "#voxels_atlas"},
				"west": {"uv": [11.375, 13.125, 11.75, 13.25], "texture": "#voxels_atlas"},
				"up": {"uv": [10.5, 10.625, 10.625, 10.25], "texture": "#voxels_atlas"},
				"down": {"uv": [10.5, 10.625, 10.625, 11], "texture": "#voxels_atlas"}
			}
		},
		{
			"name": "Element",
			"from": [6.875, 7.5, 3.625],
			"to": [7, 7.625, 4.25],
			"faces": {
				"north": {"uv": [14.5, 12.875, 14.375, 13], "texture": "#voxels_atlas"},
				"east": {"uv": [8.875, 10.875, 8.25, 11], "texture": "#voxels_atlas"},
				"south": {"uv": [14.5, 12.875, 14.625, 13], "texture": "#voxels_atlas"},
				"west": {"uv": [8.25, 11, 8.875, 11.125], "texture": "#voxels_atlas"},
				"up": {"uv": [8.375, 11.75, 8.5, 11.125], "texture": "#voxels_atlas"},
				"down": {"uv": [8.25, 11.125, 8.375, 11.75], "texture": "#voxels_atlas"}
			}
		},
		{
			"name": "Element",
			"from": [6.875, 7.625, 3.5],
			"to": [7.375, 8.25, 3.625],
			"faces": {
				"north": {"uv": [6.875, 8.5, 6.375, 9.125], "texture": "#voxels_atlas"},
				"east": {"uv": [8.375, 10.25, 8.25, 10.875], "texture": "#voxels_atlas"},
				"south": {"uv": [7.75, 13.375, 8.25, 14], "texture": "#voxels_atlas"},
				"west": {"uv": [8.75, 11.125, 8.875, 11.75], "texture": "#voxels_atlas"},
				"up": {"uv": [15.5, 14.75, 16, 14.625], "texture": "#voxels_atlas"},
				"down": {"uv": [6.375, 8, 6.875, 8.125], "texture": "#voxels_atlas"}
			}
		},
		{
			"name": "Element",
			"from": [6.875, 7.625, 4.25],
			"to": [7.375, 8.25, 4.375],
			"faces": {
				"north": {"uv": [8.25, 14.625, 7.75, 15.25], "texture": "#voxels_atlas"},
				"east": {"uv": [8.625, 10.25, 8.5, 10.875], "texture": "#voxels_atlas"},
				"south": {"uv": [6.875, 8.5, 7.375, 9.125], "texture": "#voxels_atlas"},
				"west": {"uv": [8.375, 10.25, 8.5, 10.875], "texture": "#voxels_atlas"},
				"up": {"uv": [13.375, 13.75, 13.875, 13.625], "texture": "#voxels_atlas"},
				"down": {"uv": [12.875, 13.625, 13.375, 13.75], "texture": "#voxels_atlas"}
			}
		},
		{
			"name": "Element",
			"from": [6.875, 8.25, 3.625],
			"to": [7, 8.375, 4.25],
			"faces": {
				"north": {"uv": [15.25, 12.875, 15.125, 13], "texture": "#voxels_atlas"},
				"east": {"uv": [8.875, 10, 8.25, 10.125], "texture": "#voxels_atlas"},
				"south": {"uv": [15.25, 12.875, 15.375, 13], "texture": "#voxels_atlas"},
				"west": {"uv": [8.25, 10.125, 8.875, 10.25], "texture": "#voxels_atlas"},
				"up": {"uv": [8.75, 10.875, 8.875, 10.25], "texture": "#voxels_atlas"},
				"down": {"uv": [8.625, 10.25, 8.75, 10.875], "texture": "#voxels_atlas"}
			}
		},
		{
			"name": "Element",
			"from": [7, 7.75, 3.375],
			"to": [7.375, 8.125, 3.5],
			"faces": {
				"north": {"uv": [7.75, 14.125, 7.375, 14.5], "texture": "#voxels_atlas"},
				"east": {"uv": [10.375, 8.25, 10.25, 8.625], "texture": "#voxels_atlas"},
				"south": {"uv": [7.75, 9.5, 8.125, 9.875], "texture": "#voxels_atlas"},
				"west": {"uv": [10.25, 8.625, 10.375, 9], "texture": "#voxels_atlas"},
				"up": {"uv": [15.625, 14.25, 16, 14.125], "texture": "#voxels_atlas"},
				"down": {"uv": [15.625, 14.25, 16, 14.375], "texture": "#voxels_atlas"}
			}
		},
		{
			"name": "Element",
			"from": [7, 7.75, 4.375],
			"to": [7.375, 8.125, 4.5],
			"faces": {
				"north": {"uv": [16, 15.625, 15.625, 16], "texture": "#voxels_atlas"},
				"east": {"uv": [10.5, 11, 10.375, 11.375], "texture": "#voxels_atlas"},
				"south": {"uv": [7.375, 8.75, 7.75, 9.125], "texture": "#voxels_atlas"},
				"west": {"uv": [10.375, 11.375, 10.5, 11.75], "texture": "#voxels_atlas"},
				"up": {"uv": [14.125, 13.375, 14.5, 13.25], "texture": "#voxels_atlas"},
				"down": {"uv": [13.75, 13.25, 14.125, 13.375], "texture": "#voxels_atlas"}
			}
		},
		{
			"name": "Element",
			"from": [7.125, 7.5, 3.375],
			"to": [7.25, 7.75, 3.5],
			"faces": {
				"north": {"uv": [10.25, 8, 10.125, 8.25], "texture": "#voxels_atlas"},
				"east": {"uv": [7.75, 9.125, 7.625, 9.375], "texture": "#voxels_atlas"},
				"south": {"uv": [10, 8, 10.125, 8.25], "texture": "#voxels_atlas"},
				"west": {"uv": [9.875, 8, 10, 8.25], "texture": "#voxels_atlas"},
				"up": {"uv": [11.25, 8.125, 11.375, 8], "texture": "#voxels_atlas"},
				"down": {"uv": [11.375, 12.5, 11.5, 12.625], "texture": "#voxels_atlas"}
			}
		},
		{
			"name": "Element",
			"from": [7.125, 7.5, 3.5],
			"to": [7.25, 7.625, 4.5],
			"faces": {
				"north": {"uv": [11.375, 10.375, 11.25, 10.5], "texture": "#voxels_atlas"},
				"east": {"uv": [15.5, 14, 14.5, 14.125], "texture": "#voxels_atlas"},
				"south": {"uv": [11.25, 10.5, 11.375, 10.625], "texture": "#voxels_atlas"},
				"west": {"uv": [8.875, 13.625, 9.875, 13.75], "texture": "#voxels_atlas"},
				"up": {"uv": [8, 11, 8.125, 10], "texture": "#voxels_atlas"},
				"down": {"uv": [8.125, 10, 8.25, 11], "texture": "#voxels_atlas"}
			}
		},
		{
			"name": "Element",
			"from": [7.125, 7.625, 4.375],
			"to": [7.375, 7.75, 4.5],
			"faces": {
				"north": {"uv": [11, 11.75, 10.75, 11.875], "texture": "#voxels_atlas"},
				"east": {"uv": [12, 12.75, 11.875, 12.875], "texture": "#voxels_atlas"},
				"south": {"uv": [10.75, 11.875, 11, 12], "texture": "#voxels_atlas"},
				"west": {"uv": [12, 12.75, 12.125, 12.875], "texture": "#voxels_atlas"},
				"up": {"uv": [10.75, 10.5, 11, 10.375], "texture": "#voxels_atlas"},
				"down": {"uv": [10.75, 10.25, 11, 10.375], "texture": "#voxels_atlas"}
			}
		},
		{
			"name": "Element",
			"from": [7.125, 7.75, 3.25],
			"to": [7.25, 8.125, 3.375],
			"faces": {
				"north": {"uv": [10.5, 10.625, 10.375, 11], "texture": "#voxels_atlas"},
				"east": {"uv": [10.5, 9.5, 10.375, 9.875], "texture": "#voxels_atlas"},
				"south": {"uv": [10.375, 10.25, 10.5, 10.625], "texture": "#voxels_atlas"},
				"west": {"uv": [10.375, 9.875, 10.5, 10.25], "texture": "#voxels_atlas"},
				"up": {"uv": [11, 11.5, 11.125, 11.375], "texture": "#voxels_atlas"},
				"down": {"uv": [11, 11.25, 11.125, 11.375], "texture": "#voxels_atlas"}
			}
		},
		{
			"name": "Element",
			"from": [7.125, 7.75, 4.5],
			"to": [7.25, 8.125, 4.625],
			"faces": {
				"north": {"uv": [10.5, 9.125, 10.375, 9.5], "texture": "#voxels_atlas"},
				"east": {"uv": [10.5, 8, 10.375, 8.375], "texture": "#voxels_atlas"},
				"south": {"uv": [10.375, 8.75, 10.5, 9.125], "texture": "#voxels_atlas"},
				"west": {"uv": [10.375, 8.375, 10.5, 8.75], "texture": "#voxels_atlas"},
				"up": {"uv": [11, 12.125, 11.125, 12], "texture": "#voxels_atlas"},
				"down": {"uv": [11, 12.125, 11.125, 12.25], "texture": "#voxels_atlas"}
			}
		},
		{
			"name": "Element",
			"from": [7.125, 8.125, 3.375],
			"to": [7.375, 8.25, 3.5],
			"faces": {
				"north": {"uv": [9.875, 9.75, 9.625, 9.875], "texture": "#voxels_atlas"},
				"east": {"uv": [11.125, 11.5, 11, 11.625], "texture": "#voxels_atlas"},
				"south": {"uv": [9.625, 9.125, 9.875, 9.25], "texture": "#voxels_atlas"},
				"west": {"uv": [11, 11.625, 11.125, 11.75], "texture": "#voxels_atlas"},
				"up": {"uv": [15.75, 14.875, 16, 14.75], "texture": "#voxels_atlas"},
				"down": {"uv": [15.75, 14.875, 16, 15], "texture": "#voxels_atlas"}
			}
		},
		{
			"name": "Element",
			"from": [7.125, 8.125, 4.375],
			"to": [7.375, 8.25, 4.5],
			"faces": {
				"north": {"uv": [12.5, 13, 12.25, 13.125], "texture": "#voxels_atlas"},
				"east": {"uv": [13.625, 12.75, 13.5, 12.875], "texture": "#voxels_atlas"},
				"south": {"uv": [13, 13, 13.25, 13.125], "texture": "#voxels_atlas"},
				"west": {"uv": [13.375, 12.75, 13.5, 12.875], "texture": "#voxels_atlas"},
				"up": {"uv": [9.625, 8.625, 9.875, 8.5], "texture": "#voxels_atlas"},
				"down": {"uv": [9.625, 9.5, 9.875, 9.625], "texture": "#voxels_atlas"}
			}
		},
		{
			"name": "Element",
			"from": [7.125, 8.25, 3.375],
			"to": [7.25, 8.375, 4.5],
			"faces": {
				"north": {"uv": [11.25, 11.5, 11.125, 11.625], "texture": "#voxels_atlas"},
				"east": {"uv": [14.5, 14.375, 13.375, 14.5], "texture": "#voxels_atlas"},
				"south": {"uv": [11.125, 11.375, 11.25, 11.5], "texture": "#voxels_atlas"},
				"west": {"uv": [14.875, 15.125, 16, 15.25], "texture": "#voxels_atlas"},
				"up": {"uv": [7.75, 11, 7.875, 9.875], "texture": "#voxels_atlas"},
				"down": {"uv": [7.875, 9.875, 8, 11], "texture": "#voxels_atlas"}
			}
		},
		{
			"name": "Element",
			"from": [7.25, 7.5, 3.625],
			"to": [7.375, 7.625, 4.25],
			"faces": {
				"north": {"uv": [13.375, 12.625, 13.25, 12.75], "texture": "#voxels_atlas"},
				"east": {"uv": [8.875, 8.5, 8.25, 8.625], "texture": "#voxels_atlas"},
				"south": {"uv": [13.375, 12.625, 13.5, 12.75], "texture": "#voxels_atlas"},
				"west": {"uv": [8.25, 8.625, 8.875, 8.75], "texture": "#voxels_atlas"},
				"up": {"uv": [8.25, 9.375, 8.375, 8.75], "texture": "#voxels_atlas"},
				"down": {"uv": [8.75, 9.375, 8.875, 10], "texture": "#voxels_atlas"}
			}
		},
		{
			"name": "Element",
			"from": [7.25, 7.625, 3.375],
			"to": [7.375, 7.75, 3.5],
			"faces": {
				"north": {"uv": [15.5, 12.875, 15.375, 13], "texture": "#voxels_atlas"},
				"east": {"uv": [15.875, 12.875, 15.75, 13], "texture": "#voxels_atlas"},
				"south": {"uv": [15.5, 12.875, 15.625, 13], "texture": "#voxels_atlas"},
				"west": {"uv": [15.625, 12.875, 15.75, 13], "texture": "#voxels_atlas"},
				"up": {"uv": [15, 12.75, 15.125, 12.625], "texture": "#voxels_atlas"},
				"down": {"uv": [14.625, 12.625, 14.75, 12.75], "texture": "#voxels_atlas"}
			}
		},
		{
			"name": "Element",
			"from": [7.25, 8.25, 3.625],
			"to": [7.375, 8.375, 4.25],
			"faces": {
				"north": {"uv": [16, 12.875, 15.875, 13], "texture": "#voxels_atlas"},
				"east": {"uv": [8.875, 8, 8.25, 8.125], "texture": "#voxels_atlas"},
				"south": {"uv": [11, 12.75, 11.125, 12.875], "texture": "#voxels_atlas"},
				"west": {"uv": [8.25, 8.125, 8.875, 8.25], "texture": "#voxels_atlas"},
				"up": {"uv": [8.75, 9.375, 8.875, 8.75], "texture": "#voxels_atlas"},
				"down": {"uv": [8.625, 8.75, 8.75, 9.375], "texture": "#voxels_atlas"}
			}
		},
		{
			"name": "Element",
			"from": [7.375, 7.75, 3.5],
			"to": [7.5, 8.125, 3.625],
			"faces": {
				"north": {"uv": [10.625, 12.875, 10.5, 13.25], "texture": "#voxels_atlas"},
				"east": {"uv": [10.625, 11, 10.5, 11.375], "texture": "#voxels_atlas"},
				"south": {"uv": [10.5, 12.5, 10.625, 12.875], "texture": "#voxels_atlas"},
				"west": {"uv": [10.5, 11.375, 10.625, 11.75], "texture": "#voxels_atlas"},
				"up": {"uv": [11, 12.375, 11.125, 12.25], "texture": "#voxels_atlas"},
				"down": {"uv": [11, 12.375, 11.125, 12.5], "texture": "#voxels_atlas"}
			}
		},
		{
			"name": "Element",
			"from": [7.375, 7.75, 4.25],
			"to": [7.5, 8.125, 4.375],
			"faces": {
				"north": {"uv": [10.625, 9.875, 10.5, 10.25], "texture": "#voxels_atlas"},
				"east": {"uv": [10.625, 8.75, 10.5, 9.125], "texture": "#voxels_atlas"},
				"south": {"uv": [10.5, 9.5, 10.625, 9.875], "texture": "#voxels_atlas"},
				"west": {"uv": [10.5, 9.125, 10.625, 9.5], "texture": "#voxels_atlas"},
				"up": {"uv": [11, 11.875, 11.125, 11.75], "texture": "#voxels_atlas"},
				"down": {"uv": [11, 11.875, 11.125, 12], "texture": "#voxels_atlas"}
			}
		},
		{
			"name": "Element",
			"from": [7.5, 7.5, 3.75],
			"to": [7.625, 8.375, 4.25],
			"faces": {
				"north": {"uv": [3.875, 8.25, 3.75, 9.125], "texture": "#voxels_atlas"},
				"east": {"uv": [6.875, 11.875, 6.375, 12.75], "texture": "#voxels_atlas"},
				"south": {"uv": [8.25, 14, 8.375, 14.875], "texture": "#voxels_atlas"},
				"west": {"uv": [3.25, 8.25, 3.75, 9.125], "texture": "#voxels_atlas"},
				"up": {"uv": [6.25, 8.5, 6.375, 8], "texture": "#voxels_atlas"},
				"down": {"uv": [7.5, 8, 7.625, 8.5], "texture": "#voxels_atlas"}
			}
		},
		{
			"name": "Element",
			"from": [7.5, 7.75, 3.625],
			"to": [9, 8.125, 3.75],
			"faces": {
				"north": {"uv": [12.5, 15.625, 11, 16], "texture": "#voxels_atlas"},
				"east": {"uv": [10.625, 8, 10.5, 8.375], "texture": "#voxels_atlas"},
				"south": {"uv": [12.5, 15.625, 14, 16], "texture": "#voxels_atlas"},
				"west": {"uv": [10.5, 8.375, 10.625, 8.75], "texture": "#voxels_atlas"},
				"up": {"uv": [14.25, 15.375, 15.75, 15.25], "texture": "#voxels_atlas"},
				"down": {"uv": [8.875, 15.125, 10.375, 15.25], "texture": "#voxels_atlas"}
			}
		},
		{
			"name": "Element",
			"from": [7.5, 7.875, 3.375],
			"to": [7.625, 8, 3.5],
			"faces": {
				"north": {"uv": [11.125, 10, 11, 10.125], "texture": "#voxels_atlas"},
				"east": {"uv": [11.125, 9.625, 11, 9.75], "texture": "#voxels_atlas"},
				"south": {"uv": [11, 9.875, 11.125, 10], "texture": "#voxels_atlas"},
				"west": {"uv": [11, 9.75, 11.125, 9.875], "texture": "#voxels_atlas"},
				"up": {"uv": [11, 10.25, 11.125, 10.125], "texture": "#voxels_atlas"},
				"down": {"uv": [11, 10.25, 11.125, 10.375], "texture": "#voxels_atlas"}
			}
		},
		{
			"name": "Element",
			"from": [7.5, 7.875, 4.375],
			"to": [7.625, 8, 4.5],
			"faces": {
				"north": {"uv": [11.125, 9.25, 11, 9.375], "texture": "#voxels_atlas"},
				"east": {"uv": [11.125, 8.875, 11, 9], "texture": "#voxels_atlas"},
				"south": {"uv": [11, 9.125, 11.125, 9.25], "texture": "#voxels_atlas"},
				"west": {"uv": [11, 9, 11.125, 9.125], "texture": "#voxels_atlas"},
				"up": {"uv": [11, 9.5, 11.125, 9.375], "texture": "#voxels_atlas"},
				"down": {"uv": [11, 9.5, 11.125, 9.625], "texture": "#voxels_atlas"}
			}
		},
		{
			"name": "Element",
			"from": [7.625, 7.625, 3.625],
			"to": [9, 7.75, 4.25],
			"faces": {
				"north": {"uv": [11.625, 14.75, 10.25, 14.875], "texture": "#voxels_atlas"},
				"east": {"uv": [11.875, 13.875, 11.25, 14], "texture": "#voxels_atlas"},
				"south": {"uv": [8.875, 14.75, 10.25, 14.875], "texture": "#voxels_atlas"},
				"west": {"uv": [10.625, 13.875, 11.25, 14], "texture": "#voxels_atlas"},
				"up": {"uv": [3.875, 15.375, 5.25, 14.75], "texture": "#voxels_atlas"},
				"down": {"uv": [3.875, 15.375, 5.25, 16], "texture": "#voxels_atlas"}
			}
		},
		{
			"name": "Element",
			"from": [7.625, 7.75, 3.75],
			"to": [9, 8.25, 4.25],
			"faces": {
				"north": {"uv": [7.75, 15, 6.375, 15.5], "texture": "#voxels_atlas"},
				"east": {"uv": [6.25, 8, 5.75, 8.5], "texture": "#voxels_atlas"},
				"south": {"uv": [6.375, 14.5, 7.75, 15], "texture": "#voxels_atlas"},
				"west": {"uv": [5.25, 8, 5.75, 8.5], "texture": "#voxels_atlas"},
				"up": {"uv": [1.875, 8.5, 3.25, 8], "texture": "#voxels_atlas"},
				"down": {"uv": [6.375, 15.5, 7.75, 16], "texture": "#voxels_atlas"}
			}
		},
		{
			"name": "Element",
			"from": [7.625, 8.125, 3.625],
			"to": [9, 8.25, 3.75],
			"faces": {
				"north": {"uv": [15.75, 14.75, 14.375, 14.875], "texture": "#voxels_atlas"},
				"east": {"uv": [12.5, 12.75, 12.375, 12.875], "texture": "#voxels_atlas"},
				"south": {"uv": [8.875, 14.625, 10.25, 14.75], "texture": "#voxels_atlas"},
				"west": {"uv": [12.25, 12.75, 12.375, 12.875], "texture": "#voxels_atlas"},
				"up": {"uv": [13, 14.875, 14.375, 14.75], "texture": "#voxels_atlas"},
				"down": {"uv": [11.625, 14.75, 13, 14.875], "texture": "#voxels_atlas"}
			}
		},
		{
			"name": "Element",
			"from": [7.75, 7.5, 3.625],
			"to": [8.875, 7.625, 4.25],
			"faces": {
				"north": {"uv": [14.5, 14, 13.375, 14.125], "texture": "#voxels_atlas"},
				"east": {"uv": [14.375, 13.875, 13.75, 14], "texture": "#voxels_atlas"},
				"south": {"uv": [10, 14.125, 11.125, 14.25], "texture": "#voxels_atlas"},
				"west": {"uv": [13.125, 13.875, 13.75, 14], "texture": "#voxels_atlas"},
				"up": {"uv": [5.25, 12.25, 6.375, 11.625], "texture": "#voxels_atlas"},
				"down": {"uv": [5.25, 12.25, 6.375, 12.875], "texture": "#voxels_atlas"}
			}
		},
		{
			"name": "Element",
			"from": [7.75, 7.625, 3.5],
			"to": [8.875, 8.25, 3.625],
			"faces": {
				"north": {"uv": [6.375, 14.125, 5.25, 14.75], "texture": "#voxels_atlas"},
				"east": {"uv": [10.125, 10.75, 10, 11.375], "texture": "#voxels_atlas"},
				"south": {"uv": [5.25, 14.75, 6.375, 15.375], "texture": "#voxels_atlas"},
				"west": {"uv": [10, 11.375, 10.125, 12], "texture": "#voxels_atlas"},
				"up": {"uv": [8.875, 14.25, 10, 14.125], "texture": "#voxels_atlas"},
				"down": {"uv": [10, 14, 11.125, 14.125], "texture": "#voxels_atlas"}
			}
		},
		{
			"name": "Element",
			"from": [7.75, 7.625, 4.25],
			"to": [8.875, 8.25, 4.375],
			"faces": {
				"north": {"uv": [6.375, 10.375, 5.25, 11], "texture": "#voxels_atlas"},
				"east": {"uv": [10.25, 12.625, 10.125, 13.25], "texture": "#voxels_atlas"},
				"south": {"uv": [5.25, 12.875, 6.375, 13.5], "texture": "#voxels_atlas"},
				"west": {"uv": [10.125, 13.25, 10.25, 13.875], "texture": "#voxels_atlas"},
				"up": {"uv": [8.875, 14.125, 10, 14], "texture": "#voxels_atlas"},
				"down": {"uv": [14.5, 14.25, 15.625, 14.375], "texture": "#voxels_atlas"}
			}
		},
		{
			"name": "Element",
			"from": [7.75, 8.25, 3.625],
			"to": [8.875, 8.375, 4.25],
			"faces": {
				"north": {"uv": [13.375, 14, 12.25, 14.125], "texture": "#voxels_atlas"},
				"east": {"uv": [11.5, 13.75, 10.875, 13.875], "texture": "#voxels_atlas"},
				"south": {"uv": [11.125, 14, 12.25, 14.125], "texture": "#voxels_atlas"},
				"west": {"uv": [10.25, 13.75, 10.875, 13.875], "texture": "#voxels_atlas"},
				"up": {"uv": [5.25, 11.625, 6.375, 11], "texture": "#voxels_atlas"},
				"down": {"uv": [5.25, 13.5, 6.375, 14.125], "texture": "#voxels_atlas"}
			}
		},
		{
			"name": "Element",
			"from": [7.875, 7.5, 3.5],
			"to": [8.75, 7.625, 3.625],
			"faces": {
				"north": {"uv": [9.75, 12, 8.875, 12.125], "texture": "#voxels_atlas"},
				"east": {"uv": [11.25, 12.5, 11.125, 12.625], "texture": "#voxels_atlas"},
				"south": {"uv": [8.875, 12.125, 9.75, 12.25], "texture": "#voxels_atlas"},
				"west": {"uv": [11.125, 12.625, 11.25, 12.75], "texture": "#voxels_atlas"},
				"up": {"uv": [8.875, 12, 9.75, 11.875], "texture": "#voxels_atlas"},
				"down": {"uv": [8.875, 11.625, 9.75, 11.75], "texture": "#voxels_atlas"}
			}
		},
		{
			"name": "Element",
			"from": [7.875, 7.5, 4.25],
			"to": [8.75, 7.625, 4.375],
			"faces": {
				"north": {"uv": [9.75, 11.125, 8.875, 11.25], "texture": "#voxels_atlas"},
				"east": {"uv": [11.25, 11.75, 11.125, 11.875], "texture": "#voxels_atlas"},
				"south": {"uv": [8.875, 12.625, 9.75, 12.75], "texture": "#voxels_atlas"},
				"west": {"uv": [11.125, 11.875, 11.25, 12], "texture": "#voxels_atlas"},
				"up": {"uv": [8.875, 12.5, 9.75, 12.375], "texture": "#voxels_atlas"},
				"down": {"uv": [8.875, 12.25, 9.75, 12.375], "texture": "#voxels_atlas"}
			}
		},
		{
			"name": "Element",
			"from": [7.875, 7.625, 3.375],
			"to": [8.875, 8.25, 3.5],
			"faces": {
				"north": {"uv": [7.375, 13.875, 6.375, 14.5], "texture": "#voxels_atlas"},
				"east": {"uv": [10.375, 13.125, 10.25, 13.75], "texture": "#voxels_atlas"},
				"south": {"uv": [5.25, 8.5, 6.25, 9.125], "texture": "#voxels_atlas"},
				"west": {"uv": [10.125, 8.25, 10.25, 8.875], "texture": "#voxels_atlas"},
				"up": {"uv": [8.875, 13.5, 9.875, 13.375], "texture": "#voxels_atlas"},
				"down": {"uv": [8.875, 13.5, 9.875, 13.625], "texture": "#voxels_atlas"}
			}
		},
		{
			"name": "Element",
			"from": [7.875, 7.625, 4.375],
			"to": [8.875, 8.25, 4.5],
			"faces": {
				"north": {"uv": [6.25, 9.125, 5.25, 9.75], "texture": "#voxels_atlas"},
				"east": {"uv": [10.375, 11.875, 10.25, 12.5], "texture": "#voxels_atlas"},
				"south": {"uv": [5.25, 9.75, 6.25, 10.375], "texture": "#voxels_atlas"},
				"west": {"uv": [10.25, 12.5, 10.375, 13.125], "texture": "#voxels_atlas"},
				"up": {"uv": [8.875, 14, 9.875, 13.875], "texture": "#voxels_atlas"},
				"down": {"uv": [8.875, 13.75, 9.875, 13.875], "texture": "#voxels_atlas"}
			}
		},
		{
			"name": "Element",
			"from": [7.875, 8.25, 3.5],
			"to": [8.75, 8.375, 3.625],
			"faces": {
				"north": {"uv": [9.75, 11.375, 8.875, 11.5], "texture": "#voxels_atlas"},
				"east": {"uv": [14, 12.5, 13.875, 12.625], "texture": "#voxels_atlas"},
				"south": {"uv": [8.875, 11.75, 9.75, 11.875], "texture": "#voxels_atlas"},
				"west": {"uv": [11.125, 9.625, 11.25, 9.75], "texture": "#voxels_atlas"},
				"up": {"uv": [8.875, 12.625, 9.75, 12.5], "texture": "#voxels_atlas"},
				"down": {"uv": [8.875, 13.25, 9.75, 13.375], "texture": "#voxels_atlas"}
			}
		},
		{
			"name": "Element",
			"from": [7.875, 8.25, 4.25],
			"to": [8.75, 8.375, 4.375],
			"faces": {
				"north": {"uv": [9.75, 13, 8.875, 13.125], "texture": "#voxels_atlas"},
				"east": {"uv": [11.25, 8.75, 11.125, 8.875], "texture": "#voxels_atlas"},
				"south": {"uv": [8.875, 13.125, 9.75, 13.25], "texture": "#voxels_atlas"},
				"west": {"uv": [11.125, 8.875, 11.25, 9], "texture": "#voxels_atlas"},
				"up": {"uv": [8.875, 13, 9.75, 12.875], "texture": "#voxels_atlas"},
				"down": {"uv": [8.875, 12.75, 9.75, 12.875], "texture": "#voxels_atlas"}
			}
		},
		{
			"name": "Element",
			"from": [8, 7.5, 3.375],
			"to": [8.75, 7.625, 3.5],
			"faces": {
				"north": {"uv": [9.625, 8.375, 8.875, 8.5], "texture": "#voxels_atlas"},
				"east": {"uv": [11.375, 11.375, 11.25, 11.5], "texture": "#voxels_atlas"},
				"south": {"uv": [8.875, 8.5, 9.625, 8.625], "texture": "#voxels_atlas"},
				"west": {"uv": [11.125, 8.125, 11.25, 8.25], "texture": "#voxels_atlas"},
				"up": {"uv": [8.875, 8.375, 9.625, 8.25], "texture": "#voxels_atlas"},
				"down": {"uv": [8.875, 8.125, 9.625, 8.25], "texture": "#voxels_atlas"}
			}
		},
		{
			"name": "Element",
			"from": [8, 7.5, 4.375],
			"to": [8.75, 7.625, 4.5],
			"faces": {
				"north": {"uv": [9.625, 8.875, 8.875, 9], "texture": "#voxels_atlas"},
				"east": {"uv": [12, 12.625, 11.875, 12.75], "texture": "#voxels_atlas"},
				"south": {"uv": [8.875, 9, 9.625, 9.125], "texture": "#voxels_atlas"},
				"west": {"uv": [11.75, 12.625, 11.875, 12.75], "texture": "#voxels_atlas"},
				"up": {"uv": [8.875, 8.875, 9.625, 8.75], "texture": "#voxels_atlas"},
				"down": {"uv": [8.875, 8.625, 9.625, 8.75], "texture": "#voxels_atlas"}
			}
		},
		{
			"name": "Element",
			"from": [8, 7.625, 3],
			"to": [8.625, 8.25, 3.375],
			"faces": {
				"north": {"uv": [7, 11.25, 6.375, 11.875], "texture": "#voxels_atlas"},
				"east": {"uv": [3.875, 11, 3.5, 11.625], "texture": "#voxels_atlas"},
				"south": {"uv": [6.375, 10.625, 7, 11.25], "texture": "#voxels_atlas"},
				"west": {"uv": [3.5, 10.375, 3.875, 11], "texture": "#voxels_atlas"},
				"up": {"uv": [8.25, 15.25, 8.875, 14.875], "texture": "#voxels_atlas"},
				"down": {"uv": [6.875, 8.125, 7.5, 8.5], "texture": "#voxels_atlas"}
			}
		},
		{
			"name": "Element",
			"from": [8, 7.625, 4.5],
			"to": [8.875, 8.25, 4.625],
			"faces": {
				"north": {"uv": [5.25, 14.125, 4.375, 14.75], "texture": "#voxels_atlas"},
				"east": {"uv": [10.375, 10.625, 10.25, 11.25], "texture": "#voxels_atlas"},
				"south": {"uv": [4.375, 13.5, 5.25, 14.125], "texture": "#voxels_atlas"},
				"west": {"uv": [10.25, 11.25, 10.375, 11.875], "texture": "#voxels_atlas"},
				"up": {"uv": [8.875, 11.625, 9.75, 11.5], "texture": "#voxels_atlas"},
				"down": {"uv": [8.875, 11.25, 9.75, 11.375], "texture": "#voxels_atlas"}
			}
		},
		{
			"name": "Element",
			"from": [8, 7.625, 4.625],
			"to": [8.75, 8.25, 4.75],
			"faces": {
				"north": {"uv": [5.125, 12.25, 4.375, 12.875], "texture": "#voxels_atlas"},
				"east": {"uv": [5.25, 10.25, 5.125, 10.875], "texture": "#voxels_atlas"},
				"south": {"uv": [4.375, 12.875, 5.125, 13.5], "texture": "#voxels_atlas"},
				"west": {"uv": [5.125, 10.875, 5.25, 11.5], "texture": "#voxels_atlas"},
				"up": {"uv": [8.875, 10.375, 9.625, 10.25], "texture": "#voxels_atlas"},
				"down": {"uv": [8.875, 10.125, 9.625, 10.25], "texture": "#voxels_atlas"}
			}
		},
		{
			"name": "Element",
			"from": [8, 7.625, 4.75],
			"to": [8.625, 8.25, 4.875],
			"faces": {
				"north": {"uv": [5, 11.625, 4.375, 12.25], "texture": "#voxels_atlas"},
				"east": {"uv": [5.25, 9, 5.125, 9.625], "texture": "#voxels_atlas"},
				"south": {"uv": [7, 11.25, 7.625, 11.875], "texture": "#voxels_atlas"},
				"west": {"uv": [5.125, 9.625, 5.25, 10.25], "texture": "#voxels_atlas"},
				"up": {"uv": [6.875, 8.125, 7.5, 8], "texture": "#voxels_atlas"},
				"down": {"uv": [4.375, 11.5, 5, 11.625], "texture": "#voxels_atlas"}
			}
		},
		{
			"name": "Element",
			"from": [8, 8.25, 3.375],
			"to": [8.75, 8.375, 3.5],
			"faces": {
				"north": {"uv": [9.625, 9.375, 8.875, 9.5], "texture": "#voxels_atlas"},
				"east": {"uv": [15.75, 12.625, 15.625, 12.75], "texture": "#voxels_atlas"},
				"south": {"uv": [8.875, 8, 9.625, 8.125], "texture": "#voxels_atlas"},
				"west": {"uv": [15.5, 12.625, 15.625, 12.75], "texture": "#voxels_atlas"},
				"up": {"uv": [8.875, 11.125, 9.625, 11], "texture": "#voxels_atlas"},
				"down": {"uv": [8.875, 10.75, 9.625, 10.875], "texture": "#voxels_atlas"}
			}
		},
		{
			"name": "Element",
			"from": [8, 8.25, 4.375],
			"to": [8.75, 8.375, 4.5],
			"faces": {
				"north": {"uv": [9.625, 9.5, 8.875, 9.625], "texture": "#voxels_atlas"},
				"east": {"uv": [11.375, 12.125, 11.25, 12.25], "texture": "#voxels_atlas"},
				"south": {"uv": [8.875, 9.75, 9.625, 9.875], "texture": "#voxels_atlas"},
				"west": {"uv": [11.25, 12.25, 11.375, 12.375], "texture": "#voxels_atlas"},
				"up": {"uv": [8.875, 9.375, 9.625, 9.25], "texture": "#voxels_atlas"},
				"down": {"uv": [8.875, 9.125, 9.625, 9.25], "texture": "#voxels_atlas"}
			}
		},
		{
			"name": "Element",
			"from": [8.125, 7.5, 3.125],
			"to": [8.625, 7.625, 3.375],
			"faces": {
				"north": {"uv": [14.875, 13.375, 14.375, 13.5], "texture": "#voxels_atlas"},
				"east": {"uv": [11, 11, 10.75, 11.125], "texture": "#voxels_atlas"},
				"south": {"uv": [13.875, 13.375, 14.375, 13.5], "texture": "#voxels_atlas"},
				"west": {"uv": [11, 12.875, 11.25, 13], "texture": "#voxels_atlas"},
				"up": {"uv": [7.75, 9.25, 8.25, 9], "texture": "#voxels_atlas"},
				"down": {"uv": [3.25, 8, 3.75, 8.25], "texture": "#voxels_atlas"}
			}
		},
		{
			"name": "Element",
			"from": [8.125, 7.5, 4.5],
			"to": [8.75, 7.625, 4.625],
			"faces": {
				"north": {"uv": [8.875, 13.625, 8.25, 13.75], "texture": "#voxels_atlas"},
				"east": {"uv": [11.375, 10.625, 11.25, 10.75], "texture": "#voxels_atlas"},
				"south": {"uv": [8.25, 13.5, 8.875, 13.625], "texture": "#voxels_atlas"},
				"west": {"uv": [11.25, 10.75, 11.375, 10.875], "texture": "#voxels_atlas"},
				"up": {"uv": [8.25, 13.875, 8.875, 13.75], "texture": "#voxels_atlas"},
				"down": {"uv": [8.25, 13.875, 8.875, 14], "texture": "#voxels_atlas"}
			}
		},
		{
			"name": "Element",
			"from": [8.125, 7.5, 4.625],
			"to": [8.625, 7.625, 4.75],
			"faces": {
				"north": {"uv": [10.875, 13.375, 10.375, 13.5], "texture": "#voxels_atlas"},
				"east": {"uv": [11.375, 9.875, 11.25, 10], "texture": "#voxels_atlas"},
				"south": {"uv": [15.375, 13.5, 15.875, 13.625], "texture": "#voxels_atlas"},
				"west": {"uv": [11.25, 10, 11.375, 10.125], "texture": "#voxels_atlas"},
				"up": {"uv": [12.875, 13.5, 13.375, 13.375], "texture": "#voxels_atlas"},
				"down": {"uv": [13.375, 13.375, 13.875, 13.5], "texture": "#voxels_atlas"}
			}
		},
		{
			"name": "Element",
			"from": [8.125, 8.25, 3.125],
			"to": [8.625, 8.375, 3.375],
			"faces": {
				"north": {"uv": [14.375, 13.5, 13.875, 13.625], "texture": "#voxels_atlas"},
				"east": {"uv": [12, 12.875, 11.75, 13], "texture": "#voxels_atlas"},
				"south": {"uv": [13.375, 13.5, 13.875, 13.625], "texture": "#voxels_atlas"},
				"west": {"uv": [11.5, 12.875, 11.75, 13], "texture": "#voxels_atlas"},
				"up": {"uv": [6.875, 12.125, 7.375, 11.875], "texture": "#voxels_atlas"},
				"down": {"uv": [7.75, 9.25, 8.25, 9.5], "texture": "#voxels_atlas"}
			}
		},
		{
			"name": "Element",
			"from": [8.125, 8.25, 4.5],
			"to": [8.75, 8.375, 4.625],
			"faces": {
				"north": {"uv": [8.875, 13.125, 8.25, 13.25], "texture": "#voxels_atlas"},
				"east": {"uv": [11.375, 8.375, 11.25, 8.5], "texture": "#voxels_atlas"},
				"south": {"uv": [8.25, 13, 8.875, 13.125], "texture": "#voxels_atlas"},
				"west": {"uv": [11.25, 8.5, 11.375, 8.625], "texture": "#voxels_atlas"},
				"up": {"uv": [8.25, 13.375, 8.875, 13.25], "texture": "#voxels_atlas"},
				"down": {"uv": [8.25, 13.375, 8.875, 13.5], "texture": "#voxels_atlas"}
			}
		},
		{
			"name": "Element",
			"from": [8.125, 8.25, 4.625],
			"to": [8.625, 8.375, 4.75],
			"faces": {
				"north": {"uv": [14.875, 13.625, 14.375, 13.75], "texture": "#voxels_atlas"},
				"east": {"uv": [11.75, 12.5, 11.625, 12.625], "texture": "#voxels_atlas"},
				"south": {"uv": [13.875, 13.625, 14.375, 13.75], "texture": "#voxels_atlas"},
				"west": {"uv": [11.5, 12.5, 11.625, 12.625], "texture": "#voxels_atlas"},
				"up": {"uv": [14.875, 13.75, 15.375, 13.625], "texture": "#voxels_atlas"},
				"down": {"uv": [15.375, 13.625, 15.875, 13.75], "texture": "#voxels_atlas"}
			}
		},
		{
			"name": "Element",
			"from": [8.625, 7.5, 3.25],
			"to": [8.75, 8.375, 3.375],
			"faces": {
				"north": {"uv": [8, 8.125, 7.875, 9], "texture": "#voxels_atlas"},
				"east": {"uv": [8.25, 8.125, 8.125, 9], "texture": "#voxels_atlas"},
				"south": {"uv": [7.75, 8.125, 7.875, 9], "texture": "#voxels_atlas"},
				"west": {"uv": [8, 8.125, 8.125, 9], "texture": "#voxels_atlas"},
				"up": {"uv": [11.875, 12.625, 12, 12.5], "texture": "#voxels_atlas"},
				"down": {"uv": [11.75, 12.5, 11.875, 12.625], "texture": "#voxels_atlas"}
			}
		},
		{
			"name": "Element",
			"from": [8.625, 7.625, 3.125],
			"to": [8.75, 8.25, 3.25],
			"faces": {
				"north": {"uv": [7.625, 10.625, 7.5, 11.25], "texture": "#voxels_atlas"},
				"east": {"uv": [8.875, 14.25, 8.75, 14.875], "texture": "#voxels_atlas"},
				"south": {"uv": [7.625, 10.625, 7.75, 11.25], "texture": "#voxels_atlas"},
				"west": {"uv": [8.625, 14.25, 8.75, 14.875], "texture": "#voxels_atlas"},
				"up": {"uv": [12.625, 12.625, 12.75, 12.5], "texture": "#voxels_atlas"},
				"down": {"uv": [12.5, 12.5, 12.625, 12.625], "texture": "#voxels_atlas"}
			}
		},
		{
			"name": "Element",
			"from": [8.75, 7.625, 3.25],
			"to": [8.875, 8.25, 3.375],
			"faces": {
				"north": {"uv": [8.375, 12.375, 8.25, 13], "texture": "#voxels_atlas"},
				"east": {"uv": [8.75, 12.375, 8.625, 13], "texture": "#voxels_atlas"},
				"south": {"uv": [8.375, 12.375, 8.5, 13], "texture": "#voxels_atlas"},
				"west": {"uv": [8.5, 12.375, 8.625, 13], "texture": "#voxels_atlas"},
				"up": {"uv": [13.375, 12.625, 13.5, 12.5], "texture": "#voxels_atlas"},
				"down": {"uv": [13.25, 12.5, 13.375, 12.625], "texture": "#voxels_atlas"}
			}
		}
	],
	"display": {
		"thirdperson_righthand": {
			"rotation": [90, 0, 90],
			"translation": [0, -6.955, 7.6521],
			"scale": [4, 4, 4]
		},
		"thirdperson_lefthand": {
			"rotation": [90, 0, -90],
			"translation": [0, -6.955, 7.6521],
			"scale": [4, 4, 4]
		},
		"firstperson_righthand": {
			"rotation": [90, 0, 90],
			"translation": [5.5652, -4.173, 2.7826],
			"scale": [4, 4, 4]
		},
		"firstperson_lefthand": {
			"rotation": [90, 0, -90],
			"translation": [5.5652, -4.173, 2.7826],
			"scale": [4, 4, 4]
		},
		"gui": {
			"rotation": [90, -45, 180],
			"translation": [-5.542, -2.781, 0],
			"scale": [1.38, 0.84, 2.25]
		}
	}
}