{
	"credit": "Made with Blockbench",
	"texture_size": [32, 32],
	"textures": {
		"0": "hanu/p1",
		"1": "hanu/p2",
		"2": "hanu/p3",
		"particle": "hanu/p1"
	},
	"elements": [
		{
			"name": "a1",
			"from": [7.895, 10.2, 5.5],
			"to": [8.903, 17.2, 6.5],
			"rotation": {"angle": 0, "axis": "y", "origin": [8.4, -0.3, 8]},
			"faces": {
				"north": {"uv": [2, 8, 3, 15], "texture": "#0"},
				"east": {"uv": [3, 8, 4, 15], "texture": "#0"},
				"south": {"uv": [4, 8, 5, 15], "texture": "#0"},
				"west": {"uv": [8, 4, 9, 11], "texture": "#0"},
				"up": {"uv": [13, 3, 12, 2], "texture": "#0"},
				"down": {"uv": [13, 3, 12, 4], "texture": "#0"}
			}
		},
		{
			"name": "a2",
			"from": [7.895, 10.2, 9.5],
			"to": [8.903, 17.2, 10.5],
			"rotation": {"angle": 0, "axis": "y", "origin": [8.4, -0.3, 8]},
			"faces": {
				"north": {"uv": [5, 8, 6, 15], "texture": "#0"},
				"east": {"uv": [6, 8, 7, 15], "texture": "#0"},
				"south": {"uv": [7, 8, 8, 15], "texture": "#0"},
				"west": {"uv": [9, 4, 10, 11], "texture": "#0"},
				"up": {"uv": [13, 5, 12, 4], "texture": "#0"},
				"down": {"uv": [13, 5, 12, 6], "texture": "#0"}
			}
		},
		{
			"name": "a3",
			"from": [8, 10.2, 6.5],
			"to": [8.8, 17.8, 9.5],
			"rotation": {"angle": 0, "axis": "y", "origin": [8.4, -0.3, 8]},
			"faces": {
				"north": {"uv": [6, 0, 7, 8], "texture": "#0"},
				"east": {"uv": [0, 0, 3, 8], "texture": "#0"},
				"south": {"uv": [7, 0, 8, 8], "texture": "#0"},
				"west": {"uv": [3, 0, 6, 8], "texture": "#0"},
				"up": {"uv": [12, 7, 11, 4], "texture": "#0"},
				"down": {"uv": [12, 7, 11, 10], "texture": "#0"}
			}
		},
		{
			"name": "b1",
			"from": [7.9, 10.3066, -6.14214],
			"to": [8.9, 13.8471, -4.64214],
			"rotation": {"angle": 45, "axis": "x", "origin": [8.4, -0.3, 8]},
			"faces": {
				"north": {"uv": [10, 4, 11, 8], "texture": "#0"},
				"east": {"uv": [0, 8, 2, 12], "texture": "#0"},
				"south": {"uv": [10, 8, 11, 12], "texture": "#0"},
				"west": {"uv": [8, 0, 10, 4], "texture": "#0"},
				"up": {"uv": [13, 2, 12, 0], "texture": "#0"},
				"down": {"uv": [2, 12, 1, 14], "texture": "#0"}
			}
		},
		{
			"name": "b2",
			"from": [7.9, 10.3066, 20.64214],
			"to": [8.9, 12.3471, 22.14214],
			"rotation": {"angle": -45, "axis": "x", "origin": [8.4, -0.3, 8]},
			"faces": {
				"north": {"uv": [8, 11, 9, 13], "texture": "#0"},
				"east": {"uv": [10, 0, 12, 2], "texture": "#0"},
				"south": {"uv": [9, 11, 10, 13], "texture": "#0"},
				"west": {"uv": [10, 2, 12, 4], "texture": "#0"},
				"up": {"uv": [12, 12, 11, 10], "texture": "#0"},
				"down": {"uv": [1, 12, 0, 14], "texture": "#0"}
			}
		},
		{
			"name": "c1",
			"from": [7.7, 8.59, 2.9333],
			"to": [9.1, 9.59, 5.4333],
			"rotation": {"angle": 22.5, "axis": "x", "origin": [8.4, 4.7, 8]},
			"faces": {
				"north": {"uv": [10, 5, 11, 6], "texture": "#1"},
				"east": {"uv": [10, 0, 12, 1], "texture": "#1"},
				"south": {"uv": [4, 11, 5, 12], "texture": "#1"},
				"west": {"uv": [10, 1, 12, 2], "texture": "#1"},
				"up": {"uv": [10, 9, 9, 7], "texture": "#1"},
				"down": {"uv": [9, 10, 8, 12], "texture": "#1"}
			}
		},
		{
			"name": "c2",
			"from": [7.7, 7.59, 2.4333],
			"to": [9.1, 8.59, 5.4333],
			"rotation": {"angle": 22.5, "axis": "x", "origin": [8.4, 4.7, 8]},
			"faces": {
				"north": {"uv": [11, 4, 12, 5], "texture": "#1"},
				"east": {"uv": [7, 5, 10, 6], "texture": "#1"},
				"south": {"uv": [5, 11, 6, 12], "texture": "#1"},
				"west": {"uv": [1, 8, 4, 9], "texture": "#1"},
				"up": {"uv": [5, 11, 4, 8], "texture": "#1"},
				"down": {"uv": [2, 9, 1, 12], "texture": "#1"}
			}
		},
		{
			"name": "c3",
			"from": [7.7, 6.59, 1.9333],
			"to": [9.1, 7.59, 5.4333],
			"rotation": {"angle": 22.5, "axis": "x", "origin": [8.4, 4.7, 8]},
			"faces": {
				"north": {"uv": [11, 5, 12, 6], "texture": "#1"},
				"east": {"uv": [0, 6, 4, 7], "texture": "#1"},
				"south": {"uv": [6, 11, 7, 12], "texture": "#1"},
				"west": {"uv": [4, 6, 8, 7], "texture": "#1"},
				"up": {"uv": [1, 11, 0, 7], "texture": "#1"},
				"down": {"uv": [8, 0, 7, 4], "texture": "#1"}
			}
		},
		{
			"name": "d1",
			"from": [7.7, 8.59, 10.5667],
			"to": [9.1, 9.59, 13.0667],
			"rotation": {"angle": -22.5, "axis": "x", "origin": [8.4, 4.7, 8]},
			"faces": {
				"north": {"uv": [11, 6, 12, 7], "texture": "#1"},
				"east": {"uv": [8, 2, 11, 3], "texture": "#1"},
				"south": {"uv": [11, 7, 12, 8], "texture": "#1"},
				"west": {"uv": [8, 3, 11, 4], "texture": "#1"},
				"up": {"uv": [3, 12, 2, 9], "texture": "#1"},
				"down": {"uv": [4, 9, 3, 12], "texture": "#1"}
			}
		},
		{
			"name": "d2",
			"from": [7.7, 7.59, 10.5667],
			"to": [9.1, 8.59, 13.5667],
			"rotation": {"angle": -22.5, "axis": "x", "origin": [8.4, 4.7, 8]},
			"faces": {
				"north": {"uv": [11, 8, 12, 9], "texture": "#1"},
				"east": {"uv": [8, 6, 11, 7], "texture": "#1"},
				"south": {"uv": [11, 9, 12, 10], "texture": "#1"},
				"west": {"uv": [7, 9, 10, 10], "texture": "#1"},
				"up": {"uv": [8, 13, 7, 10], "texture": "#1"},
				"down": {"uv": [11, 7, 10, 10], "texture": "#1"}
			}
		},
		{
			"name": "d3",
			"from": [7.7, 6.59, 10.5667],
			"to": [9.1, 7.59, 14.0667],
			"rotation": {"angle": -22.5, "axis": "x", "origin": [8.4, 4.7, 8]},
			"faces": {
				"north": {"uv": [11, 10, 12, 11], "texture": "#1"},
				"east": {"uv": [1, 7, 5, 8], "texture": "#1"},
				"south": {"uv": [11, 11, 12, 12], "texture": "#1"},
				"west": {"uv": [7, 4, 11, 5], "texture": "#1"},
				"up": {"uv": [6, 11, 5, 7], "texture": "#1"},
				"down": {"uv": [7, 7, 6, 11], "texture": "#1"}
			}
		},
		{
			"name": "e1",
			"from": [7.6, 6.00115, 3.59491],
			"to": [9.3, 9.10115, 6.69491],
			"rotation": {"angle": 45, "axis": "x", "origin": [8.4, 4.7, 8]},
			"faces": {
				"north": {"uv": [3, 0, 5, 3], "texture": "#1"},
				"east": {"uv": [0, 0, 3, 3], "texture": "#1"},
				"south": {"uv": [3, 3, 5, 6], "texture": "#1"},
				"west": {"uv": [0, 3, 3, 6], "texture": "#1"},
				"up": {"uv": [7, 3, 5, 0], "texture": "#1"},
				"down": {"uv": [7, 3, 5, 6], "texture": "#1"}
			}
		},
		{
			"name": "f1",
			"from": [7.1, 6.60115, 4.19491],
			"to": [9.8, 8.50115, 6.09491],
			"rotation": {"angle": 45, "axis": "x", "origin": [8.4, 4.7, 8]},
			"faces": {
				"north": {"uv": [9, 10, 10, 12], "texture": "#1"},
				"east": {"uv": [7, 7, 9, 9], "texture": "#1"},
				"south": {"uv": [10, 10, 11, 12], "texture": "#1"},
				"west": {"uv": [8, 0, 10, 2], "texture": "#1"},
				"up": {"uv": [1, 13, 0, 11], "texture": "#1"},
				"down": {"uv": [12, 2, 11, 4], "texture": "#1"}
			}
		},
		{
			"name": "g1",
			"from": [7.8, 6.92836, 6.35195],
			"to": [9, 8.02836, 9.65195],
			"rotation": {"angle": 0, "axis": "y", "origin": [8.4, 4.7, 8]},
			"faces": {
				"north": {"uv": [4, 8.5, 4.5, 9], "texture": "#2"},
				"east": {"uv": [8, 5, 9.5, 5.5], "texture": "#2"},
				"south": {"uv": [4.5, 8.5, 5, 9], "texture": "#2"},
				"west": {"uv": [8, 5.5, 9.5, 6], "texture": "#2"},
				"up": {"uv": [6.5, 9.5, 6, 8], "texture": "#2"},
				"down": {"uv": [8.5, 6, 8, 7.5], "texture": "#2"}
			}
		},
		{
			"name": "g2",
			"from": [7.40409, 5.52836, 6.99591],
			"to": [9.40409, 6.92836, 8.99591],
			"rotation": {"angle": 45, "axis": "y", "origin": [8.4, 4.7, 8]},
			"faces": {
				"north": {"uv": [6.5, 8, 7.5, 8.5], "texture": "#2"},
				"east": {"uv": [7.5, 8, 8.5, 8.5], "texture": "#2"},
				"south": {"uv": [8, 7.5, 9, 8], "texture": "#2"},
				"west": {"uv": [3, 8.5, 4, 9], "texture": "#2"},
				"up": {"uv": [6, 5, 5, 4], "texture": "#2"},
				"down": {"uv": [6, 5, 5, 6], "texture": "#2"}
			}
		},
		{
			"name": "g3",
			"from": [7.40409, -0.57164, 6.99591],
			"to": [9.40409, 0.82836, 8.99591],
			"rotation": {"angle": 45, "axis": "y", "origin": [8.4, 4.7, 8]},
			"faces": {
				"north": {"uv": [6.5, 8, 7.5, 8.5], "texture": "#2"},
				"east": {"uv": [7.5, 8, 8.5, 8.5], "texture": "#2"},
				"south": {"uv": [8, 7.5, 9, 8], "texture": "#2"},
				"west": {"uv": [3, 8.5, 4, 9], "texture": "#2"},
				"up": {"uv": [6, 5, 5, 4], "texture": "#2"},
				"down": {"uv": [6, 5, 5, 6], "texture": "#2"}
			}
		},
		{
			"name": "g3",
			"from": [7.90409, -2.97164, 7.49591],
			"to": [8.90409, 5.42836, 8.49591],
			"rotation": {"angle": 45, "axis": "y", "origin": [8.4, -9.3, 8]},
			"faces": {
				"north": {"uv": [0, 0, 0.5, 14], "texture": "#2"},
				"east": {"uv": [0.5, 0, 1, 14], "texture": "#2"},
				"south": {"uv": [1, 0, 1.5, 14], "texture": "#2"},
				"west": {"uv": [1.5, 0, 2, 14], "texture": "#2"},
				"up": {"uv": [9, 6.5, 8.5, 6], "texture": "#2"},
				"down": {"uv": [7, 8.5, 6.5, 9], "texture": "#2"}
			}
		},
		{
			"name": "g5",
			"from": [7.60409, 5.02836, 7.19591],
			"to": [9.20409, 6.02836, 8.79591],
			"rotation": {"angle": 45, "axis": "y", "origin": [8.4, -9.3, 8]},
			"faces": {
				"north": {"uv": [6, 2, 7, 3], "texture": "#2"},
				"east": {"uv": [6, 3, 7, 4], "texture": "#2"},
				"south": {"uv": [6, 4, 7, 5], "texture": "#2"},
				"west": {"uv": [5, 6, 6, 7], "texture": "#2"},
				"up": {"uv": [7, 6, 6, 5], "texture": "#2"},
				"down": {"uv": [7, 6, 6, 7], "texture": "#2"}
			}
		},
		{
			"name": "g6",
			"from": [7.60409, 0.32836, 7.19591],
			"to": [9.20409, 1.32836, 8.79591],
			"rotation": {"angle": 45, "axis": "y", "origin": [8.4, -9.3, 8]},
			"faces": {
				"north": {"uv": [6, 2, 7, 3], "texture": "#2"},
				"east": {"uv": [6, 3, 7, 4], "texture": "#2"},
				"south": {"uv": [6, 4, 7, 5], "texture": "#2"},
				"west": {"uv": [5, 6, 6, 7], "texture": "#2"},
				"up": {"uv": [7, 6, 6, 5], "texture": "#2"},
				"down": {"uv": [7, 6, 6, 7], "texture": "#2"}
			}
		},
		{
			"name": "g2",
			"from": [7.8, -1.62836, 6.34805],
			"to": [9, -0.52836, 9.64805],
			"rotation": {"angle": 0, "axis": "y", "origin": [8.4, 1.7, 8]},
			"faces": {
				"north": {"uv": [4.5, 8.5, 5, 9], "rotation": 180, "texture": "#2"},
				"east": {"uv": [8, 5, 9.5, 5.5], "rotation": 180, "texture": "#2"},
				"south": {"uv": [4, 8.5, 4.5, 9], "rotation": 180, "texture": "#2"},
				"west": {"uv": [8, 5.5, 9.5, 6], "rotation": 180, "texture": "#2"},
				"up": {"uv": [8.5, 6, 8, 7.5], "texture": "#2"},
				"down": {"uv": [6.5, 9.5, 6, 8], "texture": "#2"}
			}
		},
		{
			"name": "a2",
			"from": [7.895, -10.8, 9.5],
			"to": [8.903, -3.8, 10.5],
			"rotation": {"angle": 0, "axis": "y", "origin": [8.4, 6.7, 8]},
			"faces": {
				"north": {"uv": [4, 8, 5, 15], "rotation": 180, "texture": "#0"},
				"east": {"uv": [3, 8, 4, 15], "rotation": 180, "texture": "#0"},
				"south": {"uv": [2, 8, 3, 15], "rotation": 180, "texture": "#0"},
				"west": {"uv": [8, 4, 9, 11], "rotation": 180, "texture": "#0"},
				"up": {"uv": [13, 3, 12, 4], "texture": "#0"},
				"down": {"uv": [13, 3, 12, 2], "texture": "#0"}
			}
		},
		{
			"name": "a3",
			"from": [7.895, -10.8, 5.5],
			"to": [8.903, -3.8, 6.5],
			"rotation": {"angle": 0, "axis": "y", "origin": [8.4, 6.7, 8]},
			"faces": {
				"north": {"uv": [7, 8, 8, 15], "rotation": 180, "texture": "#0"},
				"east": {"uv": [6, 8, 7, 15], "rotation": 180, "texture": "#0"},
				"south": {"uv": [5, 8, 6, 15], "rotation": 180, "texture": "#0"},
				"west": {"uv": [9, 4, 10, 11], "rotation": 180, "texture": "#0"},
				"up": {"uv": [13, 5, 12, 6], "texture": "#0"},
				"down": {"uv": [13, 5, 12, 4], "texture": "#0"}
			}
		},
		{
			"name": "a4",
			"from": [8, -11.4, 6.5],
			"to": [8.8, -3.8, 9.5],
			"rotation": {"angle": 0, "axis": "y", "origin": [8.4, 6.7, 8]},
			"faces": {
				"north": {"uv": [7, 0, 8, 8], "rotation": 180, "texture": "#0"},
				"east": {"uv": [0, 0, 3, 8], "rotation": 180, "texture": "#0"},
				"south": {"uv": [6, 0, 7, 8], "rotation": 180, "texture": "#0"},
				"west": {"uv": [3, 0, 6, 8], "rotation": 180, "texture": "#0"},
				"up": {"uv": [12, 7, 11, 10], "texture": "#0"},
				"down": {"uv": [12, 7, 11, 4], "texture": "#0"}
			}
		},
		{
			"name": "b2",
			"from": [7.9, -7.4471, 20.64214],
			"to": [8.9, -3.9066, 22.14214],
			"rotation": {"angle": 45, "axis": "x", "origin": [8.4, 6.7, 8]},
			"faces": {
				"north": {"uv": [10, 8, 11, 12], "rotation": 180, "texture": "#0"},
				"east": {"uv": [0, 8, 2, 12], "rotation": 180, "texture": "#0"},
				"south": {"uv": [10, 4, 11, 8], "rotation": 180, "texture": "#0"},
				"west": {"uv": [8, 0, 10, 4], "rotation": 180, "texture": "#0"},
				"up": {"uv": [2, 12, 1, 14], "texture": "#0"},
				"down": {"uv": [13, 2, 12, 0], "texture": "#0"}
			}
		},
		{
			"name": "b3",
			"from": [7.9, -5.9471, -6.14214],
			"to": [8.9, -3.9066, -4.64214],
			"rotation": {"angle": -45, "axis": "x", "origin": [8.4, 6.7, 8]},
			"faces": {
				"north": {"uv": [9, 11, 10, 13], "rotation": 180, "texture": "#0"},
				"east": {"uv": [10, 0, 12, 2], "rotation": 180, "texture": "#0"},
				"south": {"uv": [8, 11, 9, 13], "rotation": 180, "texture": "#0"},
				"west": {"uv": [10, 2, 12, 4], "rotation": 180, "texture": "#0"},
				"up": {"uv": [1, 12, 0, 14], "texture": "#0"},
				"down": {"uv": [12, 12, 11, 10], "texture": "#0"}
			}
		},
		{
			"name": "c2",
			"from": [7.7, -3.19, 10.5667],
			"to": [9.1, -2.19, 13.0667],
			"rotation": {"angle": 22.5, "axis": "x", "origin": [8.4, 1.7, 8]},
			"faces": {
				"north": {"uv": [4, 11, 5, 12], "rotation": 180, "texture": "#1"},
				"east": {"uv": [10, 0, 12, 1], "rotation": 180, "texture": "#1"},
				"south": {"uv": [10, 5, 11, 6], "rotation": 180, "texture": "#1"},
				"west": {"uv": [10, 1, 12, 2], "rotation": 180, "texture": "#1"},
				"up": {"uv": [9, 10, 8, 12], "texture": "#1"},
				"down": {"uv": [10, 9, 9, 7], "texture": "#1"}
			}
		},
		{
			"name": "c3",
			"from": [7.7, -2.19, 10.5667],
			"to": [9.1, -1.19, 13.5667],
			"rotation": {"angle": 22.5, "axis": "x", "origin": [8.4, 1.7, 8]},
			"faces": {
				"north": {"uv": [5, 11, 6, 12], "rotation": 180, "texture": "#1"},
				"east": {"uv": [7, 5, 10, 6], "rotation": 180, "texture": "#1"},
				"south": {"uv": [11, 4, 12, 5], "rotation": 180, "texture": "#1"},
				"west": {"uv": [1, 8, 4, 9], "rotation": 180, "texture": "#1"},
				"up": {"uv": [2, 9, 1, 12], "texture": "#1"},
				"down": {"uv": [5, 11, 4, 8], "texture": "#1"}
			}
		},
		{
			"name": "c4",
			"from": [7.7, -1.19, 10.5667],
			"to": [9.1, -0.19, 14.0667],
			"rotation": {"angle": 22.5, "axis": "x", "origin": [8.4, 1.7, 8]},
			"faces": {
				"north": {"uv": [6, 11, 7, 12], "rotation": 180, "texture": "#1"},
				"east": {"uv": [0, 6, 4, 7], "rotation": 180, "texture": "#1"},
				"south": {"uv": [11, 5, 12, 6], "rotation": 180, "texture": "#1"},
				"west": {"uv": [4, 6, 8, 7], "rotation": 180, "texture": "#1"},
				"up": {"uv": [8, 0, 7, 4], "texture": "#1"},
				"down": {"uv": [1, 11, 0, 7], "texture": "#1"}
			}
		},
		{
			"name": "d2",
			"from": [7.7, -3.19, 2.9333],
			"to": [9.1, -2.19, 5.4333],
			"rotation": {"angle": -22.5, "axis": "x", "origin": [8.4, 1.7, 8]},
			"faces": {
				"north": {"uv": [11, 7, 12, 8], "rotation": 180, "texture": "#1"},
				"east": {"uv": [8, 2, 11, 3], "rotation": 180, "texture": "#1"},
				"south": {"uv": [11, 6, 12, 7], "rotation": 180, "texture": "#1"},
				"west": {"uv": [8, 3, 11, 4], "rotation": 180, "texture": "#1"},
				"up": {"uv": [4, 9, 3, 12], "texture": "#1"},
				"down": {"uv": [3, 12, 2, 9], "texture": "#1"}
			}
		},
		{
			"name": "d3",
			"from": [7.7, -2.19, 2.4333],
			"to": [9.1, -1.19, 5.4333],
			"rotation": {"angle": -22.5, "axis": "x", "origin": [8.4, 1.7, 8]},
			"faces": {
				"north": {"uv": [11, 9, 12, 10], "rotation": 180, "texture": "#1"},
				"east": {"uv": [8, 6, 11, 7], "rotation": 180, "texture": "#1"},
				"south": {"uv": [11, 8, 12, 9], "rotation": 180, "texture": "#1"},
				"west": {"uv": [7, 9, 10, 10], "rotation": 180, "texture": "#1"},
				"up": {"uv": [11, 7, 10, 10], "texture": "#1"},
				"down": {"uv": [8, 13, 7, 10], "texture": "#1"}
			}
		},
		{
			"name": "d4",
			"from": [7.7, -1.19, 1.9333],
			"to": [9.1, -0.19, 5.4333],
			"rotation": {"angle": -22.5, "axis": "x", "origin": [8.4, 1.7, 8]},
			"faces": {
				"north": {"uv": [11, 11, 12, 12], "rotation": 180, "texture": "#1"},
				"east": {"uv": [1, 7, 5, 8], "rotation": 180, "texture": "#1"},
				"south": {"uv": [11, 10, 12, 11], "rotation": 180, "texture": "#1"},
				"west": {"uv": [7, 4, 11, 5], "rotation": 180, "texture": "#1"},
				"up": {"uv": [7, 7, 6, 11], "texture": "#1"},
				"down": {"uv": [6, 11, 5, 7], "texture": "#1"}
			}
		},
		{
			"name": "e2",
			"from": [7.6, -2.70509, 3.59885],
			"to": [9.3, 0.39491, 6.69885],
			"rotation": {"angle": -45, "axis": "x", "origin": [8.4, 1.7, 8]},
			"faces": {
				"north": {"uv": [7, 3, 5, 0], "rotation": 180, "texture": "#1"},
				"east": {"uv": [0, 0, 3, 3], "rotation": 90, "texture": "#1"},
				"south": {"uv": [7, 3, 5, 6], "texture": "#1"},
				"west": {"uv": [0, 3, 3, 6], "rotation": 270, "texture": "#1"},
				"up": {"uv": [3, 3, 5, 6], "texture": "#1"},
				"down": {"uv": [3, 0, 5, 3], "rotation": 180, "texture": "#1"}
			}
		},
		{
			"name": "f2",
			"from": [7.1, -2.10115, 9.90509],
			"to": [9.8, -0.20115, 11.80509],
			"rotation": {"angle": 45, "axis": "x", "origin": [8.4, 1.7, 8]},
			"faces": {
				"north": {"uv": [10, 10, 11, 12], "rotation": 180, "texture": "#1"},
				"east": {"uv": [7, 7, 9, 9], "rotation": 180, "texture": "#1"},
				"south": {"uv": [9, 10, 10, 12], "rotation": 180, "texture": "#1"},
				"west": {"uv": [8, 0, 10, 2], "rotation": 180, "texture": "#1"},
				"up": {"uv": [12, 2, 11, 4], "texture": "#1"},
				"down": {"uv": [1, 13, 0, 11], "texture": "#1"}
			}
		}
	],
	"display": {
		"thirdperson_righthand": {
			"rotation": [0, -180, 0],
			"translation": [0.5, 2.75, 1.75]
		},
		"thirdperson_lefthand": {
			"translation": [0.5, 2.75, 1.75]
		},
		"firstperson_righthand": {
			"rotation": [15, 0, 0],
			"translation": [0, 0, 0],
			"scale": [0.7, 0.7, 0.7]
		},
		"firstperson_lefthand": {
			"rotation": [15, 0, 0],
			"translation": [0, 6, 0],
			"scale": [0.7, 0.7, 0.7]
		},
		"gui": {
			"rotation": [0, 90, 0],
			"translation": [0, 4, 0],
			"scale": [0.6, 0.6, 0.6]
		},
		"fixed": {
			"rotation": [0, 90, 0],
			"translation": [0, 8.75, -1.75],
			"scale": [2, 2, 2]
		}
	}
}