{
	"credit": "Made with Blockbench",
	"texture_size": [32, 32],
	"textures": {
		"0": "hanu/wax1",
		"4": "hanu/wax2",
		"5": "hanu/wax3",
		"6": "hanu/wax4",
		"particle": "hanu/wax1"
	},
	"elements": [
		{
			"from": [7.4, 19.05, 6.603],
			"to": [8.6, 22.85, 8.403],
			"rotation": {"angle": 0, "axis": "y", "origin": [11.6, 16.05838, 7.403]},
			"faces": {
				"north": {"uv": [3.5, 7, 4, 9], "texture": "#6"},
				"east": {"uv": [4, 0, 5, 2], "texture": "#6"},
				"south": {"uv": [5, 7, 5.5, 9], "texture": "#6"},
				"west": {"uv": [4, 2, 5, 4], "texture": "#6"},
				"up": {"uv": [9.5, 4, 9, 3], "texture": "#6"},
				"down": {"uv": [4, 9, 3.5, 10], "texture": "#6"}
			}
		},
		{
			"from": [6.4, 18.75, 6.703],
			"to": [7.4, 22.75, 8.311],
			"faces": {
				"north": {"uv": [7, 6, 7.5, 8], "texture": "#6"},
				"east": {"uv": [5.5, 0, 6.25, 2], "texture": "#6"},
				"south": {"uv": [7.5, 0, 8, 2], "texture": "#6"},
				"west": {"uv": [5.5, 2, 6.25, 4], "texture": "#6"},
				"up": {"uv": [9.5, 6.25, 9, 5.5], "texture": "#6"},
				"down": {"uv": [6.5, 9, 6, 9.75], "texture": "#6"}
			}
		},
		{
			"from": [8.6, 18.75, 6.703],
			"to": [9.6, 22.75, 8.311],
			"faces": {
				"north": {"uv": [7.5, 2, 8, 4], "texture": "#6"},
				"east": {"uv": [5.5, 4, 6.25, 6], "texture": "#6"},
				"south": {"uv": [4, 7.5, 4.5, 9.5], "texture": "#6"},
				"west": {"uv": [0, 6, 0.75, 8], "texture": "#6"},
				"up": {"uv": [7, 9.75, 6.5, 9], "texture": "#6"},
				"down": {"uv": [9.5, 6.5, 9, 7.25], "texture": "#6"}
			}
		},
		{
			"from": [9.58762, 17.8385, 7.007],
			"to": [11.78762, 23.2385, 8.008],
			"rotation": {"angle": 0, "axis": "y", "origin": [12.18762, 15.7385, 7.508]},
			"faces": {
				"north": {"uv": [0, 0, 1, 2.75], "texture": "#6"},
				"east": {"uv": [6.5, 6, 7, 8.75], "texture": "#6"},
				"south": {"uv": [1, 0, 2, 2.75], "texture": "#6"},
				"west": {"uv": [7, 0, 7.5, 2.75], "texture": "#6"},
				"up": {"uv": [10, 4.5, 9, 4], "texture": "#6"},
				"down": {"uv": [10, 4.5, 9, 5], "texture": "#6"}
			}
		},
		{
			"from": [11.68762, 15.2385, 7.008],
			"to": [12.68762, 18.2385, 8.007],
			"rotation": {"angle": 22.5, "axis": "z", "origin": [12.18762, 15.7385, 7.508]},
			"faces": {
				"north": {"uv": [8, 6, 8.5, 7.5], "texture": "#6"},
				"east": {"uv": [7, 8, 7.5, 9.5], "texture": "#6"},
				"south": {"uv": [7.5, 8, 8, 9.5], "texture": "#6"},
				"west": {"uv": [8, 7.5, 8.5, 9], "texture": "#6"},
				"up": {"uv": [2.5, 10, 2, 9.5], "texture": "#6"},
				"down": {"uv": [3, 9.5, 2.5, 10], "texture": "#6"}
			}
		},
		{
			"from": [11.78762, 16.2385, 7.009],
			"to": [13.38762, 23.4385, 8.004],
			"rotation": {"angle": 0, "axis": "y", "origin": [12.18762, 15.7385, 7.508]},
			"faces": {
				"north": {"uv": [3, 0, 3.75, 3.5], "texture": "#6"},
				"east": {"uv": [4, 4, 4.5, 7.5], "texture": "#6"},
				"south": {"uv": [1, 3, 1.75, 6.5], "texture": "#6"},
				"west": {"uv": [4.5, 4, 5, 7.5], "texture": "#6"},
				"up": {"uv": [9.75, 8, 9, 7.5], "texture": "#6"},
				"down": {"uv": [8.75, 9, 8, 9.5], "texture": "#6"}
			}
		},
		{
			"from": [12.41389, 15.58312, 7.006],
			"to": [13.41389, 19.58312, 8.01],
			"rotation": {"angle": -22.5, "axis": "z", "origin": [10.91389, 16.58312, 7.508]},
			"faces": {
				"north": {"uv": [7.5, 4, 8, 6], "texture": "#6"},
				"east": {"uv": [4.5, 7.5, 5, 9.5], "texture": "#6"},
				"south": {"uv": [7.5, 6, 8, 8], "texture": "#6"},
				"west": {"uv": [0, 8, 0.5, 10], "texture": "#6"},
				"up": {"uv": [10, 3.5, 9.5, 3], "texture": "#6"},
				"down": {"uv": [10, 3.5, 9.5, 4], "texture": "#6"}
			}
		},
		{
			"from": [13.37164, 18.39805, 7.007],
			"to": [14.37164, 24.39805, 8.008],
			"rotation": {"angle": 0, "axis": "y", "origin": [13.87164, 24.39805, 7.508]},
			"faces": {
				"north": {"uv": [5.5, 6, 6, 9], "texture": "#6"},
				"east": {"uv": [6, 6, 6.5, 9], "texture": "#6"},
				"south": {"uv": [6.5, 0, 7, 3], "texture": "#6"},
				"west": {"uv": [1, 6.5, 1.5, 9.5], "texture": "#6"},
				"up": {"uv": [4.5, 10, 4, 9.5], "texture": "#6"},
				"down": {"uv": [5, 9.5, 4.5, 10], "texture": "#6"}
			}
		},
		{
			"from": [10.56298, 23.43611, 7.008],
			"to": [13.56298, 24.43611, 8.007],
			"rotation": {"angle": 22.5, "axis": "z", "origin": [13.56298, 23.93611, 7.508]},
			"faces": {
				"north": {"uv": [8.5, 0, 10, 0.5], "texture": "#6"},
				"east": {"uv": [5, 9.5, 5.5, 10], "texture": "#6"},
				"south": {"uv": [8.5, 0.5, 10, 1], "texture": "#6"},
				"west": {"uv": [5.5, 9.5, 6, 10], "texture": "#6"},
				"up": {"uv": [10, 1.5, 8.5, 1], "texture": "#6"},
				"down": {"uv": [10, 1.5, 8.5, 2], "texture": "#6"}
			}
		},
		{
			"from": [2.36491, 14.74163, 7.006],
			"to": [3.36491, 18.74163, 8.01],
			"rotation": {"angle": 22.5, "axis": "z", "origin": [2.86491, 16.74163, 7.508]},
			"faces": {
				"north": {"uv": [8, 0, 8.5, 2], "texture": "#6"},
				"east": {"uv": [0.5, 8, 1, 10], "texture": "#6"},
				"south": {"uv": [8, 2, 8.5, 4], "texture": "#6"},
				"west": {"uv": [8, 4, 8.5, 6], "texture": "#6"},
				"up": {"uv": [10, 6, 9.5, 5.5], "texture": "#6"},
				"down": {"uv": [10, 6, 9.5, 6.5], "texture": "#6"}
			}
		},
		{
			"from": [4.23762, 17.8385, 7.007],
			"to": [6.43762, 23.2385, 8.008],
			"rotation": {"angle": 0, "axis": "y", "origin": [12.13762, 15.7385, 7.508]},
			"faces": {
				"north": {"uv": [2, 0, 3, 2.75], "texture": "#6"},
				"east": {"uv": [3, 7, 3.5, 9.75], "texture": "#6"},
				"south": {"uv": [0, 3, 1, 5.75], "texture": "#6"},
				"west": {"uv": [7, 3, 7.5, 5.75], "texture": "#6"},
				"up": {"uv": [6, 9.5, 5, 9], "texture": "#6"},
				"down": {"uv": [10, 5, 9, 5.5], "texture": "#6"}
			}
		},
		{
			"from": [2.63762, 16.2385, 7.009],
			"to": [4.23762, 23.4385, 8.004],
			"rotation": {"angle": 0, "axis": "y", "origin": [12.13762, 15.7385, 7.508]},
			"faces": {
				"north": {"uv": [2, 3, 2.75, 6.5], "texture": "#6"},
				"east": {"uv": [5, 0, 5.5, 3.5], "texture": "#6"},
				"south": {"uv": [3, 3.5, 3.75, 7], "texture": "#6"},
				"west": {"uv": [5, 3.5, 5.5, 7], "texture": "#6"},
				"up": {"uv": [9.75, 9.5, 9, 9], "texture": "#6"},
				"down": {"uv": [1.75, 9.5, 1, 10], "texture": "#6"}
			}
		},
		{
			"from": [3.93682, 12.33135, 7.008],
			"to": [4.93682, 15.33135, 8.007],
			"rotation": {"angle": -22.5, "axis": "z", "origin": [11.43682, 15.83135, 7.508]},
			"faces": {
				"north": {"uv": [8.5, 2, 9, 3.5], "texture": "#6"},
				"east": {"uv": [8.5, 3.5, 9, 5], "texture": "#6"},
				"south": {"uv": [8.5, 5, 9, 6.5], "texture": "#6"},
				"west": {"uv": [8.5, 6.5, 9, 8], "texture": "#6"},
				"up": {"uv": [10, 7, 9.5, 6.5], "texture": "#6"},
				"down": {"uv": [7.5, 9.5, 7, 10], "texture": "#6"}
			}
		},
		{
			"from": [1.6376, 18.39805, 7.007],
			"to": [2.6376, 24.39805, 8.008],
			"rotation": {"angle": 0, "axis": "y", "origin": [13.82164, 24.39805, 7.508]},
			"faces": {
				"north": {"uv": [1.5, 6.5, 2, 9.5], "texture": "#6"},
				"east": {"uv": [2, 6.5, 2.5, 9.5], "texture": "#6"},
				"south": {"uv": [2.5, 6.5, 3, 9.5], "texture": "#6"},
				"west": {"uv": [6.5, 3, 7, 6], "texture": "#6"},
				"up": {"uv": [10, 7.5, 9.5, 7], "texture": "#6"},
				"down": {"uv": [8, 9.5, 7.5, 10], "texture": "#6"}
			}
		},
		{
			"from": [2.33208, 22.86209, 7.008],
			"to": [5.33208, 23.86209, 8.007],
			"rotation": {"angle": -22.5, "axis": "z", "origin": [3.83208, 23.36209, 7.508]},
			"faces": {
				"north": {"uv": [8.5, 8, 10, 8.5], "texture": "#6"},
				"east": {"uv": [8, 9.5, 8.5, 10], "texture": "#6"},
				"south": {"uv": [8.5, 8.5, 10, 9], "texture": "#6"},
				"west": {"uv": [8.5, 9.5, 9, 10], "texture": "#6"},
				"up": {"uv": [10.5, 2.5, 9, 2], "texture": "#6"},
				"down": {"uv": [10.5, 2.5, 9, 3], "texture": "#6"}
			}
		},
		{
			"from": [7.4, 12.5, 6.9],
			"to": [8.6, 16, 8.1],
			"rotation": {"angle": 0, "axis": "y", "origin": [8, 4.25, 7.5]},
			"faces": {
				"north": {"uv": [4, 0, 5, 3.5], "texture": "#0"},
				"east": {"uv": [4, 4, 5, 7.5], "texture": "#0"},
				"south": {"uv": [0, 5, 1, 8.5], "texture": "#0"},
				"west": {"uv": [5, 0, 6, 3.5], "texture": "#0"},
				"up": {"uv": [4, 6, 3, 5], "texture": "#0"},
				"down": {"uv": [6, 4, 5, 5], "texture": "#0"}
			}
		},
		{
			"from": [7.5, -1.5, 7],
			"to": [8.5, 22.5, 8],
			"rotation": {"angle": 0, "axis": "y", "origin": [-0.5, 12.5, 0]},
			"faces": {
				"north": {"uv": [0, 0, 0.5, 10.5], "texture": "#4"},
				"east": {"uv": [0.5, 0, 1, 10.5], "texture": "#4"},
				"south": {"uv": [1, 0, 1.5, 10.5], "texture": "#4"},
				"west": {"uv": [1.5, 0, 2, 10.5], "texture": "#4"},
				"up": {"uv": [2.5, 2.5, 2, 2], "texture": "#4"},
				"down": {"uv": [2.5, 2.5, 2, 3], "texture": "#4"}
			}
		},
		{
			"from": [7.3, 16, 6.795],
			"to": [8.7, 20.1, 8.195],
			"rotation": {"angle": 0, "axis": "y", "origin": [8, 16, 6.695]},
			"faces": {
				"north": {"uv": [2, 3, 2.5, 3.5], "texture": "#4"},
				"east": {"uv": [3, 2, 3.5, 2.5], "texture": "#4"},
				"south": {"uv": [2.5, 3, 3, 3.5], "texture": "#4"},
				"west": {"uv": [3, 2.5, 3.5, 3], "texture": "#4"},
				"up": {"uv": [3.5, 3.5, 3, 3], "texture": "#4"},
				"down": {"uv": [4, 0, 3.5, 0.5], "texture": "#4"}
			}
		},
		{
			"from": [4.4, 14.2, 7.5],
			"to": [7.4, 16.2, 7.5],
			"rotation": {"angle": 22.5, "axis": "z", "origin": [6, 15.5, 7.5]},
			"faces": {
				"north": {"uv": [0, 0, 6, 4], "texture": "#5"},
				"east": {"uv": [0, 0, 0, 4], "texture": "#5"},
				"south": {"uv": [0, 4, 6, 8], "texture": "#5"},
				"west": {"uv": [0, 0, 0, 4], "texture": "#5"},
				"up": {"uv": [6, 0, 0, 0], "texture": "#5"},
				"down": {"uv": [6, 0, 0, 0], "texture": "#5"}
			}
		}
	],
	"display": {
		"thirdperson_righthand": {
			"rotation": [0, 90, 0],
			"translation": [0.5, -3, 0.75]
		},
		"thirdperson_lefthand": {
			"rotation": [0, -90, 0],
			"translation": [-0.5, -3, 0.75]
		},
		"firstperson_righthand": {
			"rotation": [0, 90, 0],
			"translation": [3, 6, 0]
		},
		"firstperson_lefthand": {
			"rotation": [0, -90, 0],
			"translation": [3, 6, 0]
		},
		"ground": {
			"rotation": [-90, 0, 0],
			"translation": [0, 0, 3]
		},
		"gui": {
			"rotation": [0, 0, -45],
			"translation": [-2.5, -2.25, 0],
			"scale": [0.62, 0.62, 0.62]
		},
		"fixed": {
			"translation": [0, -0.5, -1]
		}
	},
	"groups": [
		{
			"name": "날",
			"origin": [10.86389, 16.88312, 7.5],
			"color": 0,
			"children": [
				0,
				1,
				2,
				{
					"name": "left",
					"origin": [13.61298, 24.23611, 7.5],
					"color": 0,
					"children": [3, 4, 5, 6, 7, 8]
				},
				{
					"name": "right",
					"origin": [3.83208, 23.66209, 7.5],
					"color": 0,
					"children": [9, 10, 11, 12, 13, 14]
				}
			]
		},
		{
			"name": "손잡이",
			"origin": [6, 18.5, 7.5],
			"color": 0,
			"children": [15, 16, 17, 18]
		}
	]
}