{
	"credit": "Made with Blockbench",
	"textures": {
		"0": "hanu/dironspear2",
		"1": "hanu/dironspear1",
		"particle": "hanu/dironspear2"
	},
	"elements": [
		{
			"from": [7.801, 14, 6.6],
			"to": [8.199, 26, 9.4],
			"rotation": {"angle": 0, "axis": "y", "origin": [8, 8.7671, 8]},
			"faces": {
				"north": {"uv": [5, 0, 5.25, 9.5], "texture": "#0"},
				"east": {"uv": [0, 0, 1.5, 9.5], "texture": "#0"},
				"south": {"uv": [5.5, 0, 5.75, 9.5], "texture": "#0"},
				"west": {"uv": [1.5, 0, 3, 9.5], "texture": "#0"},
				"up": {"uv": [10.75, 10.5, 10.5, 9], "texture": "#0"},
				"down": {"uv": [10.75, 10.5, 10.5, 12], "texture": "#0"}
			}
		},
		{
			"from": [7.801, 26, 6.7],
			"to": [8.199, 27, 9.3],
			"rotation": {"angle": 0, "axis": "y", "origin": [8, 8.7671, 8]},
			"faces": {
				"north": {"uv": [12.5, 1, 12.75, 1.5], "texture": "#0"},
				"east": {"uv": [0.5, 9.5, 2, 10], "texture": "#0"},
				"south": {"uv": [1.5, 12.5, 1.75, 13], "texture": "#0"},
				"west": {"uv": [9.5, 1.5, 11, 2], "texture": "#0"},
				"up": {"uv": [11.25, 9.25, 11, 8], "texture": "#0"},
				"down": {"uv": [8.75, 11, 8.5, 12.25], "texture": "#0"}
			}
		},
		{
			"from": [7.801, 27, 6.8],
			"to": [8.199, 28, 9.2],
			"rotation": {"angle": 0, "axis": "y", "origin": [8, 8.7671, 8]},
			"faces": {
				"north": {"uv": [12.5, 1.5, 12.75, 2], "texture": "#0"},
				"east": {"uv": [9.5, 2, 11, 2.5], "texture": "#0"},
				"south": {"uv": [2, 12.5, 2.25, 13], "texture": "#0"},
				"west": {"uv": [9.5, 2.5, 11, 3], "texture": "#0"},
				"up": {"uv": [9.25, 12.25, 9, 11], "texture": "#0"},
				"down": {"uv": [9.75, 11, 9.5, 12.25], "texture": "#0"}
			}
		},
		{
			"from": [7.799, 10.1429, 1.6688],
			"to": [8.201, 12.1429, 2.6688],
			"rotation": {"angle": 45, "axis": "x", "origin": [8, 8.7671, 8]},
			"faces": {
				"north": {"uv": [5.5, 11.5, 5.75, 12.5], "texture": "#0"},
				"east": {"uv": [5.5, 10.5, 6, 11.5], "texture": "#0"},
				"south": {"uv": [11.5, 6, 11.75, 7], "texture": "#0"},
				"west": {"uv": [10.5, 6, 11, 7], "texture": "#0"},
				"up": {"uv": [12.75, 0.5, 12.5, 0], "texture": "#0"},
				"down": {"uv": [0.75, 12.5, 0.5, 13], "texture": "#0"}
			}
		},
		{
			"from": [7.8, 14.92388, 5.61732],
			"to": [8.2, 25.92388, 6.61732],
			"rotation": {"angle": 0, "axis": "y", "origin": [8, 8.7671, 8]},
			"faces": {
				"north": {"uv": [6, 0, 6.25, 9], "texture": "#0"},
				"east": {"uv": [3, 0, 3.5, 9], "texture": "#0"},
				"south": {"uv": [6.5, 0, 6.75, 9], "texture": "#0"},
				"west": {"uv": [3.5, 0, 4, 9], "texture": "#0"},
				"up": {"uv": [10.75, 12.5, 10.5, 12], "texture": "#0"},
				"down": {"uv": [12.25, 10.5, 12, 11], "texture": "#0"}
			}
		},
		{
			"from": [7.8, 14.92388, 9.38268],
			"to": [8.2, 25.92388, 10.38268],
			"rotation": {"angle": 0, "axis": "y", "origin": [8, 8.7671, 8]},
			"faces": {
				"north": {"uv": [7, 0, 7.25, 9], "texture": "#0"},
				"east": {"uv": [4, 0, 4.5, 9], "texture": "#0"},
				"south": {"uv": [7.5, 0, 7.75, 9], "texture": "#0"},
				"west": {"uv": [4.5, 0, 5, 9], "texture": "#0"},
				"up": {"uv": [11.25, 12.5, 11, 12], "texture": "#0"},
				"down": {"uv": [12.25, 11, 12, 11.5], "texture": "#0"}
			}
		},
		{
			"from": [7.799, 10.1429, 13.3312],
			"to": [8.201, 12.1429, 14.3312],
			"rotation": {"angle": -45, "axis": "x", "origin": [8, 8.7671, 8]},
			"faces": {
				"north": {"uv": [11.5, 7, 11.75, 8], "texture": "#0"},
				"east": {"uv": [10.5, 7, 11, 8], "texture": "#0"},
				"south": {"uv": [11.5, 8, 11.75, 9], "texture": "#0"},
				"west": {"uv": [10.5, 8, 11, 9], "texture": "#0"},
				"up": {"uv": [12.75, 1, 12.5, 0.5], "texture": "#0"},
				"down": {"uv": [1.25, 12.5, 1, 13], "texture": "#0"}
			}
		},
		{
			"from": [7.799, 23.70608, -0.76693],
			"to": [8.201, 25.70608, 0.23307],
			"rotation": {"angle": 22.5, "axis": "x", "origin": [8, 8.7671, 8]},
			"faces": {
				"north": {"uv": [11.5, 0.5, 11.75, 1.5], "texture": "#0"},
				"east": {"uv": [2, 10.5, 2.5, 11.5], "texture": "#0"},
				"south": {"uv": [11.5, 1.5, 11.75, 2.5], "texture": "#0"},
				"west": {"uv": [2.5, 10.5, 3, 11.5], "texture": "#0"},
				"up": {"uv": [12.25, 9.5, 12, 9], "texture": "#0"},
				"down": {"uv": [12.25, 9.5, 12, 10], "texture": "#0"}
			}
		},
		{
			"from": [7.798, 21.06172, -6.58185],
			"to": [8.202, 23.06172, -5.58185],
			"rotation": {"angle": 45, "axis": "x", "origin": [8, 8.7671, 8]},
			"faces": {
				"north": {"uv": [11.5, 2.5, 11.75, 3.5], "texture": "#0"},
				"east": {"uv": [5, 10.5, 5.5, 11.5], "texture": "#0"},
				"south": {"uv": [11.5, 3.5, 11.75, 4.5], "texture": "#0"},
				"west": {"uv": [10.5, 5, 11, 6], "texture": "#0"},
				"up": {"uv": [11.75, 12.5, 11.5, 12], "texture": "#0"},
				"down": {"uv": [12.25, 11.5, 12, 12], "texture": "#0"}
			}
		},
		{
			"from": [7.799, 23.70608, 15.76693],
			"to": [8.201, 25.70608, 16.76693],
			"rotation": {"angle": -22.5, "axis": "x", "origin": [8, 8.7671, 8]},
			"faces": {
				"north": {"uv": [2, 11.5, 2.25, 12.5], "texture": "#0"},
				"east": {"uv": [10.5, 3, 11, 4], "texture": "#0"},
				"south": {"uv": [2.5, 11.5, 2.75, 12.5], "texture": "#0"},
				"west": {"uv": [10.5, 4, 11, 5], "texture": "#0"},
				"up": {"uv": [10.25, 12.5, 10, 12], "texture": "#0"},
				"down": {"uv": [12.25, 10, 12, 10.5], "texture": "#0"}
			}
		},
		{
			"from": [7.797, 21.06172, 21.58185],
			"to": [8.203, 23.36172, 22.58185],
			"rotation": {"angle": -45, "axis": "x", "origin": [8, 8.7671, 8]},
			"faces": {
				"north": {"uv": [7.5, 11, 7.75, 12.25], "texture": "#0"},
				"east": {"uv": [0, 9.5, 0.5, 10.75], "texture": "#0"},
				"south": {"uv": [8, 11, 8.25, 12.25], "texture": "#0"},
				"west": {"uv": [9.5, 0, 10, 1.25], "texture": "#0"},
				"up": {"uv": [12.25, 12.5, 12, 12], "texture": "#0"},
				"down": {"uv": [0.25, 12.5, 0, 13], "texture": "#0"}
			}
		},
		{
			"from": [7.5, -5, 7.5],
			"to": [8.5, 0, 8.5],
			"rotation": {"angle": -45, "axis": "y", "origin": [8, 8.7671, 8]},
			"faces": {
				"north": {"uv": [8, 0, 8.5, 2.5], "texture": "#0"},
				"east": {"uv": [8, 2.5, 8.5, 5], "texture": "#0"},
				"south": {"uv": [8.5, 2.5, 8, 5], "texture": "#0"},
				"west": {"uv": [8.5, 0, 8, 2.5], "texture": "#0"},
				"up": {"uv": [12, 5, 11.5, 4.5], "texture": "#0"},
				"down": {"uv": [5.5, 11.5, 5, 12], "texture": "#0"}
			}
		},
		{
			"from": [7.4, -6, 7.4],
			"to": [8.6, -5, 8.6],
			"rotation": {"angle": -45, "axis": "y", "origin": [8, 8.7671, 8]},
			"faces": {
				"north": {"uv": [11.5, 9, 12, 9.5], "texture": "#0"},
				"east": {"uv": [11.5, 9.5, 12, 10], "texture": "#0"},
				"south": {"uv": [12, 9.5, 11.5, 10], "texture": "#0"},
				"west": {"uv": [12, 9, 11.5, 9.5], "texture": "#0"},
				"up": {"uv": [12, 11, 11.5, 10.5], "texture": "#0"},
				"down": {"uv": [11.5, 11.5, 11, 12], "texture": "#0"}
			}
		},
		{
			"from": [7.4, 0, 7.4],
			"to": [8.6, 1, 8.6],
			"rotation": {"angle": -45, "axis": "y", "origin": [8, 8.7671, 8]},
			"faces": {
				"north": {"uv": [11.5, 9, 12, 9.5], "texture": "#0"},
				"east": {"uv": [11.5, 9.5, 12, 10], "texture": "#0"},
				"south": {"uv": [12, 9.5, 11.5, 10], "texture": "#0"},
				"west": {"uv": [12, 9, 11.5, 9.5], "texture": "#0"},
				"up": {"uv": [12, 11, 11.5, 10.5], "texture": "#0"},
				"down": {"uv": [11.5, 11.5, 11, 12], "texture": "#0"}
			}
		},
		{
			"from": [7.4, -8.8, 7.3],
			"to": [8.6, -8, 8.7],
			"rotation": {"angle": 0, "axis": "y", "origin": [8, 8.7671, 8]},
			"faces": {
				"north": {"uv": [11.5, 11, 12, 11.5], "texture": "#0"},
				"east": {"uv": [10, 1, 10.75, 1.5], "texture": "#0"},
				"south": {"uv": [11.5, 11.5, 12, 12], "texture": "#0"},
				"west": {"uv": [0, 11, 0.75, 11.5], "texture": "#0"},
				"up": {"uv": [11.5, 0.75, 11, 0], "texture": "#0"},
				"down": {"uv": [1.5, 11, 1, 11.75], "texture": "#0"}
			}
		},
		{
			"from": [7.399, -3.49406, 20.35111],
			"to": [8.601, -2.59406, 21.55111],
			"rotation": {"angle": 45, "axis": "x", "origin": [8, 8.7671, 8]},
			"faces": {
				"north": {"uv": [0, 12, 0.5, 12.5], "texture": "#0"},
				"east": {"uv": [12, 0, 12.5, 0.5], "texture": "#0"},
				"south": {"uv": [0.5, 12, 1, 12.5], "texture": "#0"},
				"west": {"uv": [12, 0.5, 12.5, 1], "texture": "#0"},
				"up": {"uv": [1.5, 12.5, 1, 12], "texture": "#0"},
				"down": {"uv": [12.5, 1, 12, 1.5], "texture": "#0"}
			}
		},
		{
			"from": [7.4, -10.24853, 8.74853],
			"to": [8.6, -8.84853, 9.54853],
			"rotation": {"angle": 0, "axis": "y", "origin": [8, 8.7671, 8]},
			"faces": {
				"north": {"uv": [11, 1, 11.5, 1.75], "texture": "#0"},
				"east": {"uv": [1.5, 11, 2, 11.75], "texture": "#0"},
				"south": {"uv": [11, 2, 11.5, 2.75], "texture": "#0"},
				"west": {"uv": [3, 11, 3.5, 11.75], "texture": "#0"},
				"up": {"uv": [2, 12.5, 1.5, 12], "texture": "#0"},
				"down": {"uv": [12.5, 1.5, 12, 2], "texture": "#0"}
			}
		},
		{
			"from": [7.399, -4.784, 19.36116],
			"to": [8.601, -3.584, 20.26116],
			"rotation": {"angle": 45, "axis": "x", "origin": [8, 8.7671, 8]},
			"faces": {
				"north": {"uv": [12, 2, 12.5, 2.5], "texture": "#0"},
				"east": {"uv": [12, 2.5, 12.5, 3], "texture": "#0"},
				"south": {"uv": [3, 12, 3.5, 12.5], "texture": "#0"},
				"west": {"uv": [12, 3, 12.5, 3.5], "texture": "#0"},
				"up": {"uv": [4, 12.5, 3.5, 12], "texture": "#0"},
				"down": {"uv": [12.5, 3.5, 12, 4], "texture": "#0"}
			}
		},
		{
			"from": [7.4, -10.24853, 6.45147],
			"to": [8.6, -8.84853, 7.25147],
			"rotation": {"angle": 0, "axis": "y", "origin": [8, 8.7671, 8]},
			"faces": {
				"north": {"uv": [11, 3, 11.5, 3.75], "texture": "#0"},
				"east": {"uv": [3.5, 11, 4, 11.75], "texture": "#0"},
				"south": {"uv": [4, 11, 4.5, 11.75], "texture": "#0"},
				"west": {"uv": [11, 4, 11.5, 4.75], "texture": "#0"},
				"up": {"uv": [4.5, 12.5, 4, 12], "texture": "#0"},
				"down": {"uv": [12.5, 4, 12, 4.5], "texture": "#0"}
			}
		},
		{
			"from": [7.399, -5.77395, 20.35111],
			"to": [8.601, -4.87395, 21.55111],
			"rotation": {"angle": 45, "axis": "x", "origin": [8, 8.7671, 8]},
			"faces": {
				"north": {"uv": [4.5, 12, 5, 12.5], "texture": "#0"},
				"east": {"uv": [12, 4.5, 12.5, 5], "texture": "#0"},
				"south": {"uv": [5, 12, 5.5, 12.5], "texture": "#0"},
				"west": {"uv": [12, 5, 12.5, 5.5], "texture": "#0"},
				"up": {"uv": [12.5, 6, 12, 5.5], "texture": "#0"},
				"down": {"uv": [6.5, 12, 6, 12.5], "texture": "#0"}
			}
		},
		{
			"from": [7.399, -4.784, 21.64105],
			"to": [8.601, -3.584, 22.54105],
			"rotation": {"angle": 45, "axis": "x", "origin": [8, 8.7671, 8]},
			"faces": {
				"north": {"uv": [12, 6, 12.5, 6.5], "texture": "#0"},
				"east": {"uv": [6.5, 12, 7, 12.5], "texture": "#0"},
				"south": {"uv": [12, 6.5, 12.5, 7], "texture": "#0"},
				"west": {"uv": [7, 12, 7.5, 12.5], "texture": "#0"},
				"up": {"uv": [12.5, 7.5, 12, 7], "texture": "#0"},
				"down": {"uv": [12.5, 7.5, 12, 8], "texture": "#0"}
			}
		},
		{
			"from": [7.4, -11.09706, 7.3],
			"to": [8.6, -10.29706, 8.7],
			"rotation": {"angle": 0, "axis": "y", "origin": [8, 8.7671, 8]},
			"faces": {
				"north": {"uv": [12, 8, 12.5, 8.5], "texture": "#0"},
				"east": {"uv": [11, 5, 11.75, 5.5], "texture": "#0"},
				"south": {"uv": [12, 8.5, 12.5, 9], "texture": "#0"},
				"west": {"uv": [11, 5.5, 11.75, 6], "texture": "#0"},
				"up": {"uv": [5, 11.75, 4.5, 11], "texture": "#0"},
				"down": {"uv": [6.5, 11, 6, 11.75], "texture": "#0"}
			}
		},
		{
			"from": [7.401, -10.35, 7.2],
			"to": [8.599, -8.75, 8.8],
			"rotation": {"angle": 0, "axis": "y", "origin": [8, 8.7671, 8]},
			"faces": {
				"north": {"uv": [11, 6, 11.5, 6.75], "texture": "#0"},
				"east": {"uv": [2, 9.5, 2.75, 10.25], "texture": "#0"},
				"south": {"uv": [6.5, 11, 7, 11.75], "texture": "#0"},
				"west": {"uv": [2, 9.5, 2.75, 10.25], "texture": "#0"},
				"up": {"uv": [7.5, 11.75, 7, 11], "texture": "#0"},
				"down": {"uv": [11.5, 7, 11, 7.75], "texture": "#0"}
			}
		},
		{
			"from": [7.5, 1, 7.5],
			"to": [8.5, 11, 8.5],
			"rotation": {"angle": -45, "axis": "y", "origin": [8, 8.7671, 8]},
			"faces": {
				"north": {"uv": [0, 0, 1, 10], "texture": "#1"},
				"east": {"uv": [1, 0, 2, 10], "texture": "#1"},
				"south": {"uv": [1, 0, 2, 10], "texture": "#1"},
				"west": {"uv": [0, 0, 1, 10], "texture": "#1"},
				"up": {"uv": [9, 3, 8, 2], "texture": "#1"},
				"down": {"uv": [9, 3, 8, 4], "texture": "#1"}
			}
		},
		{
			"from": [7.5, -8, 7.5],
			"to": [8.5, -6, 8.5],
			"rotation": {"angle": -45, "axis": "y", "origin": [8, 8.7671, 8]},
			"faces": {
				"north": {"uv": [6, 2, 7, 4], "texture": "#1"},
				"east": {"uv": [6, 4, 7, 6], "texture": "#1"},
				"south": {"uv": [7, 4, 6, 6], "texture": "#1"},
				"west": {"uv": [6, 2, 7, 4], "texture": "#1"},
				"up": {"uv": [9, 5, 8, 4], "texture": "#1"},
				"down": {"uv": [9, 5, 8, 6], "texture": "#1"}
			}
		},
		{
			"from": [7, 10.999, 7],
			"to": [9, 13.003, 9],
			"rotation": {"angle": 0, "axis": "y", "origin": [8, 8.7671, 8]},
			"faces": {
				"north": {"uv": [8.5, 0, 9.5, 1], "texture": "#0"},
				"east": {"uv": [8.5, 1, 9.5, 2], "texture": "#0"},
				"south": {"uv": [8.5, 2, 9.5, 3], "texture": "#0"},
				"west": {"uv": [8.5, 3, 9.5, 4], "texture": "#0"},
				"up": {"uv": [9.5, 5, 8.5, 4], "texture": "#0"},
				"down": {"uv": [9.5, 5, 8.5, 6], "texture": "#0"}
			}
		},
		{
			"from": [8.30656, 11.001, 6.4588],
			"to": [9.30656, 12.999, 7.4588],
			"rotation": {"angle": 22.5, "axis": "y", "origin": [8, 8.7671, 8]},
			"faces": {
				"north": {"uv": [9.5, 4, 10, 5], "texture": "#0"},
				"east": {"uv": [5, 9.5, 5.5, 10.5], "texture": "#0"},
				"south": {"uv": [9.5, 5, 10, 6], "texture": "#0"},
				"west": {"uv": [5.5, 9.5, 6, 10.5], "texture": "#0"},
				"up": {"uv": [11.5, 10, 11, 9.5], "texture": "#0"},
				"down": {"uv": [10.5, 11, 10, 11.5], "texture": "#0"}
			}
		},
		{
			"from": [7.38268, 11, 5.07612],
			"to": [8.62268, 13, 7.07612],
			"rotation": {"angle": 0, "axis": "y", "origin": [8, 8.7671, 8]},
			"faces": {
				"north": {"uv": [9.5, 6, 10, 7], "texture": "#0"},
				"east": {"uv": [8.5, 6, 9.5, 7], "texture": "#0"},
				"south": {"uv": [9.5, 7, 10, 8], "texture": "#0"},
				"west": {"uv": [8.5, 7, 9.5, 8], "texture": "#0"},
				"up": {"uv": [10, 9, 9.5, 8], "texture": "#0"},
				"down": {"uv": [10, 9, 9.5, 10], "texture": "#0"}
			}
		},
		{
			"from": [6.69344, 11.001, 6.4588],
			"to": [7.69344, 12.999, 7.4588],
			"rotation": {"angle": -22.5, "axis": "y", "origin": [8, 8.7671, 8]},
			"faces": {
				"north": {"uv": [10, 0, 10.5, 1], "texture": "#0"},
				"east": {"uv": [0.5, 10, 1, 11], "texture": "#0"},
				"south": {"uv": [1, 10, 1.5, 11], "texture": "#0"},
				"west": {"uv": [1.5, 10, 2, 11], "texture": "#0"},
				"up": {"uv": [11.5, 10.5, 11, 10], "texture": "#0"},
				"down": {"uv": [11.5, 10.5, 11, 11], "texture": "#0"}
			}
		},
		{
			"from": [7.3828, 9.71111, 2.44419],
			"to": [8.6208, 11.71111, 4.44419],
			"rotation": {"angle": 22.5, "axis": "x", "origin": [8, 8.7671, 8]},
			"faces": {
				"north": {"uv": [3, 10, 3.5, 11], "texture": "#0"},
				"east": {"uv": [8.5, 8, 9.5, 9], "texture": "#0"},
				"south": {"uv": [3.5, 10, 4, 11], "texture": "#0"},
				"west": {"uv": [3, 9, 4, 10], "texture": "#0"},
				"up": {"uv": [4.5, 11, 4, 10], "texture": "#0"},
				"down": {"uv": [10.5, 4, 10, 5], "texture": "#0"}
			}
		},
		{
			"from": [8.30656, 11.001, 8.5412],
			"to": [9.30656, 12.999, 9.5412],
			"rotation": {"angle": -22.5, "axis": "y", "origin": [8, 8.7671, 8]},
			"faces": {
				"north": {"uv": [4.5, 10, 5, 11], "texture": "#0"},
				"east": {"uv": [10, 5, 10.5, 6], "texture": "#0"},
				"south": {"uv": [6, 10, 6.5, 11], "texture": "#0"},
				"west": {"uv": [10, 6, 10.5, 7], "texture": "#0"},
				"up": {"uv": [11.5, 11.5, 11, 11], "texture": "#0"},
				"down": {"uv": [0.5, 11.5, 0, 12], "texture": "#0"}
			}
		},
		{
			"from": [6.69344, 11.001, 8.5412],
			"to": [7.69344, 12.999, 9.5412],
			"rotation": {"angle": 22.5, "axis": "y", "origin": [8, 8.7671, 8]},
			"faces": {
				"north": {"uv": [6.5, 10, 7, 11], "texture": "#0"},
				"east": {"uv": [7, 10, 7.5, 11], "texture": "#0"},
				"south": {"uv": [10, 7, 10.5, 8], "texture": "#0"},
				"west": {"uv": [7.5, 10, 8, 11], "texture": "#0"},
				"up": {"uv": [12, 0.5, 11.5, 0], "texture": "#0"},
				"down": {"uv": [1, 11.5, 0.5, 12], "texture": "#0"}
			}
		},
		{
			"from": [7.38268, 11, 8.92388],
			"to": [8.62268, 13, 10.92388],
			"rotation": {"angle": 0, "axis": "y", "origin": [8, 8.7671, 8]},
			"faces": {
				"north": {"uv": [8, 10, 8.5, 11], "texture": "#0"},
				"east": {"uv": [4, 9, 5, 10], "texture": "#0"},
				"south": {"uv": [10, 8, 10.5, 9], "texture": "#0"},
				"west": {"uv": [6, 9, 7, 10], "texture": "#0"},
				"up": {"uv": [9, 11, 8.5, 10], "texture": "#0"},
				"down": {"uv": [9.5, 10, 9, 11], "texture": "#0"}
			}
		},
		{
			"from": [7.3828, 9.71111, 11.55581],
			"to": [8.6208, 11.71111, 13.55581],
			"rotation": {"angle": -22.5, "axis": "x", "origin": [8, 8.7671, 8]},
			"faces": {
				"north": {"uv": [10, 9, 10.5, 10], "texture": "#0"},
				"east": {"uv": [7, 9, 8, 10], "texture": "#0"},
				"south": {"uv": [9.5, 10, 10, 11], "texture": "#0"},
				"west": {"uv": [8.5, 9, 9.5, 10], "texture": "#0"},
				"up": {"uv": [10.5, 11, 10, 10], "texture": "#0"},
				"down": {"uv": [11, 0, 10.5, 1], "texture": "#0"}
			}
		},
		{
			"from": [7.798, 12.21677, 4.496],
			"to": [8.202, 14.21677, 5.496],
			"rotation": {"angle": 0, "axis": "y", "origin": [8, 8.7671, 8]},
			"faces": {
				"north": {"uv": [9, 2, 9.5, 4], "texture": "#1"},
				"east": {"uv": [5, 7, 6, 9], "texture": "#1"},
				"south": {"uv": [4, 9, 4.5, 11], "texture": "#1"},
				"west": {"uv": [7, 6, 8, 8], "texture": "#1"},
				"up": {"uv": [10.5, 2, 10, 1], "texture": "#1"},
				"down": {"uv": [2.5, 10, 2, 11], "texture": "#1"}
			}
		},
		{
			"from": [7.8, 13, 5.496],
			"to": [8.2, 14, 10.496],
			"rotation": {"angle": 0, "axis": "y", "origin": [8, 8.7671, 8]},
			"faces": {
				"north": {"uv": [9, 5, 9.5, 6], "texture": "#1"},
				"east": {"uv": [4, 0, 9, 1], "texture": "#1"},
				"south": {"uv": [9, 6, 9.5, 7], "texture": "#1"},
				"west": {"uv": [4, 1, 9, 2], "texture": "#1"},
				"up": {"uv": [4.5, 7, 4, 2], "texture": "#1"},
				"down": {"uv": [5.5, 2, 5, 7], "texture": "#1"}
			}
		},
		{
			"from": [7.801, 14, 5.6],
			"to": [8.199, 15, 6.6],
			"rotation": {"angle": 0, "axis": "y", "origin": [8, 8.7671, 8]},
			"faces": {
				"north": {"uv": [9, 9, 9.5, 10], "texture": "#1"},
				"east": {"uv": [9, 0, 10, 1], "texture": "#1"},
				"south": {"uv": [0, 10, 0.5, 11], "texture": "#1"},
				"west": {"uv": [9, 1, 10, 2], "texture": "#1"},
				"up": {"uv": [10.5, 1, 10, 0], "texture": "#1"},
				"down": {"uv": [1.5, 10, 1, 11], "texture": "#1"}
			}
		},
		{
			"from": [7.801, 14, 9.4],
			"to": [8.199, 15, 10.4],
			"rotation": {"angle": 0, "axis": "y", "origin": [8, 8.7671, 8]},
			"faces": {
				"north": {"uv": [7, 9, 7.5, 10], "texture": "#1"},
				"east": {"uv": [7, 8, 8, 9], "texture": "#1"},
				"south": {"uv": [9, 7, 9.5, 8], "texture": "#1"},
				"west": {"uv": [8, 8, 9, 9], "texture": "#1"},
				"up": {"uv": [8.5, 10, 8, 9], "texture": "#1"},
				"down": {"uv": [9.5, 8, 9, 9], "texture": "#1"}
			}
		},
		{
			"from": [7.798, 12.21677, 10.496],
			"to": [8.198, 14.21677, 11.496],
			"rotation": {"angle": 0, "axis": "y", "origin": [8, 8.7671, 8]},
			"faces": {
				"north": {"uv": [6, 8, 6.5, 10], "texture": "#1"},
				"east": {"uv": [4, 7, 5, 9], "texture": "#1"},
				"south": {"uv": [8, 6, 8.5, 8], "texture": "#1"},
				"west": {"uv": [7, 4, 8, 6], "texture": "#1"},
				"up": {"uv": [9.5, 5, 9, 4], "texture": "#1"},
				"down": {"uv": [5.5, 9, 5, 10], "texture": "#1"}
			}
		}
	],
	"display": {
		"thirdperson_righthand": {
			"translation": [0, 8.5, 1.25]
		},
		"firstperson_righthand": {
			"translation": [0, 0, 0]
		},
		"ground": {
			"rotation": [-90, -90, 0]
		},
		"gui": {
			"rotation": [-90, -45, -90],
			"translation": [-0.25, -0.25, 0],
			"scale": [0.46, 0.46, 0.46]
		}
	},
	"groups": [
		0,
		1,
		2,
		3,
		4,
		5,
		6,
		7,
		8,
		9,
		10,
		{
			"name": "group",
			"origin": [-0.1, -0.1, -0.1],
			"color": 0,
			"children": [11, 12, 13, 14, 15, 16, 17, 18, 19, 20, 21, 22, 23, 24]
		},
		{
			"name": "group",
			"origin": [8.03268, -0.5021, 11.92702],
			"color": 0,
			"children": [25, 26, 27, 28, 29, 30, 31, 32, 33]
		},
		34,
		35,
		36,
		37,
		38
	]
}