{
	"credit": "Made with Blockbench",
	"texture_size": [64, 64],
	"textures": {
		"0": "hanu/40sd1",
		"1": "hanu/40axe1",
		"particle": "hanu/40sd1"
	},
	"elements": [
		{
			"from": [7, 9.4, 7],
			"to": [8.8, 11.2, 9],
			"rotation": {"angle": -45, "axis": "z", "origin": [8, 10.2, 8]},
			"faces": {
				"north": {"uv": [8, 4, 9, 5], "texture": "#0"},
				"east": {"uv": [8, 5, 9, 6], "texture": "#0"},
				"south": {"uv": [8, 6, 9, 7], "texture": "#0"},
				"west": {"uv": [7, 8, 8, 9], "texture": "#0"},
				"up": {"uv": [9, 8, 8, 7], "texture": "#0"},
				"down": {"uv": [9, 8, 8, 9], "texture": "#0"}
			}
		},
		{
			"from": [7.2, -14.6, 7.3],
			"to": [8.8, -13, 8.7],
			"rotation": {"angle": 45, "axis": "z", "origin": [8, -13.8, 8]},
			"faces": {
				"north": {"uv": [2, 10.5, 2.75, 11.25], "texture": "#0"},
				"east": {"uv": [10.5, 2, 11.25, 2.75], "texture": "#0"},
				"south": {"uv": [3, 10.5, 3.75, 11.25], "texture": "#0"},
				"west": {"uv": [10.5, 3, 11.25, 3.75], "texture": "#0"},
				"up": {"uv": [11.25, 4.75, 10.5, 4], "texture": "#0"},
				"down": {"uv": [5.75, 10.5, 5, 11.25], "texture": "#0"}
			}
		},
		{
			"from": [7.55, -13.8, 7.55],
			"to": [8.45, 9.2, 8.45],
			"rotation": {"angle": -45, "axis": "y", "origin": [8, -10.55, 8]},
			"faces": {
				"north": {"uv": [7, 2, 7.5, 5], "texture": "#0"},
				"east": {"uv": [7, 5, 7.5, 8], "texture": "#0"},
				"south": {"uv": [7.5, 2, 8, 5], "texture": "#0"},
				"west": {"uv": [7.5, 5, 8, 8], "texture": "#0"},
				"up": {"uv": [9, 11.5, 8.5, 11], "texture": "#0"},
				"down": {"uv": [9.5, 11, 9, 11.5], "texture": "#0"}
			}
		},
		{
			"from": [8.2796, 9.15725, 7.399],
			"to": [10.6796, 10.75725, 8.599],
			"rotation": {"angle": 22.5, "axis": "z", "origin": [7.7796, 14.15725, 7.999]},
			"faces": {
				"north": {"uv": [9, 6, 10.25, 6.75], "texture": "#0"},
				"east": {"uv": [9, 10, 9.75, 10.75], "texture": "#0"},
				"south": {"uv": [7, 9, 8.25, 9.75], "texture": "#0"},
				"west": {"uv": [10, 10, 10.75, 10.75], "texture": "#0"},
				"up": {"uv": [10.25, 7.75, 9, 7], "texture": "#0"},
				"down": {"uv": [10.25, 8, 9, 8.75], "texture": "#0"}
			}
		},
		{
			"from": [9.93379, 9.54379, 7.301],
			"to": [11.43379, 10.54379, 8.701],
			"rotation": {"angle": 22.5, "axis": "z", "origin": [10.53379, 10.44379, 8.002]},
			"faces": {
				"north": {"uv": [12.5, 10.5, 13, 11.5], "texture": "#0"},
				"east": {"uv": [14.75, 10.5, 15.5, 11.5], "texture": "#0"},
				"south": {"uv": [15.5, 10.5, 16, 11.5], "texture": "#0"},
				"west": {"uv": [13.5, 10.5, 14.25, 11.5], "texture": "#0"},
				"up": {"uv": [14.75, 11.25, 14.25, 10.5], "texture": "#0"},
				"down": {"uv": [13.5, 10.5, 13, 11.25], "texture": "#0"}
			}
		},
		{
			"from": [9.01794, 9.72074, 7.399],
			"to": [9.91794, 11.52074, 8.601],
			"rotation": {"angle": 22.5, "axis": "z", "origin": [10.51794, 10.42074, 8]},
			"faces": {
				"north": {"uv": [10.5, 5, 11, 6], "texture": "#0"},
				"east": {"uv": [8.5, 9, 9.25, 10], "texture": "#0"},
				"south": {"uv": [6, 10.5, 6.5, 11.5], "texture": "#0"},
				"west": {"uv": [9.5, 2, 10.25, 3], "texture": "#0"},
				"up": {"uv": [11.5, 1.75, 11, 1], "texture": "#0"},
				"down": {"uv": [11.5, 5, 11, 5.75], "texture": "#0"}
			}
		},
		{
			"from": [8.93379, 9.54379, 7.299],
			"to": [9.93379, 10.54379, 8.701],
			"rotation": {"angle": 22.5, "axis": "z", "origin": [10.53379, 10.44379, 8.001]},
			"faces": {
				"north": {"uv": [12.5, 9, 13, 10], "texture": "#0"},
				"east": {"uv": [14.75, 9, 15.5, 10], "texture": "#0"},
				"south": {"uv": [15.5, 9, 16, 10], "texture": "#0"},
				"west": {"uv": [13.5, 9, 14.25, 10], "texture": "#0"},
				"up": {"uv": [14.75, 9.75, 14.25, 9], "texture": "#0"},
				"down": {"uv": [13.5, 9, 13, 9.75], "texture": "#0"}
			}
		},
		{
			"from": [6.6, 9, 7.3],
			"to": [9.4, 10, 8.7],
			"rotation": {"angle": 0, "axis": "y", "origin": [0, 9, 0]},
			"faces": {
				"north": {"uv": [12.5, 2.75, 14, 3.75], "texture": "#0"},
				"east": {"uv": [14.75, 0.75, 15.5, 1.75], "texture": "#0"},
				"south": {"uv": [14, 2.75, 15.5, 3.75], "texture": "#0"},
				"west": {"uv": [14.75, 1.75, 15.5, 2.75], "texture": "#0"},
				"up": {"uv": [14, 4.5, 12.5, 3.75], "texture": "#0"},
				"down": {"uv": [15.5, 3.75, 14, 4.5], "texture": "#0"}
			}
		},
		{
			"from": [6.08206, 9.72074, 7.399],
			"to": [6.98206, 11.52074, 8.601],
			"rotation": {"angle": -22.5, "axis": "z", "origin": [5.48206, 10.42074, 8]},
			"faces": {
				"north": {"uv": [10.5, 6, 11, 7], "texture": "#0"},
				"east": {"uv": [9.5, 3, 10.25, 4], "texture": "#0"},
				"south": {"uv": [6.5, 10.5, 7, 11.5], "texture": "#0"},
				"west": {"uv": [9.5, 9, 10.25, 10], "texture": "#0"},
				"up": {"uv": [11.5, 6.75, 11, 6], "texture": "#0"},
				"down": {"uv": [7.5, 11, 7, 11.75], "texture": "#0"}
			}
		},
		{
			"from": [6.0586, 9.50552, 7.299],
			"to": [7.0586, 10.50552, 8.701],
			"rotation": {"angle": -22.5, "axis": "z", "origin": [5.5586, 10.40552, 8.001]},
			"faces": {
				"north": {"uv": [12.75, 5, 13.25, 6], "texture": "#0"},
				"east": {"uv": [13.75, 5, 14.5, 6], "texture": "#0"},
				"south": {"uv": [15.25, 5, 15.75, 6], "texture": "#0"},
				"west": {"uv": [14.5, 5, 15.25, 6], "texture": "#0"},
				"up": {"uv": [13.75, 5.75, 13.25, 5], "texture": "#0"},
				"down": {"uv": [12.75, 5, 12.25, 5.75], "texture": "#0"}
			}
		},
		{
			"from": [4.5586, 9.50552, 7.301],
			"to": [6.0586, 10.50552, 8.701],
			"rotation": {"angle": -22.5, "axis": "z", "origin": [5.5586, 10.40552, 8.002]},
			"faces": {
				"north": {"uv": [13.5, 6.5, 14.5, 7], "texture": "#0"},
				"east": {"uv": [12.5, 7, 13.5, 7.5], "texture": "#0"},
				"south": {"uv": [13, 7.5, 13.5, 8.5], "texture": "#0"},
				"west": {"uv": [13.5, 7, 14.5, 7.5], "texture": "#0"},
				"up": {"uv": [13.5, 7, 12.5, 6.5], "texture": "#0"},
				"down": {"uv": [13, 7.5, 12.5, 8.25], "texture": "#0"}
			}
		},
		{
			"from": [3.63659, 9.49218, 7.399],
			"to": [6.03659, 11.09218, 8.599],
			"rotation": {"angle": -22.5, "axis": "z", "origin": [6.53659, 10.09218, 7.999]},
			"faces": {
				"north": {"uv": [8.5, 0, 9.75, 0.75], "texture": "#0"},
				"east": {"uv": [7, 10, 7.75, 10.75], "texture": "#0"},
				"south": {"uv": [8.5, 1, 9.75, 1.75], "texture": "#0"},
				"west": {"uv": [8, 10, 8.75, 10.75], "texture": "#0"},
				"up": {"uv": [10.25, 4.75, 9, 4], "texture": "#0"},
				"down": {"uv": [10.25, 5, 9, 5.75], "texture": "#0"}
			}
		},
		{
			"from": [6.6, 9.2, 7.4],
			"to": [9.4, 10.9, 8.6],
			"rotation": {"angle": 0, "axis": "y", "origin": [0, 9, 0]},
			"faces": {
				"north": {"uv": [7, 0, 8.5, 1], "texture": "#0"},
				"east": {"uv": [10, 0, 10.75, 1], "texture": "#0"},
				"south": {"uv": [7, 1, 8.5, 2], "texture": "#0"},
				"west": {"uv": [10, 1, 10.75, 2], "texture": "#0"},
				"up": {"uv": [9.5, 2.75, 8, 2], "texture": "#0"},
				"down": {"uv": [9.5, 3, 8, 3.75], "texture": "#0"}
			}
		},
		{
			"from": [4.1, 20.61421, 7.5],
			"to": [11.9, 21.61421, 8.5],
			"rotation": {"angle": 0, "axis": "y", "origin": [2.5, 20.61421, 6.9]},
			"faces": {
				"north": {"uv": [5.25, 4.5, 7.25, 4.75], "texture": "#1"},
				"east": {"uv": [6.75, 8.75, 7, 9], "texture": "#1"},
				"south": {"uv": [5.5, 2, 7.5, 2.25], "texture": "#1"},
				"west": {"uv": [7, 8.75, 7.25, 9], "texture": "#1"},
				"up": {"uv": [7.5, 2.5, 5.5, 2.25], "texture": "#1"},
				"down": {"uv": [7.5, 2.5, 5.5, 2.75], "texture": "#1"}
			}
		},
		{
			"from": [4, 11.61421, 7.5],
			"to": [12, 20.61421, 8.5],
			"rotation": {"angle": 0, "axis": "y", "origin": [2.5, 20.61421, 6.9]},
			"faces": {
				"north": {"uv": [0, 0, 2, 2.25], "texture": "#1"},
				"east": {"uv": [1.25, 5.25, 1.5, 7.5], "texture": "#1"},
				"south": {"uv": [2, 0, 4, 2.25], "texture": "#1"},
				"west": {"uv": [1.5, 5.25, 1.75, 7.5], "texture": "#1"},
				"up": {"uv": [7.5, 3.75, 5.5, 3.5], "texture": "#1"},
				"down": {"uv": [7.5, 3.75, 5.5, 4], "texture": "#1"}
			}
		},
		{
			"from": [4.1, 10.51421, 7.5],
			"to": [11.9, 11.61421, 8.5],
			"rotation": {"angle": 0, "axis": "y", "origin": [2.5, 20.61421, 6.9]},
			"faces": {
				"north": {"uv": [5.5, 2.75, 7.5, 3], "texture": "#1"},
				"east": {"uv": [8.75, 7, 9, 7.25], "texture": "#1"},
				"south": {"uv": [3, 5.5, 5, 5.75], "texture": "#1"},
				"west": {"uv": [8.75, 7.25, 9, 7.5], "texture": "#1"},
				"up": {"uv": [7.5, 3.25, 5.5, 3], "texture": "#1"},
				"down": {"uv": [7.5, 3.25, 5.5, 3.5], "texture": "#1"}
			}
		},
		{
			"from": [11.1294, 20.7675, 7.499],
			"to": [12.1294, 23.7675, 8.501],
			"rotation": {"angle": -22.5, "axis": "z", "origin": [11.6294, 21.2675, 8]},
			"faces": {
				"north": {"uv": [4.5, 8, 4.75, 8.75], "texture": "#1"},
				"east": {"uv": [8, 4.75, 8.25, 5.5], "texture": "#1"},
				"south": {"uv": [6.75, 8, 7, 8.75], "texture": "#1"},
				"west": {"uv": [7, 8, 7.25, 8.75], "texture": "#1"},
				"up": {"uv": [9, 8.25, 8.75, 8], "texture": "#1"},
				"down": {"uv": [8.5, 8.75, 8.25, 9], "texture": "#1"}
			}
		},
		{
			"from": [12.50581, 24.68718, 7.499],
			"to": [16.50581, 25.68718, 8.501],
			"rotation": {"angle": -22.5, "axis": "z", "origin": [10.00581, 25.18718, 8]},
			"faces": {
				"north": {"uv": [7.25, 4, 8.25, 4.25], "texture": "#1"},
				"east": {"uv": [8.75, 8.25, 9, 8.5], "texture": "#1"},
				"south": {"uv": [7.25, 4.25, 8.25, 4.5], "texture": "#1"},
				"west": {"uv": [8.5, 8.75, 8.75, 9], "texture": "#1"},
				"up": {"uv": [8.25, 4.75, 7.25, 4.5], "texture": "#1"},
				"down": {"uv": [8.25, 7, 7.25, 7.25], "texture": "#1"}
			}
		},
		{
			"from": [15.26303, 20.89391, 7.498],
			"to": [19.26303, 21.89391, 8.502],
			"rotation": {"angle": -45, "axis": "z", "origin": [17.26303, 21.39391, 8]},
			"faces": {
				"north": {"uv": [7.25, 7.25, 8.25, 7.5], "texture": "#1"},
				"east": {"uv": [8.75, 8.5, 9, 8.75], "texture": "#1"},
				"south": {"uv": [7.5, 1, 8.5, 1.25], "texture": "#1"},
				"west": {"uv": [8.75, 8.75, 9, 9], "texture": "#1"},
				"up": {"uv": [8.5, 1.5, 7.5, 1.25], "texture": "#1"},
				"down": {"uv": [8.5, 1.5, 7.5, 1.75], "texture": "#1"}
			}
		},
		{
			"from": [17.30349, 15.98967, 7.499],
			"to": [18.30349, 19.98967, 8.501],
			"rotation": {"angle": 22.5, "axis": "z", "origin": [17.80349, 21.98967, 8]},
			"faces": {
				"north": {"uv": [6, 7.25, 6.25, 8.25], "texture": "#1"},
				"east": {"uv": [1.25, 7.5, 1.5, 8.5], "texture": "#1"},
				"south": {"uv": [1.5, 7.5, 1.75, 8.5], "texture": "#1"},
				"west": {"uv": [1.75, 7.5, 2, 8.5], "texture": "#1"},
				"up": {"uv": [9.25, 0.25, 9, 0], "texture": "#1"},
				"down": {"uv": [9.25, 0.25, 9, 0.5], "texture": "#1"}
			}
		},
		{
			"from": [19.56153, 12.63774, 7.498],
			"to": [20.56153, 16.63774, 8.502],
			"rotation": {"angle": 0, "axis": "y", "origin": [20.06153, 22.63774, 8]},
			"faces": {
				"north": {"uv": [7.5, 1.75, 7.75, 2.75], "texture": "#1"},
				"east": {"uv": [7.5, 2.75, 7.75, 3.75], "texture": "#1"},
				"south": {"uv": [3, 7.5, 3.25, 8.5], "texture": "#1"},
				"west": {"uv": [3.25, 7.5, 3.5, 8.5], "texture": "#1"},
				"up": {"uv": [0.75, 9.25, 0.5, 9], "texture": "#1"},
				"down": {"uv": [9.25, 0.5, 9, 0.75], "texture": "#1"}
			}
		},
		{
			"from": [23.42643, 8.06787, 7.499],
			"to": [24.42643, 12.06787, 8.501],
			"rotation": {"angle": -22.5, "axis": "z", "origin": [23.92643, 22.06787, 8]},
			"faces": {
				"north": {"uv": [3.5, 7.5, 3.75, 8.5], "texture": "#1"},
				"east": {"uv": [3.75, 7.5, 4, 8.5], "texture": "#1"},
				"south": {"uv": [4.75, 7.5, 5, 8.5], "texture": "#1"},
				"west": {"uv": [7.5, 4.75, 7.75, 5.75], "texture": "#1"},
				"up": {"uv": [1.25, 9.25, 1, 9], "texture": "#1"},
				"down": {"uv": [9.25, 1, 9, 1.25], "texture": "#1"}
			}
		},
		{
			"from": [28.07674, 1.19527, 7.498],
			"to": [29.07674, 5.19527, 8.502],
			"rotation": {"angle": -45, "axis": "z", "origin": [28.57674, 19.19527, 8]},
			"faces": {
				"north": {"uv": [5, 7.5, 5.25, 8.5], "texture": "#1"},
				"east": {"uv": [6.25, 7.5, 6.5, 8.5], "texture": "#1"},
				"south": {"uv": [6.5, 7.5, 6.75, 8.5], "texture": "#1"},
				"west": {"uv": [7.25, 7.5, 7.5, 8.5], "texture": "#1"},
				"up": {"uv": [1.5, 9.25, 1.25, 9], "texture": "#1"},
				"down": {"uv": [9.25, 1.25, 9, 1.5], "texture": "#1"}
			}
		},
		{
			"from": [10.64086, 12.96403, 7.499],
			"to": [14.64086, 13.96403, 8.501],
			"rotation": {"angle": 22.5, "axis": "z", "origin": [32.64086, 13.46403, 8]},
			"faces": {
				"north": {"uv": [7.5, 6, 8.5, 6.25], "texture": "#1"},
				"east": {"uv": [2, 9, 2.25, 9.25], "texture": "#1"},
				"south": {"uv": [7.5, 6.25, 8.5, 6.5], "texture": "#1"},
				"west": {"uv": [9, 2, 9.25, 2.25], "texture": "#1"},
				"up": {"uv": [8.5, 7.75, 7.5, 7.5], "texture": "#1"},
				"down": {"uv": [1, 7.75, 0, 8], "texture": "#1"}
			}
		},
		{
			"from": [3.8706, 20.7675, 7.499],
			"to": [4.8706, 23.7675, 8.501],
			"rotation": {"angle": 22.5, "axis": "z", "origin": [4.3706, 21.2675, 8]},
			"faces": {
				"north": {"uv": [2.5, 7.75, 2.75, 8.5], "texture": "#1"},
				"east": {"uv": [2.75, 7.75, 3, 8.5], "texture": "#1"},
				"south": {"uv": [7.75, 2.75, 8, 3.5], "texture": "#1"},
				"west": {"uv": [7.75, 4.75, 8, 5.5], "texture": "#1"},
				"up": {"uv": [0.75, 9, 0.5, 8.75], "texture": "#1"},
				"down": {"uv": [9, 0.5, 8.75, 0.75], "texture": "#1"}
			}
		},
		{
			"from": [-0.58193, 25.06987, 7.499],
			"to": [3.41807, 26.06987, 8.501],
			"rotation": {"angle": 22.5, "axis": "z", "origin": [6.91807, 25.56987, 8]},
			"faces": {
				"north": {"uv": [6, 5.75, 7, 6], "texture": "#1"},
				"east": {"uv": [0.75, 8.75, 1, 9], "texture": "#1"},
				"south": {"uv": [6, 6, 7, 6.25], "texture": "#1"},
				"west": {"uv": [8.75, 0.75, 9, 1], "texture": "#1"},
				"up": {"uv": [3, 6.5, 2, 6.25], "texture": "#1"},
				"down": {"uv": [4, 6.25, 3, 6.5], "texture": "#1"}
			}
		},
		{
			"from": [1.332, 15.26653, 7.499],
			"to": [2.332, 19.26653, 8.501],
			"rotation": {"angle": -22.5, "axis": "z", "origin": [1.832, 30.76653, 8]},
			"faces": {
				"north": {"uv": [4.5, 6, 4.75, 7], "texture": "#1"},
				"east": {"uv": [4, 6.25, 4.25, 7.25], "texture": "#1"},
				"south": {"uv": [4.25, 6.25, 4.5, 7.25], "texture": "#1"},
				"west": {"uv": [6, 6.25, 6.25, 7.25], "texture": "#1"},
				"up": {"uv": [1.25, 9, 1, 8.75], "texture": "#1"},
				"down": {"uv": [9, 1.75, 8.75, 2], "texture": "#1"}
			}
		},
		{
			"from": [-4.56153, 12.63774, 7.498],
			"to": [-3.56153, 16.63774, 8.502],
			"rotation": {"angle": 0, "axis": "y", "origin": [-4.06153, 32.13774, 8]},
			"faces": {
				"north": {"uv": [6.25, 6.5, 6.5, 7.5], "texture": "#1"},
				"east": {"uv": [6.5, 6.5, 6.75, 7.5], "texture": "#1"},
				"south": {"uv": [6.75, 0, 7, 1], "texture": "#1"},
				"west": {"uv": [2, 6.75, 2.25, 7.75], "texture": "#1"},
				"up": {"uv": [2.75, 9, 2.5, 8.75], "texture": "#1"},
				"down": {"uv": [9, 2.5, 8.75, 2.75], "texture": "#1"}
			}
		},
		{
			"from": [-10.53119, 7.64921, 7.499],
			"to": [-9.53119, 11.64921, 8.501],
			"rotation": {"angle": 22.5, "axis": "z", "origin": [-10.03119, 27.14921, 8]},
			"faces": {
				"north": {"uv": [2.25, 6.75, 2.5, 7.75], "texture": "#1"},
				"east": {"uv": [2.5, 6.75, 2.75, 7.75], "texture": "#1"},
				"south": {"uv": [2.75, 6.75, 3, 7.75], "texture": "#1"},
				"west": {"uv": [5.5, 6.75, 5.75, 7.75], "texture": "#1"},
				"up": {"uv": [3, 9, 2.75, 8.75], "texture": "#1"},
				"down": {"uv": [9, 2.75, 8.75, 3], "texture": "#1"}
			}
		},
		{
			"from": [1.47332, 13.53806, 7.499],
			"to": [5.47332, 14.53806, 8.501],
			"rotation": {"angle": -22.5, "axis": "z", "origin": [-18.02668, 14.03806, 8]},
			"faces": {
				"north": {"uv": [6.75, 6.5, 7.75, 6.75], "texture": "#1"},
				"east": {"uv": [3, 8.75, 3.25, 9], "texture": "#1"},
				"south": {"uv": [6.75, 6.75, 7.75, 7], "texture": "#1"},
				"west": {"uv": [8.75, 3, 9, 3.25], "texture": "#1"},
				"up": {"uv": [8, 0.25, 7, 0], "texture": "#1"},
				"down": {"uv": [8, 0.25, 7, 0.5], "texture": "#1"}
			}
		},
		{
			"from": [2.87583, 5.50694, 7.498],
			"to": [3.87583, 9.50694, 8.502],
			"rotation": {"angle": 0, "axis": "y", "origin": [3.37583, 7.50694, 8]},
			"faces": {
				"north": {"uv": [4.25, 7.25, 4.5, 8.25], "texture": "#1"},
				"east": {"uv": [5.25, 7.25, 5.5, 8.25], "texture": "#1"},
				"south": {"uv": [7.25, 5.5, 7.5, 6.5], "texture": "#1"},
				"west": {"uv": [5.75, 7.25, 6, 8.25], "texture": "#1"},
				"up": {"uv": [9, 3.75, 8.75, 3.5], "texture": "#1"},
				"down": {"uv": [9, 3.75, 8.75, 4], "texture": "#1"}
			}
		},
		{
			"from": [12.12417, 5.50694, 7.498],
			"to": [13.12417, 9.50694, 8.502],
			"rotation": {"angle": 0, "axis": "y", "origin": [2.62417, 7.50694, 8]},
			"faces": {
				"north": {"uv": [1, 7.75, 1.25, 8.75], "texture": "#1"},
				"east": {"uv": [7.75, 1.75, 8, 2.75], "texture": "#1"},
				"south": {"uv": [2, 7.75, 2.25, 8.75], "texture": "#1"},
				"west": {"uv": [2.25, 7.75, 2.5, 8.75], "texture": "#1"},
				"up": {"uv": [2.75, 9.25, 2.5, 9], "texture": "#1"},
				"down": {"uv": [9.25, 2.5, 9, 2.75], "texture": "#1"}
			}
		},
		{
			"from": [2.0724, 9.46784, 7.499],
			"to": [3.0724, 12.46784, 8.501],
			"rotation": {"angle": -22.5, "axis": "z", "origin": [2.5724, 7.46784, 8]},
			"faces": {
				"north": {"uv": [5.5, 7.75, 5.75, 8.5], "texture": "#1"},
				"east": {"uv": [7.5, 7.75, 7.75, 8.5], "texture": "#1"},
				"south": {"uv": [7.75, 7.75, 8, 8.5], "texture": "#1"},
				"west": {"uv": [0, 8, 0.25, 8.75], "texture": "#1"},
				"up": {"uv": [4.75, 9, 4.5, 8.75], "texture": "#1"},
				"down": {"uv": [5, 8.75, 4.75, 9], "texture": "#1"}
			}
		},
		{
			"from": [12.9276, 9.46784, 7.499],
			"to": [13.9276, 12.46784, 8.501],
			"rotation": {"angle": 22.5, "axis": "z", "origin": [13.4276, 7.46784, 8]},
			"faces": {
				"north": {"uv": [4, 8.25, 4.25, 9], "texture": "#1"},
				"east": {"uv": [8.25, 4, 8.5, 4.75], "texture": "#1"},
				"south": {"uv": [4.25, 8.25, 4.5, 9], "texture": "#1"},
				"west": {"uv": [8.25, 4.75, 8.5, 5.5], "texture": "#1"},
				"up": {"uv": [3, 9.25, 2.75, 9], "texture": "#1"},
				"down": {"uv": [9.25, 2.75, 9, 3], "texture": "#1"}
			}
		},
		{
			"from": [-14.1374, 0.75593, 7.498],
			"to": [-13.1374, 4.75593, 8.502],
			"rotation": {"angle": 45, "axis": "z", "origin": [-13.6374, 20.25593, 8]},
			"faces": {
				"north": {"uv": [4.5, 7, 4.75, 8], "texture": "#1"},
				"east": {"uv": [6.75, 7, 7, 8], "texture": "#1"},
				"south": {"uv": [7, 7, 7.25, 8], "texture": "#1"},
				"west": {"uv": [4, 7.25, 4.25, 8.25], "texture": "#1"},
				"up": {"uv": [3.5, 9, 3.25, 8.75], "texture": "#1"},
				"down": {"uv": [9, 3.25, 8.75, 3.5], "texture": "#1"}
			}
		},
		{
			"from": [-6.04552, 27.61143, 7.498],
			"to": [-2.04552, 28.61143, 8.502],
			"rotation": {"angle": 45, "axis": "z", "origin": [5.45448, 28.11143, 8]},
			"faces": {
				"north": {"uv": [6.25, 4, 7.25, 4.25], "texture": "#1"},
				"east": {"uv": [2, 8.75, 2.25, 9], "texture": "#1"},
				"south": {"uv": [6.25, 4.25, 7.25, 4.5], "texture": "#1"},
				"west": {"uv": [8.75, 2, 9, 2.25], "texture": "#1"},
				"up": {"uv": [7.25, 6.5, 6.25, 6.25], "texture": "#1"},
				"down": {"uv": [3, 6.5, 2, 6.75], "texture": "#1"}
			}
		},
		{
			"from": [0.8, 22.61421, 7.5],
			"to": [3.8, 23.51421, 8.5],
			"rotation": {"angle": 0, "axis": "y", "origin": [2.5, 20.61421, 6.9]},
			"faces": {
				"north": {"uv": [7.75, 3.5, 8.5, 3.75], "texture": "#1"},
				"east": {"uv": [8.75, 5, 9, 5.25], "texture": "#1"},
				"south": {"uv": [7.75, 5.5, 8.5, 5.75], "texture": "#1"},
				"west": {"uv": [5.25, 8.75, 5.5, 9], "texture": "#1"},
				"up": {"uv": [8.5, 6.75, 7.75, 6.5], "texture": "#1"},
				"down": {"uv": [8.5, 6.75, 7.75, 7], "texture": "#1"}
			}
		},
		{
			"from": [-0.6, 19.61421, 7.501],
			"to": [4.1, 22.61421, 8.499],
			"rotation": {"angle": 0, "axis": "y", "origin": [2.5, 20.61421, 6.9]},
			"faces": {
				"north": {"uv": [1.75, 4.75, 2.875, 5.5], "texture": "#1"},
				"east": {"uv": [8, 0, 8.25, 0.75], "texture": "#1"},
				"south": {"uv": [3, 4.75, 4.125, 5.5], "texture": "#1"},
				"west": {"uv": [0.25, 8, 0.5, 8.75], "texture": "#1"},
				"up": {"uv": [5.125, 2.25, 4, 2], "texture": "#1"},
				"down": {"uv": [3.125, 6, 2, 6.25], "texture": "#1"}
			}
		},
		{
			"from": [-1.3, 20.91421, 7.5],
			"to": [-0.6, 21.61421, 8.5],
			"rotation": {"angle": 0, "axis": "y", "origin": [2.5, 20.61421, 6.9]},
			"faces": {
				"north": {"uv": [6, 9, 6.125, 9.125], "texture": "#1"},
				"east": {"uv": [3, 9, 3.25, 9.125], "texture": "#1"},
				"south": {"uv": [9, 6, 9.125, 6.125], "texture": "#1"},
				"west": {"uv": [9, 3, 9.25, 3.125], "texture": "#1"},
				"up": {"uv": [3.375, 9.25, 3.25, 9], "texture": "#1"},
				"down": {"uv": [9.125, 3.25, 9, 3.5], "texture": "#1"}
			}
		},
		{
			"from": [-2.3, 19.61421, 7.5],
			"to": [-0.6, 20.91421, 8.5],
			"rotation": {"angle": 0, "axis": "y", "origin": [2.5, 20.61421, 6.9]},
			"faces": {
				"north": {"uv": [5.75, 8.25, 6.125, 8.625], "texture": "#1"},
				"east": {"uv": [8.5, 4.75, 8.75, 5.125], "texture": "#1"},
				"south": {"uv": [8.25, 7, 8.625, 7.375], "texture": "#1"},
				"west": {"uv": [8.5, 5.25, 8.75, 5.625], "texture": "#1"},
				"up": {"uv": [8.875, 6, 8.5, 5.75], "texture": "#1"},
				"down": {"uv": [8.875, 6, 8.5, 6.25], "texture": "#1"}
			}
		},
		{
			"from": [-3, 11.61421, 7.5],
			"to": [4, 19.61421, 8.5],
			"rotation": {"angle": 0, "axis": "y", "origin": [2.5, 20.61421, 6.9]},
			"faces": {
				"north": {"uv": [0, 2.25, 1.75, 4.25], "texture": "#1"},
				"east": {"uv": [5.25, 2, 5.5, 4], "texture": "#1"},
				"south": {"uv": [1.75, 2.25, 3.5, 4.25], "texture": "#1"},
				"west": {"uv": [1.75, 5.5, 2, 7.5], "texture": "#1"},
				"up": {"uv": [7.5, 1.25, 5.75, 1], "texture": "#1"},
				"down": {"uv": [7.5, 1.25, 5.75, 1.5], "texture": "#1"}
			}
		},
		{
			"from": [-4, 11.41421, 7.5],
			"to": [-3, 17.81421, 8.5],
			"rotation": {"angle": 0, "axis": "y", "origin": [2.5, 20.61421, 6.9]},
			"faces": {
				"north": {"uv": [5.25, 5.5, 5.5, 7.125], "texture": "#1"},
				"east": {"uv": [4.75, 5.75, 5, 7.375], "texture": "#1"},
				"south": {"uv": [5.75, 5.5, 6, 7.125], "texture": "#1"},
				"west": {"uv": [0, 6, 0.25, 7.625], "texture": "#1"},
				"up": {"uv": [9, 5, 8.75, 4.75], "texture": "#1"},
				"down": {"uv": [5.25, 8.75, 5, 9], "texture": "#1"}
			}
		},
		{
			"from": [-3, 9.61421, 7.5],
			"to": [4, 11.61421, 8.5],
			"rotation": {"angle": 0, "axis": "y", "origin": [2.5, 20.61421, 6.9]},
			"faces": {
				"north": {"uv": [0, 4.25, 1.75, 4.75], "texture": "#1"},
				"east": {"uv": [7, 5.75, 7.25, 6.25], "texture": "#1"},
				"south": {"uv": [1.75, 4.25, 3.5, 4.75], "texture": "#1"},
				"west": {"uv": [5.25, 8.25, 5.5, 8.75], "texture": "#1"},
				"up": {"uv": [7.5, 1.75, 5.75, 1.5], "texture": "#1"},
				"down": {"uv": [7.5, 1.75, 5.75, 2], "texture": "#1"}
			}
		},
		{
			"from": [-1, 7.61421, 7.5],
			"to": [3, 9.61421, 8.5],
			"rotation": {"angle": 0, "axis": "y", "origin": [2.5, 20.61421, 6.9]},
			"faces": {
				"north": {"uv": [5.25, 4, 6.25, 4.5], "texture": "#1"},
				"east": {"uv": [1.25, 8.5, 1.5, 9], "texture": "#1"},
				"south": {"uv": [2, 5.5, 3, 6], "texture": "#1"},
				"west": {"uv": [1.5, 8.5, 1.75, 9], "texture": "#1"},
				"up": {"uv": [8, 0.75, 7, 0.5], "texture": "#1"},
				"down": {"uv": [8, 0.75, 7, 1], "texture": "#1"}
			}
		},
		{
			"from": [-2, 8.01421, 7.5],
			"to": [-1, 9.61421, 8.5],
			"rotation": {"angle": 0, "axis": "y", "origin": [2.5, 20.61421, 6.9]},
			"faces": {
				"north": {"uv": [5.5, 8.5, 5.75, 8.875], "texture": "#1"},
				"east": {"uv": [6.25, 8.5, 6.5, 8.875], "texture": "#1"},
				"south": {"uv": [8.5, 6.25, 8.75, 6.625], "texture": "#1"},
				"west": {"uv": [6.5, 8.5, 6.75, 8.875], "texture": "#1"},
				"up": {"uv": [9, 6.5, 8.75, 6.25], "texture": "#1"},
				"down": {"uv": [9, 6.5, 8.75, 6.75], "texture": "#1"}
			}
		},
		{
			"from": [-2.7, 8.91421, 7.5],
			"to": [-2, 9.61421, 8.5],
			"rotation": {"angle": 0, "axis": "y", "origin": [2.5, 20.61421, 6.9]},
			"faces": {
				"north": {"uv": [6.5, 9, 6.625, 9.125], "texture": "#1"},
				"east": {"uv": [4, 9, 4.25, 9.125], "texture": "#1"},
				"south": {"uv": [9, 6.5, 9.125, 6.625], "texture": "#1"},
				"west": {"uv": [9, 4, 9.25, 4.125], "texture": "#1"},
				"up": {"uv": [4.375, 9.25, 4.25, 9], "texture": "#1"},
				"down": {"uv": [9.125, 4.25, 9, 4.5], "texture": "#1"}
			}
		},
		{
			"from": [0, 6.61421, 7.5],
			"to": [3, 7.61421, 8.5],
			"rotation": {"angle": 0, "axis": "y", "origin": [2.5, 20.61421, 6.9]},
			"faces": {
				"north": {"uv": [8, 0.75, 8.75, 1], "texture": "#1"},
				"east": {"uv": [8.75, 5.25, 9, 5.5], "texture": "#1"},
				"south": {"uv": [8, 1.75, 8.75, 2], "texture": "#1"},
				"west": {"uv": [8.75, 5.5, 9, 5.75], "texture": "#1"},
				"up": {"uv": [8.75, 2.25, 8, 2], "texture": "#1"},
				"down": {"uv": [8.75, 2.25, 8, 2.5], "texture": "#1"}
			}
		},
		{
			"from": [-0.7, 6.91421, 7.5],
			"to": [0, 7.61421, 8.5],
			"rotation": {"angle": 0, "axis": "y", "origin": [2.5, 20.61421, 6.9]},
			"faces": {
				"north": {"uv": [6.25, 9, 6.375, 9.125], "texture": "#1"},
				"east": {"uv": [3.5, 9, 3.75, 9.125], "texture": "#1"},
				"south": {"uv": [9, 6.25, 9.125, 6.375], "texture": "#1"},
				"west": {"uv": [9, 3.5, 9.25, 3.625], "texture": "#1"},
				"up": {"uv": [3.875, 9.25, 3.75, 9], "texture": "#1"},
				"down": {"uv": [9.125, 3.75, 9, 4], "texture": "#1"}
			}
		},
		{
			"from": [1.1, 5.71421, 7.5],
			"to": [3, 6.61421, 8.5],
			"rotation": {"angle": 0, "axis": "y", "origin": [2.5, 20.61421, 6.9]},
			"faces": {
				"north": {"uv": [8.25, 0.5, 8.75, 0.75], "texture": "#1"},
				"east": {"uv": [5.75, 8.75, 6, 9], "texture": "#1"},
				"south": {"uv": [8.5, 1.5, 9, 1.75], "texture": "#1"},
				"west": {"uv": [6, 8.75, 6.25, 9], "texture": "#1"},
				"up": {"uv": [3, 8.75, 2.5, 8.5], "texture": "#1"},
				"down": {"uv": [3.5, 8.5, 3, 8.75], "texture": "#1"}
			}
		},
		{
			"from": [12.2, 22.61421, 7.5],
			"to": [15.2, 23.51421, 8.5],
			"rotation": {"angle": 0, "axis": "y", "origin": [2.5, 20.61421, 6.9]},
			"faces": {
				"north": {"uv": [8, 2.5, 8.75, 2.75], "texture": "#1"},
				"east": {"uv": [8.75, 7.75, 9, 8], "texture": "#1"},
				"south": {"uv": [8, 2.75, 8.75, 3], "texture": "#1"},
				"west": {"uv": [8, 8.75, 8.25, 9], "texture": "#1"},
				"up": {"uv": [8.75, 3.25, 8, 3], "texture": "#1"},
				"down": {"uv": [8.75, 3.25, 8, 3.5], "texture": "#1"}
			}
		},
		{
			"from": [11.9, 19.61421, 7.501],
			"to": [16.6, 22.61421, 8.499],
			"rotation": {"angle": 0, "axis": "y", "origin": [2.5, 20.61421, 6.9]},
			"faces": {
				"north": {"uv": [4.25, 4.75, 5.375, 5.5], "texture": "#1"},
				"east": {"uv": [0.5, 8, 0.75, 8.75], "texture": "#1"},
				"south": {"uv": [0, 5.25, 1.125, 6], "texture": "#1"},
				"west": {"uv": [0.75, 8, 1, 8.75], "texture": "#1"},
				"up": {"uv": [4.375, 6.25, 3.25, 6], "texture": "#1"},
				"down": {"uv": [7.125, 5.5, 6, 5.75], "texture": "#1"}
			}
		},
		{
			"from": [16.6, 20.91421, 7.5],
			"to": [17.3, 21.61421, 8.5],
			"rotation": {"angle": 0, "axis": "y", "origin": [2.5, 20.61421, 6.9]},
			"faces": {
				"north": {"uv": [6.75, 9, 6.875, 9.125], "texture": "#1"},
				"east": {"uv": [4.5, 9, 4.75, 9.125], "texture": "#1"},
				"south": {"uv": [9, 6.75, 9.125, 6.875], "texture": "#1"},
				"west": {"uv": [9, 4.5, 9.25, 4.625], "texture": "#1"},
				"up": {"uv": [4.875, 9.25, 4.75, 9], "texture": "#1"},
				"down": {"uv": [9.125, 4.75, 9, 5], "texture": "#1"}
			}
		},
		{
			"from": [16.6, 19.61421, 7.5],
			"to": [18.3, 20.91421, 8.5],
			"rotation": {"angle": 0, "axis": "y", "origin": [2.5, 20.61421, 6.9]},
			"faces": {
				"north": {"uv": [8, 8.25, 8.375, 8.625], "texture": "#1"},
				"east": {"uv": [7.25, 8.5, 7.5, 8.875], "texture": "#1"},
				"south": {"uv": [8.5, 1, 8.875, 1.375], "texture": "#1"},
				"west": {"uv": [7.5, 8.5, 7.75, 8.875], "texture": "#1"},
				"up": {"uv": [8.875, 7, 8.5, 6.75], "texture": "#1"},
				"down": {"uv": [8.875, 7.5, 8.5, 7.75], "texture": "#1"}
			}
		},
		{
			"from": [12, 11.61421, 7.5],
			"to": [19, 19.61421, 8.5],
			"rotation": {"angle": 0, "axis": "y", "origin": [2.5, 20.61421, 6.9]},
			"faces": {
				"north": {"uv": [3.5, 2.25, 5.25, 4.25], "texture": "#1"},
				"east": {"uv": [5.5, 4.75, 5.75, 6.75], "texture": "#1"},
				"south": {"uv": [4, 0, 5.75, 2], "texture": "#1"},
				"west": {"uv": [5, 5.5, 5.25, 7.5], "texture": "#1"},
				"up": {"uv": [4.75, 6, 3, 5.75], "texture": "#1"},
				"down": {"uv": [7.5, 4.75, 5.75, 5], "texture": "#1"}
			}
		},
		{
			"from": [19, 11.41421, 7.5],
			"to": [20, 17.81421, 8.5],
			"rotation": {"angle": 0, "axis": "y", "origin": [2.5, 20.61421, 6.9]},
			"faces": {
				"north": {"uv": [0.25, 6, 0.5, 7.625], "texture": "#1"},
				"east": {"uv": [0.5, 6, 0.75, 7.625], "texture": "#1"},
				"south": {"uv": [0.75, 6, 1, 7.625], "texture": "#1"},
				"west": {"uv": [1, 6, 1.25, 7.625], "texture": "#1"},
				"up": {"uv": [1, 9.25, 0.75, 9], "texture": "#1"},
				"down": {"uv": [9.25, 0.75, 9, 1], "texture": "#1"}
			}
		},
		{
			"from": [12, 9.61421, 7.5],
			"to": [19, 11.61421, 8.5],
			"rotation": {"angle": 0, "axis": "y", "origin": [2.5, 20.61421, 6.9]},
			"faces": {
				"north": {"uv": [3.5, 4.25, 5.25, 4.75], "texture": "#1"},
				"east": {"uv": [1.75, 8.5, 2, 9], "texture": "#1"},
				"south": {"uv": [0, 4.75, 1.75, 5.25], "texture": "#1"},
				"west": {"uv": [3.5, 8.5, 3.75, 9], "texture": "#1"},
				"up": {"uv": [7.5, 5.25, 5.75, 5], "texture": "#1"},
				"down": {"uv": [7.5, 5.25, 5.75, 5.5], "texture": "#1"}
			}
		},
		{
			"from": [13, 7.61421, 7.5],
			"to": [17, 9.61421, 8.5],
			"rotation": {"angle": 0, "axis": "y", "origin": [2.5, 20.61421, 6.9]},
			"faces": {
				"north": {"uv": [5.75, 0, 6.75, 0.5], "texture": "#1"},
				"east": {"uv": [8.5, 3.5, 8.75, 4], "texture": "#1"},
				"south": {"uv": [5.75, 0.5, 6.75, 1], "texture": "#1"},
				"west": {"uv": [3.75, 8.5, 4, 9], "texture": "#1"},
				"up": {"uv": [8.5, 4, 7.5, 3.75], "texture": "#1"},
				"down": {"uv": [8.5, 5.75, 7.5, 6], "texture": "#1"}
			}
		},
		{
			"from": [17, 8.01421, 7.5],
			"to": [18, 9.61421, 8.5],
			"rotation": {"angle": 0, "axis": "y", "origin": [2.5, 20.61421, 6.9]},
			"faces": {
				"north": {"uv": [7.75, 8.5, 8, 8.875], "texture": "#1"},
				"east": {"uv": [8.5, 8.25, 8.75, 8.625], "texture": "#1"},
				"south": {"uv": [0, 8.75, 0.25, 9.125], "texture": "#1"},
				"west": {"uv": [0.25, 8.75, 0.5, 9.125], "texture": "#1"},
				"up": {"uv": [1.75, 9.25, 1.5, 9], "texture": "#1"},
				"down": {"uv": [9.25, 1.5, 9, 1.75], "texture": "#1"}
			}
		},
		{
			"from": [18, 8.91421, 7.5],
			"to": [18.7, 9.61421, 8.5],
			"rotation": {"angle": 0, "axis": "y", "origin": [2.5, 20.61421, 6.9]},
			"faces": {
				"north": {"uv": [7.25, 9, 7.375, 9.125], "texture": "#1"},
				"east": {"uv": [5.5, 9, 5.75, 9.125], "texture": "#1"},
				"south": {"uv": [9, 7.25, 9.125, 7.375], "texture": "#1"},
				"west": {"uv": [9, 5.5, 9.25, 5.625], "texture": "#1"},
				"up": {"uv": [5.875, 9.25, 5.75, 9], "texture": "#1"},
				"down": {"uv": [9.125, 5.75, 9, 6], "texture": "#1"}
			}
		},
		{
			"from": [13, 6.61421, 7.5],
			"to": [16, 7.61421, 8.5],
			"rotation": {"angle": 0, "axis": "y", "origin": [2.5, 20.61421, 6.9]},
			"faces": {
				"north": {"uv": [8, 7.75, 8.75, 8], "texture": "#1"},
				"east": {"uv": [1.75, 9, 2, 9.25], "texture": "#1"},
				"south": {"uv": [8, 8, 8.75, 8.25], "texture": "#1"},
				"west": {"uv": [9, 1.75, 9.25, 2], "texture": "#1"},
				"up": {"uv": [9, 0.25, 8.25, 0], "texture": "#1"},
				"down": {"uv": [9, 0.25, 8.25, 0.5], "texture": "#1"}
			}
		},
		{
			"from": [16, 6.91421, 7.5],
			"to": [16.7, 7.61421, 8.5],
			"rotation": {"angle": 0, "axis": "y", "origin": [2.5, 20.61421, 6.9]},
			"faces": {
				"north": {"uv": [7, 9, 7.125, 9.125], "texture": "#1"},
				"east": {"uv": [5, 9, 5.25, 9.125], "texture": "#1"},
				"south": {"uv": [9, 7, 9.125, 7.125], "texture": "#1"},
				"west": {"uv": [9, 5, 9.25, 5.125], "texture": "#1"},
				"up": {"uv": [5.375, 9.25, 5.25, 9], "texture": "#1"},
				"down": {"uv": [9.125, 5.25, 9, 5.5], "texture": "#1"}
			}
		},
		{
			"from": [13, 5.71421, 7.5],
			"to": [14.9, 6.61421, 8.5],
			"rotation": {"angle": 0, "axis": "y", "origin": [2.5, 20.61421, 6.9]},
			"faces": {
				"north": {"uv": [8.5, 4, 9, 4.25], "texture": "#1"},
				"east": {"uv": [2.25, 9, 2.5, 9.25], "texture": "#1"},
				"south": {"uv": [8.5, 4.25, 9, 4.5], "texture": "#1"},
				"west": {"uv": [9, 2.25, 9.25, 2.5], "texture": "#1"},
				"up": {"uv": [9, 4.75, 8.5, 4.5], "texture": "#1"},
				"down": {"uv": [5.25, 8.5, 4.75, 8.75], "texture": "#1"}
			}
		}
	],
	"display": {
		"thirdperson_righthand": {
			"rotation": [0, 90, 0],
			"translation": [0, 7, 1]
		},
		"firstperson_righthand": {
			"rotation": [0, 90, 0],
			"translation": [3, 0, 0]
		},
		"ground": {
			"rotation": [-90, 0, 0]
		},
		"gui": {
			"rotation": [0, 0, -45],
			"scale": [0.47, 0.47, 0.47]
		},
		"fixed": {
			"translation": [0, 0, -2]
		}
	},
	"groups": [
		0,
		1,
		2,
		{
			"name": "group",
			"origin": [7.6903, 22.04329, 8],
			"color": 0,
			"children": []
		},
		{
			"name": "group",
			"origin": [0, 0, 0],
			"color": 0,
			"children": [3, 4, 5, 6, 7, 8, 9, 10, 11, 12]
		},
		{
			"name": "group",
			"origin": [3.6, 13.11421, 8],
			"color": 0,
			"children": [13, 14, 15, 16, 17, 18, 19, 20, 21, 22, 23, 24, 25, 26, 27, 28, 29, 30, 31, 32, 33, 34, 35]
		},
		{
			"name": "group",
			"origin": [2.5, 20.61421, 6.9],
			"color": 0,
			"children": [36, 37, 38, 39, 40, 41, 42, 43, 44, 45, 46, 47, 48]
		},
		{
			"name": "group",
			"origin": [2.5, 20.61421, 6.9],
			"color": 0,
			"children": [49, 50, 51, 52, 53, 54, 55, 56, 57, 58, 59, 60, 61]
		}
	]
}