{
	"credit": "Made with Blockbench",
	"texture_size": [64, 64],
	"textures": {
		"0": "hanu/20sp1",
		"particle": "hanu/20sp1"
	},
	"elements": [
		{
			"from": [7.5, -14, 7.5],
			"to": [8.5, 6, 8.5],
			"rotation": {"angle": 45, "axis": "y", "origin": [8, 4, 8]},
			"faces": {
				"north": {"uv": [2, 0, 2.25, 5.5], "texture": "#0"},
				"east": {"uv": [2.25, 0, 2.5, 5.5], "texture": "#0"},
				"south": {"uv": [2.25, 0, 2.5, 5.5], "texture": "#0"},
				"west": {"uv": [2, 0, 2.25, 5.5], "texture": "#0"},
				"up": {"uv": [5.75, 2.25, 5.5, 2], "texture": "#0"},
				"down": {"uv": [3.5, 5.5, 3.25, 5.75], "texture": "#0"}
			}
		},
		{
			"from": [7.4, 6, 7.4],
			"to": [8.6, 8, 8.6],
			"rotation": {"angle": 45, "axis": "y", "origin": [8, -3, 8]},
			"faces": {
				"north": {"uv": [6.5, 5.25, 6.8, 5.75], "texture": "#0"},
				"east": {"uv": [7.375, 5.125, 7.675, 5.625], "texture": "#0"},
				"south": {"uv": [1, 4.75, 1.375, 5.5], "texture": "#0"},
				"west": {"uv": [6.875, 5.125, 7.175, 5.625], "texture": "#0"},
				"up": {"uv": [8.3, 5.425, 8, 5.125], "texture": "#0"},
				"down": {"uv": [8.3, 5.5, 8, 5.8], "texture": "#0"}
			}
		},
		{
			"from": [7.3, 8, 7.3],
			"to": [8.7, 9, 8.7],
			"rotation": {"angle": 45, "axis": "y", "origin": [8, -3, 8]},
			"faces": {
				"north": {"uv": [6.875, 3.375, 7.225, 3.625], "texture": "#0"},
				"east": {"uv": [6.875, 3.125, 7.225, 3.375], "texture": "#0"},
				"south": {"uv": [6.875, 2.875, 7.225, 3.125], "texture": "#0"},
				"west": {"uv": [6.875, 2.625, 7.225, 2.875], "texture": "#0"},
				"up": {"uv": [7.225, 4.1, 6.875, 3.75], "texture": "#0"},
				"down": {"uv": [6.85, 3.75, 6.5, 4.1], "texture": "#0"}
			}
		},
		{
			"from": [6.5, 9, 7.1],
			"to": [9.5, 10, 8.9],
			"rotation": {"angle": 0, "axis": "y", "origin": [8, 13, 8]},
			"faces": {
				"north": {"uv": [4.5, 4.25, 5.25, 4.5], "texture": "#0"},
				"east": {"uv": [5, 5, 5.5, 5.25], "texture": "#0"},
				"south": {"uv": [4.75, 2, 5.5, 2.25], "texture": "#0"},
				"west": {"uv": [5.25, 0, 5.75, 0.25], "texture": "#0"},
				"up": {"uv": [1.75, 4.75, 1, 4.25], "texture": "#0"},
				"down": {"uv": [5.25, 0.75, 4.5, 1.25], "texture": "#0"}
			}
		},
		{
			"from": [6.11995, 9.002, 9.85578],
			"to": [7.39295, 9.998, 10.55578],
			"rotation": {"angle": 45, "axis": "y", "origin": [3.61995, 13, 9.55578]},
			"faces": {
				"north": {"uv": [5.25, 3, 5.625, 3.25], "texture": "#0"},
				"east": {"uv": [5.75, 4, 5.875, 4.25], "texture": "#0"},
				"south": {"uv": [3.25, 5.25, 3.625, 5.5], "texture": "#0"},
				"west": {"uv": [5.75, 4.25, 5.875, 4.5], "texture": "#0"},
				"up": {"uv": [6.125, 0.625, 5.75, 0.5], "texture": "#0"},
				"down": {"uv": [6.125, 0.75, 5.75, 0.875], "texture": "#0"}
			}
		},
		{
			"from": [9.59584, 9.001, 10.23137],
			"to": [10.86984, 9.999, 10.93147],
			"rotation": {"angle": 45, "axis": "y", "origin": [7.09584, 13, 10.03137]},
			"faces": {
				"north": {"uv": [5.25, 3.25, 5.625, 3.5], "texture": "#0"},
				"east": {"uv": [4.5, 5.75, 4.625, 6], "texture": "#0"},
				"south": {"uv": [5.25, 3.5, 5.625, 3.75], "texture": "#0"},
				"west": {"uv": [5.75, 4.5, 5.875, 4.75], "texture": "#0"},
				"up": {"uv": [6.125, 1.125, 5.75, 1], "texture": "#0"},
				"down": {"uv": [6.125, 1.25, 5.75, 1.375], "texture": "#0"}
			}
		},
		{
			"from": [9.10144, 9.002, 7.46191],
			"to": [10.37444, 9.998, 8.06191],
			"rotation": {"angle": -45, "axis": "y", "origin": [9.73794, 9.5, 7.76191]},
			"faces": {
				"north": {"uv": [5.25, 3.75, 5.625, 4], "texture": "#0"},
				"east": {"uv": [5.75, 4.75, 5.875, 5], "texture": "#0"},
				"south": {"uv": [5.25, 4, 5.625, 4.25], "texture": "#0"},
				"west": {"uv": [5, 5.75, 5.125, 6], "texture": "#0"},
				"up": {"uv": [6.125, 1.625, 5.75, 1.5], "texture": "#0"},
				"down": {"uv": [6.125, 2, 5.75, 2.125], "texture": "#0"}
			}
		},
		{
			"from": [7.16109, 9.001, 10.23069],
			"to": [8.43409, 9.999, 10.83069],
			"rotation": {"angle": -45, "axis": "y", "origin": [9.79759, 9.5, 7.53069]},
			"faces": {
				"north": {"uv": [4.25, 5.25, 4.625, 5.5], "texture": "#0"},
				"east": {"uv": [5.75, 5, 5.875, 5.25], "texture": "#0"},
				"south": {"uv": [5.25, 4.25, 5.625, 4.5], "texture": "#0"},
				"west": {"uv": [5.25, 5.75, 5.375, 6], "texture": "#0"},
				"up": {"uv": [6.125, 3.125, 5.75, 3], "texture": "#0"},
				"down": {"uv": [6.125, 3.25, 5.75, 3.375], "texture": "#0"}
			}
		},
		{
			"from": [5.21673, 12.18389, 7.7],
			"to": [6.21673, 26.73389, 8.3],
			"rotation": {"angle": 0, "axis": "y", "origin": [8.85173, 13.38389, 8.03303]},
			"faces": {
				"north": {"uv": [3, 0, 3.25, 3.625], "texture": "#0"},
				"east": {"uv": [0.25, 4.25, 0.375, 7.875], "texture": "#0"},
				"south": {"uv": [3.25, 0, 3.5, 3.625], "texture": "#0"},
				"west": {"uv": [0.5, 4.25, 0.625, 7.875], "texture": "#0"},
				"up": {"uv": [5.75, 5.875, 5.5, 5.75], "texture": "#0"},
				"down": {"uv": [6, 5.75, 5.75, 5.875], "texture": "#0"}
			}
		},
		{
			"from": [6.21673, 12.18389, 7.7],
			"to": [9.78673, 28.53389, 8.3],
			"rotation": {"angle": 0, "axis": "y", "origin": [8.85173, 13.38389, 8.03303]},
			"faces": {
				"north": {"uv": [0, 0, 0.875, 4.125], "texture": "#0"},
				"east": {"uv": [4, 0.75, 4.125, 4.875], "texture": "#0"},
				"south": {"uv": [1, 0, 1.875, 4.125], "texture": "#0"},
				"west": {"uv": [0, 4.25, 0.125, 8.375], "texture": "#0"},
				"up": {"uv": [6.125, 2.625, 5.25, 2.5], "texture": "#0"},
				"down": {"uv": [6.125, 2.75, 5.25, 2.875], "texture": "#0"}
			}
		},
		{
			"from": [7.51673, 28.53389, 7.7],
			"to": [8.48673, 30.98389, 8.3],
			"rotation": {"angle": 0, "axis": "y", "origin": [8.85173, 13.43389, 8.03303]},
			"faces": {
				"north": {"uv": [5, 0, 5.25, 0.625], "texture": "#0"},
				"east": {"uv": [1, 5.5, 1.125, 6.125], "texture": "#0"},
				"south": {"uv": [5, 2.25, 5.25, 2.875], "texture": "#0"},
				"west": {"uv": [1.25, 5.5, 1.375, 6.125], "texture": "#0"},
				"up": {"uv": [6.25, 0.125, 6, 0], "texture": "#0"},
				"down": {"uv": [6.25, 0.25, 6, 0.375], "texture": "#0"}
			}
		},
		{
			"from": [6.54673, 28.53389, 7.7],
			"to": [7.51673, 29.78389, 8.3],
			"rotation": {"angle": 0, "axis": "y", "origin": [8.88173, 13.43389, 8.03303]},
			"faces": {
				"north": {"uv": [5, 5.25, 5.25, 5.625], "texture": "#0"},
				"east": {"uv": [1.75, 5.75, 1.875, 6.125], "texture": "#0"},
				"south": {"uv": [5.25, 5.25, 5.5, 5.625], "texture": "#0"},
				"west": {"uv": [3.25, 5.75, 3.375, 6.125], "texture": "#0"},
				"up": {"uv": [3.25, 6.125, 3, 6], "texture": "#0"},
				"down": {"uv": [3.75, 6, 3.5, 6.125], "texture": "#0"}
			}
		},
		{
			"from": [8.48673, 28.53389, 7.7],
			"to": [9.45673, 29.78389, 8.3],
			"rotation": {"angle": 0, "axis": "y", "origin": [8.82173, 13.43389, 8.03303]},
			"faces": {
				"north": {"uv": [5.5, 0.25, 5.75, 0.625], "texture": "#0"},
				"east": {"uv": [5.75, 3.5, 5.875, 3.875], "texture": "#0"},
				"south": {"uv": [5.5, 0.75, 5.75, 1.125], "texture": "#0"},
				"west": {"uv": [4, 5.75, 4.125, 6.125], "texture": "#0"},
				"up": {"uv": [6.25, 3.625, 6, 3.5], "texture": "#0"},
				"down": {"uv": [4, 6, 3.75, 6.125], "texture": "#0"}
			}
		},
		{
			"from": [9.77932, 12.18389, 7.7],
			"to": [10.77932, 26.73389, 8.3],
			"rotation": {"angle": 0, "axis": "y", "origin": [10.51432, 17.45889, 7.99803]},
			"faces": {
				"north": {"uv": [3.5, 0, 3.75, 3.625], "texture": "#0"},
				"east": {"uv": [0.75, 4.25, 0.875, 7.875], "texture": "#0"},
				"south": {"uv": [3.75, 0, 4, 3.625], "texture": "#0"},
				"west": {"uv": [4.25, 0.75, 4.375, 4.375], "texture": "#0"},
				"up": {"uv": [6.25, 3.875, 6, 3.75], "texture": "#0"},
				"down": {"uv": [6.25, 4, 6, 4.125], "texture": "#0"}
			}
		},
		{
			"from": [11.82667, 10.70278, 7.699],
			"to": [12.82667, 12.70278, 8.301],
			"rotation": {"angle": 45, "axis": "z", "origin": [11.46167, 10.07778, 8]},
			"faces": {
				"north": {"uv": [5.25, 0.25, 5.5, 0.75], "texture": "#0"},
				"east": {"uv": [3.5, 5.5, 3.625, 6], "texture": "#0"},
				"south": {"uv": [5.25, 0.75, 5.5, 1.25], "texture": "#0"},
				"west": {"uv": [4.25, 5.5, 4.375, 6], "texture": "#0"},
				"up": {"uv": [4.5, 6.125, 4.25, 6], "texture": "#0"},
				"down": {"uv": [6.25, 4.25, 6, 4.375], "texture": "#0"}
			}
		},
		{
			"from": [10.82667, 10.66136, 7.699],
			"to": [11.92667, 11.76136, 8.301],
			"rotation": {"angle": 45, "axis": "z", "origin": [11.46167, 9.93636, 8]},
			"faces": {
				"north": {"uv": [4.5, 5.5, 4.75, 5.75], "texture": "#0"},
				"east": {"uv": [4.5, 6, 4.625, 6.25], "texture": "#0"},
				"south": {"uv": [5.5, 4.5, 5.75, 4.75], "texture": "#0"},
				"west": {"uv": [6, 4.5, 6.125, 4.75], "texture": "#0"},
				"up": {"uv": [5, 6.125, 4.75, 6], "texture": "#0"},
				"down": {"uv": [6.25, 4.75, 6, 4.875], "texture": "#0"}
			}
		},
		{
			"from": [7.89773, 15.66136, 7.699],
			"to": [8.99773, 16.76136, 8.301],
			"rotation": {"angle": 45, "axis": "z", "origin": [13.53273, 9.93636, 8]},
			"faces": {
				"north": {"uv": [5.5, 4.75, 5.75, 5], "texture": "#0"},
				"east": {"uv": [5, 6, 5.125, 6.25], "texture": "#0"},
				"south": {"uv": [5.5, 5, 5.75, 5.25], "texture": "#0"},
				"west": {"uv": [6, 5, 6.125, 5.25], "texture": "#0"},
				"up": {"uv": [5.5, 6.125, 5.25, 6], "texture": "#0"},
				"down": {"uv": [6.25, 5.25, 6, 5.375], "texture": "#0"}
			}
		},
		{
			"from": [7.82702, 16.73207, 7.699],
			"to": [9.82702, 17.73207, 8.301],
			"rotation": {"angle": 45, "axis": "z", "origin": [13.46202, 10.00707, 8]},
			"faces": {
				"north": {"uv": [5.25, 1.25, 5.75, 1.5], "texture": "#0"},
				"east": {"uv": [5.5, 6, 5.625, 6.25], "texture": "#0"},
				"south": {"uv": [5.25, 1.5, 5.75, 1.75], "texture": "#0"},
				"west": {"uv": [6, 5.5, 6.125, 5.75], "texture": "#0"},
				"up": {"uv": [6, 5.375, 5.5, 5.25], "texture": "#0"},
				"down": {"uv": [6, 5.5, 5.5, 5.625], "texture": "#0"}
			}
		},
		{
			"from": [9.5, 10, 7.7],
			"to": [10.5, 12.2, 8.3],
			"rotation": {"angle": 0, "axis": "y", "origin": [7.965, 16.5, 8.035]},
			"faces": {
				"north": {"uv": [5, 3, 5.25, 3.625], "texture": "#0"},
				"east": {"uv": [2, 5.5, 2.125, 6.125], "texture": "#0"},
				"south": {"uv": [4, 5, 4.25, 5.625], "texture": "#0"},
				"west": {"uv": [2.25, 5.5, 2.375, 6.125], "texture": "#0"},
				"up": {"uv": [6, 6.125, 5.75, 6], "texture": "#0"},
				"down": {"uv": [6.25, 5.75, 6, 5.875], "texture": "#0"}
			}
		},
		{
			"from": [5.5, 10, 7.7],
			"to": [9.5, 12.2, 8.3],
			"rotation": {"angle": 0, "axis": "y", "origin": [7.965, 16.5, 8.035]},
			"faces": {
				"north": {"uv": [3, 3.75, 4, 4.375], "texture": "#0"},
				"east": {"uv": [2.5, 5.5, 2.625, 6.125], "texture": "#0"},
				"south": {"uv": [4, 0, 5, 0.625], "texture": "#0"},
				"west": {"uv": [2.75, 5.5, 2.875, 6.125], "texture": "#0"},
				"up": {"uv": [6.25, 1.875, 5.25, 1.75], "texture": "#0"},
				"down": {"uv": [6.25, 2.25, 5.25, 2.375], "texture": "#0"}
			}
		},
		{
			"from": [7.39803, 31, 7.7],
			"to": [8.59803, 32, 8.3],
			"rotation": {"angle": 0, "axis": "y", "origin": [8.86303, 25.5, 8.03303]},
			"faces": {
				"north": {"uv": [5.75, 0, 6, 0.25], "texture": "#0"},
				"east": {"uv": [6, 6, 6.125, 6.25], "texture": "#0"},
				"south": {"uv": [5.75, 0.25, 6, 0.5], "texture": "#0"},
				"west": {"uv": [6.25, 0, 6.375, 0.25], "texture": "#0"},
				"up": {"uv": [6.5, 0.375, 6.25, 0.25], "texture": "#0"},
				"down": {"uv": [6.5, 0.5, 6.25, 0.625], "texture": "#0"}
			}
		},
		{
			"from": [8.16157, 26.26689, 7.699],
			"to": [9.16157, 31.96689, 8.301],
			"rotation": {"angle": 22.5, "axis": "z", "origin": [8.79657, 30.56689, 8.03303]},
			"faces": {
				"north": {"uv": [1.75, 4.25, 2, 5.625], "texture": "#0"},
				"east": {"uv": [3.75, 4.5, 3.875, 5.875], "texture": "#0"},
				"south": {"uv": [4.5, 1.25, 4.75, 2.625], "texture": "#0"},
				"west": {"uv": [1.5, 4.75, 1.625, 6.125], "texture": "#0"},
				"up": {"uv": [6.5, 0.875, 6.25, 0.75], "texture": "#0"},
				"down": {"uv": [1.25, 6.25, 1, 6.375], "texture": "#0"}
			}
		},
		{
			"from": [6.89047, 26.14834, 7.698],
			"to": [7.89047, 31.84834, 8.302],
			"rotation": {"angle": -22.5, "axis": "z", "origin": [7.52547, 30.64834, 8.03303]},
			"faces": {
				"north": {"uv": [4.5, 2.75, 4.75, 4.125], "texture": "#0"},
				"east": {"uv": [4.75, 2.25, 4.875, 3.625], "texture": "#0"},
				"south": {"uv": [3, 4.5, 3.25, 5.875], "texture": "#0"},
				"west": {"uv": [4.75, 4.5, 4.875, 5.875], "texture": "#0"},
				"up": {"uv": [6.5, 1.125, 6.25, 1], "texture": "#0"},
				"down": {"uv": [1.5, 6.25, 1.25, 6.375], "texture": "#0"}
			}
		},
		{
			"from": [0.07157, -16, 10.5066],
			"to": [1.27157, -14, 11.7066],
			"rotation": {"angle": 45, "axis": "y", "origin": [0.58579, -24, 0.70711]},
			"faces": {
				"north": {"uv": [9.325, 2.125, 9.625, 2.625], "texture": "#0"},
				"east": {"uv": [9.95, 2.125, 10.25, 2.625], "texture": "#0"},
				"south": {"uv": [9.6375, 2.125, 9.9375, 2.625], "texture": "#0"},
				"west": {"uv": [10.2625, 2.125, 10.5625, 2.625], "texture": "#0"},
				"up": {"uv": [8.95, 2.325, 9.25, 2.625], "texture": "#0"},
				"down": {"uv": [8.95, 1.9875, 9.25, 2.2875], "texture": "#0"}
			}
		}
	],
	"display": {
		"thirdperson_righthand": {
			"rotation": [0, 90, 0],
			"translation": [0, 5, 1.25]
		},
		"firstperson_righthand": {
			"rotation": [0, 90, 0],
			"translation": [3, 0, 0]
		},
		"ground": {
			"rotation": [90, 0, 0]
		},
		"gui": {
			"rotation": [0, 0, -45],
			"scale": [0.42, 0.42, 0.42]
		},
		"fixed": {
			"translation": [0, 0, -2]
		}
	},
	"groups": [
		{
			"name": "group",
			"origin": [8, 8, 8],
			"color": 0,
			"children": [
				{
					"name": "기둥,봉",
					"origin": [8.02215, 20, 8.21109],
					"color": 0,
					"children": [0, 1, 2, 3, 4, 5, 6, 7]
				},
				{
					"name": "날",
					"origin": [7.38264, 28.37118, 7.965],
					"color": 0,
					"children": [8, 9, 10, 11, 12, 13, 14, 15, 16, 17, 18, 19, 20, 21, 22]
				}
			]
		},
		23
	]
}