{
	"credit": "Made with Blockbench",
	"texture_size": [32, 32],
	"textures": {
		"0": "hanu/20sp1",
		"2": "hanu/20ax1",
		"particle": "hanu/20sp1"
	},
	"elements": [
		{
			"from": [8.42272, 18.002, 6.5861],
			"to": [9.69672, 19, 7.2862],
			"rotation": {"angle": 45, "axis": "y", "origin": [10.40939, 13.58297, 7.99982]},
			"faces": {
				"north": {"uv": [5.25, 3.25, 5.625, 3.5], "texture": "#0"},
				"east": {"uv": [4.5, 5.75, 4.625, 6], "texture": "#0"},
				"south": {"uv": [5.25, 3.5, 5.625, 3.75], "texture": "#0"},
				"west": {"uv": [5.75, 4.5, 5.875, 4.75], "texture": "#0"},
				"up": {"uv": [6.125, 1.125, 5.75, 1], "texture": "#0"},
				"down": {"uv": [6.125, 1.25, 5.75, 1.375], "texture": "#0"}
			}
		},
		{
			"from": [8.42267, 18.003, 8.71348],
			"to": [9.69567, 18.999, 9.31348],
			"rotation": {"angle": -45, "axis": "y", "origin": [10.40939, 13.58297, 7.99982]},
			"faces": {
				"north": {"uv": [5.25, 3.75, 5.625, 4], "texture": "#0"},
				"east": {"uv": [5.75, 4.75, 5.875, 5], "texture": "#0"},
				"south": {"uv": [5.25, 4, 5.625, 4.25], "texture": "#0"},
				"west": {"uv": [5, 5.75, 5.125, 6], "texture": "#0"},
				"up": {"uv": [6.125, 1.625, 5.75, 1.5], "texture": "#0"},
				"down": {"uv": [6.125, 2, 5.75, 2.125], "texture": "#0"}
			}
		},
		{
			"from": [7.5, 18, 7.1],
			"to": [8.5, 19, 8.9],
			"rotation": {"angle": 0, "axis": "y", "origin": [10.40939, 13.58297, 7.99982]},
			"faces": {
				"north": {"uv": [4.5, 4.25, 5.25, 4.5], "texture": "#0"},
				"east": {"uv": [5, 5, 5.5, 5.25], "texture": "#0"},
				"south": {"uv": [4.75, 2, 5.5, 2.25], "texture": "#0"},
				"west": {"uv": [5.25, 0, 5.75, 0.25], "texture": "#0"},
				"up": {"uv": [1.75, 4.75, 1, 4.25], "texture": "#0"},
				"down": {"uv": [5.25, 0.75, 4.5, 1.25], "texture": "#0"}
			}
		},
		{
			"from": [6.5, 19, 7.1],
			"to": [9.5, 27, 8.9],
			"rotation": {"angle": 0, "axis": "y", "origin": [10.40939, 13.58297, 7.99982]},
			"faces": {
				"north": {"uv": [4.5, 4.25, 5.25, 4.5], "texture": "#0"},
				"east": {"uv": [5, 5, 5.5, 5.25], "texture": "#0"},
				"south": {"uv": [4.75, 2, 5.5, 2.25], "texture": "#0"},
				"west": {"uv": [5.25, 0, 5.75, 0.25], "texture": "#0"},
				"up": {"uv": [1.75, 4.75, 1, 4.25], "texture": "#0"},
				"down": {"uv": [5.25, 0.75, 4.5, 1.25], "texture": "#0"}
			}
		},
		{
			"from": [7.71567, 18.002, 10.09359],
			"to": [8.98867, 19, 10.69359],
			"rotation": {"angle": -45, "axis": "y", "origin": [10.40939, 13.58297, 7.99982]},
			"faces": {
				"north": {"uv": [4.25, 5.25, 4.625, 5.5], "texture": "#0"},
				"east": {"uv": [5.75, 5, 5.875, 5.25], "texture": "#0"},
				"south": {"uv": [5.25, 4.25, 5.625, 4.5], "texture": "#0"},
				"west": {"uv": [5.25, 5.75, 5.375, 6], "texture": "#0"},
				"up": {"uv": [6.125, 3.125, 5.75, 3], "texture": "#0"},
				"down": {"uv": [6.125, 3.25, 5.75, 3.375], "texture": "#0"}
			}
		},
		{
			"from": [7.71541, 18.003, 5.3063],
			"to": [8.98841, 18.999, 6.0063],
			"rotation": {"angle": 45, "axis": "y", "origin": [10.40939, 13.58297, 7.99982]},
			"faces": {
				"north": {"uv": [5.25, 3, 5.625, 3.25], "texture": "#0"},
				"east": {"uv": [5.75, 4, 5.875, 4.25], "texture": "#0"},
				"south": {"uv": [3.25, 5.25, 3.625, 5.5], "texture": "#0"},
				"west": {"uv": [5.75, 4.25, 5.875, 4.5], "texture": "#0"},
				"up": {"uv": [6.125, 0.625, 5.75, 0.5], "texture": "#0"},
				"down": {"uv": [6.125, 0.75, 5.75, 0.875], "texture": "#0"}
			}
		},
		{
			"from": [8.42272, 27, 6.5861],
			"to": [9.69672, 27.998, 7.2862],
			"rotation": {"angle": 45, "axis": "y", "origin": [10.40939, 13.58297, 7.99982]},
			"faces": {
				"north": {"uv": [5.25, 3.25, 5.625, 3.5], "texture": "#0"},
				"east": {"uv": [4.5, 5.75, 4.625, 6], "texture": "#0"},
				"south": {"uv": [5.25, 3.5, 5.625, 3.75], "texture": "#0"},
				"west": {"uv": [5.75, 4.5, 5.875, 4.75], "texture": "#0"},
				"up": {"uv": [6.125, 1.125, 5.75, 1], "texture": "#0"},
				"down": {"uv": [6.125, 1.25, 5.75, 1.375], "texture": "#0"}
			}
		},
		{
			"from": [8.42267, 27.001, 8.71348],
			"to": [9.69567, 27.997, 9.31348],
			"rotation": {"angle": -45, "axis": "y", "origin": [10.40939, 13.58297, 7.99982]},
			"faces": {
				"north": {"uv": [5.25, 3.75, 5.625, 4], "texture": "#0"},
				"east": {"uv": [5.75, 4.75, 5.875, 5], "texture": "#0"},
				"south": {"uv": [5.25, 4, 5.625, 4.25], "texture": "#0"},
				"west": {"uv": [5, 5.75, 5.125, 6], "texture": "#0"},
				"up": {"uv": [6.125, 1.625, 5.75, 1.5], "texture": "#0"},
				"down": {"uv": [6.125, 2, 5.75, 2.125], "texture": "#0"}
			}
		},
		{
			"from": [7.5, 27, 7.1],
			"to": [8.5, 28, 8.9],
			"rotation": {"angle": 0, "axis": "y", "origin": [10.40939, 13.58297, 7.99982]},
			"faces": {
				"north": {"uv": [4.5, 4.25, 5.25, 4.5], "texture": "#0"},
				"east": {"uv": [5, 5, 5.5, 5.25], "texture": "#0"},
				"south": {"uv": [4.75, 2, 5.5, 2.25], "texture": "#0"},
				"west": {"uv": [5.25, 0, 5.75, 0.25], "texture": "#0"},
				"up": {"uv": [1.75, 4.75, 1, 4.25], "texture": "#0"},
				"down": {"uv": [5.25, 0.75, 4.5, 1.25], "texture": "#0"}
			}
		},
		{
			"from": [7.71567, 27, 10.09359],
			"to": [8.98867, 27.998, 10.69359],
			"rotation": {"angle": -45, "axis": "y", "origin": [10.40939, 13.58297, 7.99982]},
			"faces": {
				"north": {"uv": [4.25, 5.25, 4.625, 5.5], "texture": "#0"},
				"east": {"uv": [5.75, 5, 5.875, 5.25], "texture": "#0"},
				"south": {"uv": [5.25, 4.25, 5.625, 4.5], "texture": "#0"},
				"west": {"uv": [5.25, 5.75, 5.375, 6], "texture": "#0"},
				"up": {"uv": [6.125, 3.125, 5.75, 3], "texture": "#0"},
				"down": {"uv": [6.125, 3.25, 5.75, 3.375], "texture": "#0"}
			}
		},
		{
			"from": [7.71541, 27.001, 5.3063],
			"to": [8.98841, 27.997, 6.0063],
			"rotation": {"angle": 45, "axis": "y", "origin": [10.40939, 13.58297, 7.99982]},
			"faces": {
				"north": {"uv": [5.25, 3, 5.625, 3.25], "texture": "#0"},
				"east": {"uv": [5.75, 4, 5.875, 4.25], "texture": "#0"},
				"south": {"uv": [3.25, 5.25, 3.625, 5.5], "texture": "#0"},
				"west": {"uv": [5.75, 4.25, 5.875, 4.5], "texture": "#0"},
				"up": {"uv": [6.125, 0.625, 5.75, 0.5], "texture": "#0"},
				"down": {"uv": [6.125, 0.75, 5.75, 0.875], "texture": "#0"}
			}
		},
		{
			"from": [8.20556, -4, 5.79625],
			"to": [9.20556, 15, 6.79625],
			"rotation": {"angle": 45, "axis": "y", "origin": [10.40939, 13.58297, 7.99982]},
			"faces": {
				"north": {"uv": [2, 0, 2.25, 5.5], "texture": "#0"},
				"east": {"uv": [2.25, 0, 2.5, 5.5], "texture": "#0"},
				"south": {"uv": [2.25, 0, 2.5, 5.5], "texture": "#0"},
				"west": {"uv": [2, 0, 2.25, 5.5], "texture": "#0"},
				"up": {"uv": [5.75, 2.25, 5.5, 2], "texture": "#0"},
				"down": {"uv": [3.5, 5.5, 3.25, 5.75], "texture": "#0"}
			}
		},
		{
			"from": [8.10556, 15, 5.69625],
			"to": [9.30556, 17, 6.89625],
			"rotation": {"angle": 45, "axis": "y", "origin": [10.40939, 13.58297, 7.99982]},
			"faces": {
				"north": {"uv": [6.5, 5.25, 6.8, 5.75], "texture": "#0"},
				"east": {"uv": [7.375, 5.125, 7.675, 5.625], "texture": "#0"},
				"south": {"uv": [1, 4.75, 1.375, 5.5], "texture": "#0"},
				"west": {"uv": [6.875, 5.125, 7.175, 5.625], "texture": "#0"},
				"up": {"uv": [8.3, 5.425, 8, 5.125], "texture": "#0"},
				"down": {"uv": [8.3, 5.5, 8, 5.8], "texture": "#0"}
			}
		},
		{
			"from": [8.00556, 17, 5.59625],
			"to": [9.40556, 18, 6.99625],
			"rotation": {"angle": 45, "axis": "y", "origin": [10.40939, 13.58297, 7.99982]},
			"faces": {
				"north": {"uv": [6.875, 3.375, 7.225, 3.625], "texture": "#0"},
				"east": {"uv": [6.875, 3.125, 7.225, 3.375], "texture": "#0"},
				"south": {"uv": [6.875, 2.875, 7.225, 3.125], "texture": "#0"},
				"west": {"uv": [6.875, 2.625, 7.225, 2.875], "texture": "#0"},
				"up": {"uv": [7.225, 4.1, 6.875, 3.75], "texture": "#0"},
				"down": {"uv": [6.85, 3.75, 6.5, 4.1], "texture": "#0"}
			}
		},
		{
			"from": [8.10556, -6, 5.69625],
			"to": [9.30556, -4, 6.89625],
			"rotation": {"angle": 45, "axis": "y", "origin": [10.40939, 13.58297, 7.99982]},
			"faces": {
				"north": {"uv": [9.325, 2.125, 9.625, 2.625], "texture": "#0"},
				"east": {"uv": [9.95, 2.125, 10.25, 2.625], "texture": "#0"},
				"south": {"uv": [9.6375, 2.125, 9.9375, 2.625], "texture": "#0"},
				"west": {"uv": [10.2625, 2.125, 10.5625, 2.625], "texture": "#0"},
				"up": {"uv": [8.95, 2.325, 9.25, 2.625], "texture": "#0"},
				"down": {"uv": [8.95, 1.9875, 9.25, 2.2875], "texture": "#0"}
			}
		},
		{
			"from": [5.31877, 17.59619, 7.4989],
			"to": [9.71877, 18.59619, 8.5009],
			"rotation": {"angle": -45, "axis": "z", "origin": [10.40939, 13.58297, 7.99982]},
			"faces": {
				"north": {"uv": [8.5, 2, 10.75, 2.5], "texture": "#2"},
				"east": {"uv": [8, 11.5, 8.5, 12], "texture": "#2"},
				"south": {"uv": [8.5, 2.5, 10.75, 3], "texture": "#2"},
				"west": {"uv": [0, 12, 0.5, 12.5], "texture": "#2"},
				"up": {"uv": [10.75, 3.5, 8.5, 3], "texture": "#2"},
				"down": {"uv": [10.75, 3.5, 8.5, 4], "texture": "#2"}
			}
		},
		{
			"from": [7.95465, 19.72746, 7.49915],
			"to": [10.35465, 20.72746, 8.49915],
			"rotation": {"angle": 0, "axis": "y", "origin": [10.40939, 13.58297, 7.99982]},
			"faces": {
				"north": {"uv": [11, 3.5, 12.25, 4], "texture": "#2"},
				"east": {"uv": [0.5, 12, 1, 12.5], "texture": "#2"},
				"south": {"uv": [5.5, 11, 6.75, 11.5], "texture": "#2"},
				"west": {"uv": [1, 12, 1.5, 12.5], "texture": "#2"},
				"up": {"uv": [12.25, 6.5, 11, 6], "texture": "#2"},
				"down": {"uv": [8.25, 11, 7, 11.5], "texture": "#2"}
			}
		},
		{
			"from": [6.45261, 20.80803, 7.4989],
			"to": [9.85261, 21.80803, 8.5009],
			"rotation": {"angle": 22.5, "axis": "z", "origin": [10.40939, 13.58297, 7.99982]},
			"faces": {
				"north": {"uv": [9.5, 5.5, 11.25, 6], "texture": "#2"},
				"east": {"uv": [1.5, 12, 2, 12.5], "texture": "#2"},
				"south": {"uv": [9.5, 6.5, 11.25, 7], "texture": "#2"},
				"west": {"uv": [2, 12, 2.5, 12.5], "texture": "#2"},
				"up": {"uv": [11.25, 7.5, 9.5, 7], "texture": "#2"},
				"down": {"uv": [10.75, 9.5, 9, 10], "texture": "#2"}
			}
		},
		{
			"from": [-0.94151, 23.20891, 7.4989],
			"to": [2.45849, 24.20891, 8.5009],
			"rotation": {"angle": -22.5, "axis": "z", "origin": [10.40939, 13.58297, 7.99982]},
			"faces": {
				"north": {"uv": [10, 8.5, 11.75, 9], "texture": "#2"},
				"east": {"uv": [2.5, 12, 3, 12.5], "texture": "#2"},
				"south": {"uv": [9, 10, 10.75, 10.5], "texture": "#2"},
				"west": {"uv": [3, 12, 3.5, 12.5], "texture": "#2"},
				"up": {"uv": [11.75, 9.5, 10, 9], "texture": "#2"},
				"down": {"uv": [7.25, 10.5, 5.5, 11], "texture": "#2"}
			}
		},
		{
			"from": [1.98889, 18.74386, 7.4988],
			"to": [3.98889, 19.74386, 8.5028],
			"rotation": {"angle": 0, "axis": "y", "origin": [10.40939, 13.58297, 7.99982]},
			"faces": {
				"north": {"uv": [11, 7.5, 12, 8], "texture": "#2"},
				"east": {"uv": [3.5, 12, 4, 12.5], "texture": "#2"},
				"south": {"uv": [11, 8, 12, 8.5], "texture": "#2"},
				"west": {"uv": [4, 12, 4.5, 12.5], "texture": "#2"},
				"up": {"uv": [12, 10, 11, 9.5], "texture": "#2"},
				"down": {"uv": [12, 10, 11, 10.5], "texture": "#2"}
			}
		},
		{
			"from": [1.98889, 26.74386, 7.4988],
			"to": [3.98889, 27.74386, 8.5028],
			"rotation": {"angle": 0, "axis": "y", "origin": [10.40939, 13.58297, 7.99982]},
			"faces": {
				"north": {"uv": [10.5, 11, 11.5, 11.5], "texture": "#2"},
				"east": {"uv": [12, 4, 12.5, 4.5], "texture": "#2"},
				"south": {"uv": [0, 11.5, 1, 12], "texture": "#2"},
				"west": {"uv": [4.5, 12, 5, 12.5], "texture": "#2"},
				"up": {"uv": [12.5, 0.5, 11.5, 0], "texture": "#2"},
				"down": {"uv": [12.5, 0.5, 11.5, 1], "texture": "#2"}
			}
		},
		{
			"from": [1.98889, 19.74386, 7.4988],
			"to": [2.98889, 26.74386, 8.5028],
			"rotation": {"angle": 0, "axis": "y", "origin": [10.40939, 13.58297, 7.99982]},
			"faces": {
				"north": {"uv": [7.5, 4, 8, 7.5], "texture": "#2"},
				"east": {"uv": [7.5, 7.5, 8, 11], "texture": "#2"},
				"south": {"uv": [3, 8, 3.5, 11.5], "texture": "#2"},
				"west": {"uv": [3.5, 8, 4, 11.5], "texture": "#2"},
				"up": {"uv": [12.5, 5, 12, 4.5], "texture": "#2"},
				"down": {"uv": [12.5, 5, 12, 5.5], "texture": "#2"}
			}
		},
		{
			"from": [2.98889, 19.74386, 7.4996],
			"to": [4.98889, 26.74386, 8.4976],
			"rotation": {"angle": 0, "axis": "y", "origin": [10.40939, 13.58297, 7.99982]},
			"faces": {
				"north": {"uv": [3, 4.5, 4, 8], "texture": "#2"},
				"east": {"uv": [4, 8, 4.5, 11.5], "texture": "#2"},
				"south": {"uv": [4, 4.5, 5, 8], "texture": "#2"},
				"west": {"uv": [8, 4, 8.5, 7.5], "texture": "#2"},
				"up": {"uv": [2, 12, 1, 11.5], "texture": "#2"},
				"down": {"uv": [12.5, 1, 11.5, 1.5], "texture": "#2"}
			}
		},
		{
			"from": [4.98889, 20.14386, 7.4996],
			"to": [6.98889, 26.44386, 8.4976],
			"rotation": {"angle": 0, "axis": "y", "origin": [10.40939, 13.58297, 7.99982]},
			"faces": {
				"north": {"uv": [5, 4.5, 6, 7.75], "texture": "#2"},
				"east": {"uv": [4.5, 8, 5, 11.25], "texture": "#2"},
				"south": {"uv": [6, 0, 7, 3.25], "texture": "#2"},
				"west": {"uv": [5, 8, 5.5, 11.25], "texture": "#2"},
				"up": {"uv": [12.5, 2, 11.5, 1.5], "texture": "#2"},
				"down": {"uv": [3, 11.5, 2, 12], "texture": "#2"}
			}
		},
		{
			"from": [12.46592, 13.21619, 7.4988],
			"to": [13.46592, 17.61619, 8.5028],
			"rotation": {"angle": 0, "axis": "y", "origin": [10.40939, 13.58297, 7.99982]},
			"faces": {
				"north": {"uv": [6.5, 8, 7, 10.25], "texture": "#2"},
				"east": {"uv": [7, 8, 7.5, 10.25], "texture": "#2"},
				"south": {"uv": [8.5, 4, 9, 6.25], "texture": "#2"},
				"west": {"uv": [8, 8.5, 8.5, 10.75], "texture": "#2"},
				"up": {"uv": [12.5, 6, 12, 5.5], "texture": "#2"},
				"down": {"uv": [7.5, 12, 7, 12.5], "texture": "#2"}
			}
		},
		{
			"from": [12.12293, 14.77781, 7.4987],
			"to": [13.12293, 22.77781, 8.5047],
			"rotation": {"angle": -45, "axis": "z", "origin": [10.40939, 13.58297, 7.99982]},
			"faces": {
				"north": {"uv": [0, 7, 0.5, 11], "texture": "#2"},
				"east": {"uv": [7, 0, 7.5, 4], "texture": "#2"},
				"south": {"uv": [0.5, 7, 1, 11], "texture": "#2"},
				"west": {"uv": [1, 7, 1.5, 11], "texture": "#2"},
				"up": {"uv": [8, 12.5, 7.5, 12], "texture": "#2"},
				"down": {"uv": [12.5, 7.5, 12, 8], "texture": "#2"}
			}
		},
		{
			"from": [17.82988, 18.16594, 7.4989],
			"to": [18.82988, 26.16594, 8.5009],
			"rotation": {"angle": 0, "axis": "y", "origin": [10.40939, 13.58297, 7.99982]},
			"faces": {
				"north": {"uv": [1.5, 7, 2, 11], "texture": "#2"},
				"east": {"uv": [2, 7, 2.5, 11], "texture": "#2"},
				"south": {"uv": [2.5, 7, 3, 11], "texture": "#2"},
				"west": {"uv": [7, 4, 7.5, 8], "texture": "#2"},
				"up": {"uv": [8.5, 12.5, 8, 12], "texture": "#2"},
				"down": {"uv": [12.5, 8, 12, 8.5], "texture": "#2"}
			}
		},
		{
			"from": [12.72988, 14.16594, 7.4995],
			"to": [14.72988, 18.16594, 8.4975],
			"rotation": {"angle": 0, "axis": "y", "origin": [10.40939, 13.58297, 7.99982]},
			"faces": {
				"north": {"uv": [7.5, 0, 8.5, 2], "texture": "#2"},
				"east": {"uv": [8.5, 8.5, 9, 10.5], "texture": "#2"},
				"south": {"uv": [7.5, 2, 8.5, 4], "texture": "#2"},
				"west": {"uv": [9, 4, 9.5, 6], "texture": "#2"},
				"up": {"uv": [4, 12, 3, 11.5], "texture": "#2"},
				"down": {"uv": [5, 11.5, 4, 12], "texture": "#2"}
			}
		},
		{
			"from": [14.72988, 15.16594, 7.4993],
			"to": [15.72988, 18.16594, 8.4973],
			"rotation": {"angle": 0, "axis": "y", "origin": [10.40939, 13.58297, 7.99982]},
			"faces": {
				"north": {"uv": [8.5, 10.5, 9, 12], "texture": "#2"},
				"east": {"uv": [9, 10.5, 9.5, 12], "texture": "#2"},
				"south": {"uv": [9.5, 10.5, 10, 12], "texture": "#2"},
				"west": {"uv": [10, 10.5, 10.5, 12], "texture": "#2"},
				"up": {"uv": [9, 12.5, 8.5, 12], "texture": "#2"},
				"down": {"uv": [12.5, 8.5, 12, 9], "texture": "#2"}
			}
		},
		{
			"from": [15.72988, 16.16594, 7.4993],
			"to": [16.72988, 18.16594, 8.4973],
			"rotation": {"angle": 0, "axis": "y", "origin": [10.40939, 13.58297, 7.99982]},
			"faces": {
				"north": {"uv": [11.5, 4, 12, 5], "texture": "#2"},
				"east": {"uv": [5, 11.5, 5.5, 12.5], "texture": "#2"},
				"south": {"uv": [11.5, 5, 12, 6], "texture": "#2"},
				"west": {"uv": [5.5, 11.5, 6, 12.5], "texture": "#2"},
				"up": {"uv": [9.5, 12.5, 9, 12], "texture": "#2"},
				"down": {"uv": [12.5, 9, 12, 9.5], "texture": "#2"}
			}
		},
		{
			"from": [16.72988, 17.16594, 7.4993],
			"to": [17.72988, 18.16594, 8.4973],
			"rotation": {"angle": 0, "axis": "y", "origin": [10.40939, 13.58297, 7.99982]},
			"faces": {
				"north": {"uv": [9.5, 12, 10, 12.5], "texture": "#2"},
				"east": {"uv": [12, 9.5, 12.5, 10], "texture": "#2"},
				"south": {"uv": [10, 12, 10.5, 12.5], "texture": "#2"},
				"west": {"uv": [12, 10, 12.5, 10.5], "texture": "#2"},
				"up": {"uv": [11, 12.5, 10.5, 12], "texture": "#2"},
				"down": {"uv": [12.5, 10.5, 12, 11], "texture": "#2"}
			}
		},
		{
			"from": [11.82988, 18.16594, 7.4996],
			"to": [17.82988, 27.16594, 8.4976],
			"rotation": {"angle": 0, "axis": "y", "origin": [10.40939, 13.58297, 7.99982]},
			"faces": {
				"north": {"uv": [0, 0, 3, 4.5], "texture": "#2"},
				"east": {"uv": [6, 3.5, 6.5, 8], "texture": "#2"},
				"south": {"uv": [3, 0, 6, 4.5], "texture": "#2"},
				"west": {"uv": [6.5, 3.5, 7, 8], "texture": "#2"},
				"up": {"uv": [11, 8, 8, 7.5], "texture": "#2"},
				"down": {"uv": [11, 8, 8, 8.5], "texture": "#2"}
			}
		},
		{
			"from": [13.72988, 27.16594, 7.4993],
			"to": [15.72988, 29.16594, 8.4973],
			"rotation": {"angle": 0, "axis": "y", "origin": [10.40939, 13.58297, 7.99982]},
			"faces": {
				"north": {"uv": [8.5, 6.5, 9.5, 7.5], "texture": "#2"},
				"east": {"uv": [6, 11.5, 6.5, 12.5], "texture": "#2"},
				"south": {"uv": [9, 8.5, 10, 9.5], "texture": "#2"},
				"west": {"uv": [6.5, 11.5, 7, 12.5], "texture": "#2"},
				"up": {"uv": [12.5, 7, 11.5, 6.5], "texture": "#2"},
				"down": {"uv": [8, 11.5, 7, 12], "texture": "#2"}
			}
		},
		{
			"from": [15.72988, 27.16594, 7.4993],
			"to": [16.72988, 28.16594, 8.4973],
			"rotation": {"angle": 0, "axis": "y", "origin": [10.40939, 13.58297, 7.99982]},
			"faces": {
				"north": {"uv": [11, 12, 11.5, 12.5], "texture": "#2"},
				"east": {"uv": [11.5, 12, 12, 12.5], "texture": "#2"},
				"south": {"uv": [12, 12, 12.5, 12.5], "texture": "#2"},
				"west": {"uv": [0, 12.5, 0.5, 13], "texture": "#2"},
				"up": {"uv": [13, 0.5, 12.5, 0], "texture": "#2"},
				"down": {"uv": [1, 12.5, 0.5, 13], "texture": "#2"}
			}
		},
		{
			"from": [12.72988, 27.16594, 7.4993],
			"to": [13.72988, 28.16594, 8.4973],
			"rotation": {"angle": 0, "axis": "y", "origin": [10.40939, 13.58297, 7.99982]},
			"faces": {
				"north": {"uv": [12.5, 0.5, 13, 1], "texture": "#2"},
				"east": {"uv": [1, 12.5, 1.5, 13], "texture": "#2"},
				"south": {"uv": [12.5, 1, 13, 1.5], "texture": "#2"},
				"west": {"uv": [1.5, 12.5, 2, 13], "texture": "#2"},
				"up": {"uv": [13, 2, 12.5, 1.5], "texture": "#2"},
				"down": {"uv": [2.5, 12.5, 2, 13], "texture": "#2"}
			}
		},
		{
			"from": [8.82988, 20.36594, 7.4996],
			"to": [11.82988, 25.36594, 8.4976],
			"rotation": {"angle": 0, "axis": "y", "origin": [10.40939, 13.58297, 7.99982]},
			"faces": {
				"north": {"uv": [0, 4.5, 1.5, 7], "texture": "#2"},
				"east": {"uv": [5.5, 8, 6, 10.5], "texture": "#2"},
				"south": {"uv": [1.5, 4.5, 3, 7], "texture": "#2"},
				"west": {"uv": [6, 8, 6.5, 10.5], "texture": "#2"},
				"up": {"uv": [12, 11, 10.5, 10.5], "texture": "#2"},
				"down": {"uv": [1.5, 11, 0, 11.5], "texture": "#2"}
			}
		},
		{
			"from": [9.82988, 25.36594, 7.4996],
			"to": [11.82988, 26.36594, 8.4976],
			"rotation": {"angle": 0, "axis": "y", "origin": [10.40939, 13.58297, 7.99982]},
			"faces": {
				"north": {"uv": [11.5, 7, 12.5, 7.5], "texture": "#2"},
				"east": {"uv": [12.5, 2, 13, 2.5], "texture": "#2"},
				"south": {"uv": [10.5, 11.5, 11.5, 12], "texture": "#2"},
				"west": {"uv": [2.5, 12.5, 3, 13], "texture": "#2"},
				"up": {"uv": [12.5, 11.5, 11.5, 11], "texture": "#2"},
				"down": {"uv": [12.5, 11.5, 11.5, 12], "texture": "#2"}
			}
		},
		{
			"from": [10.62988, 19.16594, 7.4996],
			"to": [11.82988, 20.36594, 8.4976],
			"rotation": {"angle": 0, "axis": "y", "origin": [10.40939, 13.58297, 7.99982]},
			"faces": {
				"north": {"uv": [12.5, 2.5, 13, 3], "texture": "#2"},
				"east": {"uv": [3, 12.5, 3.5, 13], "texture": "#2"},
				"south": {"uv": [12.5, 3, 13, 3.5], "texture": "#2"},
				"west": {"uv": [3.5, 12.5, 4, 13], "texture": "#2"},
				"up": {"uv": [13, 4, 12.5, 3.5], "texture": "#2"},
				"down": {"uv": [4.5, 12.5, 4, 13], "texture": "#2"}
			}
		},
		{
			"from": [1.46607, 27.43466, 7.4988],
			"to": [7.46607, 28.43466, 8.5028],
			"rotation": {"angle": -45, "axis": "z", "origin": [10.40939, 13.58297, 7.99982]},
			"faces": {
				"north": {"uv": [8.5, 0, 11.5, 0.5], "texture": "#2"},
				"east": {"uv": [12.5, 4, 13, 4.5], "texture": "#2"},
				"south": {"uv": [8.5, 0.5, 11.5, 1], "texture": "#2"},
				"west": {"uv": [4.5, 12.5, 5, 13], "texture": "#2"},
				"up": {"uv": [11.5, 1.5, 8.5, 1], "texture": "#2"},
				"down": {"uv": [11.5, 1.5, 8.5, 2], "texture": "#2"}
			}
		},
		{
			"from": [20.26108, 21.52628, 7.4989],
			"to": [24.26108, 22.52628, 8.5009],
			"rotation": {"angle": 45, "axis": "z", "origin": [10.40939, 13.58297, 7.99982]},
			"faces": {
				"north": {"uv": [9, 6, 11, 6.5], "texture": "#2"},
				"east": {"uv": [12.5, 4.5, 13, 5], "texture": "#2"},
				"south": {"uv": [9.5, 4, 11.5, 4.5], "texture": "#2"},
				"west": {"uv": [5, 12.5, 5.5, 13], "texture": "#2"},
				"up": {"uv": [11.5, 5, 9.5, 4.5], "texture": "#2"},
				"down": {"uv": [11.5, 5, 9.5, 5.5], "texture": "#2"}
			}
		},
		{
			"from": [13.47139, 24.69172, 7.49915],
			"to": [16.47139, 25.69172, 8.49915],
			"rotation": {"angle": 22.5, "axis": "z", "origin": [10.40939, 13.58297, 7.99982]},
			"faces": {
				"north": {"uv": [1.5, 11, 3, 11.5], "texture": "#2"},
				"east": {"uv": [12.5, 5, 13, 5.5], "texture": "#2"},
				"south": {"uv": [11, 2, 12.5, 2.5], "texture": "#2"},
				"west": {"uv": [5.5, 12.5, 6, 13], "texture": "#2"},
				"up": {"uv": [12.5, 3, 11, 2.5], "texture": "#2"},
				"down": {"uv": [12.5, 3, 11, 3.5], "texture": "#2"}
			}
		}
	],
	"display": {
		"thirdperson_righthand": {
			"rotation": [0, 90, 0],
			"translation": [0, -0.5, 1.25]
		},
		"firstperson_righthand": {
			"rotation": [0, 90, 0],
			"translation": [3, 0, 0]
		},
		"ground": {
			"rotation": [-90, 0, 0]
		},
		"gui": {
			"rotation": [0, 0, -45],
			"translation": [-2.5, -1.75, 0],
			"scale": [0.49, 0.49, 0.49]
		},
		"fixed": {
			"rotation": [0, 180, 0],
			"translation": [0, 0, -2]
		}
	},
	"groups": [
		{
			"name": "group",
			"origin": [8, 8, 8],
			"color": 0,
			"children": [
				{
					"name": "기둥,봉",
					"origin": [8.02215, 20, 8.21109],
					"color": 0,
					"children": [0, 1, 2, 3, 4, 5, 6, 7, 8, 9, 10, 11, 12, 13, 14]
				},
				{
					"name": "날",
					"origin": [7.38264, 28.37118, 7.965],
					"color": 0,
					"children": [15, 16, 17, 18, 19, 20, 21, 22, 23, 24, 25, 26, 27, 28, 29, 30, 31, 32, 33, 34, 35, 36, 37, 38, 39, 40]
				}
			]
		}
	]
}