{
	"credit": "Made with Blockbench",
	"texture_size": [32, 32],
	"textures": {
		"0": "hanu/v1",
		"1": "hanu/v2",
		"2": "hanu/v3",
		"3": "hanu/v4",
		"particle": "hanu/v1"
	},
	"elements": [
		{
			"name": "b7",
			"from": [7.895, 16.09728, 4.00321],
			"to": [8.903, 29.39728, 5.50321],
			"rotation": {"angle": 0, "axis": "y", "origin": [8.4, 15.49068, 14.46535]},
			"faces": {
				"north": {"uv": [3, 6.5, 3.5, 13], "texture": "#0"},
				"east": {"uv": [3, 0, 4, 6.5], "texture": "#0"},
				"south": {"uv": [3.5, 6.5, 4, 13], "texture": "#0"},
				"west": {"uv": [4, 0, 5, 6.5], "texture": "#0"},
				"up": {"uv": [14, 3, 13.5, 2], "texture": "#0"},
				"down": {"uv": [3, 13.5, 2.5, 14.5], "texture": "#0"}
			}
		},
		{
			"name": "c4",
			"from": [7.894, 25.9897, -2.52969],
			"to": [8.902, 27.4897, 3.97031],
			"rotation": {"angle": 22.5, "axis": "x", "origin": [8.6, 24.59971, 9.53701]},
			"faces": {
				"north": {"uv": [6.5, 13, 7, 14], "texture": "#0"},
				"east": {"uv": [6.5, 0, 10, 1], "texture": "#0"},
				"south": {"uv": [7, 13, 7.5, 14], "texture": "#0"},
				"west": {"uv": [6.5, 1, 10, 2], "texture": "#0"},
				"up": {"uv": [9, 12.5, 8.5, 9], "texture": "#0"},
				"down": {"uv": [7, 9.5, 6.5, 13], "texture": "#0"}
			}
		},
		{
			"name": "b2",
			"from": [7.895, 14.90475, -10.75137],
			"to": [8.903, 19.44525, -9.25137],
			"rotation": {"angle": 45, "axis": "x", "origin": [8.4, 13.29814, 9.39077]},
			"faces": {
				"north": {"uv": [1.5, 10.5, 2, 13], "texture": "#0"},
				"east": {"uv": [8, 4, 9, 6.5], "texture": "#0"},
				"south": {"uv": [10.5, 3.5, 11, 6], "texture": "#0"},
				"west": {"uv": [8, 6.5, 9, 9], "texture": "#0"},
				"up": {"uv": [8, 14, 7.5, 13], "texture": "#0"},
				"down": {"uv": [13.5, 7.5, 13, 8.5], "texture": "#0"}
			}
		},
		{
			"name": "b4",
			"from": [7.894, 22.13632, -3.71584],
			"to": [8.902, 28.67682, -2.21584],
			"rotation": {"angle": 0, "axis": "y", "origin": [8.4, 18.52972, 9.4263]},
			"faces": {
				"north": {"uv": [7, 9.5, 7.5, 13], "texture": "#0"},
				"east": {"uv": [2, 6, 3, 9.5], "texture": "#0"},
				"south": {"uv": [7.5, 9.5, 8, 13], "texture": "#0"},
				"west": {"uv": [6.5, 2, 7.5, 5.5], "texture": "#0"},
				"up": {"uv": [13.5, 9.5, 13, 8.5], "texture": "#0"},
				"down": {"uv": [13.5, 9.5, 13, 10.5], "texture": "#0"}
			}
		},
		{
			"name": "b5",
			"from": [7.895, 15.02437, -1.26702],
			"to": [8.903, 23.56487, 0.23298],
			"rotation": {"angle": -45, "axis": "x", "origin": [8.4, 19.89462, -0.76702]},
			"faces": {
				"north": {"uv": [9, 2, 9.5, 6.5], "texture": "#0"},
				"east": {"uv": [0, 6, 1, 10.5], "texture": "#0"},
				"south": {"uv": [5, 9, 5.5, 13.5], "texture": "#0"},
				"west": {"uv": [1, 6, 2, 10.5], "texture": "#0"},
				"up": {"uv": [13.5, 11.5, 13, 10.5], "texture": "#0"},
				"down": {"uv": [13.5, 11.5, 13, 12.5], "texture": "#0"}
			}
		},
		{
			"name": "b6",
			"from": [7.894, 16.09728, 2.32321],
			"to": [8.902, 17.59728, 4.00321],
			"rotation": {"angle": 0, "axis": "y", "origin": [8.4, 15.49068, 14.46535]},
			"faces": {
				"north": {"uv": [13, 12.5, 13.5, 13.5], "texture": "#0"},
				"east": {"uv": [11, 5, 12, 6], "texture": "#0"},
				"south": {"uv": [13.5, 0, 14, 1], "texture": "#0"},
				"west": {"uv": [11, 9.5, 12, 10.5], "texture": "#0"},
				"up": {"uv": [14, 2, 13.5, 1], "texture": "#0"},
				"down": {"uv": [2.5, 13.5, 2, 14.5], "texture": "#0"}
			}
		},
		{
			"name": "b8",
			"from": [7.895, 23.79728, 10.50321],
			"to": [8.903, 27.79728, 11.50321],
			"rotation": {"angle": 0, "axis": "y", "origin": [8.4, 15.49068, 14.46535]},
			"faces": {
				"north": {"uv": [10, 0, 10.5, 2], "texture": "#0"},
				"east": {"uv": [11, 10.5, 11.5, 12.5], "texture": "#0"},
				"south": {"uv": [11.5, 0, 12, 2], "texture": "#0"},
				"west": {"uv": [2, 11.5, 2.5, 13.5], "texture": "#0"},
				"up": {"uv": [12, 9.5, 11.5, 9], "texture": "#0"},
				"down": {"uv": [13.5, 1.5, 13, 2], "texture": "#0"}
			}
		},
		{
			"name": "b9",
			"from": [7.895, 23.79728, 11.50321],
			"to": [8.903, 24.79728, 15.50321],
			"rotation": {"angle": 0, "axis": "y", "origin": [8.4, 15.49068, 14.46535]},
			"faces": {
				"north": {"uv": [14, 0, 14.5, 0.5], "texture": "#0"},
				"east": {"uv": [11.5, 2, 13.5, 2.5], "texture": "#0"},
				"south": {"uv": [0.5, 14, 1, 14.5], "texture": "#0"},
				"west": {"uv": [11.5, 2.5, 13.5, 3], "texture": "#0"},
				"up": {"uv": [3, 13.5, 2.5, 11.5], "texture": "#0"},
				"down": {"uv": [12, 3, 11.5, 5], "texture": "#0"}
			}
		},
		{
			"name": "b10",
			"from": [7.895, 24.79728, 14.50321],
			"to": [8.903, 28.79728, 15.50321],
			"rotation": {"angle": 0, "axis": "y", "origin": [8.4, 15.49068, 14.46535]},
			"faces": {
				"north": {"uv": [11.5, 7, 12, 9], "texture": "#0"},
				"east": {"uv": [9.5, 11.5, 10, 13.5], "texture": "#0"},
				"south": {"uv": [10, 11.5, 10.5, 13.5], "texture": "#0"},
				"west": {"uv": [11.5, 10.5, 12, 12.5], "texture": "#0"},
				"up": {"uv": [14.5, 1, 14, 0.5], "texture": "#0"},
				"down": {"uv": [1.5, 14, 1, 14.5], "texture": "#0"}
			}
		},
		{
			"name": "b9",
			"from": [7.894, 27.36734, 15.44482],
			"to": [8.902, 28.36734, 20.44482],
			"rotation": {"angle": -22.5, "axis": "x", "origin": [8.4, 15.66073, 14.40695]},
			"faces": {
				"north": {"uv": [14, 1, 14.5, 1.5], "texture": "#0"},
				"east": {"uv": [10.5, 6, 13, 6.5], "texture": "#0"},
				"south": {"uv": [14, 1.5, 14.5, 2], "texture": "#0"},
				"west": {"uv": [10.5, 6.5, 13, 7], "texture": "#0"},
				"up": {"uv": [11, 9.5, 10.5, 7], "texture": "#0"},
				"down": {"uv": [11, 9.5, 10.5, 12], "texture": "#0"}
			}
		},
		{
			"from": [7.9, 24.01418, 13.92598],
			"to": [8.9, 29.01418, 14.92598],
			"rotation": {"angle": 0, "axis": "y", "origin": [7.7, -1.48582, -0.27402]},
			"faces": {
				"north": {"uv": [11, 0, 11.5, 2.5], "texture": "#0"},
				"east": {"uv": [11, 2.5, 11.5, 5], "texture": "#0"},
				"south": {"uv": [11, 7, 11.5, 9.5], "texture": "#0"},
				"west": {"uv": [9, 11, 9.5, 13.5], "texture": "#0"},
				"up": {"uv": [14.5, 2.5, 14, 2], "texture": "#0"},
				"down": {"uv": [14.5, 2.5, 14, 3], "texture": "#0"}
			}
		},
		{
			"from": [7.9, 24.01418, 11.42598],
			"to": [8.9, 28.01418, 13.92598],
			"rotation": {"angle": 0, "axis": "y", "origin": [7.7, -1.48582, -0.27402]},
			"faces": {
				"north": {"uv": [12, 0, 12.5, 2], "texture": "#0"},
				"east": {"uv": [6.5, 5.5, 8, 7.5], "texture": "#0"},
				"south": {"uv": [12, 3, 12.5, 5], "texture": "#0"},
				"west": {"uv": [5, 7, 6.5, 9], "texture": "#0"},
				"up": {"uv": [2, 14.5, 1.5, 13], "texture": "#0"},
				"down": {"uv": [3.5, 13, 3, 14.5], "texture": "#0"}
			}
		},
		{
			"from": [7.9, 28.01418, 12.92598],
			"to": [8.9, 28.51418, 13.92598],
			"rotation": {"angle": 0, "axis": "y", "origin": [7.7, -1.48582, -0.27402]},
			"faces": {
				"north": {"uv": [14, 3, 14.5, 3.5], "texture": "#0"},
				"east": {"uv": [14, 3.5, 14.5, 4], "texture": "#0"},
				"south": {"uv": [14, 4, 14.5, 4.5], "texture": "#0"},
				"west": {"uv": [14, 4.5, 14.5, 5], "texture": "#0"},
				"up": {"uv": [5.5, 14.5, 5, 14], "texture": "#0"},
				"down": {"uv": [6, 14, 5.5, 14.5], "texture": "#0"}
			}
		},
		{
			"from": [7.9, 17.01418, 1.92598],
			"to": [8.9, 29.01418, 4.92598],
			"rotation": {"angle": 0, "axis": "y", "origin": [7.7, -1.48582, -0.27402]},
			"faces": {
				"north": {"uv": [4, 6.5, 4.5, 12.5], "texture": "#0"},
				"east": {"uv": [0, 0, 1.5, 6], "texture": "#0"},
				"south": {"uv": [4.5, 6.5, 5, 12.5], "texture": "#0"},
				"west": {"uv": [1.5, 0, 3, 6], "texture": "#0"},
				"up": {"uv": [8, 5.5, 7.5, 4], "texture": "#0"},
				"down": {"uv": [13.5, 0, 13, 1.5], "texture": "#0"}
			}
		},
		{
			"from": [7.9, 27.01418, -1.07402],
			"to": [8.9, 31.01418, 0.92598],
			"rotation": {"angle": 0, "axis": "y", "origin": [7.7, 0.01418, -0.07402]},
			"faces": {
				"north": {"uv": [12, 7, 12.5, 9], "texture": "#0"},
				"east": {"uv": [2, 9.5, 3, 11.5], "texture": "#0"},
				"south": {"uv": [12, 9, 12.5, 11], "texture": "#0"},
				"west": {"uv": [9.5, 2, 10.5, 4], "texture": "#0"},
				"up": {"uv": [14, 4, 13.5, 3], "texture": "#0"},
				"down": {"uv": [14, 4, 13.5, 5], "texture": "#0"}
			}
		},
		{
			"from": [7.9, 29.01418, 0.92598],
			"to": [8.9, 30.01418, 2.92598],
			"rotation": {"angle": 0, "axis": "y", "origin": [7.7, 27.01418, -0.07402]},
			"faces": {
				"north": {"uv": [14, 5.5, 14.5, 6], "texture": "#0"},
				"east": {"uv": [5, 13.5, 6, 14], "texture": "#0"},
				"south": {"uv": [14, 6, 14.5, 6.5], "texture": "#0"},
				"west": {"uv": [13.5, 5, 14.5, 5.5], "texture": "#0"},
				"up": {"uv": [14, 6.5, 13.5, 5.5], "texture": "#0"},
				"down": {"uv": [6.5, 13.5, 6, 14.5], "texture": "#0"}
			}
		},
		{
			"from": [7.9, 27.01418, 0.92598],
			"to": [8.9, 29.01418, 1.92598],
			"rotation": {"angle": 0, "axis": "y", "origin": [7.7, 3.01418, -1.07402]},
			"faces": {
				"north": {"uv": [13.5, 6.5, 14, 7.5], "texture": "#0"},
				"east": {"uv": [13.5, 7.5, 14, 8.5], "texture": "#0"},
				"south": {"uv": [8, 13.5, 8.5, 14.5], "texture": "#0"},
				"west": {"uv": [13.5, 8.5, 14, 9.5], "texture": "#0"},
				"up": {"uv": [7, 14.5, 6.5, 14], "texture": "#0"},
				"down": {"uv": [14.5, 6.5, 14, 7], "texture": "#0"}
			}
		},
		{
			"from": [7.9, 20.01418, -1.07402],
			"to": [8.9, 27.01418, 1.92598],
			"rotation": {"angle": 0, "axis": "y", "origin": [7.7, 3.01418, -1.07402]},
			"faces": {
				"north": {"uv": [9.5, 8, 10, 11.5], "texture": "#0"},
				"east": {"uv": [5, 0, 6.5, 3.5], "texture": "#0"},
				"south": {"uv": [10, 8, 10.5, 11.5], "texture": "#0"},
				"west": {"uv": [5, 3.5, 6.5, 7], "texture": "#0"},
				"up": {"uv": [13.5, 4.5, 13, 3], "texture": "#0"},
				"down": {"uv": [4, 13, 3.5, 14.5], "texture": "#0"}
			}
		},
		{
			"from": [7.9, 18.01418, 0.92598],
			"to": [8.9, 20.01418, 1.92598],
			"rotation": {"angle": 0, "axis": "y", "origin": [7.7, 3.01418, -1.07402]},
			"faces": {
				"north": {"uv": [9, 13.5, 9.5, 14.5], "texture": "#0"},
				"east": {"uv": [9.5, 13.5, 10, 14.5], "texture": "#0"},
				"south": {"uv": [13.5, 9.5, 14, 10.5], "texture": "#0"},
				"west": {"uv": [10, 13.5, 10.5, 14.5], "texture": "#0"},
				"up": {"uv": [7.5, 14.5, 7, 14], "texture": "#0"},
				"down": {"uv": [14.5, 7, 14, 7.5], "texture": "#0"}
			}
		},
		{
			"from": [7.9, 19.01418, -0.07402],
			"to": [8.9, 20.01418, 0.92598],
			"rotation": {"angle": 0, "axis": "y", "origin": [7.7, 3.01418, -1.07402]},
			"faces": {
				"north": {"uv": [7.5, 14, 8, 14.5], "texture": "#0"},
				"east": {"uv": [14, 7.5, 14.5, 8], "texture": "#0"},
				"south": {"uv": [14, 8, 14.5, 8.5], "texture": "#0"},
				"west": {"uv": [14, 8.5, 14.5, 9], "texture": "#0"},
				"up": {"uv": [14.5, 9.5, 14, 9], "texture": "#0"},
				"down": {"uv": [14.5, 9.5, 14, 10], "texture": "#0"}
			}
		},
		{
			"from": [7.9, 21.01418, -2.07402],
			"to": [8.9, 30.01418, -1.07402],
			"rotation": {"angle": 0, "axis": "y", "origin": [7.7, 3.01418, -1.07402]},
			"faces": {
				"north": {"uv": [5.5, 9, 6, 13.5], "texture": "#0"},
				"east": {"uv": [6, 9, 6.5, 13.5], "texture": "#0"},
				"south": {"uv": [9, 6.5, 9.5, 11], "texture": "#0"},
				"west": {"uv": [8, 9, 8.5, 13.5], "texture": "#0"},
				"up": {"uv": [14.5, 10.5, 14, 10], "texture": "#0"},
				"down": {"uv": [11, 14, 10.5, 14.5], "texture": "#0"}
			}
		},
		{
			"from": [7.9, 22.01418, -3.07402],
			"to": [8.9, 29.01418, -2.07402],
			"rotation": {"angle": 0, "axis": "y", "origin": [7.7, 3.01418, -1.07402]},
			"faces": {
				"north": {"uv": [0, 10.5, 0.5, 14], "texture": "#0"},
				"east": {"uv": [10.5, 0, 11, 3.5], "texture": "#0"},
				"south": {"uv": [0.5, 10.5, 1, 14], "texture": "#0"},
				"west": {"uv": [1, 10.5, 1.5, 14], "texture": "#0"},
				"up": {"uv": [14.5, 11, 14, 10.5], "texture": "#0"},
				"down": {"uv": [14.5, 11, 14, 11.5], "texture": "#0"}
			}
		},
		{
			"name": "b2",
			"from": [7.9, 20.3066, 20.64214],
			"to": [8.9, 22.3471, 22.14214],
			"rotation": {"angle": -45, "axis": "x", "origin": [8.4, 9.7, 8]},
			"faces": {
				"north": {"uv": [13.5, 10.5, 14, 11.5], "texture": "#0"},
				"east": {"uv": [12, 5, 13, 6], "texture": "#0"},
				"south": {"uv": [13.5, 11.5, 14, 12.5], "texture": "#0"},
				"west": {"uv": [12, 11, 13, 12], "texture": "#0"},
				"up": {"uv": [14, 13.5, 13.5, 12.5], "texture": "#0"},
				"down": {"uv": [13.5, 13.5, 13, 14.5], "texture": "#0"}
			}
		},
		{
			"name": "a1",
			"from": [7.895, 23.2, 5.5],
			"to": [8.903, 27.2, 6.5],
			"rotation": {"angle": 0, "axis": "y", "origin": [8.4, 9.7, 8]},
			"faces": {
				"north": {"uv": [10.5, 12, 11, 14], "texture": "#0"},
				"east": {"uv": [12, 12, 12.5, 14], "texture": "#0"},
				"south": {"uv": [12.5, 0, 13, 2], "texture": "#0"},
				"west": {"uv": [12.5, 3, 13, 5], "texture": "#0"},
				"up": {"uv": [14.5, 12, 14, 11.5], "texture": "#0"},
				"down": {"uv": [12.5, 14, 12, 14.5], "texture": "#0"}
			}
		},
		{
			"name": "a2",
			"from": [7.895, 23.2, 9.5],
			"to": [8.903, 27.2, 10.5],
			"rotation": {"angle": 0, "axis": "y", "origin": [8.4, 9.7, 8]},
			"faces": {
				"north": {"uv": [4, 12.5, 4.5, 14.5], "texture": "#0"},
				"east": {"uv": [4.5, 12.5, 5, 14.5], "texture": "#0"},
				"south": {"uv": [12.5, 7, 13, 9], "texture": "#0"},
				"west": {"uv": [8.5, 12.5, 9, 14.5], "texture": "#0"},
				"up": {"uv": [14.5, 12.5, 14, 12], "texture": "#0"},
				"down": {"uv": [13, 14, 12.5, 14.5], "texture": "#0"}
			}
		},
		{
			"name": "a3",
			"from": [8, 24.2, 6.5],
			"to": [8.8, 27.8, 9.5],
			"rotation": {"angle": 0, "axis": "y", "origin": [8.4, 13.7, 8]},
			"faces": {
				"north": {"uv": [12.5, 9, 13, 11], "texture": "#0"},
				"east": {"uv": [7.5, 2, 9, 4], "texture": "#0"},
				"south": {"uv": [11, 12.5, 11.5, 14.5], "texture": "#0"},
				"west": {"uv": [6.5, 7.5, 8, 9.5], "texture": "#0"},
				"up": {"uv": [13.5, 6, 13, 4.5], "texture": "#0"},
				"down": {"uv": [13.5, 6, 13, 7.5], "texture": "#0"}
			}
		},
		{
			"name": "b1",
			"from": [7.9, 20.3066, -6.14214],
			"to": [8.9, 23.8471, -4.64214],
			"rotation": {"angle": 45, "axis": "x", "origin": [8.4, 9.7, 8]},
			"faces": {
				"north": {"uv": [11.5, 12.5, 12, 14.5], "texture": "#0"},
				"east": {"uv": [9.5, 4, 10.5, 6], "texture": "#0"},
				"south": {"uv": [12.5, 12, 13, 14], "texture": "#0"},
				"west": {"uv": [9.5, 6, 10.5, 8], "texture": "#0"},
				"up": {"uv": [14, 14.5, 13.5, 13.5], "texture": "#0"},
				"down": {"uv": [0.5, 14, 0, 15], "texture": "#0"}
			}
		},
		{
			"name": "g1",
			"from": [7.8, 21.52836, 6.35195],
			"to": [9, 23.02836, 9.65195],
			"rotation": {"angle": 0, "axis": "y", "origin": [8.4, 26.7, 8]},
			"faces": {
				"north": {"uv": [11, 10, 12, 12], "texture": "#1"},
				"east": {"uv": [3, 0, 6, 2], "texture": "#1"},
				"south": {"uv": [2, 12, 3, 14], "texture": "#1"},
				"west": {"uv": [3, 2, 6, 4], "texture": "#1"},
				"up": {"uv": [1, 13, 0, 10], "texture": "#1"},
				"down": {"uv": [2, 10, 1, 13], "texture": "#1"}
			}
		},
		{
			"name": "f1",
			"from": [7.1, 21.60115, 4.19491],
			"to": [9.8, 23.50115, 6.09491],
			"rotation": {"angle": 45, "axis": "x", "origin": [8.4, 19.7, 8]},
			"faces": {
				"north": {"uv": [3, 4, 6, 6], "texture": "#1"},
				"east": {"uv": [0, 8, 2, 10], "texture": "#1"},
				"south": {"uv": [0, 6, 3, 8], "texture": "#1"},
				"west": {"uv": [8, 4, 10, 6], "texture": "#1"},
				"up": {"uv": [9, 2, 6, 0], "texture": "#1"},
				"down": {"uv": [9, 2, 6, 4], "texture": "#1"}
			}
		},
		{
			"name": "c1",
			"from": [7.7, 23.59, 2.9333],
			"to": [9.1, 24.59, 5.4333],
			"rotation": {"angle": 22.5, "axis": "x", "origin": [8.4, 19.7, 8]},
			"faces": {
				"north": {"uv": [5, 6, 6, 7], "texture": "#1"},
				"east": {"uv": [12, 3, 14, 4], "texture": "#1"},
				"south": {"uv": [12, 12, 13, 13], "texture": "#1"},
				"west": {"uv": [12, 6, 14, 7], "texture": "#1"},
				"up": {"uv": [13, 12, 12, 10], "texture": "#1"},
				"down": {"uv": [12, 12, 11, 14], "texture": "#1"}
			}
		},
		{
			"name": "c2",
			"from": [7.7, 22.59, 2.4333],
			"to": [9.1, 23.59, 5.4333],
			"rotation": {"angle": 22.5, "axis": "x", "origin": [8.4, 19.7, 8]},
			"faces": {
				"north": {"uv": [0, 13, 1, 14], "texture": "#1"},
				"east": {"uv": [9, 3, 12, 4], "texture": "#1"},
				"south": {"uv": [13, 0, 14, 1], "texture": "#1"},
				"west": {"uv": [10, 4, 13, 5], "texture": "#1"},
				"up": {"uv": [6, 13, 5, 10], "texture": "#1"},
				"down": {"uv": [7, 10, 6, 13], "texture": "#1"}
			}
		},
		{
			"name": "c3",
			"from": [7.7, 21.59, 1.9333],
			"to": [9.1, 22.59, 5.4333],
			"rotation": {"angle": 22.5, "axis": "x", "origin": [8.4, 19.7, 8]},
			"faces": {
				"north": {"uv": [1, 13, 2, 14], "texture": "#1"},
				"east": {"uv": [8, 6, 12, 7], "texture": "#1"},
				"south": {"uv": [13, 1, 14, 2], "texture": "#1"},
				"west": {"uv": [9, 0, 13, 1], "texture": "#1"},
				"up": {"uv": [3, 12, 2, 8], "texture": "#1"},
				"down": {"uv": [4, 9, 3, 13], "texture": "#1"}
			}
		},
		{
			"name": "d1",
			"from": [7.7, 23.59, 10.5667],
			"to": [9.1, 24.59, 13.0667],
			"rotation": {"angle": -22.5, "axis": "x", "origin": [8.4, 19.7, 8]},
			"faces": {
				"north": {"uv": [13, 2, 14, 3], "texture": "#1"},
				"east": {"uv": [10, 5, 13, 6], "texture": "#1"},
				"south": {"uv": [3, 13, 4, 14], "texture": "#1"},
				"west": {"uv": [10, 7, 13, 8], "texture": "#1"},
				"up": {"uv": [8, 13, 7, 10], "texture": "#1"},
				"down": {"uv": [9, 10, 8, 13], "texture": "#1"}
			}
		},
		{
			"name": "d2",
			"from": [7.7, 22.59, 10.5667],
			"to": [9.1, 23.59, 13.5667],
			"rotation": {"angle": -22.5, "axis": "x", "origin": [8.4, 19.7, 8]},
			"faces": {
				"north": {"uv": [4, 13, 5, 14], "texture": "#1"},
				"east": {"uv": [10, 8, 13, 9], "texture": "#1"},
				"south": {"uv": [13, 4, 14, 5], "texture": "#1"},
				"west": {"uv": [10, 9, 13, 10], "texture": "#1"},
				"up": {"uv": [11, 13, 10, 10], "texture": "#1"},
				"down": {"uv": [10, 11, 9, 14], "texture": "#1"}
			}
		},
		{
			"name": "d3",
			"from": [7.7, 21.59, 10.5667],
			"to": [9.1, 22.59, 14.0667],
			"rotation": {"angle": -22.5, "axis": "x", "origin": [8.4, 19.7, 8]},
			"faces": {
				"north": {"uv": [5, 13, 6, 14], "texture": "#1"},
				"east": {"uv": [9, 1, 13, 2], "texture": "#1"},
				"south": {"uv": [13, 5, 14, 6], "texture": "#1"},
				"west": {"uv": [9, 2, 13, 3], "texture": "#1"},
				"up": {"uv": [5, 13, 4, 9], "texture": "#1"},
				"down": {"uv": [10, 7, 9, 11], "texture": "#1"}
			}
		},
		{
			"name": "e1",
			"from": [7.6, 21.00115, 3.59491],
			"to": [9.3, 24.10115, 6.69491],
			"rotation": {"angle": 45, "axis": "x", "origin": [8.4, 19.7, 8]},
			"faces": {
				"north": {"uv": [3, 6, 5, 9], "texture": "#1"},
				"east": {"uv": [0, 0, 3, 3], "texture": "#1"},
				"south": {"uv": [6, 4, 8, 7], "texture": "#1"},
				"west": {"uv": [0, 3, 3, 6], "texture": "#1"},
				"up": {"uv": [7, 10, 5, 7], "texture": "#1"},
				"down": {"uv": [9, 7, 7, 10], "texture": "#1"}
			}
		},
		{
			"name": "g2",
			"from": [7.40409, 20.52836, 6.99591],
			"to": [9.40409, 21.52836, 8.99591],
			"rotation": {"angle": 45, "axis": "y", "origin": [8.4, 18.7, 8]},
			"faces": {
				"north": {"uv": [8, 5, 9, 5.5], "texture": "#3"},
				"east": {"uv": [8, 5.5, 9, 6], "texture": "#3"},
				"south": {"uv": [6, 8, 7, 8.5], "texture": "#3"},
				"west": {"uv": [8, 6, 9, 6.5], "texture": "#3"},
				"up": {"uv": [6, 5, 5, 4], "texture": "#2"},
				"down": {"uv": [6, 5, 5, 6], "texture": "#2"}
			}
		},
		{
			"name": "g3",
			"from": [7.90409, -7.37164, 7.49591],
			"to": [8.90409, 20.52836, 8.49591],
			"rotation": {"angle": 45, "axis": "y", "origin": [8.4, 4.7, 8]},
			"faces": {
				"north": {"uv": [0, 0, 0.5, 14], "texture": "#3"},
				"east": {"uv": [0.5, 0, 1, 14], "texture": "#3"},
				"south": {"uv": [1, 0, 1.5, 14], "texture": "#3"},
				"west": {"uv": [1.5, 0, 2, 14], "texture": "#3"},
				"up": {"uv": [8.5, 7, 8, 6.5], "texture": "#2"},
				"down": {"uv": [7.5, 8, 7, 8.5], "texture": "#2"}
			}
		},
		{
			"name": "g4",
			"from": [7.60409, -9.87164, 7.19591],
			"to": [9.20409, -6.37164, 8.79591],
			"rotation": {"angle": 45, "axis": "y", "origin": [8.4, 4.7, 8]},
			"faces": {
				"north": {"uv": [3, 4.5, 4, 6.5], "texture": "#3"},
				"east": {"uv": [4, 4.5, 5, 6.5], "texture": "#3"},
				"south": {"uv": [5, 0, 6, 2], "texture": "#3"},
				"west": {"uv": [5, 2, 6, 4], "texture": "#3"},
				"up": {"uv": [7, 1, 6, 0], "texture": "#2"},
				"down": {"uv": [7, 1, 6, 2], "texture": "#2"}
			}
		},
		{
			"name": "g5",
			"from": [7.60409, 19.12836, 7.19591],
			"to": [9.20409, 20.62836, 8.79591],
			"rotation": {"angle": 45, "axis": "y", "origin": [8.4, 4.7, 8]},
			"faces": {
				"north": {"uv": [6, 2, 7, 3], "texture": "#3"},
				"east": {"uv": [6, 3, 7, 4], "texture": "#3"},
				"south": {"uv": [6, 4, 7, 5], "texture": "#3"},
				"west": {"uv": [5, 6, 6, 7], "texture": "#3"},
				"up": {"uv": [7, 6, 6, 5], "texture": "#2"},
				"down": {"uv": [7, 6, 6, 7], "texture": "#2"}
			}
		},
		{
			"name": "g6",
			"from": [7.30409, -9.17164, 6.89591],
			"to": [9.50409, -7.17164, 9.09591],
			"rotation": {"angle": 45, "axis": "y", "origin": [8.4, 4.7, 8]},
			"faces": {
				"north": {"uv": [3, 6.5, 4, 7.5], "texture": "#3"},
				"east": {"uv": [4, 6.5, 5, 7.5], "texture": "#3"},
				"south": {"uv": [7, 0, 8, 1], "texture": "#3"},
				"west": {"uv": [7, 1, 8, 2], "texture": "#3"},
				"up": {"uv": [8, 3, 7, 2], "texture": "#2"},
				"down": {"uv": [8, 3, 7, 4], "texture": "#2"}
			}
		},
		{
			"name": "g7",
			"from": [7.60409, -1.87164, 7.19591],
			"to": [9.20409, 6.62836, 8.79591],
			"rotation": {"angle": 45, "axis": "y", "origin": [8.4, 4.7, 8]},
			"faces": {
				"north": {"uv": [2, 0, 3, 4.5], "texture": "#3"},
				"east": {"uv": [3, 0, 4, 4.5], "texture": "#3"},
				"south": {"uv": [4, 0, 5, 4.5], "texture": "#3"},
				"west": {"uv": [2, 4.5, 3, 9], "texture": "#3"},
				"up": {"uv": [8, 5, 7, 4], "texture": "#2"},
				"down": {"uv": [6, 7, 5, 8], "texture": "#2"}
			}
		},
		{
			"name": "g8",
			"from": [7.30409, 3.82836, 6.89591],
			"to": [9.50409, 5.82836, 9.09591],
			"rotation": {"angle": 45, "axis": "y", "origin": [8.4, 4.7, 8]},
			"faces": {
				"north": {"uv": [7, 5, 8, 6], "texture": "#3"},
				"east": {"uv": [6, 7, 7, 8], "texture": "#3"},
				"south": {"uv": [7, 6, 8, 7], "texture": "#3"},
				"west": {"uv": [7, 7, 8, 8], "texture": "#3"},
				"up": {"uv": [4, 8.5, 3, 7.5], "texture": "#2"},
				"down": {"uv": [5, 7.5, 4, 8.5], "texture": "#2"}
			}
		},
		{
			"name": "g9",
			"from": [7.30409, -1.17164, 6.89591],
			"to": [9.50409, 0.82836, 9.09591],
			"rotation": {"angle": 45, "axis": "y", "origin": [8.4, 4.7, 8]},
			"faces": {
				"north": {"uv": [8, 0, 9, 1], "texture": "#3"},
				"east": {"uv": [8, 1, 9, 2], "texture": "#3"},
				"south": {"uv": [8, 2, 9, 3], "texture": "#3"},
				"west": {"uv": [8, 3, 9, 4], "texture": "#3"},
				"up": {"uv": [9, 5, 8, 4], "texture": "#2"},
				"down": {"uv": [6, 8, 5, 9], "texture": "#2"}
			}
		}
	],
	"display": {
		"thirdperson_righthand": {
			"translation": [-0.5, 4.25, 1.75]
		},
		"thirdperson_lefthand": {
			"translation": [0.5, 4.25, 1.75]
		},
		"firstperson_righthand": {
			"rotation": [15, 0, 0],
			"translation": [0, 0, 0],
			"scale": [0.7, 0.7, 0.7]
		},
		"firstperson_lefthand": {
			"rotation": [15, 0, 0],
			"translation": [0, 7, 0],
			"scale": [0.7, 0.7, 0.7]
		},
		"gui": {
			"rotation": [0, 90, 0],
			"scale": [0.5, 0.5, 0.5]
		},
		"fixed": {
			"rotation": [0, -90, 0],
			"translation": [0, 0, -3.25],
			"scale": [2, 2, 2]
		}
	},
	"groups": [
		{
			"name": "group",
			"origin": [8.2, 15.51904, 15.3173],
			"color": 0,
			"children": [
				{
					"name": "out1",
					"origin": [8.4, 15.49068, 14.46535],
					"color": 0,
					"children": [0, 1, 2, 3, 4, 5]
				},
				{
					"name": "out2",
					"origin": [8.4, 15.66073, 14.40695],
					"color": 0,
					"children": [6, 7, 8, 9]
				},
				{
					"name": "in1",
					"origin": [7.7, -1.48582, -0.27402],
					"color": 0,
					"children": [10, 11, 12]
				},
				{
					"name": "in2",
					"origin": [7.7, 3.04254, -0.22208],
					"color": 0,
					"children": [13, 14, 15, 16, 17, 18, 19, 20, 21]
				},
				22,
				23,
				24,
				25,
				26
			]
		},
		{
			"name": "group",
			"origin": [8.4, 19.7, 8],
			"color": 0,
			"children": [27, 28, 29, 30, 31, 32, 33, 34, 35]
		},
		{
			"name": "group",
			"origin": [8.4, 4.7, 8],
			"color": 0,
			"children": [36, 37, 38, 39, 40, 41, 42, 43]
		}
	]
}