{
	"credit": "Created with Blockbench [Exported as resourcepack with the \"resourcepack_packager\" plugin]",
	"texture_size": [40, 40],
	"textures": {
		"0": "nobi/axe6",
		"particle": "item/wooden_sword3"
	},
	"elements": [
		{
			"from": [9.84517, 18.58215, 7.525],
			"to": [16.12017, 26.23215, 8.475],
			"rotation": {"angle": -22.5, "axis": "z", "origin": [13.44517, 22.58215, 7.925]},
			"faces": {
				"north": {"uv": [0, 0, 2, 2.4], "texture": "#0"},
				"east": {"uv": [0, 2, 2, 2.4], "texture": "#0"},
				"south": {"uv": [2, 0, 0, 2.4], "texture": "#0"},
				"west": {"uv": [0.8, 1.2, 1.6, 1.6], "texture": "#0"},
				"up": {"uv": [14, 15.6, 16, 16], "texture": "#0"},
				"down": {"uv": [3.2, 2.4, 4.8, 2.8], "texture": "#0"}
			}
		},
		{
			"from": [5.97007, 18.575, 7],
			"to": [7.97007, 23.425, 9],
			"rotation": {"angle": 0, "axis": "y", "origin": [-0.02993, 0, -1]},
			"faces": {
				"north": {"uv": [13.2, 11.2, 14.4, 14.4], "texture": "#0"},
				"east": {"uv": [0.8, 2.4, 0, 8], "texture": "#0"},
				"south": {"uv": [13.2, 11.2, 14.4, 14.4], "texture": "#0"},
				"west": {"uv": [0.8, 2.4, 0, 8], "texture": "#0"},
				"up": {"uv": [0.4, 4, 0.8, 5.2], "texture": "#0"},
				"down": {"uv": [0, 2.4, 0.8, 8], "texture": "#0"}
			}
		},
		{
			"from": [6.425, 8.7, 7.45],
			"to": [7.525, 18.55, 8.55],
			"rotation": {"angle": 0, "axis": "y", "origin": [0.925, 0, -1]},
			"faces": {
				"north": {"uv": [0, 2.4, 0.8, 8], "texture": "#0"},
				"east": {"uv": [0.4, 2.4, 0, 8], "texture": "#0"},
				"south": {"uv": [0.8, 2.4, 0, 8], "texture": "#0"},
				"west": {"uv": [0.8, 2.4, 0.4, 8], "texture": "#0"},
				"up": {"uv": [0.4, 4, 0.8, 5.2], "texture": "#0"},
				"down": {"uv": [0, 2.4, 0.8, 8], "texture": "#0"}
			}
		},
		{
			"from": [6.3, 2.7, 7.275],
			"to": [7.8, 8.55, 8.775],
			"rotation": {"angle": 0, "axis": "y", "origin": [2.175, 0, -0.8]},
			"faces": {
				"north": {"uv": [0, 2.4, 0.8, 5.2], "texture": "#0"},
				"east": {"uv": [0.4, 2.4, 0, 5.2], "texture": "#0"},
				"south": {"uv": [0.8, 2.4, 0, 5.2], "texture": "#0"},
				"west": {"uv": [0.8, 2.4, 0.4, 5.2], "texture": "#0"},
				"up": {"uv": [0.4, 4, 0.8, 5.2], "texture": "#0"},
				"down": {"uv": [0, 2.4, 0.8, 8], "texture": "#0"}
			}
		},
		{
			"from": [5.975, 0.85, 7],
			"to": [7.975, 2.75, 9],
			"rotation": {"angle": 0, "axis": "y", "origin": [6.925, 1.675, 7.9]},
			"faces": {
				"north": {"uv": [12.8, 8.8, 14.4, 10.4], "texture": "#0"},
				"east": {"uv": [12.8, 8.8, 14.4, 10.4], "texture": "#0"},
				"south": {"uv": [12.8, 8.8, 14.4, 10.4], "texture": "#0"},
				"west": {"uv": [12.8, 8.8, 14.4, 10.4], "texture": "#0"},
				"up": {"uv": [0.4, 4, 0.8, 5.2], "texture": "#0"},
				"down": {"uv": [0, 2.4, 0.8, 8], "texture": "#0"}
			}
		},
		{
			"from": [5.025, -0.2, 7],
			"to": [6.525, 1.3, 9],
			"rotation": {"angle": 45, "axis": "z", "origin": [6.975, 1.75, 8]},
			"faces": {
				"north": {"uv": [4.8, 12.8, 6, 14], "texture": "#0"},
				"east": {"uv": [6, 12.8, 7.2, 14], "texture": "#0"},
				"south": {"uv": [0, 2.4, 0.8, 8], "texture": "#0"},
				"west": {"uv": [6, 12.8, 7.2, 14], "texture": "#0"},
				"up": {"uv": [6, 12.8, 7.2, 14], "texture": "#0"},
				"down": {"uv": [6, 12.8, 7.2, 14], "texture": "#0"}
			}
		},
		{
			"from": [5.975, 7, 7],
			"to": [7.975, 8.75, 9],
			"rotation": {"angle": 0, "axis": "y", "origin": [6.925, 1.675, 7.9]},
			"faces": {
				"north": {"uv": [12.8, 8.8, 14.4, 10.4], "texture": "#0"},
				"east": {"uv": [12.8, 8.8, 14.4, 10.4], "texture": "#0"},
				"south": {"uv": [12.8, 8.8, 14.4, 10.4], "texture": "#0"},
				"west": {"uv": [12.8, 8.8, 14.4, 10.4], "texture": "#0"},
				"up": {"uv": [0.4, 4, 0.8, 5.2], "texture": "#0"},
				"down": {"uv": [0, 2.4, 0.8, 8], "texture": "#0"}
			}
		},
		{
			"from": [6.73922, 22.66664, 7.275],
			"to": [8.13922, 24.06664, 8.725],
			"rotation": {"angle": 45, "axis": "z", "origin": [7.13922, 22.84164, 8]},
			"faces": {
				"north": {"uv": [0.4, 4, 0, 2.4], "texture": "#0"},
				"east": {"uv": [0.8, 2.4, 0, 8], "texture": "#0"},
				"south": {"uv": [0, 2.4, 0.8, 8], "texture": "#0"},
				"west": {"uv": [0.8, 2.4, 0, 8], "texture": "#0"},
				"up": {"uv": [0.4, 4, 0.8, 5.2], "texture": "#0"},
				"down": {"uv": [0, 2.4, 0.8, 8], "texture": "#0"}
			}
		},
		{
			"from": [8.73922, 24.66664, 7.275],
			"to": [10.13922, 26.06664, 8.725],
			"rotation": {"angle": 45, "axis": "z", "origin": [7.13922, 22.84164, 8]},
			"faces": {
				"north": {"uv": [6, 14, 4.8, 12.8], "texture": "#0"},
				"east": {"uv": [6, 12.8, 7.2, 14], "texture": "#0"},
				"south": {"uv": [4.8, 14, 6, 12.8], "texture": "#0"},
				"west": {"uv": [0.8, 2.4, 0, 8], "texture": "#0"},
				"up": {"uv": [6, 12.8, 7.2, 14], "texture": "#0"},
				"down": {"uv": [0, 2.4, 0.8, 8], "texture": "#0"}
			}
		},
		{
			"from": [2.73922, 19.47349, 7.025],
			"to": [4.13922, 20.87349, 8.975],
			"rotation": {"angle": 45, "axis": "z", "origin": [7.13922, 23.64849, 8]},
			"faces": {
				"north": {"uv": [14.8, 5.6, 14.4, 4], "texture": "#0"},
				"east": {"uv": [0.8, 2.4, 0, 8], "texture": "#0"},
				"south": {"uv": [14.8, 5.6, 14.4, 4], "texture": "#0"},
				"west": {"uv": [0.8, 2.4, 0, 8], "texture": "#0"},
				"up": {"uv": [0.4, 4, 0.8, 5.2], "texture": "#0"},
				"down": {"uv": [0, 2.4, 0.8, 8], "texture": "#0"}
			}
		},
		{
			"from": [5.47007, 24.075, 7],
			"to": [7.47007, 26.075, 9],
			"rotation": {"angle": 45, "axis": "z", "origin": [6.97007, 25.575, 8]},
			"faces": {
				"north": {"uv": [13.2, 7.2, 14, 8], "texture": "#0"},
				"east": {"uv": [14, 8, 13.2, 7.2], "texture": "#0"},
				"south": {"uv": [13.2, 8, 14, 7.2], "texture": "#0"},
				"west": {"uv": [14, 7.2, 13.2, 8], "texture": "#0"},
				"up": {"uv": [14, 7.2, 13.2, 8], "texture": "#0"},
				"down": {"uv": [13.2, 7.2, 14, 8], "texture": "#0"}
			}
		},
		{
			"from": [-11.27993, 7.325, 8.375],
			"to": [-9.77993, 8.825, 9.4],
			"rotation": {"angle": 45, "axis": "z", "origin": [6.97007, 25.575, 8]},
			"faces": {
				"north": {"uv": [13.2, 7.2, 14, 8], "texture": "#0"},
				"east": {"uv": [14, 8, 13.2, 7.2], "texture": "#0"},
				"south": {"uv": [13.2, 8, 14, 7.2], "texture": "#0"},
				"west": {"uv": [14, 7.2, 13.2, 8], "texture": "#0"},
				"up": {"uv": [14, 7.2, 13.2, 8], "texture": "#0"},
				"down": {"uv": [13.2, 7.2, 14, 8], "texture": "#0"}
			}
		},
		{
			"from": [11.8884, 18.92681, 7.475],
			"to": [17.3134, 24.90181, 8.525],
			"rotation": {"angle": 0, "axis": "y", "origin": [12.3134, 23.15181, 7.95]},
			"faces": {
				"north": {"uv": [3.2, 2.4, 4.8, 4.8], "texture": "#0"},
				"east": {"uv": [3.2, 2.4, 3.6, 4.8], "texture": "#0"},
				"south": {"uv": [4.8, 2.4, 3.2, 4.8], "texture": "#0"},
				"west": {"uv": [4.4, 2.4, 4.8, 4.8], "texture": "#0"},
				"up": {"uv": [3.2, 2.4, 4, 3.2], "texture": "#0"},
				"down": {"uv": [3.2, 2.4, 4.8, 4.8], "texture": "#0"}
			}
		},
		{
			"from": [10.28215, 18.24041, 7.45],
			"to": [15.23215, 22.51541, 8.55],
			"rotation": {"angle": -45, "axis": "z", "origin": [11.88215, 18.26541, 8]},
			"faces": {
				"north": {"uv": [4.8, 3.2, 6, 4.8], "texture": "#0"},
				"east": {"uv": [3.2, 2.4, 3.6, 4], "texture": "#0"},
				"south": {"uv": [6, 3.2, 4.8, 4.8], "texture": "#0"},
				"west": {"uv": [5.6, 3.2, 6, 4.8], "texture": "#0"},
				"up": {"uv": [4.8, 3.2, 6, 4.8], "texture": "#0"},
				"down": {"uv": [3.2, 2.4, 3.6, 4], "rotation": 90, "texture": "#0"}
			}
		},
		{
			"from": [12.70828, 15.87893, 7.475],
			"to": [14.23328, 17.57893, 8.525],
			"rotation": {"angle": 0, "axis": "z", "origin": [12.09578, 18.35393, 8]},
			"faces": {
				"north": {"uv": [4.8, 4.4, 5.2, 4.8], "texture": "#0"},
				"east": {"uv": [4.8, 4.4, 5.2, 4.8], "texture": "#0"},
				"south": {"uv": [4.8, 4.4, 5.2, 4.8], "texture": "#0"},
				"west": {"uv": [4.8, 4.4, 5.2, 4.8], "texture": "#0"},
				"up": {"uv": [4.8, 4.4, 5.2, 4.8], "texture": "#0"},
				"down": {"uv": [4.8, 4.4, 5.2, 4.8], "texture": "#0"}
			}
		},
		{
			"from": [12.83265, 16.16914, 7.475],
			"to": [13.53265, 16.86914, 8.525],
			"rotation": {"angle": -45, "axis": "z", "origin": [12.77015, 17.01914, 8]},
			"faces": {
				"north": {"uv": [4.8, 4.4, 5.2, 4.8], "texture": "#0"},
				"east": {"uv": [4.8, 4.4, 5.2, 4.8], "texture": "#0"},
				"south": {"uv": [4.8, 4.4, 5.2, 4.8], "texture": "#0"},
				"west": {"uv": [4.8, 4.4, 5.2, 4.8], "texture": "#0"},
				"up": {"uv": [4.8, 4.4, 5.2, 4.8], "texture": "#0"},
				"down": {"uv": [4.8, 4.4, 5.2, 4.8], "texture": "#0"}
			}
		},
		{
			"from": [10.97658, 26.52467, 7.55],
			"to": [11.67658, 27.22467, 8.45],
			"rotation": {"angle": 22.5, "axis": "z", "origin": [11.32658, 26.87467, 8]},
			"faces": {
				"north": {"uv": [0.4, 0.8, 1.2, 1.2], "texture": "#0"},
				"east": {"uv": [0.8, 1.2, 1.6, 1.6], "texture": "#0"},
				"south": {"uv": [0.8, 1.2, 1.6, 1.6], "texture": "#0"},
				"west": {"uv": [0.8, 1.2, 1.6, 1.6], "texture": "#0"},
				"up": {"uv": [0.8, 1.2, 1.6, 1.6], "texture": "#0"},
				"down": {"uv": [0.8, 1.2, 1.6, 1.6], "texture": "#0"}
			}
		},
		{
			"from": [1.99507, 19.9, 7.5],
			"to": [7.22007, 21.9, 8.5],
			"rotation": {"angle": 0, "axis": "y", "origin": [-0.02993, -1.6, -1]},
			"faces": {
				"north": {"uv": [5.6, 1.6, 7.6, 2.4], "texture": "#0"},
				"east": {"uv": [5.6, 1.6, 7.6, 2.4], "texture": "#0"},
				"south": {"uv": [5.6, 1.6, 7.6, 2.4], "texture": "#0"},
				"west": {"uv": [5.6, 1.6, 7.6, 2.4], "texture": "#0"},
				"up": {"uv": [5.6, 1.6, 7.6, 2], "texture": "#0"},
				"down": {"uv": [5.6, 1.6, 7.6, 2.4], "texture": "#0"}
			}
		},
		{
			"from": [4.47812, 20.49997, 7.525],
			"to": [7.20312, 22.14997, 8.475],
			"rotation": {"angle": 22.5, "axis": "z", "origin": [5.54062, 21.14997, 7.975]},
			"faces": {
				"north": {"uv": [9.6, 13.2, 11.6, 14], "texture": "#0"},
				"east": {"uv": [5.6, 1.6, 7.6, 2.4], "texture": "#0"},
				"south": {"uv": [5.6, 1.6, 7.6, 2.4], "texture": "#0"},
				"west": {"uv": [5.6, 1.6, 7.6, 2.4], "texture": "#0"},
				"up": {"uv": [5.6, 1.6, 7.6, 2], "texture": "#0"},
				"down": {"uv": [5.6, 1.6, 7.6, 2.4], "texture": "#0"}
			}
		},
		{
			"from": [3.76478, 18.82634, 7.525],
			"to": [7.76478, 20.82634, 8.475],
			"rotation": {"angle": -22.5, "axis": "z", "origin": [6.26478, 19.82634, 8]},
			"faces": {
				"north": {"uv": [9.6, 12.4, 11.6, 13.2], "texture": "#0"},
				"east": {"uv": [5.6, 1.6, 7.6, 2.4], "texture": "#0"},
				"south": {"uv": [5.6, 1.6, 7.6, 2.4], "texture": "#0"},
				"west": {"uv": [5.6, 1.6, 7.6, 2.4], "texture": "#0"},
				"up": {"uv": [5.6, 1.6, 7.6, 2], "texture": "#0"},
				"down": {"uv": [9.6, 13.6, 11.6, 14.4], "texture": "#0"}
			}
		},
		{
			"from": [6.07007, 21.45, 7.6],
			"to": [11.02007, 23.3, 8.4],
			"rotation": {"angle": 0, "axis": "y", "origin": [-0.02993, -1.6, -1]},
			"faces": {
				"north": {"uv": [5.6, 1.6, 7.6, 2.4], "texture": "#0"},
				"east": {"uv": [5.6, 1.6, 7.6, 2.4], "texture": "#0"},
				"south": {"uv": [5.6, 1.6, 7.6, 2.4], "texture": "#0"},
				"west": {"uv": [5.6, 1.6, 7.6, 2.4], "texture": "#0"},
				"up": {"uv": [5.6, 1.6, 7.6, 2], "texture": "#0"},
				"down": {"uv": [5.6, 1.6, 7.6, 2.4], "texture": "#0"}
			}
		},
		{
			"from": [3.45052, 19.14149, 7.6],
			"to": [4.52552, 21.14149, 8.4],
			"rotation": {"angle": 45, "axis": "z", "origin": [4.45052, 19.74149, 8]},
			"faces": {
				"north": {"uv": [2.4, 8.4, 4, 9.2], "texture": "#0"},
				"east": {"uv": [2.4, 8.4, 4, 9.2], "texture": "#0"},
				"south": {"uv": [2.4, 8.4, 4, 9.2], "texture": "#0"},
				"west": {"uv": [2.4, 8.4, 4, 9.2], "texture": "#0"},
				"up": {"uv": [2.4, 8.4, 4, 9.2], "texture": "#0"},
				"down": {"uv": [0, 0, 0.8, 0.4], "texture": "#0"}
			}
		},
		{
			"from": [1.37007, 19.15, 7.2],
			"to": [3.62007, 22.15, 8.8],
			"rotation": {"angle": 22.5, "axis": "z", "origin": [1.97007, 20.275, 8]},
			"faces": {
				"north": {"uv": [5.6, 4.8, 6.4, 6], "texture": "#0"},
				"east": {"uv": [5.6, 4.8, 6.4, 6.8], "texture": "#0"},
				"south": {"uv": [5.6, 4.8, 6.4, 6.8], "texture": "#0"},
				"west": {"uv": [6.4, 4.8, 5.6, 6.8], "texture": "#0"},
				"up": {"uv": [5.6, 4.8, 6.4, 6], "texture": "#0"},
				"down": {"uv": [5.6, 4.8, 6.4, 6.8], "texture": "#0"}
			}
		},
		{
			"from": [9.39517, 15.95715, 7.5],
			"to": [12.34517, 23.60715, 8.5],
			"rotation": {"angle": -45, "axis": "z", "origin": [13.44517, 22.58215, 7.925]},
			"faces": {
				"north": {"uv": [13.6, 0, 14.8, 2.8], "texture": "#0"},
				"east": {"uv": [0, 0, 0.8, 0.4], "texture": "#0"},
				"south": {"uv": [14.8, 0, 13.6, 2.8], "texture": "#0"},
				"west": {"uv": [0, 0, 0.4, 0.4], "texture": "#0"},
				"up": {"uv": [3.2, 2.4, 4.8, 2.8], "texture": "#0"},
				"down": {"uv": [3.2, 2.4, 4.8, 2.8], "texture": "#0"}
			}
		},
		{
			"from": [2.20242, 17.61586, 7.275],
			"to": [4.42742, 19.71586, 8.725],
			"rotation": {"angle": -45, "axis": "z", "origin": [3.70242, 18.74086, 8]},
			"faces": {
				"north": {"uv": [5.6, 5.6, 6.4, 6.8], "rotation": 90, "texture": "#0"},
				"east": {"uv": [5.6, 4.8, 6.4, 6.8], "rotation": 270, "texture": "#0"},
				"south": {"uv": [5.6, 4.8, 6.4, 6.8], "rotation": 270, "texture": "#0"},
				"west": {"uv": [5.6, 4.8, 6.4, 6], "rotation": 270, "texture": "#0"},
				"up": {"uv": [5.6, 4.8, 6.4, 6.8], "rotation": 270, "texture": "#0"},
				"down": {"uv": [6.4, 4.8, 5.6, 6.8], "rotation": 270, "texture": "#0"}
			}
		}
	],
	"gui_light": "front",
	"display": {
		"thirdperson_righthand": {
			"rotation": [12.26, 83.28, -11.83],
			"translation": [0.5, 2.5, 0.5],
			"scale": [1.4, 1.4, 1.4]
		},
		"thirdperson_lefthand": {
			"rotation": [-124.95, -84.31, -131.45],
			"translation": [0, 2.5, 0.75],
			"scale": [1.4, 1.4, 1.4]
		},
		"firstperson_righthand": {
			"rotation": [172.5, 87.38, -153.22],
			"translation": [1.25, -2.25, -2.75]
		},
		"firstperson_lefthand": {
			"rotation": [-136.62, -81.62, -150.4],
			"translation": [4.5, 13, -3.75]
		},
		"ground": {
			"translation": [0.5, 8.25, 0]
		},
		"gui": {
			"rotation": [179.16, -1.92, 157.75],
			"translation": [2.5, -3.25, 3.75],
			"scale": [0.67, 0.57, 0.68]
		},
		"fixed": {
			"rotation": [0, 0, -24],
			"translation": [-1.25, -3.75, -0.25]
		}
	}
}