{
	"credit": "Created with Blockbench [Exported as resourcepack with the \"resourcepack_packager\" plugin]",
	"texture_size": [64, 64],
	"textures": {
		"0": "nobi/axe7",
		"particle": "item/Axe7"
	},
	"elements": [
		{
			"from": [7, 22.225, 7],
			"to": [9, 29.725, 9],
			"rotation": {"angle": 0, "axis": "y", "origin": [0, -0.525, 1]},
			"faces": {
				"north": {"uv": [5.25, 5.25, 4.75, 7.125], "texture": "#0"},
				"east": {"uv": [4.75, 5.25, 5.25, 7.125], "texture": "#0"},
				"south": {"uv": [4.75, 5.25, 5.25, 7.125], "texture": "#0"},
				"west": {"uv": [4.75, 5.25, 5.25, 7.125], "texture": "#0"},
				"up": {"uv": [4.75, 5.25, 5.25, 7.125], "texture": "#0"},
				"down": {"uv": [5.25, 5.25, 4.75, 7.125], "texture": "#0"}
			}
		},
		{
			"from": [8.03293, 23.83128, 7.375],
			"to": [9.48293, 25.23128, 9.325],
			"rotation": {"angle": 45, "axis": "z", "origin": [9.03293, 23.35628, 8.35]},
			"faces": {
				"north": {"uv": [7, 8.75, 7.375, 9.125], "texture": "#0"},
				"east": {"uv": [8.5, 6.5, 9, 6.875], "texture": "#0"},
				"south": {"uv": [8.75, 7, 9.125, 7.375], "texture": "#0"},
				"west": {"uv": [7.5, 8.5, 8, 8.875], "texture": "#0"},
				"up": {"uv": [8.375, 9, 8, 8.5], "texture": "#0"},
				"down": {"uv": [8.875, 8, 8.5, 8.5], "texture": "#0"}
			}
		},
		{
			"from": [8.0253, 27.58128, 7.4],
			"to": [9.4753, 28.98128, 9.325],
			"rotation": {"angle": 45, "axis": "z", "origin": [9.0253, 27.10628, 8.375]},
			"faces": {
				"north": {"uv": [8.75, 7.5, 9.125, 7.875], "texture": "#0"},
				"east": {"uv": [8.5, 8.5, 9, 8.875], "texture": "#0"},
				"south": {"uv": [9, 0, 9.375, 0.375], "texture": "#0"},
				"west": {"uv": [1, 8.75, 1.5, 9.125], "texture": "#0"},
				"up": {"uv": [1.875, 9.25, 1.5, 8.75], "texture": "#0"},
				"down": {"uv": [9.125, 1.75, 8.75, 2.25], "texture": "#0"}
			}
		},
		{
			"from": [7, 23.975, 7.35],
			"to": [9, 27.725, 9.35],
			"rotation": {"angle": 0, "axis": "z", "origin": [0, -0.525, 1]},
			"faces": {
				"north": {"uv": [2.5, 6.5, 3, 7.5], "texture": "#0"},
				"east": {"uv": [6.75, 2.25, 7.25, 3.25], "texture": "#0"},
				"south": {"uv": [6.75, 3.25, 7.25, 4.25], "texture": "#0"},
				"west": {"uv": [6.75, 4.25, 7.25, 5.25], "texture": "#0"},
				"up": {"uv": [8.75, 3.75, 8.25, 3.25], "texture": "#0"},
				"down": {"uv": [4, 8.25, 3.5, 8.75], "texture": "#0"}
			}
		},
		{
			"from": [8.0253, 27.58128, 6.675],
			"to": [9.4753, 28.98128, 8.6],
			"rotation": {"angle": 45, "axis": "z", "origin": [9.0253, 27.10628, 7.625]},
			"faces": {
				"north": {"uv": [9.375, 0, 9, 0.375], "texture": "#0"},
				"east": {"uv": [9, 8.5, 8.5, 8.875], "texture": "#0"},
				"south": {"uv": [9.125, 7.5, 8.75, 7.875], "texture": "#0"},
				"west": {"uv": [1.5, 8.75, 1, 9.125], "texture": "#0"},
				"up": {"uv": [1.875, 8.75, 1.5, 9.25], "texture": "#0"},
				"down": {"uv": [9.125, 2.25, 8.75, 1.75], "texture": "#0"}
			}
		},
		{
			"from": [7, 23.975, 6.65],
			"to": [9, 27.725, 8.65],
			"rotation": {"angle": 0, "axis": "z", "origin": [0, -0.525, 15]},
			"faces": {
				"north": {"uv": [7.25, 3.25, 6.75, 4.25], "texture": "#0"},
				"east": {"uv": [7.25, 2.25, 6.75, 3.25], "texture": "#0"},
				"south": {"uv": [3, 6.5, 2.5, 7.5], "texture": "#0"},
				"west": {"uv": [7.25, 4.25, 6.75, 5.25], "texture": "#0"},
				"up": {"uv": [8.75, 3.25, 8.25, 3.75], "texture": "#0"},
				"down": {"uv": [4, 8.75, 3.5, 8.25], "texture": "#0"}
			}
		},
		{
			"from": [8.03293, 23.83128, 6.675],
			"to": [9.48293, 25.23128, 8.625],
			"rotation": {"angle": 45, "axis": "z", "origin": [9.03293, 23.35628, 7.65]},
			"faces": {
				"north": {"uv": [9.125, 7, 8.75, 7.375], "texture": "#0"},
				"east": {"uv": [9, 6.5, 8.5, 6.875], "texture": "#0"},
				"south": {"uv": [7.375, 8.75, 7, 9.125], "texture": "#0"},
				"west": {"uv": [8, 8.5, 7.5, 8.875], "texture": "#0"},
				"up": {"uv": [8.375, 8.5, 8, 9], "texture": "#0"},
				"down": {"uv": [8.875, 8.5, 8.5, 8], "texture": "#0"}
			}
		},
		{
			"from": [7.225, 11.2, 7.275],
			"to": [8.775, 22.225, 8.725],
			"rotation": {"angle": 0, "axis": "y", "origin": [0, -0.525, 1]},
			"faces": {
				"north": {"uv": [4.75, 0, 5, 1.25], "texture": "#0"},
				"east": {"uv": [5, 0, 4.75, 1.25], "texture": "#0"},
				"south": {"uv": [4.75, 0, 5, 1.25], "texture": "#0"},
				"west": {"uv": [5, 0, 4.75, 1.25], "texture": "#0"},
				"up": {"uv": [4.75, 0, 5, 1.25], "texture": "#0"},
				"down": {"uv": [4.75, 0, 5, 1.25], "texture": "#0"}
			}
		},
		{
			"from": [6.975, 5.525, 7.025],
			"to": [9.025, 11.525, 8.975],
			"rotation": {"angle": 0, "axis": "y", "origin": [0, -0.525, 1]},
			"faces": {
				"north": {"uv": [4.75, 0, 5.125, 5.25], "texture": "#0"},
				"east": {"uv": [5.125, 0, 4.75, 5.25], "texture": "#0"},
				"south": {"uv": [10.25, 0.25, 10.625, 1], "texture": "#0"},
				"west": {"uv": [5.125, 0, 4.75, 5.25], "texture": "#0"},
				"up": {"uv": [4.75, 0, 5.125, 5.25], "texture": "#0"},
				"down": {"uv": [4.75, 0, 5.125, 5.25], "texture": "#0"}
			}
		},
		{
			"from": [7.225, 1.125, 7.275],
			"to": [8.775, 5.8, 8.725],
			"rotation": {"angle": 0, "axis": "y", "origin": [0, -0.525, 1]},
			"faces": {
				"north": {"uv": [4.75, 0.5, 5, 1.25], "texture": "#0"},
				"east": {"uv": [5, 0.5, 4.75, 1.25], "texture": "#0"},
				"south": {"uv": [4.75, 0.5, 5, 1.25], "texture": "#0"},
				"west": {"uv": [5, 0.5, 4.75, 1.25], "texture": "#0"},
				"up": {"uv": [4.75, 0.5, 5, 1.25], "texture": "#0"},
				"down": {"uv": [4.75, 0.5, 5, 1.25], "texture": "#0"}
			}
		},
		{
			"from": [6.725, -1.05, 7.025],
			"to": [9.275, 1.45, 8.975],
			"rotation": {"angle": 0, "axis": "y", "origin": [8, 0.2, 8]},
			"faces": {
				"north": {"uv": [7.875, 6.5, 7.25, 7.125], "texture": "#0"},
				"east": {"uv": [8, 4.75, 8.5, 5.375], "texture": "#0"},
				"south": {"uv": [7.25, 6.5, 7.875, 7.125], "texture": "#0"},
				"west": {"uv": [8.5, 4.75, 8, 5.375], "texture": "#0"},
				"up": {"uv": [8, 5.375, 8.5, 4.75], "texture": "#0"},
				"down": {"uv": [8, 5.375, 8.5, 4.75], "texture": "#0"}
			}
		},
		{
			"from": [6.75, 29.475, 7.25],
			"to": [7.75, 30.475, 8.75],
			"rotation": {"angle": 45, "axis": "z", "origin": [8, 30.725, 8]},
			"faces": {
				"north": {"uv": [8.75, 1.75, 8.5, 2], "texture": "#0"},
				"east": {"uv": [8.5, 1.75, 8.75, 2], "texture": "#0"},
				"south": {"uv": [8.5, 1.75, 8.75, 2], "texture": "#0"},
				"west": {"uv": [8.5, 1.75, 8.75, 2], "texture": "#0"},
				"up": {"uv": [8.5, 1.75, 8.75, 2], "texture": "#0"},
				"down": {"uv": [8.5, 1.75, 8.75, 2], "texture": "#0"}
			}
		},
		{
			"from": [6.01501, 24.7731, 7.025],
			"to": [8.01501, 29.5231, 8.975],
			"rotation": {"angle": -22.5, "axis": "z", "origin": [7.01501, 27.1481, 8]},
			"faces": {
				"north": {"uv": [7, 0, 6.5, 1.25], "texture": "#0"},
				"east": {"uv": [6.5, 0, 7, 1.25], "texture": "#0"},
				"south": {"uv": [6.5, 0, 7, 1.25], "texture": "#0"},
				"west": {"uv": [6.5, 0, 7, 1.25], "texture": "#0"},
				"up": {"uv": [6.5, 0, 7, 1.25], "texture": "#0"},
				"down": {"uv": [6.5, 0, 7, 1.25], "texture": "#0"}
			}
		},
		{
			"from": [6.01501, 22.32504, 7.05],
			"to": [7.46501, 25.90004, 8.95],
			"rotation": {"angle": 22.5, "axis": "z", "origin": [7.01501, 23.52504, 8]},
			"faces": {
				"north": {"uv": [8.125, 3.25, 7.75, 4.125], "texture": "#0"},
				"east": {"uv": [7.75, 3.25, 8.125, 4.125], "texture": "#0"},
				"south": {"uv": [7.75, 3.25, 8.125, 4.125], "texture": "#0"},
				"west": {"uv": [7.75, 3.25, 8.125, 4.125], "texture": "#0"},
				"up": {"uv": [7.75, 3.25, 8.125, 4.125], "texture": "#0"},
				"down": {"uv": [7.75, 3.25, 8.125, 4.125], "texture": "#0"}
			}
		},
		{
			"from": [8.53499, 22.32504, 7.05],
			"to": [9.98499, 25.90004, 8.95],
			"rotation": {"angle": -22.5, "axis": "z", "origin": [8.98499, 23.52504, 8]},
			"faces": {
				"north": {"uv": [7.75, 3.25, 8.125, 4.125], "texture": "#0"},
				"east": {"uv": [8.125, 3.25, 7.75, 4.125], "texture": "#0"},
				"south": {"uv": [8.125, 3.25, 7.75, 4.125], "texture": "#0"},
				"west": {"uv": [8.125, 3.25, 7.75, 4.125], "texture": "#0"},
				"up": {"uv": [8.125, 3.25, 7.75, 4.125], "texture": "#0"},
				"down": {"uv": [8.125, 3.25, 7.75, 4.125], "texture": "#0"}
			}
		},
		{
			"from": [7.98499, 24.7731, 7.025],
			"to": [9.98499, 29.5231, 8.975],
			"rotation": {"angle": 22.5, "axis": "z", "origin": [8.98499, 27.1481, 8]},
			"faces": {
				"north": {"uv": [6.5, 0, 7, 1.25], "texture": "#0"},
				"east": {"uv": [7, 0, 6.5, 1.25], "texture": "#0"},
				"south": {"uv": [7, 0, 6.5, 1.25], "texture": "#0"},
				"west": {"uv": [7, 0, 6.5, 1.25], "texture": "#0"},
				"up": {"uv": [7, 0, 6.5, 1.25], "texture": "#0"},
				"down": {"uv": [7, 0, 6.5, 1.25], "texture": "#0"}
			}
		},
		{
			"from": [0.45906, 21.57581, 7.625],
			"to": [3.20906, 23.70081, 8.375],
			"rotation": {"angle": -22.5, "axis": "z", "origin": [0.13406, 20.31331, 8]},
			"faces": {
				"north": {"uv": [8.5, 0.75, 7.75, 1.25], "texture": "#0"},
				"east": {"uv": [8.375, 0.75, 8.5, 1.25], "texture": "#0"},
				"south": {"uv": [7.75, 0.75, 8.5, 1.25], "texture": "#0"},
				"west": {"uv": [7.75, 0.75, 8.5, 1.25], "texture": "#0"},
				"up": {"uv": [7.75, 0.75, 8.5, 1.25], "texture": "#0"},
				"down": {"uv": [7.75, 0.75, 8.5, 1.25], "texture": "#0"}
			}
		},
		{
			"from": [0.45917, 24.02468, 7.51875],
			"to": [7.45917, 30.02468, 8.51875],
			"rotation": {"angle": -22.5, "axis": "z", "origin": [4.10917, 24.62468, 8.01875]},
			"faces": {
				"north": {"uv": [3.5, 1.5, 1.75, 3], "texture": "#0"},
				"east": {"uv": [1.75, 1.5, 3.5, 3], "texture": "#0"},
				"south": {"uv": [1.75, 1.5, 3.5, 3], "texture": "#0"},
				"west": {"uv": [1.75, 1.5, 3.5, 3], "texture": "#0"},
				"up": {"uv": [2.25, 2.625, 2.875, 2.875], "texture": "#0"},
				"down": {"uv": [2.625, 2.875, 3.25, 3], "texture": "#0"}
			}
		},
		{
			"from": [-3.91964, 21.57113, 7.54375],
			"to": [1.05536, 27.27113, 8.49375],
			"rotation": {"angle": -45, "axis": "z", "origin": [5.20536, 21.27113, 8.01875]},
			"faces": {
				"north": {"uv": [6.5, 1.5, 5.25, 2.875], "texture": "#0"},
				"east": {"uv": [5.25, 1.5, 6.5, 2.875], "texture": "#0"},
				"south": {"uv": [5.25, 1.5, 6.5, 2.875], "texture": "#0"},
				"west": {"uv": [5.25, 1.5, 5.375, 2.875], "texture": "#0"},
				"up": {"uv": [5.25, 1.5, 5.625, 1.875], "texture": "#0"},
				"down": {"uv": [5.25, 1.5, 6.5, 2.875], "texture": "#0"}
			}
		},
		{
			"from": [-1.59539, 19.1499, 7.55625],
			"to": [3.35461, 26.4499, 8.45625],
			"rotation": {"angle": 22.5, "axis": "z", "origin": [-4.02039, 23.0124, 8.00625]},
			"faces": {
				"north": {"uv": [4.75, 0, 3.5, 1.875], "texture": "#0"},
				"east": {"uv": [3.5, 0, 4.75, 1.875], "texture": "#0"},
				"south": {"uv": [3.5, 0, 4.75, 1.875], "texture": "#0"},
				"west": {"uv": [3.5, 1.5, 3.625, 1.875], "texture": "#0"},
				"up": {"uv": [3.5, 0, 4, 0.375], "texture": "#0"},
				"down": {"uv": [3.5, 0, 4.75, 1.875], "texture": "#0"}
			}
		},
		{
			"from": [2.99565, 30.71612, 7.59375],
			"to": [4.22065, 31.96612, 8.44375],
			"rotation": {"angle": 0, "axis": "z", "origin": [7.04565, 29.47862, 8.01875]},
			"faces": {
				"north": {"uv": [8.75, 9, 8.5, 9.375], "texture": "#0"},
				"east": {"uv": [8.5, 9, 8.75, 9.25], "texture": "#0"},
				"south": {"uv": [8.5, 9, 8.75, 9.375], "texture": "#0"},
				"west": {"uv": [8.5, 9, 8.75, 9.375], "texture": "#0"},
				"up": {"uv": [8.5, 9, 8.75, 9.125], "texture": "#0"},
				"down": {"uv": [8.5, 9, 8.75, 9.375], "texture": "#0"}
			}
		},
		{
			"from": [-0.84288, 18.32803, 7.63125],
			"to": [1.75712, 21.02803, 8.38125],
			"rotation": {"angle": 45, "axis": "z", "origin": [0.21962, 21.35303, 8.00625]},
			"faces": {
				"north": {"uv": [7.875, 5, 7.25, 5.625], "texture": "#0"},
				"east": {"uv": [7.25, 5, 7.875, 5.625], "texture": "#0"},
				"south": {"uv": [7.25, 5, 7.875, 5.625], "texture": "#0"},
				"west": {"uv": [7.25, 5.25, 7.625, 5.625], "texture": "#0"},
				"up": {"uv": [7.25, 5, 7.875, 5.625], "texture": "#0"},
				"down": {"uv": [7.25, 5.25, 7.625, 5.625], "texture": "#0"}
			}
		},
		{
			"from": [2.90139, 23.32634, 7.58125],
			"to": [4.20139, 24.82634, 8.43125],
			"rotation": {"angle": 22.5, "axis": "z", "origin": [4.02639, 25.60134, 8.00625]},
			"faces": {
				"north": {"uv": [9.125, 5.75, 8.75, 6.125], "texture": "#0"},
				"east": {"uv": [8.75, 5.75, 9.125, 6.125], "texture": "#0"},
				"south": {"uv": [8.75, 5.75, 9.125, 6.125], "texture": "#0"},
				"west": {"uv": [8.75, 5.75, 9.125, 6.125], "texture": "#0"},
				"up": {"uv": [8.75, 5.75, 9.125, 6.125], "texture": "#0"},
				"down": {"uv": [8.75, 5.875, 9, 6.125], "texture": "#0"}
			}
		},
		{
			"from": [11.79861, 23.32634, 7.58125],
			"to": [13.09861, 24.82634, 8.43125],
			"rotation": {"angle": -22.5, "axis": "z", "origin": [11.97361, 25.60134, 8.00625]},
			"faces": {
				"north": {"uv": [8.75, 5.75, 9.125, 6.125], "texture": "#0"},
				"east": {"uv": [9.125, 5.75, 8.75, 6.125], "texture": "#0"},
				"south": {"uv": [9.125, 5.75, 8.75, 6.125], "texture": "#0"},
				"west": {"uv": [9.125, 5.75, 8.75, 6.125], "texture": "#0"},
				"up": {"uv": [9.125, 5.75, 8.75, 6.125], "texture": "#0"},
				"down": {"uv": [9, 5.875, 8.75, 6.125], "texture": "#0"}
			}
		},
		{
			"from": [14.24288, 18.32803, 7.63125],
			"to": [16.84288, 21.02803, 8.38125],
			"rotation": {"angle": -45, "axis": "z", "origin": [15.78038, 21.35303, 8.00625]},
			"faces": {
				"north": {"uv": [7.25, 5, 7.875, 5.625], "texture": "#0"},
				"east": {"uv": [7.625, 5.25, 7.25, 5.625], "texture": "#0"},
				"south": {"uv": [7.875, 5, 7.25, 5.625], "texture": "#0"},
				"west": {"uv": [7.875, 5, 7.25, 5.625], "texture": "#0"},
				"up": {"uv": [7.875, 5, 7.25, 5.625], "texture": "#0"},
				"down": {"uv": [7.625, 5.25, 7.25, 5.625], "texture": "#0"}
			}
		},
		{
			"from": [11.77935, 30.71612, 7.59375],
			"to": [13.00435, 31.96612, 8.44375],
			"rotation": {"angle": 0, "axis": "z", "origin": [8.95435, 29.47862, 8.01875]},
			"faces": {
				"north": {"uv": [8.5, 9, 8.75, 9.375], "texture": "#0"},
				"east": {"uv": [8.75, 9, 8.5, 9.375], "texture": "#0"},
				"south": {"uv": [8.75, 9, 8.5, 9.375], "texture": "#0"},
				"west": {"uv": [8.75, 9, 8.5, 9.25], "texture": "#0"},
				"up": {"uv": [8.75, 9, 8.5, 9.125], "texture": "#0"},
				"down": {"uv": [8.75, 9, 8.5, 9.375], "texture": "#0"}
			}
		},
		{
			"from": [12.64539, 19.1499, 7.55625],
			"to": [17.59539, 26.4499, 8.45625],
			"rotation": {"angle": -22.5, "axis": "z", "origin": [20.02039, 23.0124, 8.00625]},
			"faces": {
				"north": {"uv": [3.5, 0, 4.75, 1.875], "texture": "#0"},
				"east": {"uv": [3.625, 1.5, 3.5, 1.875], "texture": "#0"},
				"south": {"uv": [4.75, 0, 3.5, 1.875], "texture": "#0"},
				"west": {"uv": [4.75, 0, 3.5, 1.875], "texture": "#0"},
				"up": {"uv": [4, 0, 3.5, 0.375], "texture": "#0"},
				"down": {"uv": [4.75, 0, 3.5, 1.875], "texture": "#0"}
			}
		},
		{
			"from": [14.94464, 21.57113, 7.54375],
			"to": [19.91964, 27.27113, 8.49375],
			"rotation": {"angle": 45, "axis": "z", "origin": [10.79464, 21.27113, 8.01875]},
			"faces": {
				"north": {"uv": [5.25, 1.5, 6.5, 2.875], "texture": "#0"},
				"east": {"uv": [5.375, 1.5, 5.25, 2.875], "texture": "#0"},
				"south": {"uv": [6.5, 1.5, 5.25, 2.875], "texture": "#0"},
				"west": {"uv": [6.5, 1.5, 5.25, 2.875], "texture": "#0"},
				"up": {"uv": [5.625, 1.5, 5.25, 1.875], "texture": "#0"},
				"down": {"uv": [6.5, 1.5, 5.25, 2.875], "texture": "#0"}
			}
		},
		{
			"from": [8.54083, 24.02468, 7.51875],
			"to": [15.54083, 30.02468, 8.51875],
			"rotation": {"angle": 22.5, "axis": "z", "origin": [11.89083, 24.62468, 8.01875]},
			"faces": {
				"north": {"uv": [1.75, 1.5, 3.5, 3], "texture": "#0"},
				"east": {"uv": [3.5, 1.5, 1.75, 3], "texture": "#0"},
				"south": {"uv": [3.5, 1.5, 1.75, 3], "texture": "#0"},
				"west": {"uv": [3.5, 1.5, 1.75, 3], "texture": "#0"},
				"up": {"uv": [2.875, 2.625, 2.25, 2.875], "texture": "#0"},
				"down": {"uv": [3.25, 2.875, 2.625, 3], "texture": "#0"}
			}
		},
		{
			"from": [12.79094, 21.57581, 7.625],
			"to": [15.54094, 23.70081, 8.375],
			"rotation": {"angle": 22.5, "axis": "z", "origin": [15.86594, 20.31331, 8]},
			"faces": {
				"north": {"uv": [7.75, 0.75, 8.5, 1.25], "texture": "#0"},
				"east": {"uv": [8.5, 0.75, 7.75, 1.25], "texture": "#0"},
				"south": {"uv": [8.5, 0.75, 7.75, 1.25], "texture": "#0"},
				"west": {"uv": [8.5, 0.75, 8.375, 1.25], "texture": "#0"},
				"up": {"uv": [8.5, 0.75, 7.75, 1.25], "texture": "#0"},
				"down": {"uv": [8.5, 0.75, 7.75, 1.25], "texture": "#0"}
			}
		}
	],
	"gui_light": "front",
	"display": {
		"thirdperson_righthand": {
			"rotation": [150.3, -85.95, 146.59],
			"translation": [0, -2.75, 2],
			"scale": [1.24, 1.24, 1.24]
		},
		"thirdperson_lefthand": {
			"rotation": [-83.86, -87.72, -84.35],
			"translation": [0, 0.75, 2.25],
			"scale": [1.24, 1.24, 1.24]
		},
		"firstperson_righthand": {
			"rotation": [11, -78.75, 0],
			"translation": [0.5, -3.25, 0]
		},
		"firstperson_lefthand": {
			"rotation": [-167.5, 80.5, -180],
			"translation": [1.25, 12.5, 0]
		},
		"ground": {
			"translation": [0, 13, 0]
		},
		"gui": {
			"rotation": [179.16, -1.92, 157.75],
			"translation": [2.25, -3.25, 3.75],
			"scale": [0.46, 0.43, 0.56]
		},
		"fixed": {
			"translation": [0, -7.5, 0]
		}
	}
}