{
	"credit": "Created with Blockbench [Exported as resourcepack with the \"resourcepack_packager\" plugin]",
	"texture_size": [64, 64],
	"textures": {
		"0": "nobi/axe8",
		"particle": "nobi/axe8"
	},
	"elements": [
		{
			"from": [7, -7, 7],
			"to": [9, 17, 9],
			"rotation": {"angle": 0, "axis": "y", "origin": [7, 0, 7]},
			"faces": {
				"north": {"uv": [3.25, 0, 2.75, 6], "texture": "#0"},
				"east": {"uv": [2.75, 0, 3.25, 6], "texture": "#0"},
				"south": {"uv": [3.25, 0, 2.75, 6], "texture": "#0"},
				"west": {"uv": [2.75, 0, 3.25, 6], "texture": "#0"},
				"up": {"uv": [2.75, 0, 3.25, 6], "texture": "#0"},
				"down": {"uv": [2.75, 0, 3.25, 6], "texture": "#0"}
			}
		},
		{
			"from": [7.075, 17, 7],
			"to": [8.925, 23, 9],
			"rotation": {"angle": 0, "axis": "y", "origin": [7, 0, 7]},
			"faces": {
				"north": {"uv": [1.75, 7.25, 2.25, 8.75], "texture": "#0"},
				"east": {"uv": [2.25, 7.25, 2.75, 8.75], "texture": "#0"},
				"south": {"uv": [7.25, 2.5, 7.75, 4], "texture": "#0"},
				"west": {"uv": [2.25, 7.25, 2.75, 8.75], "texture": "#0"},
				"up": {"uv": [7.5, 6.5, 7, 6], "texture": "#0"},
				"down": {"uv": [8, 6, 7.5, 6.5], "texture": "#0"}
			}
		},
		{
			"from": [6.675, 9.1, 6.6],
			"to": [9.325, 19.25, 9.4],
			"rotation": {"angle": 0, "axis": "y", "origin": [7, 0, 7]},
			"faces": {
				"north": {"uv": [1, 5.5, 1.625, 8], "texture": "#0"},
				"east": {"uv": [1, 3, 1.75, 5.5], "texture": "#0"},
				"south": {"uv": [5.5, 2.5, 6.125, 5], "texture": "#0"},
				"west": {"uv": [1.75, 3, 1, 5.5], "texture": "#0"},
				"up": {"uv": [7.375, 9.5, 6.75, 8.75], "texture": "#0"},
				"down": {"uv": [8.875, 8.75, 8.25, 9.5], "texture": "#0"}
			}
		},
		{
			"from": [6.675, -11.025, 6.6],
			"to": [9.325, -0.875, 9.4],
			"rotation": {"angle": 0, "axis": "y", "origin": [7, 0, 7]},
			"faces": {
				"north": {"uv": [4.75, 3, 4, 5.5], "texture": "#0"},
				"east": {"uv": [4, 3, 4.75, 5.5], "texture": "#0"},
				"south": {"uv": [4.75, 3, 4, 5.5], "texture": "#0"},
				"west": {"uv": [4, 3, 4.75, 5.5], "texture": "#0"},
				"up": {"uv": [4, 3, 4.75, 5.5], "texture": "#0"},
				"down": {"uv": [4, 3, 4.75, 5.5], "texture": "#0"}
			}
		},
		{
			"from": [6.55, -12.15, 9.12791],
			"to": [9.45, -9.25, 12.02791],
			"rotation": {"angle": -45, "axis": "x", "origin": [7.875, -14.325, 10.52791]},
			"faces": {
				"north": {"uv": [8.25, 5.25, 9, 6], "texture": "#0"},
				"east": {"uv": [8.25, 7.25, 9, 8], "texture": "#0"},
				"south": {"uv": [8.25, 8, 9, 8.75], "texture": "#0"},
				"west": {"uv": [9, 7.25, 8.25, 8], "texture": "#0"},
				"up": {"uv": [8.25, 8.75, 9, 8], "texture": "#0"},
				"down": {"uv": [9, 5.25, 8.25, 6], "texture": "#0"}
			}
		},
		{
			"from": [6.475, 13.25, 17.61319],
			"to": [9.525, 16.15, 20.51319],
			"rotation": {"angle": 45, "axis": "x", "origin": [7.875, 30.325, 19.01319]},
			"faces": {
				"north": {"uv": [6, 8.5, 6.75, 9.25], "texture": "#0"},
				"east": {"uv": [8.5, 6, 9.25, 6.75], "texture": "#0"},
				"south": {"uv": [6.75, 9.25, 6, 8.5], "texture": "#0"},
				"west": {"uv": [9.25, 6, 8.5, 6.75], "texture": "#0"},
				"up": {"uv": [8.75, 3, 9.5, 3.75], "texture": "#0"},
				"down": {"uv": [9.5, 3, 8.75, 3.75], "texture": "#0"}
			}
		},
		{
			"from": [7.1, 22.22417, 0.94568],
			"to": [8.9, 24.22417, 8.84568],
			"rotation": {"angle": 22.5, "axis": "x", "origin": [8, 23.22417, 5.84568]},
			"faces": {
				"north": {"uv": [8, 6, 8.5, 6.5], "texture": "#0"},
				"east": {"uv": [6.5, 2, 8.5, 2.5], "texture": "#0"},
				"south": {"uv": [8.5, 6.75, 9, 7.25], "texture": "#0"},
				"west": {"uv": [8.5, 2, 6.5, 2.5], "texture": "#0"},
				"up": {"uv": [2.25, 5, 1.75, 3], "texture": "#0"},
				"down": {"uv": [5.25, 6.75, 4.75, 8.75], "texture": "#0"}
			}
		},
		{
			"from": [7.2, 17.21447, 4.46447],
			"to": [8.8, 23.01447, 8.06447],
			"rotation": {"angle": -22.5, "axis": "x", "origin": [8, 19.46447, 5.46447]},
			"faces": {
				"north": {"uv": [3.25, 8, 3.625, 9.5], "texture": "#0"},
				"east": {"uv": [6, 5, 6.875, 6.5], "texture": "#0"},
				"south": {"uv": [3.75, 8, 4.125, 9.5], "texture": "#0"},
				"west": {"uv": [6.875, 5, 6, 6.5], "texture": "#0"},
				"up": {"uv": [9.625, 4.625, 9.25, 3.75], "texture": "#0"},
				"down": {"uv": [9.625, 5.5, 9.25, 6.375], "texture": "#0"}
			}
		},
		{
			"from": [7.3, 18.03063, 6.87094],
			"to": [8.7, 20.88063, 13.49594],
			"rotation": {"angle": -22.5, "axis": "x", "origin": [8, 19.45563, 10.18344]},
			"faces": {
				"north": {"uv": [9.25, 1.5, 9.625, 2.25], "texture": "#0"},
				"east": {"uv": [6.25, 4, 7.875, 4.75], "texture": "#0"},
				"south": {"uv": [1.5, 9.5, 1.875, 10.25], "texture": "#0"},
				"west": {"uv": [7.875, 4, 6.25, 4.75], "texture": "#0"},
				"up": {"uv": [8.125, 8.875, 7.75, 7.25], "texture": "#0"},
				"down": {"uv": [1.375, 8, 1, 9.625], "texture": "#0"}
			}
		},
		{
			"from": [7.425, 14.78358, 10.63504],
			"to": [8.575, 22.75858, 13.13504],
			"rotation": {"angle": 45, "axis": "x", "origin": [8, 22.85858, 11.96004]},
			"faces": {
				"north": {"uv": [5, 8.75, 5.25, 10.75], "texture": "#0"},
				"east": {"uv": [6.5, 0, 7.125, 2], "texture": "#0"},
				"south": {"uv": [5.25, 8.75, 5.5, 10.75], "texture": "#0"},
				"west": {"uv": [7.125, 0, 6.5, 2], "texture": "#0"},
				"up": {"uv": [7, 10.125, 6.75, 9.5], "texture": "#0"},
				"down": {"uv": [7.25, 9.5, 7, 10.125], "texture": "#0"}
			}
		},
		{
			"from": [7.35, 19.43358, 10.96507],
			"to": [8.65, 23.73358, 13.81507],
			"rotation": {"angle": 0, "axis": "x", "origin": [8, 19.54608, 12.92757]},
			"faces": {
				"north": {"uv": [5.5, 8.75, 5.875, 9.875], "texture": "#0"},
				"east": {"uv": [5.25, 6.75, 6, 7.875], "texture": "#0"},
				"south": {"uv": [9, 6.75, 9.375, 7.875], "texture": "#0"},
				"west": {"uv": [6, 6.75, 5.25, 7.875], "texture": "#0"},
				"up": {"uv": [2.375, 10.25, 2, 9.5], "texture": "#0"},
				"down": {"uv": [9.875, 2.25, 9.5, 3], "texture": "#0"}
			}
		},
		{
			"from": [7.2, 12.98756, 4.4549],
			"to": [8.8, 17.21256, 6.3799],
			"rotation": {"angle": -22.5, "axis": "x", "origin": [8, 19.48756, 5.4549]},
			"faces": {
				"north": {"uv": [7.75, 9, 8.125, 10], "texture": "#0"},
				"east": {"uv": [1.75, 5, 2.25, 6], "texture": "#0"},
				"south": {"uv": [9, 8, 9.375, 9], "texture": "#0"},
				"west": {"uv": [2.25, 5, 1.75, 6], "texture": "#0"},
				"up": {"uv": [9.875, 3.5, 9.5, 3], "texture": "#0"},
				"down": {"uv": [3.625, 9.5, 3.25, 10], "texture": "#0"}
			}
		},
		{
			"from": [7.125, 17.57648, -0.32489],
			"to": [8.875, 21.85148, 5.50011],
			"rotation": {"angle": 22.5, "axis": "x", "origin": [8, 18.45148, 6.77511]},
			"faces": {
				"north": {"uv": [8, 0.75, 8.5, 1.875], "texture": "#0"},
				"east": {"uv": [5, 0, 6.5, 1.125], "texture": "#0"},
				"south": {"uv": [4.25, 8, 4.75, 9.125], "texture": "#0"},
				"west": {"uv": [6.5, 1.25, 5, 2.375], "texture": "#0"},
				"up": {"uv": [7.25, 8.75, 6.75, 7.25], "texture": "#0"},
				"down": {"uv": [7.75, 7.25, 7.25, 8.75], "texture": "#0"}
			}
		},
		{
			"from": [7.4, 23.27561, -4.03643],
			"to": [8.6, 29.10061, 4.71357],
			"rotation": {"angle": 45, "axis": "x", "origin": [8, 23.03811, -0.99893]},
			"faces": {
				"north": {"uv": [9, 9, 9.25, 10.5], "texture": "#0"},
				"east": {"uv": [0, 0, 2.125, 1.5], "texture": "#0"},
				"south": {"uv": [9.25, 0, 9.5, 1.5], "texture": "#0"},
				"west": {"uv": [2.125, 0, 0, 1.5], "texture": "#0"},
				"up": {"uv": [3.25, 10.875, 3, 8.75], "texture": "#0"},
				"down": {"uv": [5, 8.75, 4.75, 10.875], "texture": "#0"}
			}
		},
		{
			"from": [7.55, 19.51391, -5.2345],
			"to": [8.45, 25.33891, 1.0655],
			"rotation": {"angle": 22.5, "axis": "x", "origin": [8, 22.42641, -3.647]},
			"faces": {
				"north": {"uv": [4.25, 9.25, 4.5, 10.75], "texture": "#0"},
				"east": {"uv": [3.25, 0, 4.875, 1.5], "texture": "#0"},
				"south": {"uv": [4.5, 9.25, 4.75, 10.75], "texture": "#0"},
				"west": {"uv": [4.875, 0, 3.25, 1.5], "texture": "#0"},
				"up": {"uv": [7.75, 10.375, 7.5, 8.75], "texture": "#0"},
				"down": {"uv": [1, 9, 0.75, 10.625], "texture": "#0"}
			}
		},
		{
			"from": [7.475, 15.6339, -5.34457],
			"to": [8.525, 20.0089, -0.14457],
			"rotation": {"angle": 0, "axis": "x", "origin": [8, 17.6714, -1.99457]},
			"faces": {
				"north": {"uv": [6.25, 9.25, 6.5, 10.375], "texture": "#0"},
				"east": {"uv": [4.75, 5.5, 6, 6.625], "texture": "#0"},
				"south": {"uv": [6.5, 9.25, 6.75, 10.375], "texture": "#0"},
				"west": {"uv": [6, 5.5, 4.75, 6.625], "texture": "#0"},
				"up": {"uv": [3.25, 7.25, 3, 6], "texture": "#0"},
				"down": {"uv": [6.25, 9.25, 6, 10.5], "texture": "#0"}
			}
		},
		{
			"from": [7.6, 12.57294, -2.54898],
			"to": [8.4, 15.64794, 1.40102],
			"rotation": {"angle": -45, "axis": "x", "origin": [8, 13.17294, -0.32398]},
			"faces": {
				"north": {"uv": [1.5, 8, 1.75, 8.75], "texture": "#0"},
				"east": {"uv": [7.75, 2.5, 8.75, 3.25], "texture": "#0"},
				"south": {"uv": [3.75, 9.5, 4, 10.25], "texture": "#0"},
				"west": {"uv": [8.75, 2.5, 7.75, 3.25], "texture": "#0"},
				"up": {"uv": [2.75, 10.5, 2.5, 9.5], "texture": "#0"},
				"down": {"uv": [3, 9.5, 2.75, 10.5], "texture": "#0"}
			}
		},
		{
			"from": [7.65, 10.99253, -0.79559],
			"to": [8.35, 14.04253, 2.27941],
			"rotation": {"angle": 22.5, "axis": "x", "origin": [8, 12.43003, 0.74191]},
			"faces": {
				"north": {"uv": [7.25, 9.5, 7.375, 10.25], "texture": "#0"},
				"east": {"uv": [8, 4, 8.75, 4.75], "texture": "#0"},
				"south": {"uv": [9.5, 7.25, 9.625, 8], "texture": "#0"},
				"west": {"uv": [8.75, 4, 8, 4.75], "texture": "#0"},
				"up": {"uv": [9.625, 8.75, 9.5, 8], "texture": "#0"},
				"down": {"uv": [8.375, 9.5, 8.25, 10.25], "texture": "#0"}
			}
		},
		{
			"from": [7.55, 14.25725, -4.39846],
			"to": [8.45, 17.13225, 0.22654],
			"rotation": {"angle": -22.5, "axis": "x", "origin": [8, 14.65725, -1.61096]},
			"faces": {
				"north": {"uv": [4, 9.5, 4.25, 10.25], "texture": "#0"},
				"east": {"uv": [7, 5.25, 8.125, 6], "texture": "#0"},
				"south": {"uv": [9.5, 6.5, 9.75, 7.25], "texture": "#0"},
				"west": {"uv": [8.125, 5.25, 7, 6], "texture": "#0"},
				"up": {"uv": [9.5, 10.125, 9.25, 9], "texture": "#0"},
				"down": {"uv": [9.75, 0, 9.5, 1.125], "texture": "#0"}
			}
		},
		{
			"from": [7.125, 17.57648, -0.32489],
			"to": [8.875, 21.85148, 5.50011],
			"rotation": {"angle": 22.5, "axis": "x", "origin": [8, 18.45148, 6.77511]},
			"faces": {
				"north": {"uv": [8, 0.75, 8.5, 1.875], "texture": "#0"},
				"east": {"uv": [5, 0, 6.5, 1.125], "texture": "#0"},
				"south": {"uv": [4.25, 8, 4.75, 9.125], "texture": "#0"},
				"west": {"uv": [5, 0, 6.5, 1.125], "texture": "#0"},
				"up": {"uv": [7.25, 8.75, 6.75, 7.25], "texture": "#0"},
				"down": {"uv": [7.75, 7.25, 7.25, 8.75], "texture": "#0"}
			}
		}
	],
	"gui_light": "front",
	"display": {
		"thirdperson_righthand": {
			"rotation": [3.25, 0, 0],
			"translation": [0, 11.5, 2.75]
		},
		"thirdperson_lefthand": {
			"translation": [0, 11.75, 2.5]
		},
		"firstperson_righthand": {
			"rotation": [11.75, 0, 0],
			"translation": [0, -0.75, 0],
			"scale": [0.66, 1.09, 1.11]
		},
		"firstperson_lefthand": {
			"rotation": [9, 0, 0],
			"translation": [0, 21.5, 0]
		},
		"ground": {
			"translation": [0, 21.75, 0]
		},
		"gui": {
			"rotation": [-90, 59, 90],
			"translation": [0.75, 0, 0],
			"scale": [0.97, 0.38, 0.41]
		}
	}
}