{
	"credit": "Created with Blockbench [Exported as resourcepack with the \"resourcepack_packager\" plugin]",
	"texture_size": [32, 32],
	"textures": {
		"1": "nobi/cyan"
	},
	"elements": [
		{
			"from": [6.875, 16.55, 7.2625],
			"to": [9.125, 18.975, 8.7625],
			"rotation": {"angle": 0, "axis": "y", "origin": [7, 0, 6.8625]},
			"faces": {
				"north": {"uv": [13, 11, 13.75, 12.25], "texture": "#missing"},
				"east": {"uv": [13, 11, 13.75, 12.25], "texture": "#missing"},
				"south": {"uv": [13, 11, 13.75, 12.25], "texture": "#missing"},
				"west": {"uv": [13, 11, 13.75, 12.25], "texture": "#missing"},
				"up": {"uv": [13, 11, 13.75, 12.25], "texture": "#missing"},
				"down": {"uv": [13, 11, 13.75, 12.25], "texture": "#missing"}
			}
		},
		{
			"from": [7.1, 15.925, 6.7625],
			"to": [8.9, 19.6, 9.2625],
			"rotation": {"angle": 0, "axis": "y", "origin": [7, 0, 6.8625]},
			"faces": {
				"north": {"uv": [11.5, 5, 10.5, 6.75], "texture": "#missing"},
				"east": {"uv": [8.5, 8, 9.75, 9.75], "texture": "#missing"},
				"south": {"uv": [10.5, 5, 11.5, 6.75], "texture": "#missing"},
				"west": {"uv": [9.75, 8, 8.5, 9.75], "texture": "#missing"},
				"up": {"uv": [12.5, 13.25, 11.5, 12], "texture": "#missing"},
				"down": {"uv": [12.5, 13.25, 11.5, 12], "texture": "#missing"}
			}
		},
		{
			"from": [7.125, 18.17793, 6.02931],
			"to": [8.875, 20.77793, 8.12931],
			"rotation": {"angle": -45, "axis": "x", "origin": [8, 20.01543, 7.07931]},
			"faces": {
				"north": {"uv": [12, 7, 13, 8.25], "texture": "#missing"},
				"east": {"uv": [8.5, 12, 9.5, 13.25], "texture": "#missing"},
				"south": {"uv": [12, 8.5, 13, 9.75], "texture": "#missing"},
				"west": {"uv": [9.5, 12, 8.5, 13.25], "texture": "#missing"},
				"up": {"uv": [14, 10, 13, 9], "texture": "#missing"},
				"down": {"uv": [14, 10, 13, 11], "texture": "#missing"}
			}
		},
		{
			"from": [7.175, 20.02447, 4.55474],
			"to": [8.825, 21.62447, 6.97974],
			"rotation": {"angle": 22.5, "axis": "x", "origin": [8, 20.82447, 5.67974]},
			"faces": {
				"north": {"uv": [4, 14.5, 4.75, 15.25], "texture": "#missing"},
				"east": {"uv": [13.5, 2, 14.75, 2.75], "texture": "#missing"},
				"south": {"uv": [5, 14.5, 5.75, 15.25], "texture": "#missing"},
				"west": {"uv": [14.75, 2, 13.5, 2.75], "texture": "#missing"},
				"up": {"uv": [14.25, 6.25, 13.5, 5], "texture": "#missing"},
				"down": {"uv": [8.75, 13.5, 8, 14.75], "texture": "#missing"}
			}
		},
		{
			"from": [7.2, 20.11599, 3.06997],
			"to": [8.8, 21.46599, 5.34497],
			"rotation": {"angle": -22.5, "axis": "x", "origin": [8, 20.79099, 4.13247]},
			"faces": {
				"north": {"uv": [14.5, 5, 15.25, 5.75], "texture": "#missing"},
				"east": {"uv": [13.5, 3, 14.75, 3.75], "texture": "#missing"},
				"south": {"uv": [10.5, 14.5, 11.25, 15.25], "texture": "#missing"},
				"west": {"uv": [14.75, 3, 13.5, 3.75], "texture": "#missing"},
				"up": {"uv": [7.25, 15.25, 6.5, 14], "texture": "#missing"},
				"down": {"uv": [14.75, 6.5, 14, 7.75], "texture": "#missing"}
			}
		},
		{
			"from": [7.25, 19.15137, 1.903],
			"to": [8.75, 20.30137, 3.703],
			"rotation": {"angle": -45, "axis": "x", "origin": [8, 19.72637, 2.5655]},
			"faces": {
				"north": {"uv": [15, 7.5, 15.75, 8], "texture": "#missing"},
				"east": {"uv": [6, 4.5, 7, 5], "texture": "#missing"},
				"south": {"uv": [8, 15, 8.75, 15.5], "texture": "#missing"},
				"west": {"uv": [7, 4.5, 6, 5], "texture": "#missing"},
				"up": {"uv": [13.75, 15, 13, 14], "texture": "#missing"},
				"down": {"uv": [14.75, 13, 14, 14], "texture": "#missing"}
			}
		},
		{
			"from": [7.35, 18.56314, 1.02709],
			"to": [8.65, 19.51314, 2.35209],
			"rotation": {"angle": -22.5, "axis": "x", "origin": [8, 19.03814, 1.45209]},
			"faces": {
				"north": {"uv": [15, 8, 15.75, 8.5], "texture": "#missing"},
				"east": {"uv": [15, 8.5, 15.75, 9], "texture": "#missing"},
				"south": {"uv": [9, 15, 9.75, 15.5], "texture": "#missing"},
				"west": {"uv": [15.75, 8.5, 15, 9], "texture": "#missing"},
				"up": {"uv": [0.75, 15.75, 0, 15], "texture": "#missing"},
				"down": {"uv": [15.75, 0, 15, 0.75], "texture": "#missing"}
			}
		},
		{
			"from": [7.4, 18.77903, 0.14842],
			"to": [8.6, 19.55403, 1.47342],
			"rotation": {"angle": 22.5, "axis": "x", "origin": [8, 19.12903, 0.81092]},
			"faces": {
				"north": {"uv": [13, 1, 13.5, 1.5], "texture": "#missing"},
				"east": {"uv": [15, 9.5, 15.75, 10], "texture": "#missing"},
				"south": {"uv": [8, 13, 8.5, 13.5], "texture": "#missing"},
				"west": {"uv": [15.75, 9.5, 15, 10], "texture": "#missing"},
				"up": {"uv": [10.5, 15.75, 10, 15], "texture": "#missing"},
				"down": {"uv": [15.5, 10.5, 15, 11.25], "texture": "#missing"}
			}
		},
		{
			"from": [7.475, 19.52833, -0.77582],
			"to": [8.525, 20.05333, 0.54918],
			"rotation": {"angle": 45, "axis": "x", "origin": [8, 19.79083, -0.11332]},
			"faces": {
				"north": {"uv": [15, 13, 15.5, 13.25], "texture": "#missing"},
				"east": {"uv": [12.5, 15, 13.25, 15.25], "texture": "#missing"},
				"south": {"uv": [13.5, 15, 14, 15.25], "texture": "#missing"},
				"west": {"uv": [13.25, 15, 12.5, 15.25], "texture": "#missing"},
				"up": {"uv": [15.5, 12.25, 15, 11.5], "texture": "#missing"},
				"down": {"uv": [12.5, 15, 12, 15.75], "texture": "#missing"}
			}
		},
		{
			"from": [7.6, 20.07367, -0.7174],
			"to": [8.4, 21.27367, -0.2924],
			"rotation": {"angle": 0, "axis": "x", "origin": [8, 20.73617, -0.5049]},
			"faces": {
				"north": {"uv": [13.5, 6.5, 14, 7], "texture": "#missing"},
				"east": {"uv": [15, 13.5, 15.25, 14], "texture": "#missing"},
				"south": {"uv": [12, 13.5, 12.5, 14], "texture": "#missing"},
				"west": {"uv": [15, 13.5, 15.25, 14], "texture": "#missing"},
				"up": {"uv": [15.5, 14.25, 15, 14], "texture": "#missing"},
				"down": {"uv": [15, 15, 14.5, 15.25], "texture": "#missing"}
			}
		},
		{
			"from": [7.1, 10.1, 6.7625],
			"to": [8.9, 12.175, 9.2625],
			"rotation": {"angle": 0, "axis": "y", "origin": [7, 0, 6.8625]},
			"faces": {
				"north": {"uv": [12.75, 10, 11.5, 11], "texture": "#missing"},
				"east": {"uv": [11.5, 10, 12.75, 11], "texture": "#missing"},
				"south": {"uv": [12.75, 10, 11.5, 11], "texture": "#missing"},
				"west": {"uv": [11.5, 10, 12.75, 11], "texture": "#missing"},
				"up": {"uv": [11.5, 10, 12.75, 11], "texture": "#missing"},
				"down": {"uv": [11.5, 10, 12.75, 11], "texture": "#missing"}
			}
		},
		{
			"from": [7.1, -3, 6.7625],
			"to": [8.9, 2.425, 9.2625],
			"rotation": {"angle": 0, "axis": "y", "origin": [7, 0, 6.8625]},
			"faces": {
				"north": {"uv": [6, 1.5, 7, 4.25], "texture": "#missing"},
				"east": {"uv": [7, 6.5, 8.25, 9.25], "texture": "#missing"},
				"south": {"uv": [7, 1.5, 6, 4.25], "texture": "#missing"},
				"west": {"uv": [8.25, 6.5, 7, 9.25], "texture": "#missing"},
				"up": {"uv": [13, 5.25, 12, 4], "texture": "#missing"},
				"down": {"uv": [13, 5.5, 12, 6.75], "texture": "#missing"}
			}
		},
		{
			"from": [7.3, 11.925, 7.1875],
			"to": [8.7, 15.925, 8.7875],
			"rotation": {"angle": 0, "axis": "y", "origin": [7, 0, 6.8625]},
			"faces": {
				"north": {"uv": [11.25, 10, 10.5, 12], "texture": "#missing"},
				"east": {"uv": [10.5, 10, 11.25, 12], "texture": "#missing"},
				"south": {"uv": [11.25, 10, 10.5, 12], "texture": "#missing"},
				"west": {"uv": [10.5, 10, 11.25, 12], "texture": "#missing"},
				"up": {"uv": [10.5, 10, 11.25, 12], "texture": "#missing"},
				"down": {"uv": [10.5, 10, 11.25, 12], "texture": "#missing"}
			}
		},
		{
			"from": [7.3, 1.425, 7.1875],
			"to": [8.7, 10.925, 8.7875],
			"rotation": {"angle": 0, "axis": "y", "origin": [7, 0, 6.8625]},
			"faces": {
				"north": {"uv": [5.75, 6.5, 5, 11.25], "texture": "#missing"},
				"east": {"uv": [5, 6.5, 5.75, 11.25], "texture": "#missing"},
				"south": {"uv": [5.75, 6.5, 5, 11.25], "texture": "#missing"},
				"west": {"uv": [5, 6.5, 5.75, 11.25], "texture": "#missing"},
				"up": {"uv": [5, 6.5, 5.75, 11.25], "texture": "#missing"},
				"down": {"uv": [5, 6.5, 5.75, 11.25], "texture": "#missing"}
			}
		},
		{
			"from": [7.475, 17.925, 9.65],
			"to": [8.525, 22.925, 16.55],
			"rotation": {"angle": 0, "axis": "y", "origin": [7, 0, 6.8]},
			"faces": {
				"north": {"uv": [6.5, 11.5, 7, 14], "texture": "#missing"},
				"east": {"uv": [0, 0, 3.5, 2.5], "texture": "#missing"},
				"south": {"uv": [7, 11.5, 7.5, 14], "texture": "#missing"},
				"west": {"uv": [3.5, 0, 0, 2.5], "texture": "#missing"},
				"up": {"uv": [8.5, 13, 8, 9.5], "texture": "#missing"},
				"down": {"uv": [10.5, 7, 10, 10.5], "texture": "#missing"}
			}
		},
		{
			"from": [7.575, 16.6, 11.075],
			"to": [8.425, 17.375, 12.5],
			"rotation": {"angle": 22.5, "axis": "x", "origin": [8, 20.425, 13.1]},
			"faces": {
				"north": {"uv": [9.5, 10, 10, 10.5], "texture": "#missing"},
				"east": {"uv": [15, 3, 15.75, 3.5], "texture": "#missing"},
				"south": {"uv": [1, 11, 1.5, 11.5], "texture": "#missing"},
				"west": {"uv": [15, 6.5, 15.5, 7.25], "texture": "#missing"},
				"up": {"uv": [15.5, 4.75, 15, 4], "texture": "#missing"},
				"down": {"uv": [15.5, 6.5, 15, 7.25], "texture": "#missing"}
			}
		},
		{
			"from": [7.5, 16.79504, 6.24432],
			"to": [8.5, 21.79504, 10.86932],
			"rotation": {"angle": -22.5, "axis": "x", "origin": [8.025, 19.29504, 7.41932]},
			"faces": {
				"north": {"uv": [7.5, 11.5, 8, 14], "texture": "#missing"},
				"east": {"uv": [3.5, 0, 5.75, 2.5], "texture": "#missing"},
				"south": {"uv": [12, 1.5, 12.5, 4], "texture": "#missing"},
				"west": {"uv": [5.75, 0, 3.5, 2.5], "texture": "#missing"},
				"up": {"uv": [10, 14.75, 9.5, 12.5], "texture": "#missing"},
				"down": {"uv": [10.5, 12.5, 10, 14.75], "texture": "#missing"}
			}
		},
		{
			"from": [7.525, 18.06069, 3.31547],
			"to": [8.425, 21.01069, 7.29047],
			"rotation": {"angle": 0, "axis": "x", "origin": [7.975, 19.03569, 4.97797]},
			"faces": {
				"north": {"uv": [9, 13.5, 9.5, 15], "texture": "#missing"},
				"east": {"uv": [1.5, 8, 3.5, 9.5], "texture": "#missing"},
				"south": {"uv": [7.5, 14, 8, 15.5], "texture": "#missing"},
				"west": {"uv": [3.5, 8, 1.5, 9.5], "texture": "#missing"},
				"up": {"uv": [1, 15, 0.5, 13], "texture": "#missing"},
				"down": {"uv": [13.5, 5, 13, 7], "texture": "#missing"}
			}
		},
		{
			"from": [7.55, 17.91233, 2.81558],
			"to": [8.4, 20.03733, 4.94058],
			"rotation": {"angle": -45, "axis": "x", "origin": [7.975, 18.56233, 2.95308]},
			"faces": {
				"north": {"uv": [6, 14.5, 6.5, 15.5], "texture": "#missing"},
				"east": {"uv": [13, 7, 14, 8], "texture": "#missing"},
				"south": {"uv": [11.5, 14.5, 12, 15.5], "texture": "#missing"},
				"west": {"uv": [14, 7, 13, 8], "texture": "#missing"},
				"up": {"uv": [15.5, 2, 15, 1], "texture": "#missing"},
				"down": {"uv": [15.5, 2, 15, 3], "texture": "#missing"}
			}
		},
		{
			"from": [7.55, 18.31556, 12.32421],
			"to": [8.45, 23.76556, 16.34921],
			"rotation": {"angle": 22.5, "axis": "x", "origin": [8, 22.84056, 14.33671]},
			"faces": {
				"north": {"uv": [5.5, 11.5, 6, 14.25], "texture": "#missing"},
				"east": {"uv": [0, 5, 2, 7.75], "texture": "#missing"},
				"south": {"uv": [6, 11.5, 6.5, 14.25], "texture": "#missing"},
				"west": {"uv": [2, 5, 0, 7.75], "texture": "#missing"},
				"up": {"uv": [13, 14, 12.5, 12], "texture": "#missing"},
				"down": {"uv": [0.5, 13, 0, 15], "texture": "#missing"}
			}
		},
		{
			"from": [7.475, 14.7, 11.05],
			"to": [8.525, 17.925, 16.55],
			"rotation": {"angle": 0, "axis": "y", "origin": [7, 1.775, 6.8]},
			"faces": {
				"north": {"uv": [3.5, 8, 4, 9.5], "texture": "#missing"},
				"east": {"uv": [4, 5, 6.75, 6.5], "texture": "#missing"},
				"south": {"uv": [8, 5, 8.5, 6.5], "texture": "#missing"},
				"west": {"uv": [6.75, 5, 4, 6.5], "texture": "#missing"},
				"up": {"uv": [4.5, 14.25, 4, 11.5], "texture": "#missing"},
				"down": {"uv": [12, 4, 11.5, 6.75], "texture": "#missing"}
			}
		},
		{
			"from": [7.45, 13.57911, 10.91492],
			"to": [8.55, 15.65411, 16.41492],
			"rotation": {"angle": -22.5, "axis": "x", "origin": [8, 14.47911, 13.66492]},
			"faces": {
				"north": {"uv": [9.5, 7, 10, 8], "texture": "#missing"},
				"east": {"uv": [8, 3, 10.75, 4], "texture": "#missing"},
				"south": {"uv": [11, 4, 11.5, 5], "texture": "#missing"},
				"west": {"uv": [10.75, 3, 8, 4], "texture": "#missing"},
				"up": {"uv": [5, 14.25, 4.5, 11.5], "texture": "#missing"},
				"down": {"uv": [5.5, 11.5, 5, 14.25], "texture": "#missing"}
			}
		},
		{
			"from": [6.98836, -4.85967, 7.88141],
			"to": [9.01164, -1.05732, 9.207],
			"rotation": {"angle": -22.5, "axis": "x", "origin": [8, -2.80152, 9.06747]},
			"faces": {
				"north": {"uv": [11, 2, 11.75, 4], "texture": "#missing"},
				"east": {"uv": [11, 2, 11.75, 4], "texture": "#missing"},
				"south": {"uv": [11.75, 2, 11, 4], "texture": "#missing"},
				"west": {"uv": [11, 2, 11.75, 4], "texture": "#missing"},
				"up": {"uv": [11, 2, 11.75, 4], "texture": "#missing"},
				"down": {"uv": [11, 2, 11.75, 4], "texture": "#missing"}
			}
		},
		{
			"from": [7.05813, -5.15689, 7.24999],
			"to": [8.94187, -3.13362, 8.75001],
			"rotation": {"angle": 0, "axis": "y", "origin": [8.03488, -3.49122, 8.40117]},
			"faces": {
				"north": {"uv": [14, 8, 14.75, 9], "texture": "#missing"},
				"east": {"uv": [14, 8, 14.75, 9], "texture": "#missing"},
				"south": {"uv": [14, 8, 14.75, 9], "texture": "#missing"},
				"west": {"uv": [14.75, 8, 14, 9], "texture": "#missing"},
				"up": {"uv": [14, 8, 14.75, 9], "texture": "#missing"},
				"down": {"uv": [14, 8, 14.75, 9], "texture": "#missing"}
			}
		},
		{
			"from": [7.02325, -4.85967, 6.793],
			"to": [8.97675, -1.05732, 8.11859],
			"rotation": {"angle": 22.5, "axis": "x", "origin": [8, -2.80152, 6.93253]},
			"faces": {
				"north": {"uv": [2.75, 11.5, 2, 13.5], "texture": "#missing"},
				"east": {"uv": [2, 11.5, 2.75, 13.5], "texture": "#missing"},
				"south": {"uv": [2, 11.5, 2.75, 13.5], "texture": "#missing"},
				"west": {"uv": [2, 11.5, 2.75, 13.5], "texture": "#missing"},
				"up": {"uv": [2, 11.5, 2.75, 13.5], "texture": "#missing"},
				"down": {"uv": [2, 11.5, 2.75, 13.5], "texture": "#missing"}
			}
		},
		{
			"name": "cyan_0",
			"from": [7.104, 5.088, 8],
			"to": [8.768, 18.912, 8.064],
			"faces": {
				"north": {"uv": [8.768, 1.088, 7.104, 14.912], "texture": "#1"},
				"east": {"uv": [8.704, 1.088, 8.768, 14.912], "texture": "#1"},
				"south": {"uv": [7.104, 1.088, 8.768, 14.912], "texture": "#1"},
				"west": {"uv": [7.104, 1.088, 7.168, 14.912], "texture": "#1"},
				"up": {"uv": [7.104, 1.088, 8.768, 1.152], "texture": "#1"},
				"down": {"uv": [7.104, 14.848, 8.768, 14.912], "texture": "#1"}
			}
		},
		{
			"name": "cyan_1",
			"from": [1.92, 5.984, 8],
			"to": [7.104, 18.08, 8.064],
			"faces": {
				"north": {"uv": [7.104, 1.92, 1.92, 14.016], "texture": "#1"},
				"east": {"uv": [7.04, 1.92, 7.104, 14.016], "texture": "#1"},
				"south": {"uv": [1.92, 1.92, 7.104, 14.016], "texture": "#1"},
				"west": {"uv": [1.92, 1.92, 1.984, 14.016], "texture": "#1"},
				"up": {"uv": [1.92, 1.92, 7.104, 1.984], "texture": "#1"},
				"down": {"uv": [1.92, 13.952, 7.104, 14.016], "texture": "#1"}
			}
		},
		{
			"name": "cyan_2",
			"from": [8.768, 5.984, 8],
			"to": [11.968, 18.08, 8.064],
			"faces": {
				"north": {"uv": [11.968, 1.92, 8.768, 14.016], "texture": "#1"},
				"east": {"uv": [11.904, 1.92, 11.968, 14.016], "texture": "#1"},
				"south": {"uv": [8.768, 1.92, 11.968, 14.016], "texture": "#1"},
				"west": {"uv": [8.768, 1.92, 8.832, 14.016], "texture": "#1"},
				"up": {"uv": [8.768, 1.92, 11.968, 1.984], "texture": "#1"},
				"down": {"uv": [8.768, 13.952, 11.968, 14.016], "texture": "#1"}
			}
		},
		{
			"name": "cyan_3",
			"from": [12.224, 8.544, 8],
			"to": [14.016, 18.08, 8.064],
			"faces": {
				"north": {"uv": [14.016, 1.92, 12.224, 11.456], "texture": "#1"},
				"east": {"uv": [13.952, 1.92, 14.016, 11.456], "texture": "#1"},
				"south": {"uv": [12.224, 1.92, 14.016, 11.456], "texture": "#1"},
				"west": {"uv": [12.224, 1.92, 12.288, 11.456], "texture": "#1"},
				"up": {"uv": [12.224, 1.92, 14.016, 1.984], "texture": "#1"},
				"down": {"uv": [12.224, 11.392, 14.016, 11.456], "texture": "#1"}
			}
		},
		{
			"name": "cyan_4",
			"from": [11.968, 5.984, 8],
			"to": [12.224, 18.016, 8.064],
			"faces": {
				"north": {"uv": [12.224, 1.984, 11.968, 14.016], "texture": "#1"},
				"east": {"uv": [12.16, 1.984, 12.224, 14.016], "texture": "#1"},
				"south": {"uv": [11.968, 1.984, 12.224, 14.016], "texture": "#1"},
				"west": {"uv": [11.968, 1.984, 12.032, 14.016], "texture": "#1"},
				"up": {"uv": [11.968, 1.984, 12.224, 2.048], "texture": "#1"},
				"down": {"uv": [11.968, 13.952, 12.224, 14.016], "texture": "#1"}
			}
		},
		{
			"name": "cyan_5",
			"from": [1.024, 11.168, 8],
			"to": [1.92, 12.896, 8.064],
			"faces": {
				"north": {"uv": [1.92, 7.104, 1.024, 8.832], "texture": "#1"},
				"east": {"uv": [1.856, 7.104, 1.92, 8.832], "texture": "#1"},
				"south": {"uv": [1.024, 7.104, 1.92, 8.832], "texture": "#1"},
				"west": {"uv": [1.024, 7.104, 1.088, 8.832], "texture": "#1"},
				"up": {"uv": [1.024, 7.104, 1.92, 7.168], "texture": "#1"},
				"down": {"uv": [1.024, 8.768, 1.92, 8.832], "texture": "#1"}
			}
		},
		{
			"name": "cyan_6",
			"from": [14.016, 11.168, 8],
			"to": [14.848, 12.896, 8.064],
			"faces": {
				"north": {"uv": [14.848, 7.104, 14.016, 8.832], "texture": "#1"},
				"east": {"uv": [14.784, 7.104, 14.848, 8.832], "texture": "#1"},
				"south": {"uv": [14.016, 7.104, 14.848, 8.832], "texture": "#1"},
				"west": {"uv": [14.016, 7.104, 14.08, 8.832], "texture": "#1"},
				"up": {"uv": [14.016, 7.104, 14.848, 7.168], "texture": "#1"},
				"down": {"uv": [14.016, 8.768, 14.848, 8.832], "texture": "#1"}
			}
		},
		{
			"name": "cyan_7",
			"from": [14.848, 12.704, 8],
			"to": [14.912, 12.896, 8.064],
			"faces": {
				"north": {"uv": [14.912, 7.104, 14.848, 7.296], "texture": "#1"},
				"east": {"uv": [14.848, 7.104, 14.912, 7.296], "texture": "#1"},
				"south": {"uv": [14.848, 7.104, 14.912, 7.296], "texture": "#1"},
				"west": {"uv": [14.848, 7.104, 14.912, 7.296], "texture": "#1"},
				"up": {"uv": [14.848, 7.104, 14.912, 7.168], "texture": "#1"},
				"down": {"uv": [14.848, 7.232, 14.912, 7.296], "texture": "#1"}
			}
		},
		{
			"name": "cyan_8",
			"from": [14.848, 11.488, 8],
			"to": [14.912, 12.64, 8.064],
			"faces": {
				"north": {"uv": [14.912, 7.36, 14.848, 8.512], "texture": "#1"},
				"east": {"uv": [14.848, 7.36, 14.912, 8.512], "texture": "#1"},
				"south": {"uv": [14.848, 7.36, 14.912, 8.512], "texture": "#1"},
				"west": {"uv": [14.848, 7.36, 14.912, 8.512], "texture": "#1"},
				"up": {"uv": [14.848, 7.36, 14.912, 7.424], "texture": "#1"},
				"down": {"uv": [14.848, 8.448, 14.912, 8.512], "texture": "#1"}
			}
		},
		{
			"name": "cyan_9",
			"from": [14.848, 11.168, 8],
			"to": [14.912, 11.424, 8.064],
			"faces": {
				"north": {"uv": [14.912, 8.576, 14.848, 8.832], "texture": "#1"},
				"east": {"uv": [14.848, 8.576, 14.912, 8.832], "texture": "#1"},
				"south": {"uv": [14.848, 8.576, 14.912, 8.832], "texture": "#1"},
				"west": {"uv": [14.848, 8.576, 14.912, 8.832], "texture": "#1"},
				"up": {"uv": [14.848, 8.576, 14.912, 8.64], "texture": "#1"},
				"down": {"uv": [14.848, 8.768, 14.912, 8.832], "texture": "#1"}
			}
		},
		{
			"name": "cyan_10",
			"from": [12.224, 5.984, 8],
			"to": [13.952, 8.544, 8.064],
			"faces": {
				"north": {"uv": [13.952, 11.456, 12.224, 14.016], "texture": "#1"},
				"east": {"uv": [13.888, 11.456, 13.952, 14.016], "texture": "#1"},
				"south": {"uv": [12.224, 11.456, 13.952, 14.016], "texture": "#1"},
				"west": {"uv": [12.224, 11.456, 12.288, 14.016], "texture": "#1"},
				"up": {"uv": [12.224, 11.456, 13.952, 11.52], "texture": "#1"},
				"down": {"uv": [12.224, 13.952, 13.952, 14.016], "texture": "#1"}
			}
		},
		{
			"name": "cyan_11",
			"from": [13.952, 5.92, 8],
			"to": [14.016, 8.416, 8.064],
			"faces": {
				"north": {"uv": [14.016, 11.584, 13.952, 14.08], "texture": "#1"},
				"east": {"uv": [13.952, 11.584, 14.016, 14.08], "texture": "#1"},
				"south": {"uv": [13.952, 11.584, 14.016, 14.08], "texture": "#1"},
				"west": {"uv": [13.952, 11.584, 14.016, 14.08], "texture": "#1"},
				"up": {"uv": [13.952, 11.584, 14.016, 11.648], "texture": "#1"},
				"down": {"uv": [13.952, 14.016, 14.016, 14.08], "texture": "#1"}
			}
		},
		{
			"name": "cyan_12",
			"from": [8.768, 5.92, 8],
			"to": [8.832, 5.984, 8.064],
			"faces": {
				"north": {"uv": [8.832, 14.016, 8.768, 14.08], "texture": "#1"},
				"east": {"uv": [8.768, 14.016, 8.832, 14.08], "texture": "#1"},
				"south": {"uv": [8.768, 14.016, 8.832, 14.08], "texture": "#1"},
				"west": {"uv": [8.768, 14.016, 8.832, 14.08], "texture": "#1"},
				"up": {"uv": [8.768, 14.016, 8.832, 14.08], "texture": "#1"},
				"down": {"uv": [8.768, 14.016, 8.832, 14.08], "texture": "#1"}
			}
		},
		{
			"name": "cyan_13",
			"from": [9.728, 5.92, 8],
			"to": [9.792, 5.984, 8.064],
			"faces": {
				"north": {"uv": [9.792, 14.016, 9.728, 14.08], "texture": "#1"},
				"east": {"uv": [9.728, 14.016, 9.792, 14.08], "texture": "#1"},
				"south": {"uv": [9.728, 14.016, 9.792, 14.08], "texture": "#1"},
				"west": {"uv": [9.728, 14.016, 9.792, 14.08], "texture": "#1"},
				"up": {"uv": [9.728, 14.016, 9.792, 14.08], "texture": "#1"},
				"down": {"uv": [9.728, 14.016, 9.792, 14.08], "texture": "#1"}
			}
		},
		{
			"name": "cyan_14",
			"from": [12.224, 5.92, 8],
			"to": [12.288, 5.984, 8.064],
			"faces": {
				"north": {"uv": [12.288, 14.016, 12.224, 14.08], "texture": "#1"},
				"east": {"uv": [12.224, 14.016, 12.288, 14.08], "texture": "#1"},
				"south": {"uv": [12.224, 14.016, 12.288, 14.08], "texture": "#1"},
				"west": {"uv": [12.224, 14.016, 12.288, 14.08], "texture": "#1"},
				"up": {"uv": [12.224, 14.016, 12.288, 14.08], "texture": "#1"},
				"down": {"uv": [12.224, 14.016, 12.288, 14.08], "texture": "#1"}
			}
		}
	],
	"gui_light": "front",
	"display": {
		"thirdperson_righthand": {
			"rotation": [-176.54, 2.86, 177.4],
			"translation": [0, 2, 2.75],
			"scale": [1.41, 1.41, 1.41]
		},
		"thirdperson_lefthand": {
			"rotation": [-176.79, -1.37, 179.57],
			"translation": [0, 2.25, 2],
			"scale": [1.41, 1.41, 1.41]
		},
		"firstperson_righthand": {
			"rotation": [-165.5, -1.25, -180],
			"translation": [0, 11.25, 0]
		},
		"firstperson_lefthand": {
			"rotation": [-166.75, -4.25, 180],
			"translation": [1.5, 11.5, 0]
		},
		"ground": {
			"translation": [0, 16, 0]
		},
		"gui": {
			"rotation": [79.03, -64.08, 80.12],
			"translation": [1.5, 0, 0],
			"scale": [0.95, 0.95, 0.95]
		},
		"head": {
			"translation": [0, -17, 0],
			"scale": [2, 2, 4]
		},
		"fixed": {
			"rotation": [92.4, 71.71, -92.29]
		}
	},
	"groups": [
		0,
		1,
		2,
		3,
		4,
		5,
		6,
		7,
		8,
		9,
		10,
		11,
		12,
		13,
		14,
		15,
		16,
		17,
		18,
		19,
		20,
		21,
		22,
		23,
		24,
		{
			"name": "cyan",
			"origin": [8, 8, 8],
			"color": 0,
			"children": [25, 26, 27, 28, 29, 30, 31, 32, 33, 34, 35, 36, 37, 38, 39]
		}
	]
}