{
	"credit": "Made with Blockbench",
	"texture_size": [32, 32],
	"textures": {
		"0": "hanu/40sd1",
		"particle": "hanu/40sd1"
	},
	"elements": [
		{
			"from": [7, 9.4, 7],
			"to": [8.8, 11.2, 9],
			"rotation": {"angle": -45, "axis": "z", "origin": [8, 10.2, 8]},
			"faces": {
				"north": {"uv": [8, 4, 9, 5], "texture": "#0"},
				"east": {"uv": [8, 5, 9, 6], "texture": "#0"},
				"south": {"uv": [8, 6, 9, 7], "texture": "#0"},
				"west": {"uv": [7, 8, 8, 9], "texture": "#0"},
				"up": {"uv": [9, 8, 8, 7], "texture": "#0"},
				"down": {"uv": [9, 8, 8, 9], "texture": "#0"}
			}
		},
		{
			"from": [7.2, -11.6, 7.3],
			"to": [8.8, -10, 8.7],
			"rotation": {"angle": 45, "axis": "z", "origin": [8, -10.8, 8]},
			"faces": {
				"north": {"uv": [2, 10.5, 2.75, 11.25], "texture": "#0"},
				"east": {"uv": [10.5, 2, 11.25, 2.75], "texture": "#0"},
				"south": {"uv": [3, 10.5, 3.75, 11.25], "texture": "#0"},
				"west": {"uv": [10.5, 3, 11.25, 3.75], "texture": "#0"},
				"up": {"uv": [11.25, 4.75, 10.5, 4], "texture": "#0"},
				"down": {"uv": [5.75, 10.5, 5, 11.25], "texture": "#0"}
			}
		},
		{
			"from": [7.55, -10.8, 7.55],
			"to": [8.45, 9.2, 8.45],
			"rotation": {"angle": -45, "axis": "y", "origin": [8, -7.55, 8]},
			"faces": {
				"north": {"uv": [7, 2, 7.5, 5], "texture": "#0"},
				"east": {"uv": [7, 5, 7.5, 8], "texture": "#0"},
				"south": {"uv": [7.5, 2, 8, 5], "texture": "#0"},
				"west": {"uv": [7.5, 5, 8, 8], "texture": "#0"},
				"up": {"uv": [9, 11.5, 8.5, 11], "texture": "#0"},
				"down": {"uv": [9.5, 11, 9, 11.5], "texture": "#0"}
			}
		},
		{
			"from": [6, 10.6, 7.8],
			"to": [7, 27.6, 8.2],
			"rotation": {"angle": 0, "axis": "y", "origin": [0, 14.6, 0]},
			"faces": {
				"north": {"uv": [3, 0, 3.5, 10.5], "texture": "#0"},
				"east": {"uv": [6, 0, 6.25, 10.5], "texture": "#0"},
				"south": {"uv": [3.5, 0, 4, 10.5], "texture": "#0"},
				"west": {"uv": [6.5, 0, 6.75, 10.5], "texture": "#0"},
				"up": {"uv": [12, 2.25, 11.5, 2], "texture": "#0"},
				"down": {"uv": [3, 11.5, 2.5, 11.75], "texture": "#0"}
			}
		},
		{
			"from": [7, 10.6, 7.801],
			"to": [9, 29.2, 8.199],
			"rotation": {"angle": 0, "axis": "y", "origin": [0, 14.6, 0]},
			"faces": {
				"north": {"uv": [0, 0, 1, 11.25], "texture": "#0"},
				"east": {"uv": [4, 0, 4.25, 11.25], "texture": "#0"},
				"south": {"uv": [1, 0, 2, 11.25], "texture": "#0"},
				"west": {"uv": [4.5, 0, 4.75, 11.25], "texture": "#0"},
				"up": {"uv": [12, 9.25, 11, 9], "texture": "#0"},
				"down": {"uv": [10.5, 11, 9.5, 11.25], "texture": "#0"}
			}
		},
		{
			"from": [9, 10.6, 7.8],
			"to": [10, 27.6, 8.2],
			"rotation": {"angle": 0, "axis": "y", "origin": [0, 14.6, 0]},
			"faces": {
				"north": {"uv": [2, 0, 2.5, 10.5], "texture": "#0"},
				"east": {"uv": [5, 0, 5.25, 10.5], "texture": "#0"},
				"south": {"uv": [2.5, 0, 3, 10.5], "texture": "#0"},
				"west": {"uv": [5.5, 0, 5.75, 10.5], "texture": "#0"},
				"up": {"uv": [2, 11.75, 1.5, 11.5], "texture": "#0"},
				"down": {"uv": [2.5, 11.5, 2, 11.75], "texture": "#0"}
			}
		},
		{
			"from": [6.34462, 27.33254, 7.798],
			"to": [7.34462, 28.83254, 8.202],
			"rotation": {"angle": -22.5, "axis": "z", "origin": [6.84462, 28.33254, 8]},
			"faces": {
				"north": {"uv": [11, 7, 11.5, 7.75], "texture": "#0"},
				"east": {"uv": [11.5, 0, 11.75, 0.75], "texture": "#0"},
				"south": {"uv": [7.5, 11, 8, 11.75], "texture": "#0"},
				"west": {"uv": [0.5, 11.5, 0.75, 12.25], "texture": "#0"},
				"up": {"uv": [12, 2.75, 11.5, 2.5], "texture": "#0"},
				"down": {"uv": [3.5, 11.5, 3, 11.75], "texture": "#0"}
			}
		},
		{
			"from": [5.72047, 28.92516, 7.799],
			"to": [6.72047, 30.94516, 8.201],
			"rotation": {"angle": -45, "axis": "z", "origin": [6.22047, 27.92516, 8]},
			"faces": {
				"north": {"uv": [10.5, 7, 11, 8], "texture": "#0"},
				"east": {"uv": [11, 9.5, 11.25, 10.5], "texture": "#0"},
				"south": {"uv": [10.5, 8, 11, 9], "texture": "#0"},
				"west": {"uv": [10.5, 11, 10.75, 12], "texture": "#0"},
				"up": {"uv": [12, 3.25, 11.5, 3], "texture": "#0"},
				"down": {"uv": [4, 11.5, 3.5, 11.75], "texture": "#0"}
			}
		},
		{
			"from": [10.57242, 27.80384, 7.8],
			"to": [11.57242, 29.80384, 8.2],
			"rotation": {"angle": 45, "axis": "z", "origin": [9.07242, 25.80384, 8]},
			"faces": {
				"north": {"uv": [10.5, 9, 11, 10], "texture": "#0"},
				"east": {"uv": [11, 10.5, 11.25, 11.5], "texture": "#0"},
				"south": {"uv": [11, 0, 11.5, 1], "texture": "#0"},
				"west": {"uv": [0, 11.5, 0.25, 12.5], "texture": "#0"},
				"up": {"uv": [12, 4.25, 11.5, 4], "texture": "#0"},
				"down": {"uv": [5, 11.5, 4.5, 11.75], "texture": "#0"}
			}
		},
		{
			"from": [9.1903, 26.64329, 7.799],
			"to": [10.1903, 28.14329, 8.201],
			"rotation": {"angle": 22.5, "axis": "z", "origin": [7.6903, 26.64329, 8]},
			"faces": {
				"north": {"uv": [8, 11, 8.5, 11.75], "texture": "#0"},
				"east": {"uv": [1, 11.5, 1.25, 12.25], "texture": "#0"},
				"south": {"uv": [11, 8, 11.5, 8.75], "texture": "#0"},
				"west": {"uv": [11.5, 1, 11.75, 1.75], "texture": "#0"},
				"up": {"uv": [12, 3.75, 11.5, 3.5], "texture": "#0"},
				"down": {"uv": [4.5, 11.5, 4, 11.75], "texture": "#0"}
			}
		},
		{
			"from": [6.77169, 7.79711, 7.4],
			"to": [9.17169, 9.39711, 8.6],
			"rotation": {"angle": 45, "axis": "z", "origin": [6.27169, 12.79711, 8]},
			"faces": {
				"north": {"uv": [9, 6, 10.25, 6.75], "texture": "#0"},
				"east": {"uv": [9, 10, 9.75, 10.75], "texture": "#0"},
				"south": {"uv": [7, 9, 8.25, 9.75], "texture": "#0"},
				"west": {"uv": [10, 10, 10.75, 10.75], "texture": "#0"},
				"up": {"uv": [10.25, 7.75, 9, 7], "texture": "#0"},
				"down": {"uv": [10.25, 8, 9, 8.75], "texture": "#0"}
			}
		},
		{
			"from": [9.51175, 9.54334, 7.3],
			"to": [11.01175, 10.54334, 8.7],
			"rotation": {"angle": 45, "axis": "z", "origin": [10.11175, 10.44334, 8.001]},
			"faces": {
				"north": {"uv": [12.5, 10.5, 13, 11.5], "texture": "#0"},
				"east": {"uv": [14.75, 10.5, 15.5, 11.5], "texture": "#0"},
				"south": {"uv": [15.5, 10.5, 16, 11.5], "texture": "#0"},
				"west": {"uv": [13.5, 10.5, 14.25, 11.5], "texture": "#0"},
				"up": {"uv": [14.75, 11.25, 14.25, 10.5], "texture": "#0"},
				"down": {"uv": [13.5, 10.5, 13, 11.25], "texture": "#0"}
			}
		},
		{
			"from": [9.01794, 9.72074, 7.399],
			"to": [9.91794, 11.52074, 8.601],
			"rotation": {"angle": 22.5, "axis": "z", "origin": [10.51794, 10.42074, 8]},
			"faces": {
				"north": {"uv": [10.5, 5, 11, 6], "texture": "#0"},
				"east": {"uv": [8.5, 9, 9.25, 10], "texture": "#0"},
				"south": {"uv": [6, 10.5, 6.5, 11.5], "texture": "#0"},
				"west": {"uv": [9.5, 2, 10.25, 3], "texture": "#0"},
				"up": {"uv": [11.5, 1.75, 11, 1], "texture": "#0"},
				"down": {"uv": [11.5, 5, 11, 5.75], "texture": "#0"}
			}
		},
		{
			"from": [8.93379, 9.54379, 7.299],
			"to": [9.93379, 10.54379, 8.701],
			"rotation": {"angle": 22.5, "axis": "z", "origin": [10.53379, 10.44379, 8.001]},
			"faces": {
				"north": {"uv": [12.5, 9, 13, 10], "texture": "#0"},
				"east": {"uv": [14.75, 9, 15.5, 10], "texture": "#0"},
				"south": {"uv": [15.5, 9, 16, 10], "texture": "#0"},
				"west": {"uv": [13.5, 9, 14.25, 10], "texture": "#0"},
				"up": {"uv": [14.75, 9.75, 14.25, 9], "texture": "#0"},
				"down": {"uv": [13.5, 9, 13, 9.75], "texture": "#0"}
			}
		},
		{
			"from": [6.6, 9, 7.3],
			"to": [9.4, 10, 8.7],
			"rotation": {"angle": 0, "axis": "y", "origin": [0, 9, 0]},
			"faces": {
				"north": {"uv": [12.5, 2.75, 14, 3.75], "texture": "#0"},
				"east": {"uv": [14.75, 0.75, 15.5, 1.75], "texture": "#0"},
				"south": {"uv": [14, 2.75, 15.5, 3.75], "texture": "#0"},
				"west": {"uv": [14.75, 1.75, 15.5, 2.75], "texture": "#0"},
				"up": {"uv": [14, 4.5, 12.5, 3.75], "texture": "#0"},
				"down": {"uv": [15.5, 3.75, 14, 4.5], "texture": "#0"}
			}
		},
		{
			"from": [6.08206, 9.72074, 7.399],
			"to": [6.98206, 11.52074, 8.601],
			"rotation": {"angle": -22.5, "axis": "z", "origin": [5.48206, 10.42074, 8]},
			"faces": {
				"north": {"uv": [10.5, 6, 11, 7], "texture": "#0"},
				"east": {"uv": [9.5, 3, 10.25, 4], "texture": "#0"},
				"south": {"uv": [6.5, 10.5, 7, 11.5], "texture": "#0"},
				"west": {"uv": [9.5, 9, 10.25, 10], "texture": "#0"},
				"up": {"uv": [11.5, 6.75, 11, 6], "texture": "#0"},
				"down": {"uv": [7.5, 11, 7, 11.75], "texture": "#0"}
			}
		},
		{
			"from": [6.0586, 9.50552, 7.299],
			"to": [7.0586, 10.50552, 8.701],
			"rotation": {"angle": -22.5, "axis": "z", "origin": [5.5586, 10.40552, 8.001]},
			"faces": {
				"north": {"uv": [12.75, 5, 13.25, 6], "texture": "#0"},
				"east": {"uv": [13.75, 5, 14.5, 6], "texture": "#0"},
				"south": {"uv": [15.25, 5, 15.75, 6], "texture": "#0"},
				"west": {"uv": [14.5, 5, 15.25, 6], "texture": "#0"},
				"up": {"uv": [13.75, 5.75, 13.25, 5], "texture": "#0"},
				"down": {"uv": [12.75, 5, 12.25, 5.75], "texture": "#0"}
			}
		},
		{
			"from": [4.95896, 9.47263, 7.3],
			"to": [6.45896, 10.47263, 8.7],
			"rotation": {"angle": -45, "axis": "z", "origin": [5.95896, 10.37263, 8.001]},
			"faces": {
				"north": {"uv": [13.5, 6.5, 14.5, 7], "texture": "#0"},
				"east": {"uv": [12.5, 7, 13.5, 7.5], "texture": "#0"},
				"south": {"uv": [13, 7.5, 13.5, 8.5], "texture": "#0"},
				"west": {"uv": [13.5, 7, 14.5, 7.5], "texture": "#0"},
				"up": {"uv": [13.5, 7, 12.5, 6.5], "texture": "#0"},
				"down": {"uv": [13, 7.5, 12.5, 8.25], "texture": "#0"}
			}
		},
		{
			"from": [3.71704, 9.08584, 7.4],
			"to": [6.11704, 10.68584, 8.6],
			"rotation": {"angle": -45, "axis": "z", "origin": [6.61704, 9.68584, 8]},
			"faces": {
				"north": {"uv": [8.5, 0, 9.75, 0.75], "texture": "#0"},
				"east": {"uv": [7, 10, 7.75, 10.75], "texture": "#0"},
				"south": {"uv": [8.5, 1, 9.75, 1.75], "texture": "#0"},
				"west": {"uv": [8, 10, 8.75, 10.75], "texture": "#0"},
				"up": {"uv": [10.25, 4.75, 9, 4], "texture": "#0"},
				"down": {"uv": [10.25, 5, 9, 5.75], "texture": "#0"}
			}
		},
		{
			"from": [6.6, 9.2, 7.4],
			"to": [9.4, 10.9, 8.6],
			"rotation": {"angle": 0, "axis": "y", "origin": [0, 9, 0]},
			"faces": {
				"north": {"uv": [7, 0, 8.5, 1], "texture": "#0"},
				"east": {"uv": [10, 0, 10.75, 1], "texture": "#0"},
				"south": {"uv": [7, 1, 8.5, 2], "texture": "#0"},
				"west": {"uv": [10, 1, 10.75, 2], "texture": "#0"},
				"up": {"uv": [9.5, 2.75, 8, 2], "texture": "#0"},
				"down": {"uv": [9.5, 3, 8, 3.75], "texture": "#0"}
			}
		}
	],
	"display": {
		"thirdperson_righthand": {
			"rotation": [0, 90, 0],
			"translation": [0, 9.25, 1]
		},
		"firstperson_righthand": {
			"rotation": [0, 90, 0],
			"translation": [3, 18.5, 0]
		},
		"ground": {
			"rotation": [-90, 0, 0]
		},
		"gui": {
			"rotation": [0, 0, -45],
			"translation": [-0.5, -0.5, 0],
			"scale": [0.47, 0.47, 0.47]
		},
		"fixed": {
			"translation": [0, 0, -2]
		}
	},
	"groups": [
		0,
		1,
		2,
		{
			"name": "group",
			"origin": [7.6903, 22.04329, 8],
			"color": 0,
			"children": [3, 4, 5, 6, 7, 8, 9]
		},
		{
			"name": "group",
			"origin": [0, 0, 0],
			"color": 0,
			"children": [10, 11, 12, 13, 14, 15, 16, 17, 18, 19]
		}
	]
}