{
	"credit": "Made with Blockbench",
	"texture_size": [64, 64],
	"textures": {
		"0": "hanu/dironsword",
		"1": "hanu/dironaxe",
		"particle": "hanu/dironsword"
	},
	"elements": [
		{
			"from": [7.5, 1, 7.5],
			"to": [8.5, 6, 8.5],
			"rotation": {"angle": -45, "axis": "y", "origin": [8, -6, 8]},
			"faces": {
				"north": {"uv": [8, 0, 8.5, 2.5], "texture": "#0"},
				"east": {"uv": [8, 2.5, 8.5, 5], "texture": "#0"},
				"south": {"uv": [8.5, 2.5, 8, 5], "texture": "#0"},
				"west": {"uv": [8.5, 0, 8, 2.5], "texture": "#0"},
				"up": {"uv": [12, 5, 11.5, 4.5], "texture": "#0"},
				"down": {"uv": [5.5, 11.5, 5, 12], "texture": "#0"}
			}
		},
		{
			"from": [7.4, 0, 7.4],
			"to": [8.6, 1, 8.6],
			"rotation": {"angle": -45, "axis": "y", "origin": [8, -6, 8]},
			"faces": {
				"north": {"uv": [11.5, 9, 12, 9.5], "texture": "#0"},
				"east": {"uv": [11.5, 9.5, 12, 10], "texture": "#0"},
				"south": {"uv": [12, 9.5, 11.5, 10], "texture": "#0"},
				"west": {"uv": [12, 9, 11.5, 9.5], "texture": "#0"},
				"up": {"uv": [12, 11, 11.5, 10.5], "texture": "#0"},
				"down": {"uv": [11.5, 11.5, 11, 12], "texture": "#0"}
			}
		},
		{
			"from": [7.4, 6, 7.4],
			"to": [8.6, 7, 8.6],
			"rotation": {"angle": -45, "axis": "y", "origin": [8, -6, 8]},
			"faces": {
				"north": {"uv": [11.5, 9, 12, 9.5], "texture": "#0"},
				"east": {"uv": [11.5, 9.5, 12, 10], "texture": "#0"},
				"south": {"uv": [12, 9.5, 11.5, 10], "texture": "#0"},
				"west": {"uv": [12, 9, 11.5, 9.5], "texture": "#0"},
				"up": {"uv": [12, 11, 11.5, 10.5], "texture": "#0"},
				"down": {"uv": [11.5, 11.5, 11, 12], "texture": "#0"}
			}
		},
		{
			"from": [7.4, -8.8, 7.3],
			"to": [8.6, -8, 8.7],
			"faces": {
				"north": {"uv": [11.5, 11, 12, 11.5], "texture": "#0"},
				"east": {"uv": [10, 1, 10.75, 1.5], "texture": "#0"},
				"south": {"uv": [11.5, 11.5, 12, 12], "texture": "#0"},
				"west": {"uv": [0, 11, 0.75, 11.5], "texture": "#0"},
				"up": {"uv": [11.5, 0.75, 11, 0], "texture": "#0"},
				"down": {"uv": [1.5, 11, 1, 11.75], "texture": "#0"}
			}
		},
		{
			"from": [7.399, -9.24853, 8.14142],
			"to": [8.601, -8.34853, 9.34142],
			"rotation": {"angle": 45, "axis": "x", "origin": [8, -8.84853, 8.84142]},
			"faces": {
				"north": {"uv": [0, 12, 0.5, 12.5], "texture": "#0"},
				"east": {"uv": [12, 0, 12.5, 0.5], "texture": "#0"},
				"south": {"uv": [0.5, 12, 1, 12.5], "texture": "#0"},
				"west": {"uv": [12, 0.5, 12.5, 1], "texture": "#0"},
				"up": {"uv": [1.5, 12.5, 1, 12], "texture": "#0"},
				"down": {"uv": [12.5, 1, 12, 1.5], "texture": "#0"}
			}
		},
		{
			"from": [7.4, -10.24853, 8.74853],
			"to": [8.6, -8.84853, 9.54853],
			"rotation": {"angle": 0, "axis": "y", "origin": [8, -9.54853, 9.04853]},
			"faces": {
				"north": {"uv": [11, 1, 11.5, 1.75], "texture": "#0"},
				"east": {"uv": [1.5, 11, 2, 11.75], "texture": "#0"},
				"south": {"uv": [11, 2, 11.5, 2.75], "texture": "#0"},
				"west": {"uv": [3, 11, 3.5, 11.75], "texture": "#0"},
				"up": {"uv": [2, 12.5, 1.5, 12], "texture": "#0"},
				"down": {"uv": [12.5, 1.5, 12, 2], "texture": "#0"}
			}
		},
		{
			"from": [7.399, -10.76274, 6.07279],
			"to": [8.601, -9.56274, 6.97279],
			"rotation": {"angle": 45, "axis": "x", "origin": [8, -10.26274, 8.57279]},
			"faces": {
				"north": {"uv": [12, 2, 12.5, 2.5], "texture": "#0"},
				"east": {"uv": [12, 2.5, 12.5, 3], "texture": "#0"},
				"south": {"uv": [3, 12, 3.5, 12.5], "texture": "#0"},
				"west": {"uv": [12, 3, 12.5, 3.5], "texture": "#0"},
				"up": {"uv": [4, 12.5, 3.5, 12], "texture": "#0"},
				"down": {"uv": [12.5, 3.5, 12, 4], "texture": "#0"}
			}
		},
		{
			"from": [7.4, -10.24853, 6.45147],
			"to": [8.6, -8.84853, 7.25147],
			"rotation": {"angle": 0, "axis": "y", "origin": [8, -9.54853, 10.95147]},
			"faces": {
				"north": {"uv": [11, 3, 11.5, 3.75], "texture": "#0"},
				"east": {"uv": [3.5, 11, 4, 11.75], "texture": "#0"},
				"south": {"uv": [4, 11, 4.5, 11.75], "texture": "#0"},
				"west": {"uv": [11, 4, 11.5, 4.75], "texture": "#0"},
				"up": {"uv": [4.5, 12.5, 4, 12], "texture": "#0"},
				"down": {"uv": [12.5, 4, 12, 4.5], "texture": "#0"}
			}
		},
		{
			"from": [7.399, -11.91005, 8.66274],
			"to": [8.601, -11.01005, 9.86274],
			"rotation": {"angle": 45, "axis": "x", "origin": [8, -8.41005, 9.56274]},
			"faces": {
				"north": {"uv": [4.5, 12, 5, 12.5], "texture": "#0"},
				"east": {"uv": [12, 4.5, 12.5, 5], "texture": "#0"},
				"south": {"uv": [5, 12, 5.5, 12.5], "texture": "#0"},
				"west": {"uv": [12, 5, 12.5, 5.5], "texture": "#0"},
				"up": {"uv": [12.5, 6, 12, 5.5], "texture": "#0"},
				"down": {"uv": [6.5, 12, 6, 12.5], "texture": "#0"}
			}
		},
		{
			"from": [7.399, -10.24142, 8.73431],
			"to": [8.601, -9.04142, 9.63431],
			"rotation": {"angle": 45, "axis": "x", "origin": [8, -9.54142, 8.13431]},
			"faces": {
				"north": {"uv": [12, 6, 12.5, 6.5], "texture": "#0"},
				"east": {"uv": [6.5, 12, 7, 12.5], "texture": "#0"},
				"south": {"uv": [12, 6.5, 12.5, 7], "texture": "#0"},
				"west": {"uv": [7, 12, 7.5, 12.5], "texture": "#0"},
				"up": {"uv": [12.5, 7.5, 12, 7], "texture": "#0"},
				"down": {"uv": [12.5, 7.5, 12, 8], "texture": "#0"}
			}
		},
		{
			"from": [7.4, -11.09706, 7.3],
			"to": [8.6, -10.29706, 8.7],
			"rotation": {"angle": 0, "axis": "y", "origin": [0, -0.09706, 0]},
			"faces": {
				"north": {"uv": [12, 8, 12.5, 8.5], "texture": "#0"},
				"east": {"uv": [11, 5, 11.75, 5.5], "texture": "#0"},
				"south": {"uv": [12, 8.5, 12.5, 9], "texture": "#0"},
				"west": {"uv": [11, 5.5, 11.75, 6], "texture": "#0"},
				"up": {"uv": [5, 11.75, 4.5, 11], "texture": "#0"},
				"down": {"uv": [6.5, 11, 6, 11.75], "texture": "#0"}
			}
		},
		{
			"from": [7.401, -10.35, 7.2],
			"to": [8.599, -8.75, 8.8],
			"rotation": {"angle": 0, "axis": "y", "origin": [-0.1, -0.1, -0.1]},
			"faces": {
				"north": {"uv": [11, 6, 11.5, 6.75], "texture": "#0"},
				"east": {"uv": [2, 9.5, 2.75, 10.25], "texture": "#0"},
				"south": {"uv": [6.5, 11, 7, 11.75], "texture": "#0"},
				"west": {"uv": [2, 9.5, 2.75, 10.25], "texture": "#0"},
				"up": {"uv": [7.5, 11.75, 7, 11], "texture": "#0"},
				"down": {"uv": [11.5, 7, 11, 7.75], "texture": "#0"}
			}
		},
		{
			"from": [7, 17.999, 7],
			"to": [9, 20.003, 9],
			"rotation": {"angle": 0, "axis": "y", "origin": [8, 10.37282, 8.00863]},
			"faces": {
				"north": {"uv": [8.5, 0, 9.5, 1], "texture": "#0"},
				"east": {"uv": [8.5, 1, 9.5, 2], "texture": "#0"},
				"south": {"uv": [8.5, 2, 9.5, 3], "texture": "#0"},
				"west": {"uv": [8.5, 3, 9.5, 4], "texture": "#0"},
				"up": {"uv": [9.5, 5, 8.5, 4], "texture": "#0"},
				"down": {"uv": [9.5, 5, 8.5, 6], "texture": "#0"}
			}
		},
		{
			"from": [8.30986, 18.001, 6.45946],
			"to": [9.30986, 19.999, 7.45946],
			"rotation": {"angle": 22.5, "axis": "y", "origin": [8, 10.37282, 8.00863]},
			"faces": {
				"north": {"uv": [9.5, 4, 10, 5], "texture": "#0"},
				"east": {"uv": [5, 9.5, 5.5, 10.5], "texture": "#0"},
				"south": {"uv": [9.5, 5, 10, 6], "texture": "#0"},
				"west": {"uv": [5.5, 9.5, 6, 10.5], "texture": "#0"},
				"up": {"uv": [11.5, 10, 11, 9.5], "texture": "#0"},
				"down": {"uv": [10.5, 11, 10, 11.5], "texture": "#0"}
			}
		},
		{
			"from": [7.38268, 18, 5.07612],
			"to": [8.62268, 20, 7.07612],
			"rotation": {"angle": 0, "axis": "y", "origin": [8, 10.37282, 8.00863]},
			"faces": {
				"north": {"uv": [9.5, 6, 10, 7], "texture": "#0"},
				"east": {"uv": [8.5, 6, 9.5, 7], "texture": "#0"},
				"south": {"uv": [9.5, 7, 10, 8], "texture": "#0"},
				"west": {"uv": [8.5, 7, 9.5, 8], "texture": "#0"},
				"up": {"uv": [10, 9, 9.5, 8], "texture": "#0"},
				"down": {"uv": [10, 9, 9.5, 10], "texture": "#0"}
			}
		},
		{
			"from": [6.69014, 18.001, 6.45946],
			"to": [7.69014, 19.999, 7.45946],
			"rotation": {"angle": -22.5, "axis": "y", "origin": [8, 10.37282, 8.00863]},
			"faces": {
				"north": {"uv": [10, 0, 10.5, 1], "texture": "#0"},
				"east": {"uv": [0.5, 10, 1, 11], "texture": "#0"},
				"south": {"uv": [1, 10, 1.5, 11], "texture": "#0"},
				"west": {"uv": [1.5, 10, 2, 11], "texture": "#0"},
				"up": {"uv": [11.5, 10.5, 11, 10], "texture": "#0"},
				"down": {"uv": [11.5, 10.5, 11, 11], "texture": "#0"}
			}
		},
		{
			"from": [8.30326, 18.001, 8.54185],
			"to": [9.30326, 19.999, 9.54185],
			"rotation": {"angle": -22.5, "axis": "y", "origin": [8, 10.37282, 8.00863]},
			"faces": {
				"north": {"uv": [4.5, 10, 5, 11], "texture": "#0"},
				"east": {"uv": [10, 5, 10.5, 6], "texture": "#0"},
				"south": {"uv": [6, 10, 6.5, 11], "texture": "#0"},
				"west": {"uv": [10, 6, 10.5, 7], "texture": "#0"},
				"up": {"uv": [11.5, 11.5, 11, 11], "texture": "#0"},
				"down": {"uv": [0.5, 11.5, 0, 12], "texture": "#0"}
			}
		},
		{
			"from": [6.69674, 18.001, 8.54185],
			"to": [7.69674, 19.999, 9.54185],
			"rotation": {"angle": 22.5, "axis": "y", "origin": [8, 10.37282, 8.00863]},
			"faces": {
				"north": {"uv": [6.5, 10, 7, 11], "texture": "#0"},
				"east": {"uv": [7, 10, 7.5, 11], "texture": "#0"},
				"south": {"uv": [10, 7, 10.5, 8], "texture": "#0"},
				"west": {"uv": [7.5, 10, 8, 11], "texture": "#0"},
				"up": {"uv": [12, 0.5, 11.5, 0], "texture": "#0"},
				"down": {"uv": [1, 11.5, 0.5, 12], "texture": "#0"}
			}
		},
		{
			"from": [7.38268, 18, 8.92388],
			"to": [8.62268, 20, 10.92388],
			"rotation": {"angle": 0, "axis": "y", "origin": [8, 10.37282, 8.00863]},
			"faces": {
				"north": {"uv": [8, 10, 8.5, 11], "texture": "#0"},
				"east": {"uv": [4, 9, 5, 10], "texture": "#0"},
				"south": {"uv": [10, 8, 10.5, 9], "texture": "#0"},
				"west": {"uv": [6, 9, 7, 10], "texture": "#0"},
				"up": {"uv": [9, 11, 8.5, 10], "texture": "#0"},
				"down": {"uv": [9.5, 10, 9, 11], "texture": "#0"}
			}
		},
		{
			"from": [7.7, 17.003, 5],
			"to": [8.3, 21.003, 11],
			"rotation": {"angle": 0, "axis": "y", "origin": [8, 10.37282, 8.00863]},
			"faces": {
				"north": {"uv": [0.75, 8.25, 0.875, 9.25], "texture": "#1"},
				"east": {"uv": [1.5, 3, 3, 4], "texture": "#1"},
				"south": {"uv": [8.25, 1.75, 8.375, 2.75], "texture": "#1"},
				"west": {"uv": [3, 3, 4.5, 4], "texture": "#1"},
				"up": {"uv": [2.375, 8.75, 2.25, 7.25], "texture": "#1"},
				"down": {"uv": [2.875, 7.25, 2.75, 8.75], "texture": "#1"}
			}
		},
		{
			"from": [7.699, 15.48138, 16.93341],
			"to": [8.301, 16.48138, 22.93341],
			"rotation": {"angle": -45, "axis": "x", "origin": [8, 10.37282, 8.00863]},
			"faces": {
				"north": {"uv": [9, 3.75, 9.125, 4], "texture": "#1"},
				"east": {"uv": [6, 0, 7.5, 0.25], "texture": "#1"},
				"south": {"uv": [9, 4, 9.125, 4.25], "texture": "#1"},
				"west": {"uv": [6, 0.25, 7.5, 0.5], "texture": "#1"},
				"up": {"uv": [3.125, 8.75, 3, 7.25], "texture": "#1"},
				"down": {"uv": [3.375, 7.25, 3.25, 8.75], "texture": "#1"}
			}
		},
		{
			"from": [7.698, 24.24564, 14.24264],
			"to": [8.302, 25.24564, 19.24264],
			"rotation": {"angle": 0, "axis": "y", "origin": [8, 10.37282, 8.00863]},
			"faces": {
				"north": {"uv": [9, 4.25, 9.125, 4.5], "texture": "#1"},
				"east": {"uv": [6, 5.5, 7.25, 5.75], "texture": "#1"},
				"south": {"uv": [4.5, 9, 4.625, 9.25], "texture": "#1"},
				"west": {"uv": [6, 5.75, 7.25, 6], "texture": "#1"},
				"up": {"uv": [8.125, 4.25, 8, 3], "texture": "#1"},
				"down": {"uv": [3.625, 8, 3.5, 9.25], "texture": "#1"}
			}
		},
		{
			"from": [7.698, 24.24564, -3.24264],
			"to": [8.302, 25.24564, 1.75736],
			"rotation": {"angle": 0, "axis": "y", "origin": [8, 10.37282, 8.00863]},
			"faces": {
				"north": {"uv": [9, 4.5, 9.125, 4.75], "texture": "#1"},
				"east": {"uv": [6, 6, 7.25, 6.25], "texture": "#1"},
				"south": {"uv": [9, 4.75, 9.125, 5], "texture": "#1"},
				"west": {"uv": [6.25, 1, 7.5, 1.25], "texture": "#1"},
				"up": {"uv": [3.875, 9.25, 3.75, 8], "texture": "#1"},
				"down": {"uv": [4.125, 8, 4, 9.25], "texture": "#1"}
			}
		},
		{
			"from": [7.698, 22.24564, 19.24264],
			"to": [8.302, 25.24564, 20.24264],
			"rotation": {"angle": 0, "axis": "y", "origin": [8, 10.37282, 8.00863]},
			"faces": {
				"north": {"uv": [8.5, 0, 8.625, 0.75], "texture": "#1"},
				"east": {"uv": [3.5, 7.25, 3.75, 8], "texture": "#1"},
				"south": {"uv": [8.5, 1.75, 8.625, 2.5], "texture": "#1"},
				"west": {"uv": [7.25, 3.5, 7.5, 4.25], "texture": "#1"},
				"up": {"uv": [9.125, 5.25, 9, 5], "texture": "#1"},
				"down": {"uv": [9.125, 5.25, 9, 5.5], "texture": "#1"}
			}
		},
		{
			"from": [7.698, 22.24564, -4.24264],
			"to": [8.302, 25.24564, -3.24264],
			"rotation": {"angle": 0, "axis": "y", "origin": [8, 10.37282, 8.00863]},
			"faces": {
				"north": {"uv": [8.5, 2.5, 8.625, 3.25], "texture": "#1"},
				"east": {"uv": [3.75, 7.25, 4, 8], "texture": "#1"},
				"south": {"uv": [8.5, 3.75, 8.625, 4.5], "texture": "#1"},
				"west": {"uv": [4, 7.25, 4.25, 8], "texture": "#1"},
				"up": {"uv": [5.625, 9.25, 5.5, 9], "texture": "#1"},
				"down": {"uv": [9.125, 5.5, 9, 5.75], "texture": "#1"}
			}
		},
		{
			"from": [7.699, 3.28899, 17.81209],
			"to": [8.301, 5.28899, 18.81209],
			"rotation": {"angle": -45, "axis": "x", "origin": [8, 10.37282, 8.00863]},
			"faces": {
				"north": {"uv": [8.5, 0.75, 8.625, 1.25], "texture": "#1"},
				"east": {"uv": [7.75, 1.5, 8, 2], "texture": "#1"},
				"south": {"uv": [8.75, 4.5, 8.875, 5], "texture": "#1"},
				"west": {"uv": [8.25, 2.75, 8.5, 3.25], "texture": "#1"},
				"up": {"uv": [9.125, 6, 9, 5.75], "texture": "#1"},
				"down": {"uv": [9.125, 6, 9, 6.25], "texture": "#1"}
			}
		},
		{
			"from": [7.699, 20.18935, 0.93786],
			"to": [8.301, 21.18935, 2.93786],
			"rotation": {"angle": -45, "axis": "x", "origin": [8, 10.37282, 8.00863]},
			"faces": {
				"north": {"uv": [9, 6.25, 9.125, 6.5], "texture": "#1"},
				"east": {"uv": [8.25, 3.25, 8.75, 3.5], "texture": "#1"},
				"south": {"uv": [9, 6.5, 9.125, 6.75], "texture": "#1"},
				"west": {"uv": [8.25, 3.5, 8.75, 3.75], "texture": "#1"},
				"up": {"uv": [8.875, 5.5, 8.75, 5], "texture": "#1"},
				"down": {"uv": [8.875, 5.5, 8.75, 6], "texture": "#1"}
			}
		},
		{
			"from": [7.699, 13.17629, 14.09246],
			"to": [8.301, 20.17629, 15.09246],
			"rotation": {"angle": 45, "axis": "x", "origin": [8, 10.37282, 8.00863]},
			"faces": {
				"north": {"uv": [7, 6.25, 7.125, 8], "texture": "#1"},
				"east": {"uv": [2.75, 5.5, 3, 7.25], "texture": "#1"},
				"south": {"uv": [1.5, 7.25, 1.625, 9], "texture": "#1"},
				"west": {"uv": [3, 5.5, 3.25, 7.25], "texture": "#1"},
				"up": {"uv": [9.125, 7, 9, 6.75], "texture": "#1"},
				"down": {"uv": [9.125, 7, 9, 7.25], "texture": "#1"}
			}
		},
		{
			"from": [7.699, 13.18935, 0.93786],
			"to": [8.301, 20.18935, 1.93786],
			"rotation": {"angle": -45, "axis": "x", "origin": [8, 10.37282, 8.00863]},
			"faces": {
				"north": {"uv": [1.75, 7.25, 1.875, 9], "texture": "#1"},
				"east": {"uv": [3.25, 5.5, 3.5, 7.25], "texture": "#1"},
				"south": {"uv": [2, 7.25, 2.125, 9], "texture": "#1"},
				"west": {"uv": [3.5, 5.5, 3.75, 7.25], "texture": "#1"},
				"up": {"uv": [7.375, 9.25, 7.25, 9], "texture": "#1"},
				"down": {"uv": [9.125, 7.25, 9, 7.5], "texture": "#1"}
			}
		},
		{
			"from": [7.699, 21.17629, 13.09246],
			"to": [8.301, 24.17629, 14.09246],
			"rotation": {"angle": 45, "axis": "x", "origin": [8, 10.37282, 8.00863]},
			"faces": {
				"north": {"uv": [8.5, 4.5, 8.625, 5.25], "texture": "#1"},
				"east": {"uv": [4.25, 7.25, 4.5, 8], "texture": "#1"},
				"south": {"uv": [8.5, 5.25, 8.625, 6], "texture": "#1"},
				"west": {"uv": [7.25, 4.25, 7.5, 5], "texture": "#1"},
				"up": {"uv": [9.125, 7.75, 9, 7.5], "texture": "#1"},
				"down": {"uv": [9.125, 7.75, 9, 8], "texture": "#1"}
			}
		},
		{
			"from": [7.699, 21.18935, 1.93786],
			"to": [8.301, 24.18935, 2.93786],
			"rotation": {"angle": -45, "axis": "x", "origin": [8, 10.37282, 8.00863]},
			"faces": {
				"north": {"uv": [5.75, 8.5, 5.875, 9.25], "texture": "#1"},
				"east": {"uv": [4.75, 7.25, 5, 8], "texture": "#1"},
				"south": {"uv": [8.5, 6, 8.625, 6.75], "texture": "#1"},
				"west": {"uv": [5, 7.25, 5.25, 8], "texture": "#1"},
				"up": {"uv": [9.125, 8.25, 9, 8], "texture": "#1"},
				"down": {"uv": [9.125, 8.25, 9, 8.5], "texture": "#1"}
			}
		},
		{
			"from": [7.698, 15.83143, 21.07107],
			"to": [8.302, 20.83143, 22.07107],
			"rotation": {"angle": 0, "axis": "y", "origin": [8, 10.37282, 8.00863]},
			"faces": {
				"north": {"uv": [4.25, 8, 4.375, 9.25], "texture": "#1"},
				"east": {"uv": [4.75, 6, 5, 7.25], "texture": "#1"},
				"south": {"uv": [4.75, 8, 4.875, 9.25], "texture": "#1"},
				"west": {"uv": [5, 6, 5.25, 7.25], "texture": "#1"},
				"up": {"uv": [8.625, 9.25, 8.5, 9], "texture": "#1"},
				"down": {"uv": [9.125, 8.5, 9, 8.75], "texture": "#1"}
			}
		},
		{
			"from": [7.698, 15.8499, -6.05382],
			"to": [8.302, 20.8499, -5.05382],
			"rotation": {"angle": 0, "axis": "y", "origin": [8, 10.37282, 8.00863]},
			"faces": {
				"north": {"uv": [5, 8, 5.125, 9.25], "texture": "#1"},
				"east": {"uv": [5.25, 6, 5.5, 7.25], "texture": "#1"},
				"south": {"uv": [5.25, 8, 5.375, 9.25], "texture": "#1"},
				"west": {"uv": [6.25, 1.25, 6.5, 2.5], "texture": "#1"},
				"up": {"uv": [9.125, 9, 9, 8.75], "texture": "#1"},
				"down": {"uv": [9.125, 9, 9, 9.25], "texture": "#1"}
			}
		},
		{
			"from": [7.699, 7.82452, 24.34763],
			"to": [8.301, 10.82452, 25.34763],
			"rotation": {"angle": -45, "axis": "x", "origin": [8, 10.37282, 8.00863]},
			"faces": {
				"north": {"uv": [6.25, 8.5, 6.375, 9.25], "texture": "#1"},
				"east": {"uv": [7.25, 5, 7.5, 5.75], "texture": "#1"},
				"south": {"uv": [6.5, 8.5, 6.625, 9.25], "texture": "#1"},
				"west": {"uv": [5.25, 7.25, 5.5, 8], "texture": "#1"},
				"up": {"uv": [0.125, 9.5, 0, 9.25], "texture": "#1"},
				"down": {"uv": [9.375, 0, 9.25, 0.25], "texture": "#1"}
			}
		},
		{
			"from": [7.699, 26.72488, 5.47339],
			"to": [8.301, 27.72488, 8.47339],
			"rotation": {"angle": -45, "axis": "x", "origin": [8, 10.37282, 8.00863]},
			"faces": {
				"north": {"uv": [0.25, 9.25, 0.375, 9.5], "texture": "#1"},
				"east": {"uv": [6.5, 2.25, 7.25, 2.5], "texture": "#1"},
				"south": {"uv": [9.25, 0.25, 9.375, 0.5], "texture": "#1"},
				"west": {"uv": [7.25, 2.25, 8, 2.5], "texture": "#1"},
				"up": {"uv": [8.625, 7.75, 8.5, 7], "texture": "#1"},
				"down": {"uv": [8.125, 8.5, 8, 9.25], "texture": "#1"}
			}
		},
		{
			"from": [7.699, 17.26698, 5.69016],
			"to": [8.301, 18.26698, 8.69016],
			"rotation": {"angle": -22.5, "axis": "x", "origin": [8, 10.37282, 8.00863]},
			"faces": {
				"north": {"uv": [0.5, 9.25, 0.625, 9.5], "texture": "#1"},
				"east": {"uv": [7.25, 5.75, 8, 6], "texture": "#1"},
				"south": {"uv": [0.75, 9.25, 0.875, 9.5], "texture": "#1"},
				"west": {"uv": [7.25, 6, 8, 6.25], "texture": "#1"},
				"up": {"uv": [8.375, 9.25, 8.25, 8.5], "texture": "#1"},
				"down": {"uv": [8.625, 8.25, 8.5, 9], "texture": "#1"}
			}
		},
		{
			"from": [7.699, 17.26037, 7.31116],
			"to": [8.301, 18.26037, 10.31116],
			"rotation": {"angle": 22.5, "axis": "x", "origin": [8, 10.37282, 8.00863]},
			"faces": {
				"north": {"uv": [9.25, 0.75, 9.375, 1], "texture": "#1"},
				"east": {"uv": [7.25, 6.25, 8, 6.5], "texture": "#1"},
				"south": {"uv": [9.25, 1, 9.375, 1.25], "texture": "#1"},
				"west": {"uv": [7.25, 6.5, 8, 6.75], "texture": "#1"},
				"up": {"uv": [8.875, 0.75, 8.75, 0], "texture": "#1"},
				"down": {"uv": [8.875, 0.75, 8.75, 1.5], "texture": "#1"}
			}
		},
		{
			"from": [7.698, 8.77883, 12.15432],
			"to": [8.302, 16.77883, 13.15432],
			"rotation": {"angle": 0, "axis": "y", "origin": [8, 10.37282, 8.00863]},
			"faces": {
				"north": {"uv": [6.25, 3.5, 6.375, 5.5], "texture": "#1"},
				"east": {"uv": [4.5, 0, 4.75, 2], "texture": "#1"},
				"south": {"uv": [6, 6.25, 6.125, 8.25], "texture": "#1"},
				"west": {"uv": [4.5, 2, 4.75, 4], "texture": "#1"},
				"up": {"uv": [1.375, 9.5, 1.25, 9.25], "texture": "#1"},
				"down": {"uv": [9.375, 1.25, 9.25, 1.5], "texture": "#1"}
			}
		},
		{
			"from": [7.698, 8.77883, 2.84568],
			"to": [8.302, 16.77883, 3.84568],
			"rotation": {"angle": 0, "axis": "y", "origin": [8, 10.37282, 8.00863]},
			"faces": {
				"north": {"uv": [6.25, 6.25, 6.375, 8.25], "texture": "#1"},
				"east": {"uv": [4.5, 4, 4.75, 6], "texture": "#1"},
				"south": {"uv": [6.5, 3.5, 6.625, 5.5], "texture": "#1"},
				"west": {"uv": [4.75, 0, 5, 2], "texture": "#1"},
				"up": {"uv": [1.625, 9.5, 1.5, 9.25], "texture": "#1"},
				"down": {"uv": [9.375, 1.5, 9.25, 1.75], "texture": "#1"}
			}
		},
		{
			"from": [7.699, 3.31425, 9.81295],
			"to": [8.301, 6.31425, 10.81295],
			"rotation": {"angle": -45, "axis": "x", "origin": [8, 10.37282, 8.00863]},
			"faces": {
				"north": {"uv": [8.75, 1.5, 8.875, 2.25], "texture": "#1"},
				"east": {"uv": [7.25, 6.75, 7.5, 7.5], "texture": "#1"},
				"south": {"uv": [2.25, 8.75, 2.375, 9.5], "texture": "#1"},
				"west": {"uv": [7.5, 0, 7.75, 0.75], "texture": "#1"},
				"up": {"uv": [9.375, 2, 9.25, 1.75], "texture": "#1"},
				"down": {"uv": [9.375, 2, 9.25, 2.25], "texture": "#1"}
			}
		},
		{
			"from": [7.699, 3.30205, 5.1921],
			"to": [8.301, 6.30205, 6.1921],
			"rotation": {"angle": 45, "axis": "x", "origin": [8, 10.37282, 8.00863]},
			"faces": {
				"north": {"uv": [8.75, 2.25, 8.875, 3], "texture": "#1"},
				"east": {"uv": [0.75, 7.5, 1, 8.25], "texture": "#1"},
				"south": {"uv": [2.75, 8.75, 2.875, 9.5], "texture": "#1"},
				"west": {"uv": [7.5, 0.75, 7.75, 1.5], "texture": "#1"},
				"up": {"uv": [9.375, 2.5, 9.25, 2.25], "texture": "#1"},
				"down": {"uv": [9.375, 2.5, 9.25, 2.75], "texture": "#1"}
			}
		},
		{
			"from": [7.699, 15.46918, -6.92836],
			"to": [8.301, 16.46918, -0.92836],
			"rotation": {"angle": 45, "axis": "x", "origin": [8, 10.37282, 8.00863]},
			"faces": {
				"north": {"uv": [9.25, 3.25, 9.375, 3.5], "texture": "#1"},
				"east": {"uv": [6, 0.5, 7.5, 0.75], "texture": "#1"},
				"south": {"uv": [3.5, 9.25, 3.625, 9.5], "texture": "#1"},
				"west": {"uv": [6, 0.75, 7.5, 1], "texture": "#1"},
				"up": {"uv": [1.125, 9, 1, 7.5], "texture": "#1"},
				"down": {"uv": [2.625, 7.5, 2.5, 9], "texture": "#1"}
			}
		},
		{
			"from": [7.3061, 16, 7.31472],
			"to": [8.7061, 22, 8.71472],
			"rotation": {"angle": -45, "axis": "y", "origin": [8, 10.37282, 8.00863]},
			"faces": {
				"north": {"uv": [4, 4, 4.375, 5.5], "texture": "#1"},
				"east": {"uv": [2.5, 4, 2.875, 5.5], "texture": "#1"},
				"south": {"uv": [2.875, 4, 2.5, 5.5], "texture": "#1"},
				"west": {"uv": [4.375, 4, 4, 5.5], "texture": "#1"},
				"up": {"uv": [8.125, 4.625, 7.75, 4.25], "rotation": 90, "texture": "#1"},
				"down": {"uv": [8.625, 1.25, 8.25, 1.625], "rotation": 270, "texture": "#1"}
			}
		},
		{
			"from": [7.4061, 9, 7.41472],
			"to": [8.6061, 16, 8.61472],
			"rotation": {"angle": -45, "axis": "y", "origin": [8, 10.37282, 8.00863]},
			"faces": {
				"north": {"uv": [4.25, 5.5, 4.5, 7.25], "texture": "#1"},
				"east": {"uv": [3.75, 5.5, 4, 7.25], "texture": "#1"},
				"south": {"uv": [4, 5.5, 4.25, 7.25], "texture": "#1"},
				"west": {"uv": [5.5, 4, 5.75, 5.75], "texture": "#1"},
				"up": {"uv": [8, 2.25, 7.75, 2], "rotation": 90, "texture": "#1"},
				"down": {"uv": [8, 4, 7.75, 4.25], "rotation": 270, "texture": "#1"}
			}
		},
		{
			"from": [7.5061, 6, 7.51472],
			"to": [8.5061, 9, 8.51472],
			"rotation": {"angle": -45, "axis": "y", "origin": [8, 10.37282, 8.00863]},
			"faces": {
				"north": {"uv": [7.5, 4, 7.75, 4.75], "texture": "#1"},
				"east": {"uv": [7.5, 1.5, 7.75, 2.25], "texture": "#1"},
				"south": {"uv": [7.5, 2.5, 7.75, 3.25], "texture": "#1"},
				"west": {"uv": [7.5, 3.25, 7.75, 4], "texture": "#1"},
				"up": {"uv": [8.75, 8, 8.5, 7.75], "rotation": 90, "texture": "#1"},
				"down": {"uv": [9, 6, 8.75, 6.25], "rotation": 270, "texture": "#1"}
			}
		},
		{
			"from": [7.5061, -8, 7.51472],
			"to": [8.5061, 0, 8.51472],
			"rotation": {"angle": -45, "axis": "y", "origin": [8, 10.37282, 8.00863]},
			"faces": {
				"north": {"uv": [5, 2, 5.25, 4], "texture": "#1"},
				"east": {"uv": [4.75, 2, 5, 4], "texture": "#1"},
				"south": {"uv": [5, 2, 4.75, 4], "texture": "#1"},
				"west": {"uv": [5.25, 2, 5, 4], "texture": "#1"},
				"up": {"uv": [9, 6.5, 8.75, 6.25], "rotation": 90, "texture": "#1"},
				"down": {"uv": [9, 6.5, 8.75, 6.75], "rotation": 270, "texture": "#1"}
			}
		},
		{
			"from": [7.701, 22.24564, 12.34264],
			"to": [8.299, 23.14564, 13.24264],
			"rotation": {"angle": 0, "axis": "y", "origin": [8, 10.37282, 8.00863]},
			"faces": {
				"north": {"uv": [9.25, 3.5, 9.375, 3.75], "texture": "#1"},
				"east": {"uv": [8.75, 6.75, 9, 7], "texture": "#1"},
				"south": {"uv": [3.75, 9.25, 3.875, 9.5], "texture": "#1"},
				"west": {"uv": [8.75, 7, 9, 7.25], "texture": "#1"},
				"up": {"uv": [9.375, 4, 9.25, 3.75], "texture": "#1"},
				"down": {"uv": [4.125, 9.25, 4, 9.5], "texture": "#1"}
			}
		},
		{
			"from": [7.701, 9.24564, 12.24264],
			"to": [8.299, 22.24564, 13.24264],
			"rotation": {"angle": 0, "axis": "y", "origin": [8, 10.37282, 8.00863]},
			"faces": {
				"north": {"uv": [5.75, 2, 5.875, 5.25], "texture": "#1"},
				"east": {"uv": [1.5, 4, 1.75, 7.25], "texture": "#1"},
				"south": {"uv": [5.75, 5.25, 5.875, 8.5], "texture": "#1"},
				"west": {"uv": [1.75, 4, 2, 7.25], "texture": "#1"},
				"up": {"uv": [9.375, 4.25, 9.25, 4], "texture": "#1"},
				"down": {"uv": [4.375, 9.25, 4.25, 9.5], "texture": "#1"}
			}
		},
		{
			"from": [7.701, 21.24564, 11.34264],
			"to": [8.299, 22.14564, 12.24264],
			"rotation": {"angle": 0, "axis": "y", "origin": [8, 10.37282, 8.00863]},
			"faces": {
				"north": {"uv": [9.25, 4.25, 9.375, 4.5], "texture": "#1"},
				"east": {"uv": [8.75, 7.25, 9, 7.5], "texture": "#1"},
				"south": {"uv": [4.5, 9.25, 4.625, 9.5], "texture": "#1"},
				"west": {"uv": [8.75, 7.5, 9, 7.75], "texture": "#1"},
				"up": {"uv": [9.375, 4.75, 9.25, 4.5], "texture": "#1"},
				"down": {"uv": [4.875, 9.25, 4.75, 9.5], "texture": "#1"}
			}
		},
		{
			"from": [7.701, 17.24564, 10.24264],
			"to": [8.299, 21.24564, 12.24264],
			"rotation": {"angle": 0, "axis": "y", "origin": [8, 10.37282, 8.00863]},
			"faces": {
				"north": {"uv": [8.25, 3.75, 8.375, 4.75], "texture": "#1"},
				"east": {"uv": [5, 4, 5.5, 5], "texture": "#1"},
				"south": {"uv": [8.25, 4.75, 8.375, 5.75], "texture": "#1"},
				"west": {"uv": [5, 5, 5.5, 6], "texture": "#1"},
				"up": {"uv": [8.875, 8.25, 8.75, 7.75], "texture": "#1"},
				"down": {"uv": [8.875, 8.25, 8.75, 8.75], "texture": "#1"}
			}
		},
		{
			"from": [7.701, 16.64564, 11.64264],
			"to": [8.299, 17.24564, 12.24264],
			"rotation": {"angle": 0, "axis": "y", "origin": [8, 10.37282, 8.00863]},
			"faces": {
				"north": {"uv": [9.25, 9, 9.375, 9.125], "texture": "#1"},
				"east": {"uv": [9.25, 9.25, 9.375, 9.375], "texture": "#1"},
				"south": {"uv": [0, 9.5, 0.125, 9.625], "texture": "#1"},
				"west": {"uv": [9.5, 0, 9.625, 0.125], "texture": "#1"},
				"up": {"uv": [0.375, 9.625, 0.25, 9.5], "texture": "#1"},
				"down": {"uv": [9.625, 0.25, 9.5, 0.375], "texture": "#1"}
			}
		},
		{
			"from": [7.701, 12.24564, 13.24264],
			"to": [8.299, 24.24564, 19.24264],
			"rotation": {"angle": 0, "axis": "y", "origin": [8, 10.37282, 8.00863]},
			"faces": {
				"north": {"uv": [0.25, 6, 0.375, 9], "texture": "#1"},
				"east": {"uv": [0, 0, 1.5, 3], "texture": "#1"},
				"south": {"uv": [0.5, 6, 0.625, 9], "texture": "#1"},
				"west": {"uv": [1.5, 0, 3, 3], "texture": "#1"},
				"up": {"uv": [4.625, 9, 4.5, 7.5], "texture": "#1"},
				"down": {"uv": [7.625, 6.75, 7.5, 8.25], "texture": "#1"}
			}
		},
		{
			"from": [7.701, 14.24564, 19.24264],
			"to": [8.299, 22.24564, 20.24264],
			"rotation": {"angle": 0, "axis": "y", "origin": [8, 10.37282, 8.00863]},
			"faces": {
				"north": {"uv": [6.5, 6.25, 6.625, 8.25], "texture": "#1"},
				"east": {"uv": [5.25, 0, 5.5, 2], "texture": "#1"},
				"south": {"uv": [6.75, 3.5, 6.875, 5.5], "texture": "#1"},
				"west": {"uv": [5.25, 2, 5.5, 4], "texture": "#1"},
				"up": {"uv": [9.375, 5, 9.25, 4.75], "texture": "#1"},
				"down": {"uv": [5.125, 9.25, 5, 9.5], "texture": "#1"}
			}
		},
		{
			"from": [7.701, 15.24564, 20.24264],
			"to": [8.299, 21.24564, 21.24264],
			"rotation": {"angle": 0, "axis": "y", "origin": [8, 10.37282, 8.00863]},
			"faces": {
				"north": {"uv": [7.25, 7.5, 7.375, 9], "texture": "#1"},
				"east": {"uv": [0.75, 6, 1, 7.5], "texture": "#1"},
				"south": {"uv": [7.75, 0, 7.875, 1.5], "texture": "#1"},
				"west": {"uv": [1, 6, 1.25, 7.5], "texture": "#1"},
				"up": {"uv": [9.375, 5.25, 9.25, 5], "texture": "#1"},
				"down": {"uv": [5.375, 9.25, 5.25, 9.5], "texture": "#1"}
			}
		},
		{
			"from": [7.701, 11.24564, 13.24264],
			"to": [8.299, 12.24564, 18.24264],
			"rotation": {"angle": 0, "axis": "y", "origin": [8, 10.37282, 8.00863]},
			"faces": {
				"north": {"uv": [9.25, 5.25, 9.375, 5.5], "texture": "#1"},
				"east": {"uv": [6.25, 2.5, 7.5, 2.75], "texture": "#1"},
				"south": {"uv": [5.5, 9.25, 5.625, 9.5], "texture": "#1"},
				"west": {"uv": [6.25, 2.75, 7.5, 3], "texture": "#1"},
				"up": {"uv": [8.125, 7, 8, 5.75], "texture": "#1"},
				"down": {"uv": [7.125, 8, 7, 9.25], "texture": "#1"}
			}
		},
		{
			"from": [7.701, 10.24564, 13.24264],
			"to": [8.299, 11.24564, 17.24264],
			"rotation": {"angle": 0, "axis": "y", "origin": [8, 10.37282, 8.00863]},
			"faces": {
				"north": {"uv": [9.25, 5.5, 9.375, 5.75], "texture": "#1"},
				"east": {"uv": [6.5, 1.25, 7.5, 1.5], "texture": "#1"},
				"south": {"uv": [5.75, 9.25, 5.875, 9.5], "texture": "#1"},
				"west": {"uv": [6.5, 1.5, 7.5, 1.75], "texture": "#1"},
				"up": {"uv": [8.375, 6.75, 8.25, 5.75], "texture": "#1"},
				"down": {"uv": [6.125, 8.25, 6, 9.25], "texture": "#1"}
			}
		},
		{
			"from": [7.701, 9.24564, 13.24264],
			"to": [8.299, 10.24564, 16.24264],
			"rotation": {"angle": 0, "axis": "y", "origin": [8, 10.37282, 8.00863]},
			"faces": {
				"north": {"uv": [9.25, 5.75, 9.375, 6], "texture": "#1"},
				"east": {"uv": [7.5, 4.75, 8.25, 5], "texture": "#1"},
				"south": {"uv": [6, 9.25, 6.125, 9.5], "texture": "#1"},
				"west": {"uv": [7.5, 5, 8.25, 5.25], "texture": "#1"},
				"up": {"uv": [3.125, 9.5, 3, 8.75], "texture": "#1"},
				"down": {"uv": [8.875, 3, 8.75, 3.75], "texture": "#1"}
			}
		},
		{
			"from": [7.701, 8.24564, 13.24264],
			"to": [8.299, 9.24564, 15.24264],
			"rotation": {"angle": 0, "axis": "y", "origin": [8, 10.37282, 8.00863]},
			"faces": {
				"north": {"uv": [9.25, 6, 9.375, 6.25], "texture": "#1"},
				"east": {"uv": [6.25, 8.25, 6.75, 8.5], "texture": "#1"},
				"south": {"uv": [6.25, 9.25, 6.375, 9.5], "texture": "#1"},
				"west": {"uv": [8.25, 6.75, 8.75, 7], "texture": "#1"},
				"up": {"uv": [8.875, 9.25, 8.75, 8.75], "texture": "#1"},
				"down": {"uv": [9.125, 0, 9, 0.5], "texture": "#1"}
			}
		},
		{
			"from": [7.701, 8.64564, 12.64264],
			"to": [8.299, 9.24564, 13.24264],
			"rotation": {"angle": 0, "axis": "y", "origin": [8, 10.37282, 8.00863]},
			"faces": {
				"north": {"uv": [0.5, 9.5, 0.625, 9.625], "texture": "#1"},
				"east": {"uv": [9.5, 0.5, 9.625, 0.625], "texture": "#1"},
				"south": {"uv": [0.75, 9.5, 0.875, 9.625], "texture": "#1"},
				"west": {"uv": [9.5, 0.75, 9.625, 0.875], "texture": "#1"},
				"up": {"uv": [1.125, 9.625, 1, 9.5], "texture": "#1"},
				"down": {"uv": [9.625, 1, 9.5, 1.125], "texture": "#1"}
			}
		},
		{
			"from": [7.701, 7.84564, 13.24264],
			"to": [8.299, 8.24564, 15.24264],
			"rotation": {"angle": 0, "axis": "y", "origin": [8, 10.37282, 8.00863]},
			"faces": {
				"north": {"uv": [1.25, 9.5, 1.375, 9.625], "texture": "#1"},
				"east": {"uv": [0.25, 9, 0.75, 9.125], "texture": "#1"},
				"south": {"uv": [9.5, 1.25, 9.625, 1.375], "texture": "#1"},
				"west": {"uv": [9, 0.5, 9.5, 0.625], "texture": "#1"},
				"up": {"uv": [9.125, 1.25, 9, 0.75], "texture": "#1"},
				"down": {"uv": [1.125, 9, 1, 9.5], "texture": "#1"}
			}
		},
		{
			"from": [7.701, 8.64564, 15.24264],
			"to": [8.299, 9.24564, 15.84264],
			"rotation": {"angle": 0, "axis": "y", "origin": [8, 10.37282, 8.00863]},
			"faces": {
				"north": {"uv": [1.5, 9.5, 1.625, 9.625], "texture": "#1"},
				"east": {"uv": [9.5, 1.5, 9.625, 1.625], "texture": "#1"},
				"south": {"uv": [1.75, 9.5, 1.875, 9.625], "texture": "#1"},
				"west": {"uv": [9.5, 1.75, 9.625, 1.875], "texture": "#1"},
				"up": {"uv": [2.125, 9.625, 2, 9.5], "texture": "#1"},
				"down": {"uv": [9.625, 2, 9.5, 2.125], "texture": "#1"}
			}
		},
		{
			"from": [7.701, 9.64564, 16.24264],
			"to": [8.299, 10.24564, 16.84264],
			"rotation": {"angle": 0, "axis": "y", "origin": [8, 10.37282, 8.00863]},
			"faces": {
				"north": {"uv": [2.25, 9.5, 2.375, 9.625], "texture": "#1"},
				"east": {"uv": [9.5, 2.25, 9.625, 2.375], "texture": "#1"},
				"south": {"uv": [2.5, 9.5, 2.625, 9.625], "texture": "#1"},
				"west": {"uv": [9.5, 2.5, 9.625, 2.625], "texture": "#1"},
				"up": {"uv": [2.875, 9.625, 2.75, 9.5], "texture": "#1"},
				"down": {"uv": [9.625, 2.75, 9.5, 2.875], "texture": "#1"}
			}
		},
		{
			"from": [7.701, 10.64564, 17.24264],
			"to": [8.299, 11.24564, 17.84264],
			"rotation": {"angle": 0, "axis": "y", "origin": [8, 10.37282, 8.00863]},
			"faces": {
				"north": {"uv": [3, 9.5, 3.125, 9.625], "texture": "#1"},
				"east": {"uv": [9.5, 3, 9.625, 3.125], "texture": "#1"},
				"south": {"uv": [3.25, 9.5, 3.375, 9.625], "texture": "#1"},
				"west": {"uv": [9.5, 3.25, 9.625, 3.375], "texture": "#1"},
				"up": {"uv": [3.625, 9.625, 3.5, 9.5], "texture": "#1"},
				"down": {"uv": [9.625, 3.5, 9.5, 3.625], "texture": "#1"}
			}
		},
		{
			"from": [7.701, 11.64564, 18.24264],
			"to": [8.299, 12.24564, 18.84264],
			"rotation": {"angle": 0, "axis": "y", "origin": [8, 10.37282, 8.00863]},
			"faces": {
				"north": {"uv": [3.75, 9.5, 3.875, 9.625], "texture": "#1"},
				"east": {"uv": [9.5, 3.75, 9.625, 3.875], "texture": "#1"},
				"south": {"uv": [4, 9.5, 4.125, 9.625], "texture": "#1"},
				"west": {"uv": [9.5, 4, 9.625, 4.125], "texture": "#1"},
				"up": {"uv": [4.375, 9.625, 4.25, 9.5], "texture": "#1"},
				"down": {"uv": [9.625, 4.25, 9.5, 4.375], "texture": "#1"}
			}
		},
		{
			"from": [7.701, 22.24564, 2.75736],
			"to": [8.299, 23.14564, 3.65736],
			"rotation": {"angle": 0, "axis": "y", "origin": [8.003, 10.37282, 7.99137]},
			"faces": {
				"north": {"uv": [9.25, 6.25, 9.375, 6.5], "texture": "#1"},
				"east": {"uv": [1.25, 9, 1.5, 9.25], "texture": "#1"},
				"south": {"uv": [6.5, 9.25, 6.625, 9.5], "texture": "#1"},
				"west": {"uv": [9, 1.25, 9.25, 1.5], "texture": "#1"},
				"up": {"uv": [9.375, 6.75, 9.25, 6.5], "texture": "#1"},
				"down": {"uv": [6.875, 9.25, 6.75, 9.5], "texture": "#1"}
			}
		},
		{
			"from": [7.701, 9.24564, 2.75736],
			"to": [8.299, 22.24564, 3.75736],
			"rotation": {"angle": 0, "axis": "y", "origin": [8.003, 10.37282, 7.99137]},
			"faces": {
				"north": {"uv": [5.5, 5.75, 5.625, 9], "texture": "#1"},
				"east": {"uv": [2, 4, 2.25, 7.25], "texture": "#1"},
				"south": {"uv": [0, 6, 0.125, 9.25], "texture": "#1"},
				"west": {"uv": [2.25, 4, 2.5, 7.25], "texture": "#1"},
				"up": {"uv": [9.375, 7, 9.25, 6.75], "texture": "#1"},
				"down": {"uv": [7.125, 9.25, 7, 9.5], "texture": "#1"}
			}
		},
		{
			"from": [7.701, 21.24564, 3.75736],
			"to": [8.299, 22.14564, 4.65736],
			"rotation": {"angle": 0, "axis": "y", "origin": [8.003, 10.37282, 7.99137]},
			"faces": {
				"north": {"uv": [9.25, 7, 9.375, 7.25], "texture": "#1"},
				"east": {"uv": [1.5, 9, 1.75, 9.25], "texture": "#1"},
				"south": {"uv": [7.25, 9.25, 7.375, 9.5], "texture": "#1"},
				"west": {"uv": [9, 1.5, 9.25, 1.75], "texture": "#1"},
				"up": {"uv": [9.375, 7.5, 9.25, 7.25], "texture": "#1"},
				"down": {"uv": [7.625, 9.25, 7.5, 9.5], "texture": "#1"}
			}
		},
		{
			"from": [7.701, 17.24564, 3.75736],
			"to": [8.299, 21.24564, 5.75736],
			"rotation": {"angle": 0, "axis": "y", "origin": [8.003, 10.37282, 7.99137]},
			"faces": {
				"north": {"uv": [6.75, 8.25, 6.875, 9.25], "texture": "#1"},
				"east": {"uv": [5.5, 0, 6, 1], "texture": "#1"},
				"south": {"uv": [8.25, 7, 8.375, 8], "texture": "#1"},
				"west": {"uv": [5.5, 1, 6, 2], "texture": "#1"},
				"up": {"uv": [1.875, 9.5, 1.75, 9], "texture": "#1"},
				"down": {"uv": [9.125, 1.75, 9, 2.25], "texture": "#1"}
			}
		},
		{
			"from": [7.701, 16.64564, 3.75736],
			"to": [8.299, 17.24564, 4.35736],
			"rotation": {"angle": 0, "axis": "y", "origin": [8.003, 10.37282, 7.99137]},
			"faces": {
				"north": {"uv": [4.5, 9.5, 4.625, 9.625], "texture": "#1"},
				"east": {"uv": [9.5, 4.5, 9.625, 4.625], "texture": "#1"},
				"south": {"uv": [4.75, 9.5, 4.875, 9.625], "texture": "#1"},
				"west": {"uv": [9.5, 4.75, 9.625, 4.875], "texture": "#1"},
				"up": {"uv": [5.125, 9.625, 5, 9.5], "texture": "#1"},
				"down": {"uv": [9.625, 5, 9.5, 5.125], "texture": "#1"}
			}
		},
		{
			"from": [7.701, 12.24564, -3.24264],
			"to": [8.299, 24.24564, 2.75736],
			"rotation": {"angle": 0, "axis": "y", "origin": [8.003, 10.37282, 7.99137]},
			"faces": {
				"north": {"uv": [6, 1, 6.125, 4], "texture": "#1"},
				"east": {"uv": [0, 3, 1.5, 6], "texture": "#1"},
				"south": {"uv": [1.25, 6, 1.375, 9], "texture": "#1"},
				"west": {"uv": [3, 0, 4.5, 3], "texture": "#1"},
				"up": {"uv": [7.875, 4, 7.75, 2.5], "texture": "#1"},
				"down": {"uv": [7.875, 6.75, 7.75, 8.25], "texture": "#1"}
			}
		},
		{
			"from": [7.701, 14.24564, -4.24264],
			"to": [8.299, 22.24564, -3.24264],
			"rotation": {"angle": 0, "axis": "y", "origin": [8.003, 10.37282, 7.99137]},
			"faces": {
				"north": {"uv": [6.75, 6.25, 6.875, 8.25], "texture": "#1"},
				"east": {"uv": [5.5, 2, 5.75, 4], "texture": "#1"},
				"south": {"uv": [7, 3.5, 7.125, 5.5], "texture": "#1"},
				"west": {"uv": [2.5, 5.5, 2.75, 7.5], "texture": "#1"},
				"up": {"uv": [9.375, 7.75, 9.25, 7.5], "texture": "#1"},
				"down": {"uv": [7.875, 9.25, 7.75, 9.5], "texture": "#1"}
			}
		},
		{
			"from": [7.701, 15.24564, -5.24264],
			"to": [8.299, 21.24564, -4.24264],
			"rotation": {"angle": 0, "axis": "y", "origin": [8.003, 10.37282, 7.99137]},
			"faces": {
				"north": {"uv": [8, 0, 8.125, 1.5], "texture": "#1"},
				"east": {"uv": [6, 4, 6.25, 5.5], "texture": "#1"},
				"south": {"uv": [8, 1.5, 8.125, 3], "texture": "#1"},
				"west": {"uv": [4.5, 6, 4.75, 7.5], "texture": "#1"},
				"up": {"uv": [9.375, 8, 9.25, 7.75], "texture": "#1"},
				"down": {"uv": [8.125, 9.25, 8, 9.5], "texture": "#1"}
			}
		},
		{
			"from": [7.701, 11.24564, -2.24264],
			"to": [8.299, 12.24564, 2.75736],
			"rotation": {"angle": 0, "axis": "y", "origin": [8.003, 10.37282, 7.99137]},
			"faces": {
				"north": {"uv": [9.25, 8, 9.375, 8.25], "texture": "#1"},
				"east": {"uv": [6.25, 3, 7.5, 3.25], "texture": "#1"},
				"south": {"uv": [8.25, 9.25, 8.375, 9.5], "texture": "#1"},
				"west": {"uv": [6.25, 3.25, 7.5, 3.5], "texture": "#1"},
				"up": {"uv": [8.125, 8.25, 8, 7], "texture": "#1"},
				"down": {"uv": [8.375, 0, 8.25, 1.25], "texture": "#1"}
			}
		},
		{
			"from": [7.701, 10.24564, -1.24264],
			"to": [8.299, 11.24564, 2.75736],
			"rotation": {"angle": 0, "axis": "y", "origin": [8.003, 10.37282, 7.99137]},
			"faces": {
				"north": {"uv": [9.25, 8.25, 9.375, 8.5], "texture": "#1"},
				"east": {"uv": [6.5, 1.75, 7.5, 2], "texture": "#1"},
				"south": {"uv": [8.5, 9.25, 8.625, 9.5], "texture": "#1"},
				"west": {"uv": [6.5, 2, 7.5, 2.25], "texture": "#1"},
				"up": {"uv": [7.625, 9.25, 7.5, 8.25], "texture": "#1"},
				"down": {"uv": [7.875, 8.25, 7.75, 9.25], "texture": "#1"}
			}
		},
		{
			"from": [7.701, 9.24564, -0.24264],
			"to": [8.299, 10.24564, 2.75736],
			"rotation": {"angle": 0, "axis": "y", "origin": [8.003, 10.37282, 7.99137]},
			"faces": {
				"north": {"uv": [9.25, 8.5, 9.375, 8.75], "texture": "#1"},
				"east": {"uv": [7.5, 5.25, 8.25, 5.5], "texture": "#1"},
				"south": {"uv": [8.75, 9.25, 8.875, 9.5], "texture": "#1"},
				"west": {"uv": [7.5, 5.5, 8.25, 5.75], "texture": "#1"},
				"up": {"uv": [3.375, 9.5, 3.25, 8.75], "texture": "#1"},
				"down": {"uv": [8.875, 3.75, 8.75, 4.5], "texture": "#1"}
			}
		},
		{
			"from": [7.701, 8.24564, 0.75736],
			"to": [8.299, 9.24564, 2.75736],
			"rotation": {"angle": 0, "axis": "y", "origin": [8.003, 10.37282, 7.99137]},
			"faces": {
				"north": {"uv": [9.25, 8.75, 9.375, 9], "texture": "#1"},
				"east": {"uv": [8, 8.25, 8.5, 8.5], "texture": "#1"},
				"south": {"uv": [9, 9.25, 9.125, 9.5], "texture": "#1"},
				"west": {"uv": [8.25, 8, 8.75, 8.25], "texture": "#1"},
				"up": {"uv": [2.125, 9.5, 2, 9], "texture": "#1"},
				"down": {"uv": [9.125, 2.25, 9, 2.75], "texture": "#1"}
			}
		},
		{
			"from": [7.701, 8.64564, 2.75736],
			"to": [8.299, 9.24564, 3.35736],
			"rotation": {"angle": 0, "axis": "y", "origin": [8.003, 10.37282, 7.99137]},
			"faces": {
				"north": {"uv": [5.25, 9.5, 5.375, 9.625], "texture": "#1"},
				"east": {"uv": [9.5, 5.25, 9.625, 5.375], "texture": "#1"},
				"south": {"uv": [5.5, 9.5, 5.625, 9.625], "texture": "#1"},
				"west": {"uv": [9.5, 5.5, 9.625, 5.625], "texture": "#1"},
				"up": {"uv": [5.875, 9.625, 5.75, 9.5], "texture": "#1"},
				"down": {"uv": [9.625, 5.75, 9.5, 5.875], "texture": "#1"}
			}
		},
		{
			"from": [7.701, 7.84564, 0.75736],
			"to": [8.299, 8.24564, 2.75736],
			"rotation": {"angle": 0, "axis": "y", "origin": [8.003, 10.37282, 7.99137]},
			"faces": {
				"north": {"uv": [6, 9.5, 6.125, 9.625], "texture": "#1"},
				"east": {"uv": [9, 2.75, 9.5, 2.875], "texture": "#1"},
				"south": {"uv": [9.5, 6, 9.625, 6.125], "texture": "#1"},
				"west": {"uv": [9, 3, 9.5, 3.125], "texture": "#1"},
				"up": {"uv": [2.625, 9.5, 2.5, 9], "texture": "#1"},
				"down": {"uv": [9.125, 3.25, 9, 3.75], "texture": "#1"}
			}
		},
		{
			"from": [7.701, 8.64564, 0.15736],
			"to": [8.299, 9.24564, 0.75736],
			"rotation": {"angle": 0, "axis": "y", "origin": [8.003, 10.37282, 7.99137]},
			"faces": {
				"north": {"uv": [6.25, 9.5, 6.375, 9.625], "texture": "#1"},
				"east": {"uv": [9.5, 6.25, 9.625, 6.375], "texture": "#1"},
				"south": {"uv": [6.5, 9.5, 6.625, 9.625], "texture": "#1"},
				"west": {"uv": [9.5, 6.5, 9.625, 6.625], "texture": "#1"},
				"up": {"uv": [6.875, 9.625, 6.75, 9.5], "texture": "#1"},
				"down": {"uv": [9.625, 6.75, 9.5, 6.875], "texture": "#1"}
			}
		},
		{
			"from": [7.701, 9.64564, -0.84264],
			"to": [8.299, 10.24564, -0.24264],
			"rotation": {"angle": 0, "axis": "y", "origin": [8.003, 10.37282, 7.99137]},
			"faces": {
				"north": {"uv": [7, 9.5, 7.125, 9.625], "texture": "#1"},
				"east": {"uv": [9.5, 7, 9.625, 7.125], "texture": "#1"},
				"south": {"uv": [7.25, 9.5, 7.375, 9.625], "texture": "#1"},
				"west": {"uv": [9.5, 7.25, 9.625, 7.375], "texture": "#1"},
				"up": {"uv": [7.625, 9.625, 7.5, 9.5], "texture": "#1"},
				"down": {"uv": [9.625, 7.5, 9.5, 7.625], "texture": "#1"}
			}
		},
		{
			"from": [7.701, 10.64564, -1.84264],
			"to": [8.299, 11.24564, -1.24264],
			"rotation": {"angle": 0, "axis": "y", "origin": [8.003, 10.37282, 7.99137]},
			"faces": {
				"north": {"uv": [7.75, 9.5, 7.875, 9.625], "texture": "#1"},
				"east": {"uv": [9.5, 7.75, 9.625, 7.875], "texture": "#1"},
				"south": {"uv": [8, 9.5, 8.125, 9.625], "texture": "#1"},
				"west": {"uv": [9.5, 8, 9.625, 8.125], "texture": "#1"},
				"up": {"uv": [8.375, 9.625, 8.25, 9.5], "texture": "#1"},
				"down": {"uv": [9.625, 8.25, 9.5, 8.375], "texture": "#1"}
			}
		},
		{
			"from": [7.701, 11.64564, -2.84264],
			"to": [8.299, 12.24564, -2.24264],
			"rotation": {"angle": 0, "axis": "y", "origin": [8.003, 10.37282, 7.99137]},
			"faces": {
				"north": {"uv": [8.5, 9.5, 8.625, 9.625], "texture": "#1"},
				"east": {"uv": [9.5, 8.5, 9.625, 8.625], "texture": "#1"},
				"south": {"uv": [8.75, 9.5, 8.875, 9.625], "texture": "#1"},
				"west": {"uv": [9.5, 8.75, 9.625, 8.875], "texture": "#1"},
				"up": {"uv": [9.125, 9.625, 9, 9.5], "texture": "#1"},
				"down": {"uv": [9.625, 9, 9.5, 9.125], "texture": "#1"}
			}
		}
	],
	"display": {
		"thirdperson_righthand": {
			"translation": [0, 2.5, 1.25]
		},
		"firstperson_righthand": {
			"translation": [0, 19, 0]
		},
		"ground": {
			"rotation": [-90, -90, 0]
		},
		"gui": {
			"rotation": [-90, -45, -90],
			"translation": [-1.25, -1.25, 0],
			"scale": [0.43, 0.43, 0.43]
		}
	},
	"groups": [
		{
			"name": "group",
			"origin": [-0.1, -0.1, -0.1],
			"color": 0,
			"children": [0, 1, 2, 3, 4, 5, 6, 7, 8, 9, 10, 11]
		},
		{
			"name": "group",
			"origin": [8.03268, -0.5021, 11.92702],
			"color": 0,
			"children": [
				12,
				13,
				14,
				15,
				16,
				17,
				18,
				19,
				20,
				21,
				22,
				23,
				24,
				25,
				26,
				27,
				28,
				29,
				30,
				31,
				32,
				33,
				34,
				35,
				36,
				37,
				38,
				39,
				40,
				41,
				42,
				43,
				44,
				45,
				{
					"name": "group",
					"origin": [8, 24.84564, 5.84264],
					"color": 0,
					"children": [46, 47, 48, 49, 50, 51, 52, 53, 54, 55, 56, 57, 58, 59, 60, 61, 62, 63]
				},
				{
					"name": "group",
					"origin": [8, 24.84564, 5.84264],
					"color": 0,
					"children": [64, 65, 66, 67, 68, 69, 70, 71, 72, 73, 74, 75, 76, 77, 78, 79, 80, 81]
				}
			]
		}
	]
}