{
	"credit": "Created with Blockbench [Exported as resourcepack with the \"resourcepack_packager\" plugin]",
	"texture_size": [64, 64],
	"textures": {
		"0": "nobi/hammer7",
		"particle": "nobi/hammer7"
	},
	"elements": [
		{
			"from": [7.075, -11, 7.25],
			"to": [8.925, 16, 8.75],
			"rotation": {"angle": 0, "axis": "y", "origin": [7, -7, 7]},
			"faces": {
				"north": {"uv": [1, 0, 0.5, 6.75], "texture": "#0"},
				"east": {"uv": [0.5, 0, 1, 6.75], "texture": "#0"},
				"south": {"uv": [1, 0, 0.5, 6.75], "texture": "#0"},
				"west": {"uv": [0.5, 0, 1, 6.75], "texture": "#0"},
				"up": {"uv": [0.5, 0, 1, 6.75], "texture": "#0"},
				"down": {"uv": [0.5, 0, 1, 6.75], "texture": "#0"}
			}
		},
		{
			"from": [6.75, 13, 6.75],
			"to": [9.25, 15, 9.25],
			"rotation": {"angle": 0, "axis": "y", "origin": [7, -7, 7]},
			"faces": {
				"north": {"uv": [4.5, 8, 3.75, 8.5], "texture": "#0"},
				"east": {"uv": [3.75, 8, 4.5, 8.5], "texture": "#0"},
				"south": {"uv": [4.5, 8, 3.75, 8.5], "texture": "#0"},
				"west": {"uv": [3.75, 8, 4.5, 8.5], "texture": "#0"},
				"up": {"uv": [3.75, 8, 4.5, 8.5], "texture": "#0"},
				"down": {"uv": [3.75, 8, 4.5, 8.5], "texture": "#0"}
			}
		},
		{
			"from": [6.73, 25.555, 7.21956],
			"to": [9.27, 28.095, 9.75956],
			"rotation": {"angle": 45, "axis": "x", "origin": [8, 26.575, 6.21456]},
			"faces": {
				"north": {"uv": [5.75, 13.5, 5, 14.25], "texture": "#0"},
				"east": {"uv": [5, 13.5, 5.75, 14.25], "texture": "#0"},
				"south": {"uv": [5, 13.5, 5.75, 14.25], "texture": "#0"},
				"west": {"uv": [5, 13.5, 5.75, 14.25], "texture": "#0"},
				"up": {"uv": [5, 13.5, 5.75, 14.25], "texture": "#0"},
				"down": {"uv": [5, 13.5, 5.75, 14.25], "texture": "#0"}
			}
		},
		{
			"from": [6.75, 22.575, 6.75],
			"to": [9.25, 24.575, 9.25],
			"rotation": {"angle": 0, "axis": "y", "origin": [7, -7, 7]},
			"faces": {
				"north": {"uv": [14.25, 14.25, 13.5, 14.75], "texture": "#0"},
				"east": {"uv": [13.5, 14.25, 14.25, 14.75], "texture": "#0"},
				"south": {"uv": [14.25, 14.25, 13.5, 14.75], "texture": "#0"},
				"west": {"uv": [13.5, 14.25, 14.25, 14.75], "texture": "#0"},
				"up": {"uv": [13.5, 14.25, 14.25, 14.75], "texture": "#0"},
				"down": {"uv": [13.5, 14.25, 14.25, 14.75], "texture": "#0"}
			}
		},
		{
			"from": [6.75, -12, 6.75],
			"to": [9.25, -7, 9.25],
			"rotation": {"angle": 0, "axis": "y", "origin": [7, -7, 7]},
			"faces": {
				"north": {"uv": [8.25, 1.25, 7.5, 2.5], "texture": "#0"},
				"east": {"uv": [7.5, 1.25, 8.25, 2.5], "texture": "#0"},
				"south": {"uv": [8.25, 1.25, 7.5, 2.5], "texture": "#0"},
				"west": {"uv": [7.5, 1.25, 8.25, 2.5], "texture": "#0"},
				"up": {"uv": [7.5, 1.25, 8.25, 2.5], "texture": "#0"},
				"down": {"uv": [7.5, 1.25, 8.25, 2.5], "texture": "#0"}
			}
		},
		{
			"from": [6.5, -13, 6.75],
			"to": [9.5, -10.5, 9.25],
			"rotation": {"angle": -45, "axis": "x", "origin": [8, -11.75, 8]},
			"faces": {
				"north": {"uv": [7.75, 7.25, 8.5, 8], "texture": "#0"},
				"east": {"uv": [6.25, 7.75, 5.5, 8.5], "texture": "#0"},
				"south": {"uv": [4.75, 7.75, 5.5, 8.5], "texture": "#0"},
				"west": {"uv": [5.5, 7.75, 6.25, 8.5], "texture": "#0"},
				"up": {"uv": [4.75, 8.5, 5.5, 7.75], "texture": "#0"},
				"down": {"uv": [8.5, 7.25, 7.75, 8], "texture": "#0"}
			}
		},
		{
			"from": [5.5, 14.75, 5],
			"to": [10.5, 23.25, 11],
			"rotation": {"angle": 0, "axis": "y", "origin": [7, -7, 7]},
			"faces": {
				"north": {"uv": [5, 0, 6.25, 2.25], "texture": "#0"},
				"east": {"uv": [2, 0, 3.5, 2.25], "texture": "#0"},
				"south": {"uv": [6.25, 0, 5, 2.25], "texture": "#0"},
				"west": {"uv": [3.5, 0, 2, 2.25], "texture": "#0"},
				"up": {"uv": [7.5, 5.5, 6.25, 4], "texture": "#0"},
				"down": {"uv": [7.5, 5.5, 6.25, 7], "texture": "#0"}
			}
		},
		{
			"from": [5, 14, 11],
			"to": [11, 22, 16],
			"rotation": {"angle": 0, "axis": "y", "origin": [7, -7, 7]},
			"faces": {
				"north": {"uv": [3.5, 0, 5, 2], "texture": "#0"},
				"east": {"uv": [5, 4.5, 6.25, 6.5], "texture": "#0"},
				"south": {"uv": [3.5, 2, 5, 4], "texture": "#0"},
				"west": {"uv": [6.25, 4.5, 5, 6.5], "texture": "#0"},
				"up": {"uv": [3.5, 7.75, 2, 6.5], "texture": "#0"},
				"down": {"uv": [6.25, 6.5, 4.75, 7.75], "texture": "#0"}
			}
		},
		{
			"from": [5, 14, 0],
			"to": [11, 22, 5],
			"rotation": {"angle": 0, "axis": "y", "origin": [7, -7, 9]},
			"faces": {
				"north": {"uv": [5, 2, 3.5, 4], "texture": "#0"},
				"east": {"uv": [6.25, 4.5, 5, 6.5], "texture": "#0"},
				"south": {"uv": [5, 0, 3.5, 2], "texture": "#0"},
				"west": {"uv": [5, 4.5, 6.25, 6.5], "texture": "#0"},
				"up": {"uv": [3.5, 6.5, 2, 7.75], "texture": "#0"},
				"down": {"uv": [6.25, 7.75, 4.75, 6.5], "texture": "#0"}
			}
		}
	],
	"gui_light": "front",
	"display": {
		"thirdperson_righthand": {
			"translation": [0, 6.75, 1.75]
		},
		"thirdperson_lefthand": {
			"translation": [0, 6.5, 1.25]
		},
		"firstperson_righthand": {
			"rotation": [13.5, 0, 0],
			"translation": [1, 0.25, 0]
		},
		"firstperson_lefthand": {
			"rotation": [10, 0, 0],
			"translation": [0, 14, 0]
		},
		"ground": {
			"translation": [0, 22.25, 0]
		},
		"gui": {
			"rotation": [85, -126, 93],
			"translation": [-0.5, -0.25, 0],
			"scale": [0.28, 0.31, 0.4]
		},
		"fixed": {
			"rotation": [-97.11, -58.34, -96.06]
		}
	}
}