{
	"credit": "Made with Blockbench",
	"texture_size": [32, 32],
	"textures": {
		"1": "hanu/sts1",
		"2": "hanu/sts2",
		"particle": "hanu/sts2"
	},
	"elements": [
		{
			"from": [7.5, -8, 7.5],
			"to": [8.5, 20, 8.5],
			"rotation": {"angle": 45, "axis": "y", "origin": [8, 4, 8]},
			"faces": {
				"north": {"uv": [0, 0, 0.5, 14], "texture": "#2"},
				"east": {"uv": [0.5, 0, 1, 14], "texture": "#2"},
				"south": {"uv": [1, 0, 1.5, 14], "texture": "#2"},
				"west": {"uv": [1.5, 0, 2, 14], "texture": "#2"},
				"up": {"uv": [4, 2.5, 3.5, 2], "texture": "#2"},
				"down": {"uv": [4, 2.5, 3.5, 3], "texture": "#2"}
			}
		},
		{
			"from": [7.42678, 20, 7.53536],
			"to": [8.62678, 21, 8.73536],
			"rotation": {"angle": -45, "axis": "y", "origin": [8.17678, 20.55, 8.03536]},
			"faces": {
				"north": {"uv": [5, 3.5, 6, 4.5], "texture": "#2"},
				"east": {"uv": [4.5, 3.5, 5.5, 2.5], "texture": "#2"},
				"south": {"uv": [6.5, 4, 7.5, 5], "texture": "#2"},
				"west": {"uv": [8.5, 4, 7.5, 5], "texture": "#2"},
				"up": {"uv": [3, 4.5, 2.5, 4], "texture": "#2"},
				"down": {"uv": [7.5, 3, 6.5, 4], "texture": "#2"}
			}
		},
		{
			"from": [7.42678, -9, 7.53536],
			"to": [8.62678, -7, 8.73536],
			"rotation": {"angle": -45, "axis": "y", "origin": [8.17678, 20.55, 8.03536]},
			"faces": {
				"north": {"uv": [2, 2, 2.5, 3], "texture": "#2"},
				"east": {"uv": [2.5, 2, 3, 3], "texture": "#2"},
				"south": {"uv": [3, 0, 3.5, 1], "texture": "#2"},
				"west": {"uv": [3, 1, 3.5, 2], "texture": "#2"},
				"up": {"uv": [3.5, 4.5, 3, 4], "texture": "#2"},
				"down": {"uv": [4.5, 3, 4, 3.5], "texture": "#2"}
			}
		},
		{
			"from": [7.51464, 21, 7.1818],
			"to": [8.91464, 23, 8.5818],
			"rotation": {"angle": -45, "axis": "y", "origin": [7.96464, 20.45, 7.6818]},
			"faces": {
				"north": {"uv": [2, 4.5, 3, 6], "texture": "#2"},
				"east": {"uv": [5, 4.5, 6, 6], "texture": "#2"},
				"south": {"uv": [3, 4.5, 4, 6], "texture": "#2"},
				"west": {"uv": [4, 4.5, 5, 6], "texture": "#2"},
				"up": {"uv": [4, 4.5, 3.5, 4], "texture": "#2"},
				"down": {"uv": [5, 3.5, 4, 4.5], "texture": "#2"}
			}
		},
		{
			"from": [7.31464, 23, 6.84038],
			"to": [9.31464, 24, 8.84038],
			"rotation": {"angle": -45, "axis": "y", "origin": [7.96464, 19.55, 7.54038]},
			"faces": {
				"north": {"uv": [3.5, 0, 4.5, 0.5], "texture": "#2"},
				"east": {"uv": [3.5, 0.5, 4.5, 1], "texture": "#2"},
				"south": {"uv": [3.5, 1, 4.5, 1.5], "texture": "#2"},
				"west": {"uv": [3.5, 1.5, 4.5, 2], "texture": "#2"},
				"up": {"uv": [3, 1, 2, 0], "texture": "#2"},
				"down": {"uv": [3, 1, 2, 2], "texture": "#2"}
			}
		},
		{
			"from": [7.31464, 23, 6.84038],
			"to": [9.31464, 24, 8.84038],
			"rotation": {"angle": -45, "axis": "y", "origin": [7.96464, 19.55, 7.54038]},
			"faces": {
				"north": {"uv": [3.5, 0, 4.5, 0.5], "texture": "#2"},
				"east": {"uv": [3.5, 0.5, 4.5, 1], "texture": "#2"},
				"south": {"uv": [3.5, 1, 4.5, 1.5], "texture": "#2"},
				"west": {"uv": [3.5, 1.5, 4.5, 2], "texture": "#2"},
				"up": {"uv": [3, 1, 2, 0], "texture": "#2"},
				"down": {"uv": [3, 1, 2, 2], "texture": "#2"}
			}
		},
		{
			"from": [6.46091, 24.22778, 7.399],
			"to": [7.73091, 26.92778, 8.601],
			"rotation": {"angle": 22.5, "axis": "z", "origin": [7.09591, 24.42778, 7.935]},
			"faces": {
				"north": {"uv": [3, 6, 4, 9], "texture": "#1"},
				"east": {"uv": [6, 5, 7, 8], "texture": "#1"},
				"south": {"uv": [7, 0, 8, 3], "texture": "#1"},
				"west": {"uv": [7, 3, 8, 6], "texture": "#1"},
				"up": {"uv": [10, 5, 9, 4], "texture": "#1"},
				"down": {"uv": [10, 5, 9, 6], "texture": "#1"}
			}
		},
		{
			"from": [8.4229, 24.99315, 7.399],
			"to": [9.6929, 27.69315, 8.601],
			"rotation": {"angle": -22.5, "axis": "z", "origin": [7.0579, 25.19315, 7.935]},
			"faces": {
				"north": {"uv": [7, 6, 8, 9], "texture": "#1"},
				"east": {"uv": [8, 0, 9, 3], "texture": "#1"},
				"south": {"uv": [8, 3, 9, 6], "texture": "#1"},
				"west": {"uv": [6, 8, 7, 11], "texture": "#1"},
				"up": {"uv": [11, 5, 10, 4], "texture": "#1"},
				"down": {"uv": [11, 5, 10, 6], "texture": "#1"}
			}
		},
		{
			"from": [6.58579, 24, 7.398],
			"to": [9.41579, 25.1, 8.602],
			"rotation": {"angle": 0, "axis": "y", "origin": [9.05079, 24.7, 7.935]},
			"faces": {
				"north": {"uv": [8, 6, 11, 7], "texture": "#1"},
				"east": {"uv": [10, 9, 11, 10], "texture": "#1"},
				"south": {"uv": [8, 7, 11, 8], "texture": "#1"},
				"west": {"uv": [10, 10, 11, 11], "texture": "#1"},
				"up": {"uv": [11, 9, 8, 8], "texture": "#1"},
				"down": {"uv": [12, 0, 9, 1], "texture": "#1"}
			}
		},
		{
			"from": [7.46596, 25.01387, 7.4],
			"to": [8.53296, 31.11387, 8.6],
			"rotation": {"angle": 0, "axis": "y", "origin": [8.93096, 24.61387, 7.935]},
			"faces": {
				"north": {"uv": [0, 0, 1, 6], "texture": "#1"},
				"east": {"uv": [1, 0, 2, 6], "texture": "#1"},
				"south": {"uv": [2, 0, 3, 6], "texture": "#1"},
				"west": {"uv": [3, 0, 4, 6], "texture": "#1"},
				"up": {"uv": [1, 12, 0, 11], "texture": "#1"},
				"down": {"uv": [2, 11, 1, 12], "texture": "#1"}
			}
		},
		{
			"from": [8.53296, 25.01387, 7.4],
			"to": [9.53296, 28.11387, 8.6],
			"rotation": {"angle": 0, "axis": "y", "origin": [7.99796, 24.81387, 7.935]},
			"faces": {
				"north": {"uv": [9, 1, 10, 4], "texture": "#1"},
				"east": {"uv": [3, 9, 4, 12], "texture": "#1"},
				"south": {"uv": [7, 9, 8, 12], "texture": "#1"},
				"west": {"uv": [8, 9, 9, 12], "texture": "#1"},
				"up": {"uv": [12, 2, 11, 1], "texture": "#1"},
				"down": {"uv": [3, 11, 2, 12], "texture": "#1"}
			}
		},
		{
			"from": [6.46596, 25.01387, 7.4],
			"to": [7.46596, 28.11387, 8.6],
			"rotation": {"angle": 0, "axis": "y", "origin": [9.53096, 24.81387, 7.935]},
			"faces": {
				"north": {"uv": [9, 9, 10, 12], "texture": "#1"},
				"east": {"uv": [10, 1, 11, 4], "texture": "#1"},
				"south": {"uv": [4, 10, 5, 13], "texture": "#1"},
				"west": {"uv": [5, 10, 6, 13], "texture": "#1"},
				"up": {"uv": [12, 3, 11, 2], "texture": "#1"},
				"down": {"uv": [12, 3, 11, 4], "texture": "#1"}
			}
		},
		{
			"from": [7.88798, 25.98505, 7.397],
			"to": [9.15798, 30.98505, 8.603],
			"rotation": {"angle": 22.5, "axis": "z", "origin": [8.52298, 29.48505, 7.935]},
			"faces": {
				"north": {"uv": [4, 0, 5, 5], "texture": "#1"},
				"east": {"uv": [5, 0, 6, 5], "texture": "#1"},
				"south": {"uv": [4, 5, 5, 10], "texture": "#1"},
				"west": {"uv": [5, 5, 6, 10], "texture": "#1"},
				"up": {"uv": [12, 5, 11, 4], "texture": "#1"},
				"down": {"uv": [12, 5, 11, 6], "texture": "#1"}
			}
		},
		{
			"from": [6.8436, 25.98505, 7.398],
			"to": [8.1136, 30.98505, 8.602],
			"rotation": {"angle": -22.5, "axis": "z", "origin": [7.4786, 29.48505, 7.935]},
			"faces": {
				"north": {"uv": [0, 6, 1, 11], "texture": "#1"},
				"east": {"uv": [6, 0, 7, 5], "texture": "#1"},
				"south": {"uv": [1, 6, 2, 11], "texture": "#1"},
				"west": {"uv": [2, 6, 3, 11], "texture": "#1"},
				"up": {"uv": [7, 12, 6, 11], "texture": "#1"},
				"down": {"uv": [12, 6, 11, 7], "texture": "#1"}
			}
		}
	],
	"display": {
		"thirdperson_righthand": {
			"rotation": [0, -90, 0],
			"translation": [0, 4, 1]
		},
		"firstperson_righthand": {
			"rotation": [0, -90, 0],
			"translation": [3, 0, 0]
		},
		"firstperson_lefthand": {
			"rotation": [0, -90, 0],
			"translation": [3, 0, 0]
		},
		"ground": {
			"rotation": [-90, 0, 0]
		},
		"gui": {
			"rotation": [0, 0, -45],
			"translation": [-1, -1, 0],
			"scale": [0.51, 0.51, 0.51]
		},
		"fixed": {
			"translation": [0, 0, -2]
		}
	},
	"groups": [
		{
			"name": "group",
			"origin": [8, 8, 8],
			"color": 0,
			"children": [
				{
					"name": "봉",
					"origin": [8.02215, 20, 8.21109],
					"color": 0,
					"children": [0, 1, 2, 3, 4, 5]
				},
				{
					"name": "날",
					"origin": [7.38264, 28.37118, 7.965],
					"color": 0,
					"children": [6, 7, 8, 9, 10, 11, 12, 13]
				}
			]
		}
	]
}