{
	"credit": "Made with Blockbench",
	"texture_size": [32, 32],
	"textures": {
		"2": "hanu/sae2",
		"3": "hanu/sae1",
		"particle": "hanu/sae2"
	},
	"elements": [
		{
			"from": [7.5, -8, 7.5],
			"to": [8.5, 13, 8.5],
			"rotation": {"angle": 45, "axis": "y", "origin": [8, 5.75, 8]},
			"faces": {
				"north": {"uv": [1, 0, 1.5, 14], "texture": "#2"},
				"east": {"uv": [1.5, 0, 2, 14], "texture": "#2"},
				"south": {"uv": [0, 0, 0.5, 14], "texture": "#2"},
				"west": {"uv": [0.5, 0, 1, 14], "texture": "#2"},
				"up": {"uv": [4, 2.5, 3.5, 2], "rotation": 180, "texture": "#2"},
				"down": {"uv": [4, 2.5, 3.5, 3], "rotation": 180, "texture": "#2"}
			}
		},
		{
			"from": [7.4, 13, 7.4],
			"to": [8.6, 14, 8.6],
			"rotation": {"angle": 45, "axis": "y", "origin": [8, -0.25, 8]},
			"faces": {
				"north": {"uv": [4.5, 3.5, 5.5, 2.5], "texture": "#2"},
				"east": {"uv": [6.5, 4, 7.5, 5], "texture": "#2"},
				"south": {"uv": [8.5, 4, 7.5, 5], "texture": "#2"},
				"west": {"uv": [5, 3.5, 6, 4.5], "texture": "#2"},
				"up": {"uv": [3, 4.5, 2.5, 4], "rotation": 270, "texture": "#2"},
				"down": {"uv": [7.5, 3, 6.5, 4], "rotation": 90, "texture": "#2"}
			}
		},
		{
			"from": [7.4, -9, 7.4],
			"to": [8.6, -7, 8.6],
			"rotation": {"angle": 45, "axis": "y", "origin": [8, 5.75, 8]},
			"faces": {
				"north": {"uv": [2.5, 2, 3, 3], "texture": "#2"},
				"east": {"uv": [3, 0, 3.5, 1], "texture": "#2"},
				"south": {"uv": [3, 1, 3.5, 2], "texture": "#2"},
				"west": {"uv": [2, 2, 2.5, 3], "texture": "#2"},
				"up": {"uv": [3.5, 4.5, 3, 4], "rotation": 270, "texture": "#2"},
				"down": {"uv": [4.5, 3, 4, 3.5], "rotation": 90, "texture": "#2"}
			}
		},
		{
			"from": [7.3, 14, 7.3],
			"to": [8.7, 16, 8.7],
			"rotation": {"angle": 45, "axis": "y", "origin": [8, -0.25, 8]},
			"faces": {
				"north": {"uv": [5, 4.5, 6, 6], "texture": "#2"},
				"east": {"uv": [3, 4.5, 4, 6], "texture": "#2"},
				"south": {"uv": [4, 4.5, 5, 6], "texture": "#2"},
				"west": {"uv": [2, 4.5, 3, 6], "texture": "#2"},
				"up": {"uv": [4, 4.5, 3.5, 4], "rotation": 270, "texture": "#2"},
				"down": {"uv": [5, 3.5, 4, 4.5], "rotation": 90, "texture": "#2"}
			}
		},
		{
			"from": [7, 16, 7],
			"to": [9, 17, 9],
			"rotation": {"angle": 45, "axis": "y", "origin": [8, -0.25, 8]},
			"faces": {
				"north": {"uv": [3.5, 0.5, 4.5, 1], "texture": "#2"},
				"east": {"uv": [3.5, 1, 4.5, 1.5], "texture": "#2"},
				"south": {"uv": [3.5, 1.5, 4.5, 2], "texture": "#2"},
				"west": {"uv": [3.5, 0, 4.5, 0.5], "texture": "#2"},
				"up": {"uv": [3, 1, 2, 0], "rotation": 270, "texture": "#2"},
				"down": {"uv": [3, 1, 2, 2], "rotation": 90, "texture": "#2"}
			}
		},
		{
			"from": [0.87661, 19.1163, 7.297],
			"to": [7.27661, 20.1163, 8.701],
			"rotation": {"angle": -45, "axis": "z", "origin": [4.07661, 19.6163, 7.999]},
			"faces": {
				"north": {"uv": [0, 4.5, 3, 5], "texture": "#3"},
				"east": {"uv": [8.5, 3.5, 9, 4], "texture": "#3"},
				"south": {"uv": [4.5, 0, 7.5, 0.5], "texture": "#3"},
				"west": {"uv": [9, 0.5, 9.5, 1], "texture": "#3"},
				"up": {"uv": [7.5, 1, 4.5, 0.5], "texture": "#3"},
				"down": {"uv": [7.5, 1, 4.5, 1.5], "texture": "#3"}
			}
		},
		{
			"from": [5.9858, 17, 7.298],
			"to": [9.9858, 18, 8.7],
			"rotation": {"angle": 0, "axis": "y", "origin": [8.01043, 19.19162, 7.9985]},
			"faces": {
				"north": {"uv": [4.5, 2.5, 6.5, 3], "texture": "#3"},
				"east": {"uv": [9, 1, 9.5, 1.5], "texture": "#3"},
				"south": {"uv": [5, 4.5, 7, 5], "texture": "#3"},
				"west": {"uv": [9, 1.5, 9.5, 2], "texture": "#3"},
				"up": {"uv": [7, 5.5, 5, 5], "texture": "#3"},
				"down": {"uv": [7, 5.5, 5, 6], "texture": "#3"}
			}
		},
		{
			"from": [5.0858, 18, 7.299],
			"to": [9.6858, 21.6, 8.697],
			"rotation": {"angle": 0, "axis": "y", "origin": [8.01043, 19.19162, 7.9985]},
			"faces": {
				"north": {"uv": [0, 0, 2.5, 2], "texture": "#3"},
				"east": {"uv": [2, 5, 2.5, 7], "texture": "#3"},
				"south": {"uv": [0, 2, 2.5, 4], "texture": "#3"},
				"west": {"uv": [2.5, 5, 3, 7], "texture": "#3"},
				"up": {"uv": [7, 2, 4.5, 1.5], "texture": "#3"},
				"down": {"uv": [7, 2, 4.5, 2.5], "texture": "#3"}
			}
		},
		{
			"from": [8.0858, 20.4, 7.3],
			"to": [11.9858, 22.9, 8.696],
			"rotation": {"angle": 0, "axis": "y", "origin": [8.01043, 19.19162, 7.9985]},
			"faces": {
				"north": {"uv": [2.5, 0, 4.5, 1.5], "texture": "#3"},
				"east": {"uv": [3, 7.5, 3.5, 9], "texture": "#3"},
				"south": {"uv": [2.5, 1.5, 4.5, 3], "texture": "#3"},
				"west": {"uv": [3.5, 7.5, 4, 9], "texture": "#3"},
				"up": {"uv": [8, 3.5, 6, 3], "texture": "#3"},
				"down": {"uv": [8, 3.5, 6, 4], "texture": "#3"}
			}
		},
		{
			"from": [9.2858, 22.9, 7.299],
			"to": [11.9858, 23.9, 8.697],
			"rotation": {"angle": 0, "axis": "y", "origin": [8.01043, 19.19162, 7.9985]},
			"faces": {
				"north": {"uv": [7.5, 0.5, 9, 1], "texture": "#3"},
				"east": {"uv": [2, 9, 2.5, 9.5], "texture": "#3"},
				"south": {"uv": [7.5, 1, 9, 1.5], "texture": "#3"},
				"west": {"uv": [9, 2, 9.5, 2.5], "texture": "#3"},
				"up": {"uv": [9, 4.5, 7.5, 4], "texture": "#3"},
				"down": {"uv": [9, 4.5, 7.5, 5], "texture": "#3"}
			}
		},
		{
			"from": [10.2858, 23.9, 7.299],
			"to": [11.5858, 24.6, 8.697],
			"rotation": {"angle": 0, "axis": "y", "origin": [8.01043, 19.19162, 7.9985]},
			"faces": {
				"north": {"uv": [2.5, 9, 3, 9.5], "texture": "#3"},
				"east": {"uv": [9, 2.5, 9.5, 3], "texture": "#3"},
				"south": {"uv": [3, 9, 3.5, 9.5], "texture": "#3"},
				"west": {"uv": [9, 3, 9.5, 3.5], "texture": "#3"},
				"up": {"uv": [4, 9.5, 3.5, 9], "texture": "#3"},
				"down": {"uv": [9.5, 3.5, 9, 4], "texture": "#3"}
			}
		},
		{
			"from": [11.9858, 21.3, 7.299],
			"to": [12.9858, 23.5, 8.697],
			"rotation": {"angle": 0, "axis": "y", "origin": [8.01043, 19.19162, 7.9985]},
			"faces": {
				"north": {"uv": [8, 3, 8.5, 4], "texture": "#3"},
				"east": {"uv": [6.5, 8, 7, 9], "texture": "#3"},
				"south": {"uv": [8, 6.5, 8.5, 7.5], "texture": "#3"},
				"west": {"uv": [7, 8, 7.5, 9], "texture": "#3"},
				"up": {"uv": [4.5, 9.5, 4, 9], "texture": "#3"},
				"down": {"uv": [9.5, 4, 9, 4.5], "texture": "#3"}
			}
		},
		{
			"from": [10.6858, 14.5, 7.299],
			"to": [11.6858, 20.5, 8.697],
			"rotation": {"angle": 0, "axis": "y", "origin": [8.01043, 19.19162, 7.9985]},
			"faces": {
				"north": {"uv": [3, 4.5, 3.5, 7.5], "texture": "#3"},
				"east": {"uv": [3.5, 4.5, 4, 7.5], "texture": "#3"},
				"south": {"uv": [4, 4.5, 4.5, 7.5], "texture": "#3"},
				"west": {"uv": [4.5, 4.5, 5, 7.5], "texture": "#3"},
				"up": {"uv": [5, 9.5, 4.5, 9], "texture": "#3"},
				"down": {"uv": [9.5, 4.5, 9, 5], "texture": "#3"}
			}
		},
		{
			"from": [9.6858, 16.3, 7.299],
			"to": [10.6858, 20.5, 8.697],
			"rotation": {"angle": 0, "axis": "y", "origin": [8.01043, 19.19162, 7.9985]},
			"faces": {
				"north": {"uv": [5, 6, 5.5, 8], "texture": "#3"},
				"east": {"uv": [5.5, 6, 6, 8], "texture": "#3"},
				"south": {"uv": [6, 6, 6.5, 8], "texture": "#3"},
				"west": {"uv": [6.5, 6, 7, 8], "texture": "#3"},
				"up": {"uv": [9.5, 5.5, 9, 5], "texture": "#3"},
				"down": {"uv": [9.5, 5.5, 9, 6], "texture": "#3"}
			}
		},
		{
			"from": [3.9858, 19.2, 7.299],
			"to": [5.0858, 21.6, 8.697],
			"rotation": {"angle": 0, "axis": "y", "origin": [8.01043, 19.19162, 7.9985]},
			"faces": {
				"north": {"uv": [7.5, 8, 8, 9], "texture": "#3"},
				"east": {"uv": [8, 7.5, 8.5, 8.5], "texture": "#3"},
				"south": {"uv": [8.5, 2.5, 9, 3.5], "texture": "#3"},
				"west": {"uv": [8.5, 5, 9, 6], "texture": "#3"},
				"up": {"uv": [9.5, 6.5, 9, 6], "texture": "#3"},
				"down": {"uv": [7, 9, 6.5, 9.5], "texture": "#3"}
			}
		},
		{
			"from": [2.7858, 20.4, 7.299],
			"to": [3.9858, 21.6, 8.697],
			"rotation": {"angle": 0, "axis": "y", "origin": [8.01043, 19.19162, 7.9985]},
			"faces": {
				"north": {"uv": [9, 6.5, 9.5, 7], "texture": "#3"},
				"east": {"uv": [7, 9, 7.5, 9.5], "texture": "#3"},
				"south": {"uv": [9, 7, 9.5, 7.5], "texture": "#3"},
				"west": {"uv": [7.5, 9, 8, 9.5], "texture": "#3"},
				"up": {"uv": [9.5, 8, 9, 7.5], "texture": "#3"},
				"down": {"uv": [9.5, 8, 9, 8.5], "texture": "#3"}
			}
		},
		{
			"from": [8.27942, 14.50477, 7.297],
			"to": [9.37942, 17.33477, 8.701],
			"rotation": {"angle": 22.5, "axis": "z", "origin": [8.01043, 19.19162, 7.9985]},
			"faces": {
				"north": {"uv": [4, 7.5, 4.5, 9], "texture": "#3"},
				"east": {"uv": [4.5, 7.5, 5, 9], "texture": "#3"},
				"south": {"uv": [7.5, 5, 8, 6.5], "texture": "#3"},
				"west": {"uv": [7.5, 6.5, 8, 8], "texture": "#3"},
				"up": {"uv": [9, 9.5, 8.5, 9], "texture": "#3"},
				"down": {"uv": [9.5, 8.5, 9, 9], "texture": "#3"}
			}
		},
		{
			"from": [6.46536, 11.82859, 7.296],
			"to": [7.56536, 14.75859, 8.702],
			"rotation": {"angle": 45, "axis": "z", "origin": [8.01043, 19.19162, 7.9985]},
			"faces": {
				"north": {"uv": [0, 8, 0.5, 9.5], "texture": "#3"},
				"east": {"uv": [0.5, 8, 1, 9.5], "texture": "#3"},
				"south": {"uv": [1, 8, 1.5, 9.5], "texture": "#3"},
				"west": {"uv": [1.5, 8, 2, 9.5], "texture": "#3"},
				"up": {"uv": [9.5, 9.5, 9, 9], "texture": "#3"},
				"down": {"uv": [0.5, 9.5, 0, 10], "texture": "#3"}
			}
		},
		{
			"from": [9.40068, 11.7978, 7.298],
			"to": [10.50068, 14.0278, 8.7],
			"rotation": {"angle": 22.5, "axis": "z", "origin": [8.01043, 19.19162, 7.9985]},
			"faces": {
				"north": {"uv": [8.5, 6, 9, 7], "texture": "#3"},
				"east": {"uv": [8.5, 7, 9, 8], "texture": "#3"},
				"south": {"uv": [8, 8.5, 8.5, 9.5], "texture": "#3"},
				"west": {"uv": [8.5, 8, 9, 9], "texture": "#3"},
				"up": {"uv": [10, 0.5, 9.5, 0], "texture": "#3"},
				"down": {"uv": [1, 9.5, 0.5, 10], "texture": "#3"}
			}
		},
		{
			"from": [11.50343, 14.3546, 7.297],
			"to": [12.50343, 20.1846, 8.701],
			"rotation": {"angle": 0, "axis": "y", "origin": [8.01043, 19.19162, 7.9985]},
			"faces": {
				"north": {"uv": [0, 5, 0.5, 8], "texture": "#3"},
				"east": {"uv": [0.5, 5, 1, 8], "texture": "#3"},
				"south": {"uv": [1, 5, 1.5, 8], "texture": "#3"},
				"west": {"uv": [1.5, 5, 2, 8], "texture": "#3"},
				"up": {"uv": [10, 1, 9.5, 0.5], "texture": "#3"},
				"down": {"uv": [1.5, 9.5, 1, 10], "texture": "#3"}
			}
		},
		{
			"from": [10.85754, 21.44573, 7.298],
			"to": [11.85754, 24.94573, 8.7],
			"rotation": {"angle": -22.5, "axis": "z", "origin": [8.01043, 19.19162, 7.9985]},
			"faces": {
				"north": {"uv": [5, 8, 5.5, 9.5], "texture": "#3"},
				"east": {"uv": [8, 5, 8.5, 6.5], "texture": "#3"},
				"south": {"uv": [5.5, 8, 6, 9.5], "texture": "#3"},
				"west": {"uv": [6, 8, 6.5, 9.5], "texture": "#3"},
				"up": {"uv": [10, 1.5, 9.5, 1], "texture": "#3"},
				"down": {"uv": [2, 9.5, 1.5, 10], "texture": "#3"}
			}
		},
		{
			"from": [13.79876, 17.83936, 7.297],
			"to": [14.79876, 21.83936, 8.701],
			"rotation": {"angle": 45, "axis": "z", "origin": [8.01043, 19.19162, 7.9985]},
			"faces": {
				"north": {"uv": [2, 7, 2.5, 9], "texture": "#3"},
				"east": {"uv": [2.5, 7, 3, 9], "texture": "#3"},
				"south": {"uv": [7, 4, 7.5, 6], "texture": "#3"},
				"west": {"uv": [7, 6, 7.5, 8], "texture": "#3"},
				"up": {"uv": [10, 2, 9.5, 1.5], "texture": "#3"},
				"down": {"uv": [2.5, 9.5, 2, 10], "texture": "#3"}
			}
		},
		{
			"from": [9.66064, 20.83968, 7.297],
			"to": [13.81064, 21.83968, 8.701],
			"rotation": {"angle": 45, "axis": "z", "origin": [8.01043, 19.19162, 7.9985]},
			"faces": {
				"north": {"uv": [6.5, 2.5, 8.5, 3], "texture": "#3"},
				"east": {"uv": [9.5, 2, 10, 2.5], "texture": "#3"},
				"south": {"uv": [7, 1.5, 9, 2], "texture": "#3"},
				"west": {"uv": [2.5, 9.5, 3, 10], "texture": "#3"},
				"up": {"uv": [9, 2.5, 7, 2], "texture": "#3"},
				"down": {"uv": [9.5, 0, 7.5, 0.5], "texture": "#3"}
			}
		},
		{
			"from": [1.46032, 21.52548, 7.298],
			"to": [8.01032, 22.42548, 8.7],
			"rotation": {"angle": 0, "axis": "y", "origin": [8.01043, 19.19162, 7.9985]},
			"faces": {
				"north": {"uv": [2.5, 3, 6, 3.5], "texture": "#3"},
				"east": {"uv": [9.5, 2.5, 10, 3], "texture": "#3"},
				"south": {"uv": [2.5, 3.5, 6, 4], "texture": "#3"},
				"west": {"uv": [3, 9.5, 3.5, 10], "texture": "#3"},
				"up": {"uv": [3.5, 4.5, 0, 4], "texture": "#3"},
				"down": {"uv": [7, 4, 3.5, 4.5], "texture": "#3"}
			}
		}
	],
	"display": {
		"thirdperson_righthand": {
			"rotation": [0, 90, 0],
			"translation": [0, 1.25, 1]
		},
		"firstperson_righthand": {
			"rotation": [0, 90, 0],
			"translation": [3, 0, 0]
		},
		"firstperson_lefthand": {
			"rotation": [0, -90, 0],
			"translation": [3, 7, 0]
		},
		"ground": {
			"rotation": [-90, 0, 0]
		},
		"gui": {
			"rotation": [0, 0, -45.25],
			"translation": [-0.5, -0.5, 0],
			"scale": [0.51, 0.51, 0.51]
		},
		"fixed": {
			"rotation": [0, 180, 0],
			"translation": [0, 0, -2]
		}
	},
	"groups": [
		{
			"name": "봉",
			"origin": [8.02215, 20, 8.21109],
			"color": 0,
			"children": [0, 1, 2, 3, 4]
		},
		{
			"name": "날",
			"origin": [6.66032, 25.97548, 8],
			"color": 0,
			"children": [5, 6, 7, 8, 9, 10, 11, 12, 13, 14, 15, 16, 17, 18, 19, 20, 21, 22, 23]
		}
	]
}