{
	"credit": "Made with Blockbench",
	"texture_size": [32, 32],
	"textures": {
		"0": "hanu/z1",
		"1": "hanu/z2",
		"2": "hanu/z3",
		"particle": "hanu/z1"
	},
	"elements": [
		{
			"name": "a1",
			"from": [7.895, 24.2, 5.5],
			"to": [8.903, 31.2, 6.5],
			"rotation": {"angle": 0, "axis": "y", "origin": [8.4, 13.7, 8]},
			"faces": {
				"north": {"uv": [2, 8, 3, 15], "texture": "#0"},
				"east": {"uv": [3, 8, 4, 15], "texture": "#0"},
				"south": {"uv": [4, 8, 5, 15], "texture": "#0"},
				"west": {"uv": [8, 4, 9, 11], "texture": "#0"},
				"up": {"uv": [13, 3, 12, 2], "texture": "#0"},
				"down": {"uv": [13, 3, 12, 4], "texture": "#0"}
			}
		},
		{
			"name": "a2",
			"from": [7.895, 24.2, 9.5],
			"to": [8.903, 31.2, 10.5],
			"rotation": {"angle": 0, "axis": "y", "origin": [8.4, 13.7, 8]},
			"faces": {
				"north": {"uv": [5, 8, 6, 15], "texture": "#0"},
				"east": {"uv": [6, 8, 7, 15], "texture": "#0"},
				"south": {"uv": [7, 8, 8, 15], "texture": "#0"},
				"west": {"uv": [9, 4, 10, 11], "texture": "#0"},
				"up": {"uv": [13, 5, 12, 4], "texture": "#0"},
				"down": {"uv": [13, 5, 12, 6], "texture": "#0"}
			}
		},
		{
			"name": "a3",
			"from": [8, 24.2, 6.5],
			"to": [8.8, 31.8, 9.5],
			"rotation": {"angle": 0, "axis": "y", "origin": [8.4, 13.7, 8]},
			"faces": {
				"north": {"uv": [6, 0, 7, 8], "texture": "#0"},
				"east": {"uv": [0, 0, 3, 8], "texture": "#0"},
				"south": {"uv": [7, 0, 8, 8], "texture": "#0"},
				"west": {"uv": [3, 0, 6, 8], "texture": "#0"},
				"up": {"uv": [12, 7, 11, 4], "texture": "#0"},
				"down": {"uv": [12, 7, 11, 10], "texture": "#0"}
			}
		},
		{
			"name": "b1",
			"from": [7.9, 24.3066, -6.14214],
			"to": [8.9, 27.8471, -4.64214],
			"rotation": {"angle": 45, "axis": "x", "origin": [8.4, 13.7, 8]},
			"faces": {
				"north": {"uv": [10, 4, 11, 8], "texture": "#0"},
				"east": {"uv": [0, 8, 2, 12], "texture": "#0"},
				"south": {"uv": [10, 8, 11, 12], "texture": "#0"},
				"west": {"uv": [8, 0, 10, 4], "texture": "#0"},
				"up": {"uv": [13, 2, 12, 0], "texture": "#0"},
				"down": {"uv": [2, 12, 1, 14], "texture": "#0"}
			}
		},
		{
			"name": "b2",
			"from": [7.9, 24.3066, 20.64214],
			"to": [8.9, 26.3471, 22.14214],
			"rotation": {"angle": -45, "axis": "x", "origin": [8.4, 13.7, 8]},
			"faces": {
				"north": {"uv": [8, 11, 9, 13], "texture": "#0"},
				"east": {"uv": [10, 0, 12, 2], "texture": "#0"},
				"south": {"uv": [9, 11, 10, 13], "texture": "#0"},
				"west": {"uv": [10, 2, 12, 4], "texture": "#0"},
				"up": {"uv": [12, 12, 11, 10], "texture": "#0"},
				"down": {"uv": [1, 12, 0, 14], "texture": "#0"}
			}
		},
		{
			"name": "c1",
			"from": [7.7, 22.59, 2.9333],
			"to": [9.1, 23.59, 5.4333],
			"rotation": {"angle": 22.5, "axis": "x", "origin": [8.4, 18.7, 8]},
			"faces": {
				"north": {"uv": [10, 5, 11, 6], "texture": "#1"},
				"east": {"uv": [10, 0, 12, 1], "texture": "#1"},
				"south": {"uv": [4, 11, 5, 12], "texture": "#1"},
				"west": {"uv": [10, 1, 12, 2], "texture": "#1"},
				"up": {"uv": [10, 9, 9, 7], "texture": "#1"},
				"down": {"uv": [9, 10, 8, 12], "texture": "#1"}
			}
		},
		{
			"name": "c2",
			"from": [7.7, 21.59, 2.4333],
			"to": [9.1, 22.59, 5.4333],
			"rotation": {"angle": 22.5, "axis": "x", "origin": [8.4, 18.7, 8]},
			"faces": {
				"north": {"uv": [11, 4, 12, 5], "texture": "#1"},
				"east": {"uv": [7, 5, 10, 6], "texture": "#1"},
				"south": {"uv": [5, 11, 6, 12], "texture": "#1"},
				"west": {"uv": [1, 8, 4, 9], "texture": "#1"},
				"up": {"uv": [5, 11, 4, 8], "texture": "#1"},
				"down": {"uv": [2, 9, 1, 12], "texture": "#1"}
			}
		},
		{
			"name": "c3",
			"from": [7.7, 20.59, 1.9333],
			"to": [9.1, 21.59, 5.4333],
			"rotation": {"angle": 22.5, "axis": "x", "origin": [8.4, 18.7, 8]},
			"faces": {
				"north": {"uv": [11, 5, 12, 6], "texture": "#1"},
				"east": {"uv": [0, 6, 4, 7], "texture": "#1"},
				"south": {"uv": [6, 11, 7, 12], "texture": "#1"},
				"west": {"uv": [4, 6, 8, 7], "texture": "#1"},
				"up": {"uv": [1, 11, 0, 7], "texture": "#1"},
				"down": {"uv": [8, 0, 7, 4], "texture": "#1"}
			}
		},
		{
			"name": "d1",
			"from": [7.7, 22.59, 10.5667],
			"to": [9.1, 23.59, 13.0667],
			"rotation": {"angle": -22.5, "axis": "x", "origin": [8.4, 18.7, 8]},
			"faces": {
				"north": {"uv": [11, 6, 12, 7], "texture": "#1"},
				"east": {"uv": [8, 2, 11, 3], "texture": "#1"},
				"south": {"uv": [11, 7, 12, 8], "texture": "#1"},
				"west": {"uv": [8, 3, 11, 4], "texture": "#1"},
				"up": {"uv": [3, 12, 2, 9], "texture": "#1"},
				"down": {"uv": [4, 9, 3, 12], "texture": "#1"}
			}
		},
		{
			"name": "d2",
			"from": [7.7, 21.59, 10.5667],
			"to": [9.1, 22.59, 13.5667],
			"rotation": {"angle": -22.5, "axis": "x", "origin": [8.4, 18.7, 8]},
			"faces": {
				"north": {"uv": [11, 8, 12, 9], "texture": "#1"},
				"east": {"uv": [8, 6, 11, 7], "texture": "#1"},
				"south": {"uv": [11, 9, 12, 10], "texture": "#1"},
				"west": {"uv": [7, 9, 10, 10], "texture": "#1"},
				"up": {"uv": [8, 13, 7, 10], "texture": "#1"},
				"down": {"uv": [11, 7, 10, 10], "texture": "#1"}
			}
		},
		{
			"name": "d3",
			"from": [7.7, 20.59, 10.5667],
			"to": [9.1, 21.59, 14.0667],
			"rotation": {"angle": -22.5, "axis": "x", "origin": [8.4, 18.7, 8]},
			"faces": {
				"north": {"uv": [11, 10, 12, 11], "texture": "#1"},
				"east": {"uv": [1, 7, 5, 8], "texture": "#1"},
				"south": {"uv": [11, 11, 12, 12], "texture": "#1"},
				"west": {"uv": [7, 4, 11, 5], "texture": "#1"},
				"up": {"uv": [6, 11, 5, 7], "texture": "#1"},
				"down": {"uv": [7, 7, 6, 11], "texture": "#1"}
			}
		},
		{
			"name": "e1",
			"from": [7.6, 20.00115, 3.59491],
			"to": [9.3, 23.10115, 6.69491],
			"rotation": {"angle": 45, "axis": "x", "origin": [8.4, 18.7, 8]},
			"faces": {
				"north": {"uv": [3, 0, 5, 3], "texture": "#1"},
				"east": {"uv": [0, 0, 3, 3], "texture": "#1"},
				"south": {"uv": [3, 3, 5, 6], "texture": "#1"},
				"west": {"uv": [0, 3, 3, 6], "texture": "#1"},
				"up": {"uv": [7, 3, 5, 0], "texture": "#1"},
				"down": {"uv": [7, 3, 5, 6], "texture": "#1"}
			}
		},
		{
			"name": "f1",
			"from": [7.1, 20.60115, 4.19491],
			"to": [9.8, 22.50115, 6.09491],
			"rotation": {"angle": 45, "axis": "x", "origin": [8.4, 18.7, 8]},
			"faces": {
				"north": {"uv": [9, 10, 10, 12], "texture": "#1"},
				"east": {"uv": [7, 7, 9, 9], "texture": "#1"},
				"south": {"uv": [10, 10, 11, 12], "texture": "#1"},
				"west": {"uv": [8, 0, 10, 2], "texture": "#1"},
				"up": {"uv": [1, 13, 0, 11], "texture": "#1"},
				"down": {"uv": [12, 2, 11, 4], "texture": "#1"}
			}
		},
		{
			"name": "g1",
			"from": [7.8, 20.92836, 6.35195],
			"to": [9, 22.02836, 9.65195],
			"rotation": {"angle": 0, "axis": "y", "origin": [8.4, 18.7, 8]},
			"faces": {
				"north": {"uv": [4, 8.5, 4.5, 9], "texture": "#2"},
				"east": {"uv": [8, 5, 9.5, 5.5], "texture": "#2"},
				"south": {"uv": [4.5, 8.5, 5, 9], "texture": "#2"},
				"west": {"uv": [8, 5.5, 9.5, 6], "texture": "#2"},
				"up": {"uv": [6.5, 9.5, 6, 8], "texture": "#2"},
				"down": {"uv": [8.5, 6, 8, 7.5], "texture": "#2"}
			}
		},
		{
			"name": "g2",
			"from": [7.40409, 19.92836, 6.99591],
			"to": [9.40409, 20.92836, 8.99591],
			"rotation": {"angle": 45, "axis": "y", "origin": [8.4, 18.7, 8]},
			"faces": {
				"north": {"uv": [6.5, 8, 7.5, 8.5], "texture": "#2"},
				"east": {"uv": [7.5, 8, 8.5, 8.5], "texture": "#2"},
				"south": {"uv": [8, 7.5, 9, 8], "texture": "#2"},
				"west": {"uv": [3, 8.5, 4, 9], "texture": "#2"},
				"up": {"uv": [6, 5, 5, 4], "texture": "#2"},
				"down": {"uv": [6, 5, 5, 6], "texture": "#2"}
			}
		},
		{
			"name": "g3",
			"from": [7.90409, -7.97164, 7.49591],
			"to": [8.90409, 19.92836, 8.49591],
			"rotation": {"angle": 45, "axis": "y", "origin": [8.4, 4.7, 8]},
			"faces": {
				"north": {"uv": [0, 0, 0.5, 14], "texture": "#2"},
				"east": {"uv": [0.5, 0, 1, 14], "texture": "#2"},
				"south": {"uv": [1, 0, 1.5, 14], "texture": "#2"},
				"west": {"uv": [1.5, 0, 2, 14], "texture": "#2"},
				"up": {"uv": [9, 6.5, 8.5, 6], "texture": "#2"},
				"down": {"uv": [7, 8.5, 6.5, 9], "texture": "#2"}
			}
		},
		{
			"name": "g4",
			"from": [7.60409, -10.47164, 7.19591],
			"to": [9.20409, -6.97164, 8.79591],
			"rotation": {"angle": 45, "axis": "y", "origin": [8.4, 4.7, 8]},
			"faces": {
				"north": {"uv": [3, 4.5, 4, 6.5], "texture": "#2"},
				"east": {"uv": [4, 4.5, 5, 6.5], "texture": "#2"},
				"south": {"uv": [5, 0, 6, 2], "texture": "#2"},
				"west": {"uv": [5, 2, 6, 4], "texture": "#2"},
				"up": {"uv": [7, 1, 6, 0], "texture": "#2"},
				"down": {"uv": [7, 1, 6, 2], "texture": "#2"}
			}
		},
		{
			"name": "g5",
			"from": [7.60409, 18.52836, 7.19591],
			"to": [9.20409, 20.02836, 8.79591],
			"rotation": {"angle": 45, "axis": "y", "origin": [8.4, 4.7, 8]},
			"faces": {
				"north": {"uv": [6, 2, 7, 3], "texture": "#2"},
				"east": {"uv": [6, 3, 7, 4], "texture": "#2"},
				"south": {"uv": [6, 4, 7, 5], "texture": "#2"},
				"west": {"uv": [5, 6, 6, 7], "texture": "#2"},
				"up": {"uv": [7, 6, 6, 5], "texture": "#2"},
				"down": {"uv": [7, 6, 6, 7], "texture": "#2"}
			}
		},
		{
			"name": "g6",
			"from": [7.30409, -9.77164, 6.89591],
			"to": [9.50409, -7.77164, 9.09591],
			"rotation": {"angle": 45, "axis": "y", "origin": [8.4, 4.7, 8]},
			"faces": {
				"north": {"uv": [3, 6.5, 4, 7.5], "texture": "#2"},
				"east": {"uv": [4, 6.5, 5, 7.5], "texture": "#2"},
				"south": {"uv": [7, 0, 8, 1], "texture": "#2"},
				"west": {"uv": [7, 1, 8, 2], "texture": "#2"},
				"up": {"uv": [8, 3, 7, 2], "texture": "#2"},
				"down": {"uv": [8, 3, 7, 4], "texture": "#2"}
			}
		},
		{
			"name": "g7",
			"from": [7.60409, -2.47164, 7.19591],
			"to": [9.20409, 6.02836, 8.79591],
			"rotation": {"angle": 45, "axis": "y", "origin": [8.4, 4.7, 8]},
			"faces": {
				"north": {"uv": [2, 0, 3, 4.5], "texture": "#2"},
				"east": {"uv": [3, 0, 4, 4.5], "texture": "#2"},
				"south": {"uv": [4, 0, 5, 4.5], "texture": "#2"},
				"west": {"uv": [2, 4.5, 3, 9], "texture": "#2"},
				"up": {"uv": [8, 5, 7, 4], "texture": "#2"},
				"down": {"uv": [6, 7, 5, 8], "texture": "#2"}
			}
		},
		{
			"name": "g8",
			"from": [7.30409, 3.22836, 6.89591],
			"to": [9.50409, 5.22836, 9.09591],
			"rotation": {"angle": 45, "axis": "y", "origin": [8.4, 4.7, 8]},
			"faces": {
				"north": {"uv": [7, 5, 8, 6], "texture": "#2"},
				"east": {"uv": [6, 7, 7, 8], "texture": "#2"},
				"south": {"uv": [7, 6, 8, 7], "texture": "#2"},
				"west": {"uv": [7, 7, 8, 8], "texture": "#2"},
				"up": {"uv": [4, 8.5, 3, 7.5], "texture": "#2"},
				"down": {"uv": [5, 7.5, 4, 8.5], "texture": "#2"}
			}
		},
		{
			"name": "g9",
			"from": [7.30409, -1.77164, 6.89591],
			"to": [9.50409, 0.22836, 9.09591],
			"rotation": {"angle": 45, "axis": "y", "origin": [8.4, 4.7, 8]},
			"faces": {
				"north": {"uv": [8, 0, 9, 1], "texture": "#2"},
				"east": {"uv": [8, 1, 9, 2], "texture": "#2"},
				"south": {"uv": [8, 2, 9, 3], "texture": "#2"},
				"west": {"uv": [8, 3, 9, 4], "texture": "#2"},
				"up": {"uv": [9, 5, 8, 4], "texture": "#2"},
				"down": {"uv": [6, 8, 5, 9], "texture": "#2"}
			}
		}
	],
	"display": {
		"thirdperson_righthand": {
			"rotation": [0, -180, 0],
			"translation": [0.5, 4.75, 1.75]
		},
		"thirdperson_lefthand": {
			"translation": [0.5, 4.75, 1.75]
		},
		"firstperson_righthand": {
			"rotation": [15, 0, 0],
			"translation": [0, 6, 0],
			"scale": [0.7, 0.7, 0.7]
		},
		"firstperson_lefthand": {
			"rotation": [15, 0, 0],
			"translation": [0, 6.25, 0],
			"scale": [0.7, 0.7, 0.7]
		},
		"gui": {
			"rotation": [109, 43, -110],
			"translation": [-1.25, -1.5, 0],
			"scale": [0.4, 0.4, 0.4]
		},
		"fixed": {
			"rotation": [0, 90, 0],
			"translation": [0, 0, -1.75],
			"scale": [2, 2, 2]
		}
	}
}