{
	"credit": "Made with Blockbench",
	"texture_size": [32, 32],
	"textures": {
		"0": "hanu/20bw1",
		"1": "hanu/20bw2",
		"particle": "hanu/20bw1"
	},
	"elements": [
		{
			"from": [7.8, -0.6357, 0.15575],
			"to": [8.2, 27.6643, 0.55575],
			"rotation": {"angle": 0, "axis": "y", "origin": [7.9, 12.1643, -1.64425]},
			"faces": {
				"north": {"uv": [0.5, 0, 0, 14.5], "rotation": 180, "texture": "#1"},
				"east": {"uv": [0, 6.5, 1.5, 14], "rotation": 270, "texture": "#1"},
				"south": {"uv": [0.5, 14.5, 0, 0], "texture": "#1"},
				"west": {"uv": [1, 4, 1.5, 6.5], "rotation": 90, "texture": "#1"},
				"up": {"uv": [1, 1, 1.5, 1.5], "rotation": 180, "texture": "#1"},
				"down": {"uv": [1, 1.5, 1.5, 2], "texture": "#1"}
			}
		},
		{
			"from": [7.3, 7.00441, 2.7739],
			"to": [8.7, 9.90441, 5.6739],
			"rotation": {"angle": -45, "axis": "x", "origin": [8, 13.5, 4.93517]},
			"faces": {
				"north": {"uv": [8.5, 2.5, 9.25, 4], "texture": "#0"},
				"east": {"uv": [3.5, 6, 5, 7.5], "texture": "#0"},
				"south": {"uv": [8.5, 4, 9.25, 5.5], "texture": "#0"},
				"west": {"uv": [5, 6, 6.5, 7.5], "texture": "#0"},
				"up": {"uv": [6.75, 10, 6, 8.5], "texture": "#0"},
				"down": {"uv": [7.75, 8.5, 7, 10], "texture": "#0"}
			}
		},
		{
			"from": [7.1, 7.50441, 3.2739],
			"to": [8.9, 9.40441, 5.1739],
			"rotation": {"angle": -45, "axis": "x", "origin": [8, 13.5, 4.93517]},
			"faces": {
				"north": {"uv": [2, 5, 3, 6], "texture": "#0"},
				"east": {"uv": [9, 1.5, 10, 2.5], "texture": "#0"},
				"south": {"uv": [9.5, 2.5, 10.5, 3.5], "texture": "#0"},
				"west": {"uv": [9.5, 3.5, 10.5, 4.5], "texture": "#0"},
				"up": {"uv": [10.5, 5.5, 9.5, 4.5], "texture": "#0"},
				"down": {"uv": [10.5, 5.5, 9.5, 6.5], "texture": "#0"}
			}
		},
		{
			"from": [7.5, 10, 7.5],
			"to": [8.5, 17, 8.5],
			"rotation": {"angle": 0, "axis": "y", "origin": [8, 13.5, 4.93517]},
			"faces": {
				"north": {"uv": [5, 7.5, 5.5, 11], "texture": "#0"},
				"east": {"uv": [0.25, 5, 0.75, 8.5], "texture": "#0"},
				"south": {"uv": [5.5, 7.5, 6, 11], "texture": "#0"},
				"west": {"uv": [1, 5, 1.5, 8.5], "texture": "#0"},
				"up": {"uv": [10.5, 11.75, 10, 11], "texture": "#0"},
				"down": {"uv": [11.5, 10, 11, 10.75], "texture": "#0"}
			}
		},
		{
			"from": [7.3, 17.09559, 2.7739],
			"to": [8.7, 19.99559, 5.6739],
			"rotation": {"angle": 45, "axis": "x", "origin": [8, 13.5, 4.93517]},
			"faces": {
				"north": {"uv": [8, 8.5, 8.75, 10], "texture": "#0"},
				"east": {"uv": [6.5, 6, 8, 7.5], "texture": "#0"},
				"south": {"uv": [9, 0, 9.75, 1.5], "texture": "#0"},
				"west": {"uv": [7, 0, 8.5, 1.5], "texture": "#0"},
				"up": {"uv": [2.25, 10.5, 1.5, 9], "texture": "#0"},
				"down": {"uv": [3.25, 9, 2.5, 10.5], "texture": "#0"}
			}
		},
		{
			"from": [7.1, 17.59559, 3.2739],
			"to": [8.9, 19.49559, 5.1739],
			"rotation": {"angle": 45, "axis": "x", "origin": [8, 13.5, 4.93517]},
			"faces": {
				"north": {"uv": [9.5, 6.5, 10.5, 7.5], "texture": "#0"},
				"east": {"uv": [9.5, 7.5, 10.5, 8.5], "texture": "#0"},
				"south": {"uv": [9.5, 8.5, 10.5, 9.5], "texture": "#0"},
				"west": {"uv": [9, 9.5, 10, 10.5], "texture": "#0"},
				"up": {"uv": [11, 1, 10, 0], "texture": "#0"},
				"down": {"uv": [11, 1, 10, 2], "texture": "#0"}
			}
		},
		{
			"from": [7.6, 16.83445, 8.55728],
			"to": [8.4, 20.83445, 10.95728],
			"rotation": {"angle": -22.5, "axis": "x", "origin": [8, 13.5, 4.93517]},
			"faces": {
				"north": {"uv": [6, 10, 6.5, 12], "texture": "#0"},
				"east": {"uv": [5.5, 0, 6.75, 2], "texture": "#0"},
				"south": {"uv": [6.5, 10, 7, 12], "texture": "#0"},
				"west": {"uv": [5.5, 2, 6.75, 4], "texture": "#0"},
				"up": {"uv": [2.5, 11.75, 2, 10.5], "texture": "#0"},
				"down": {"uv": [11, 2, 10.5, 3.25], "texture": "#0"}
			}
		},
		{
			"from": [7.598, 21.66227, 5.47479],
			"to": [8.402, 24.66227, 7.87479],
			"rotation": {"angle": 0, "axis": "y", "origin": [8, 13.5, 4.93517]},
			"faces": {
				"north": {"uv": [8, 10, 8.5, 11.5], "texture": "#0"},
				"east": {"uv": [7, 1.5, 8.25, 3], "texture": "#0"},
				"south": {"uv": [8.5, 10, 9, 11.5], "texture": "#0"},
				"west": {"uv": [7, 3, 8.25, 4.5], "texture": "#0"},
				"up": {"uv": [3, 11.75, 2.5, 10.5], "texture": "#0"},
				"down": {"uv": [3.5, 10.5, 3, 11.75], "texture": "#0"}
			}
		},
		{
			"from": [7.599, 16.98519, 6.82284],
			"to": [8.401, 18.88519, 9.22284],
			"rotation": {"angle": 0, "axis": "y", "origin": [8, 13.5, 4.93517]},
			"faces": {
				"north": {"uv": [11, 6, 11.5, 7], "texture": "#0"},
				"east": {"uv": [6, 7.5, 7.25, 8.5], "texture": "#0"},
				"south": {"uv": [11, 7, 11.5, 8], "texture": "#0"},
				"west": {"uv": [7.5, 7.5, 8.75, 8.5], "texture": "#0"},
				"up": {"uv": [11, 4.75, 10.5, 3.5], "texture": "#0"},
				"down": {"uv": [11, 5, 10.5, 6.25], "texture": "#0"}
			}
		},
		{
			"from": [7.599, 8.1148, 6.82284],
			"to": [8.401, 10.0148, 9.22284],
			"rotation": {"angle": 0, "axis": "y", "origin": [8, 13.5, 4.93517]},
			"faces": {
				"north": {"uv": [11, 8, 11.5, 9], "texture": "#0"},
				"east": {"uv": [2, 8, 3.25, 9], "texture": "#0"},
				"south": {"uv": [11, 9, 11.5, 10], "texture": "#0"},
				"west": {"uv": [8, 6, 9.25, 7], "texture": "#0"},
				"up": {"uv": [11, 7.75, 10.5, 6.5], "texture": "#0"},
				"down": {"uv": [11, 8, 10.5, 9.25], "texture": "#0"}
			}
		},
		{
			"from": [7.598, 24.45096, -5.63999],
			"to": [8.402, 26.85096, -1.23999],
			"rotation": {"angle": 22.5, "axis": "x", "origin": [8, 13.5, 4.93517]},
			"faces": {
				"north": {"uv": [9, 10.5, 9.5, 11.75], "texture": "#0"},
				"east": {"uv": [3, 0, 5.25, 1.25], "texture": "#0"},
				"south": {"uv": [9.5, 10.5, 10, 11.75], "texture": "#0"},
				"west": {"uv": [3, 1.5, 5.25, 2.75], "texture": "#0"},
				"up": {"uv": [4, 11.25, 3.5, 9], "texture": "#0"},
				"down": {"uv": [4.5, 9, 4, 11.25], "texture": "#0"}
			}
		},
		{
			"from": [7.598, 0.14904, -5.63999],
			"to": [8.402, 2.54904, -1.23999],
			"rotation": {"angle": -22.5, "axis": "x", "origin": [8, 13.5, 4.93517]},
			"faces": {
				"north": {"uv": [10.5, 9.5, 11, 10.75], "texture": "#0"},
				"east": {"uv": [3, 3, 5.25, 4.25], "texture": "#0"},
				"south": {"uv": [0, 11, 0.5, 12.25], "texture": "#0"},
				"west": {"uv": [3, 4.5, 5.25, 5.75], "texture": "#0"},
				"up": {"uv": [5, 11.25, 4.5, 9], "texture": "#0"},
				"down": {"uv": [9.5, 7, 9, 9.25], "texture": "#0"}
			}
		},
		{
			"from": [7.599, 19.31429, 12.50672],
			"to": [8.401, 24.31429, 14.90672],
			"rotation": {"angle": -45, "axis": "x", "origin": [8, 13.5, 4.93517]},
			"faces": {
				"north": {"uv": [0, 8.5, 0.5, 11], "texture": "#0"},
				"east": {"uv": [0, 0, 1.25, 2.5], "texture": "#0"},
				"south": {"uv": [8.5, 0, 9, 2.5], "texture": "#0"},
				"west": {"uv": [1.5, 0, 2.75, 2.5], "texture": "#0"},
				"up": {"uv": [11.5, 1.25, 11, 0], "texture": "#0"},
				"down": {"uv": [1, 11, 0.5, 12.25], "texture": "#0"}
			}
		},
		{
			"from": [7.598, 2.33773, 5.47479],
			"to": [8.402, 5.33773, 7.87479],
			"rotation": {"angle": 0, "axis": "y", "origin": [8, 13.5, 4.93517]},
			"faces": {
				"north": {"uv": [10, 9.5, 10.5, 11], "texture": "#0"},
				"east": {"uv": [7, 4.5, 8.25, 6], "texture": "#0"},
				"south": {"uv": [1.5, 10.5, 2, 12], "texture": "#0"},
				"west": {"uv": [3.5, 7.5, 4.75, 9], "texture": "#0"},
				"up": {"uv": [1.5, 12.25, 1, 11], "texture": "#0"},
				"down": {"uv": [11.5, 1.5, 11, 2.75], "texture": "#0"}
			}
		},
		{
			"from": [7.599, 2.68571, 12.50671],
			"to": [8.401, 7.68571, 14.90671],
			"rotation": {"angle": 45, "axis": "x", "origin": [8, 13.5, 4.93517]},
			"faces": {
				"north": {"uv": [0.5, 8.5, 1, 11], "texture": "#0"},
				"east": {"uv": [0, 2.5, 1.25, 5], "texture": "#0"},
				"south": {"uv": [1, 8.5, 1.5, 11], "texture": "#0"},
				"west": {"uv": [1.5, 2.5, 2.75, 5], "texture": "#0"},
				"up": {"uv": [11.5, 4.25, 11, 3], "texture": "#0"},
				"down": {"uv": [11.5, 4.5, 11, 5.75], "texture": "#0"}
			}
		},
		{
			"from": [7.6, 6.16555, 8.55728],
			"to": [8.4, 10.16555, 10.95728],
			"rotation": {"angle": 22.5, "axis": "x", "origin": [8, 13.5, 4.93517]},
			"faces": {
				"north": {"uv": [7, 10, 7.5, 12], "texture": "#0"},
				"east": {"uv": [5.5, 4, 6.75, 6], "texture": "#0"},
				"south": {"uv": [7.5, 10, 8, 12], "texture": "#0"},
				"west": {"uv": [2, 6, 3.25, 8], "texture": "#0"},
				"up": {"uv": [5.5, 12.25, 5, 11], "texture": "#0"},
				"down": {"uv": [6, 11, 5.5, 12.25], "texture": "#0"}
			}
		}
	],
	"display": {
		"thirdperson_righthand": {
			"rotation": [0, 180, 0],
			"translation": [0, -7.5, 1.25]
		},
		"firstperson_righthand": {
			"rotation": [0, 180, 0],
			"translation": [3, 0, 0]
		},
		"ground": {
			"rotation": [0, 0, 90],
			"translation": [5.25, 0, 0]
		},
		"gui": {
			"rotation": [90, 45, -90],
			"translation": [0, -5, 0],
			"scale": [0.57, 0.57, 0.57]
		},
		"fixed": {
			"rotation": [0, -90, 0],
			"translation": [-2, -6, -2]
		}
	},
	"groups": [
		0,
		{
			"name": "group",
			"origin": [8, 8, 8],
			"color": 0,
			"children": [1, 2, 3, 4, 5, 6, 7, 8, 9, 10, 11, 12, 13, 14, 15]
		}
	]
}