{
	"credit": "Made with Blockbench",
	"texture_size": [32, 32],
	"textures": {
		"1": "hanu/g1",
		"2": "hanu/g2",
		"3": "hanu/g3",
		"4": "hanu/g4",
		"particle": "hanu/g1"
	},
	"elements": [
		{
			"name": "l1",
			"from": [9.6, 8.729, 11.03423],
			"to": [10.8, 11.729, 14.03423],
			"rotation": {"angle": 0, "axis": "y", "origin": [10.1, 18.98205, 8.03423]},
			"faces": {
				"north": {"uv": [4.5, 2.5, 5, 4], "texture": "#2"},
				"east": {"uv": [10, 5, 11.5, 6.5], "texture": "#2"},
				"south": {"uv": [1.5, 7.5, 2, 9], "texture": "#2"},
				"west": {"uv": [6, 10, 7.5, 11.5], "texture": "#2"},
				"up": {"uv": [8.5, 6.5, 8, 5], "texture": "#2"},
				"down": {"uv": [13, 1.5, 12.5, 3], "texture": "#2"}
			}
		},
		{
			"name": "l2",
			"from": [9.598, 15.97469, 16.52688],
			"to": [10.801, 19.97469, 19.52688],
			"rotation": {"angle": 45, "axis": "x", "origin": [10.1, 18.98205, 8.03423]},
			"faces": {
				"north": {"uv": [1.5, 12.5, 2, 14.5], "texture": "#2"},
				"east": {"uv": [7, 6.5, 8.5, 8.5], "texture": "#2"},
				"south": {"uv": [12.5, 4.5, 13, 6.5], "texture": "#2"},
				"west": {"uv": [0, 7.5, 1.5, 9.5], "texture": "#2"},
				"up": {"uv": [13.5, 12, 13, 10.5], "texture": "#2"},
				"down": {"uv": [11.5, 13, 11, 14.5], "texture": "#2"}
			}
		},
		{
			"name": "l3",
			"from": [9.598, 19.9747, 17.5269],
			"to": [10.802, 22.9747, 19.5269],
			"rotation": {"angle": 45, "axis": "x", "origin": [10.1, 18.9821, 8.0342]},
			"faces": {
				"north": {"uv": [11.5, 13, 12, 14.5], "texture": "#2"},
				"east": {"uv": [11.5, 5, 12.5, 6.5], "texture": "#2"},
				"south": {"uv": [13, 12, 13.5, 13.5], "texture": "#2"},
				"west": {"uv": [11, 11.5, 12, 13], "texture": "#2"},
				"up": {"uv": [14.5, 7, 14, 6], "texture": "#2"},
				"down": {"uv": [14.5, 7, 14, 8], "texture": "#2"}
			}
		},
		{
			"name": "l4",
			"from": [9.598, 19.9747, 16.5269],
			"to": [10.802, 22.9747, 17.5269],
			"rotation": {"angle": 45, "axis": "x", "origin": [10.1, 18.9821, 8.0342]},
			"faces": {
				"north": {"uv": [13.5, 0, 14, 1.5], "texture": "#2"},
				"east": {"uv": [12, 0, 13, 1.5], "texture": "#2"},
				"south": {"uv": [13.5, 1.5, 14, 3], "texture": "#2"},
				"west": {"uv": [12, 3, 13, 4.5], "texture": "#2"},
				"up": {"uv": [14.5, 9, 14, 8], "texture": "#2"},
				"down": {"uv": [14.5, 9, 14, 10], "texture": "#2"}
			}
		},
		{
			"name": "l5",
			"from": [9.6, 13.50718, 16.95556],
			"to": [10.8, 15.70718, 22.15556],
			"rotation": {"angle": 0, "axis": "y", "origin": [10.1, 16.86073, 10.15556]},
			"faces": {
				"north": {"uv": [13.5, 3, 14, 4.5], "texture": "#2"},
				"east": {"uv": [0, 0, 3, 1.5], "texture": "#2"},
				"south": {"uv": [13.5, 4.5, 14, 6], "texture": "#2"},
				"west": {"uv": [0, 1.5, 3, 3], "texture": "#2"},
				"up": {"uv": [7.5, 14.5, 7, 11.5], "texture": "#2"},
				"down": {"uv": [4, 12, 3.5, 15], "texture": "#2"}
			}
		},
		{
			"name": "l6",
			"from": [9.599, 6.00413, 16.26952],
			"to": [10.805, 8.00413, 25.26952],
			"rotation": {"angle": -45, "axis": "x", "origin": [10.1, 16.86073, 10.15556]},
			"faces": {
				"north": {"uv": [14, 10, 14.5, 11], "texture": "#2"},
				"east": {"uv": [0, 3, 4.5, 4], "texture": "#2"},
				"south": {"uv": [14, 11, 14.5, 12], "texture": "#2"},
				"west": {"uv": [3, 0, 7.5, 1], "texture": "#2"},
				"up": {"uv": [8, 14.5, 7.5, 10], "texture": "#2"},
				"down": {"uv": [3.5, 10.5, 3, 15], "texture": "#2"}
			}
		},
		{
			"name": "l7",
			"from": [9.599, 9.36073, 19.31672],
			"to": [10.805, 10.36073, 27.31672],
			"rotation": {"angle": -45, "axis": "x", "origin": [10.1, 13.86073, 13.31672]},
			"faces": {
				"north": {"uv": [12, 14, 12.5, 15], "texture": "#2"},
				"east": {"uv": [6, 1, 9.5, 2], "texture": "#2"},
				"south": {"uv": [14, 12, 14.5, 13], "texture": "#2"},
				"west": {"uv": [7, 2, 10.5, 3], "texture": "#2"},
				"up": {"uv": [2.5, 14.5, 2, 11], "texture": "#2"},
				"down": {"uv": [3, 11, 2.5, 14.5], "texture": "#2"}
			}
		},
		{
			"name": "l8",
			"from": [9.598, 19.87114, 23.51952],
			"to": [10.806, 21.87114, 28.51952],
			"rotation": {"angle": 0, "axis": "y", "origin": [10.1, 16.86073, 10.15556]},
			"faces": {
				"north": {"uv": [14, 13, 14.5, 14], "texture": "#2"},
				"east": {"uv": [9.5, 3, 12, 4], "texture": "#2"},
				"south": {"uv": [14, 14, 14.5, 15], "texture": "#2"},
				"west": {"uv": [9.5, 4, 12, 5], "texture": "#2"},
				"up": {"uv": [12.5, 14, 12, 11.5], "texture": "#2"},
				"down": {"uv": [0.5, 12.5, 0, 15], "texture": "#2"}
			}
		},
		{
			"name": "l9",
			"from": [9.6, 8.53966, 23.73398],
			"to": [10.8, 12.53966, 25.73398],
			"rotation": {"angle": -45, "axis": "x", "origin": [10.1, 16.86073, 10.15556]},
			"faces": {
				"north": {"uv": [8, 12.5, 8.5, 14.5], "texture": "#2"},
				"east": {"uv": [8, 10.5, 9, 12.5], "texture": "#2"},
				"south": {"uv": [8.5, 12.5, 9, 14.5], "texture": "#2"},
				"west": {"uv": [9, 10.5, 10, 12.5], "texture": "#2"},
				"up": {"uv": [15, 1, 14.5, 0], "texture": "#2"},
				"down": {"uv": [15, 1, 14.5, 2], "texture": "#2"}
			}
		},
		{
			"name": "l10",
			"from": [9.6, 9.53966, 21.73398],
			"to": [10.8, 13.53966, 23.73398],
			"rotation": {"angle": -45, "axis": "x", "origin": [10.1, 16.86073, 10.15556]},
			"faces": {
				"north": {"uv": [9, 12.5, 9.5, 14.5], "texture": "#2"},
				"east": {"uv": [10, 10.5, 11, 12.5], "texture": "#2"},
				"south": {"uv": [9.5, 12.5, 10, 14.5], "texture": "#2"},
				"west": {"uv": [11, 0, 12, 2], "texture": "#2"},
				"up": {"uv": [2, 15.5, 1.5, 14.5], "texture": "#2"},
				"down": {"uv": [2.5, 14.5, 2, 15.5], "texture": "#2"}
			}
		},
		{
			"name": "lend",
			"from": [9.4, 21.52089, 20.81241],
			"to": [11, 25.52089, 24.81241],
			"rotation": {"angle": 45, "axis": "x", "origin": [10.1, 22.52089, 22.81241]},
			"faces": {
				"north": {"uv": [8, 3, 9.5, 5], "texture": "#2"},
				"east": {"uv": [5, 2.5, 7, 4.5], "texture": "#2"},
				"south": {"uv": [3, 8.5, 4.5, 10.5], "texture": "#2"},
				"west": {"uv": [5, 4.5, 7, 6.5], "texture": "#2"},
				"up": {"uv": [6, 10.5, 4.5, 8.5], "texture": "#2"},
				"down": {"uv": [10, 5, 8.5, 7], "texture": "#2"}
			}
		},
		{
			"name": "r1",
			"from": [9.6, 8.729, 2.03423],
			"to": [10.8, 11.729, 5.03423],
			"rotation": {"angle": 0, "axis": "y", "origin": [10.1, 18.98205, 8.03423]},
			"faces": {
				"north": {"uv": [13.5, 6, 14, 7.5], "texture": "#2"},
				"east": {"uv": [3.5, 10.5, 5, 12], "texture": "#2"},
				"south": {"uv": [13.5, 7.5, 14, 9], "texture": "#2"},
				"west": {"uv": [10.5, 6.5, 12, 8], "texture": "#2"},
				"up": {"uv": [14, 10.5, 13.5, 9], "texture": "#2"},
				"down": {"uv": [14, 10.5, 13.5, 12], "texture": "#2"}
			}
		},
		{
			"name": "r2",
			"from": [9.598, 7.48941, 7.04159],
			"to": [10.801, 10.48941, 11.04159],
			"rotation": {"angle": 45, "axis": "x", "origin": [10.1, 18.98205, 8.03423]},
			"faces": {
				"north": {"uv": [13.5, 12, 14, 13.5], "texture": "#2"},
				"east": {"uv": [6, 8.5, 8, 10], "texture": "#2"},
				"south": {"uv": [12.5, 13.5, 13, 15], "texture": "#2"},
				"west": {"uv": [8.5, 7, 10.5, 8.5], "texture": "#2"},
				"up": {"uv": [10.5, 14.5, 10, 12.5], "texture": "#2"},
				"down": {"uv": [11, 12.5, 10.5, 14.5], "texture": "#2"}
			}
		},
		{
			"name": "r3",
			"from": [9.598, 15.73208, -2.88729],
			"to": [10.802, 17.73208, 0.11271],
			"rotation": {"angle": 45, "axis": "x", "origin": [10.1, 14.73948, -5.37999]},
			"faces": {
				"north": {"uv": [14.5, 2, 15, 3], "texture": "#2"},
				"east": {"uv": [12, 6.5, 13.5, 7.5], "texture": "#2"},
				"south": {"uv": [2.5, 14.5, 3, 15.5], "texture": "#2"},
				"west": {"uv": [12, 7.5, 13.5, 8.5], "texture": "#2"},
				"up": {"uv": [13.5, 15, 13, 13.5], "texture": "#2"},
				"down": {"uv": [14, 13.5, 13.5, 15], "texture": "#2"}
			}
		},
		{
			"name": "r4",
			"from": [9.598, 17.73208, -2.88729],
			"to": [10.802, 18.73208, 0.11271],
			"rotation": {"angle": 45, "axis": "x", "origin": [10.1, 14.73948, -5.37999]},
			"faces": {
				"north": {"uv": [14.5, 3, 15, 4], "texture": "#2"},
				"east": {"uv": [12, 8.5, 13.5, 9.5], "texture": "#2"},
				"south": {"uv": [14.5, 4, 15, 5], "texture": "#2"},
				"west": {"uv": [12, 9.5, 13.5, 10.5], "texture": "#2"},
				"up": {"uv": [14.5, 1.5, 14, 0], "texture": "#2"},
				"down": {"uv": [14.5, 1.5, 14, 3], "texture": "#2"}
			}
		},
		{
			"name": "r5",
			"from": [9.6, 13.50718, -6.08709],
			"to": [10.8, 15.70718, -0.88709],
			"rotation": {"angle": 0, "axis": "y", "origin": [10.1, 16.86073, 5.91291]},
			"faces": {
				"north": {"uv": [14, 3, 14.5, 4.5], "texture": "#2"},
				"east": {"uv": [3, 1, 6, 2.5], "texture": "#2"},
				"south": {"uv": [14, 4.5, 14.5, 6], "texture": "#2"},
				"west": {"uv": [0, 4, 3, 5.5], "texture": "#2"},
				"up": {"uv": [4.5, 15, 4, 12], "texture": "#2"},
				"down": {"uv": [5, 12, 4.5, 15], "texture": "#2"}
			}
		},
		{
			"name": "r6",
			"from": [9.599, 12.89627, -9.56196],
			"to": [10.805, 21.89627, -7.56196],
			"rotation": {"angle": -45, "axis": "x", "origin": [10.1, 17.39627, -8.56196]},
			"faces": {
				"north": {"uv": [5, 10.5, 5.5, 15], "texture": "#2"},
				"east": {"uv": [3, 4, 4, 8.5], "texture": "#2"},
				"south": {"uv": [5.5, 10.5, 6, 15], "texture": "#2"},
				"west": {"uv": [4, 4, 5, 8.5], "texture": "#2"},
				"up": {"uv": [15, 6, 14.5, 5], "texture": "#2"},
				"down": {"uv": [15, 6, 14.5, 7], "texture": "#2"}
			}
		},
		{
			"name": "r7",
			"from": [9.599, 12.8963, -7.562],
			"to": [10.805, 20.8963, -6.562],
			"rotation": {"angle": -45, "axis": "x", "origin": [10.1, 17.3963, -8.562]},
			"faces": {
				"north": {"uv": [6, 11.5, 6.5, 15], "texture": "#2"},
				"east": {"uv": [2, 5.5, 3, 9], "texture": "#2"},
				"south": {"uv": [6.5, 11.5, 7, 15], "texture": "#2"},
				"west": {"uv": [7, 3, 8, 6.5], "texture": "#2"},
				"up": {"uv": [7.5, 15.5, 7, 14.5], "texture": "#2"},
				"down": {"uv": [15, 7, 14.5, 8], "texture": "#2"}
			}
		},
		{
			"name": "r8",
			"from": [9.598, 19.87114, -12.45105],
			"to": [10.806, 21.87114, -7.45105],
			"rotation": {"angle": 0, "axis": "y", "origin": [10.1, 21.37114, -9.95105]},
			"faces": {
				"north": {"uv": [7.5, 14.5, 8, 15.5], "texture": "#2"},
				"east": {"uv": [9.5, 8.5, 12, 9.5], "texture": "#2"},
				"south": {"uv": [8, 14.5, 8.5, 15.5], "texture": "#2"},
				"west": {"uv": [9.5, 9.5, 12, 10.5], "texture": "#2"},
				"up": {"uv": [1, 15, 0.5, 12.5], "texture": "#2"},
				"down": {"uv": [1.5, 12.5, 1, 15], "texture": "#2"}
			}
		},
		{
			"name": "r9",
			"from": [9.6, 23.69957, -10.03683],
			"to": [10.8, 25.69957, -6.03683],
			"rotation": {"angle": -45, "axis": "x", "origin": [10.1, 22.69957, -6.03683]},
			"faces": {
				"north": {"uv": [14.5, 8, 15, 9], "texture": "#2"},
				"east": {"uv": [7.5, 0, 9.5, 1], "texture": "#2"},
				"south": {"uv": [8.5, 14.5, 9, 15.5], "texture": "#2"},
				"west": {"uv": [10.5, 2, 12.5, 3], "texture": "#2"},
				"up": {"uv": [13, 13.5, 12.5, 11.5], "texture": "#2"},
				"down": {"uv": [13.5, 0, 13, 2], "texture": "#2"}
			}
		},
		{
			"name": "r10",
			"from": [9.6, 21.69957, -9.03683],
			"to": [10.8, 23.69957, -5.03683],
			"rotation": {"angle": -45, "axis": "x", "origin": [10.1, 22.69957, -6.03683]},
			"faces": {
				"north": {"uv": [9, 14.5, 9.5, 15.5], "texture": "#2"},
				"east": {"uv": [11, 10.5, 13, 11.5], "texture": "#2"},
				"south": {"uv": [14.5, 9, 15, 10], "texture": "#2"},
				"west": {"uv": [0, 11.5, 2, 12.5], "texture": "#2"},
				"up": {"uv": [13.5, 4, 13, 2], "texture": "#2"},
				"down": {"uv": [13.5, 4, 13, 6], "texture": "#2"}
			}
		},
		{
			"name": "rend",
			"from": [9.4, 21.72799, -9.24394],
			"to": [11, 25.72799, -5.24394],
			"rotation": {"angle": -45, "axis": "x", "origin": [10.1, 23.22799, -6.74394]},
			"faces": {
				"north": {"uv": [8, 8.5, 9.5, 10.5], "texture": "#2"},
				"east": {"uv": [0, 5.5, 2, 7.5], "texture": "#2"},
				"south": {"uv": [1.5, 9, 3, 11], "texture": "#2"},
				"west": {"uv": [5, 6.5, 7, 8.5], "texture": "#2"},
				"up": {"uv": [1.5, 11.5, 0, 9.5], "texture": "#2"},
				"down": {"uv": [11, 0, 9.5, 2], "texture": "#2"}
			}
		},
		{
			"name": "g1",
			"from": [9.1, 9.42836, 6.35195],
			"to": [11.3, 10.52836, 9.65195],
			"rotation": {"angle": 0, "axis": "y", "origin": [10.7, 6.7, 8]},
			"faces": {
				"north": {"uv": [3, 5, 5, 6], "texture": "#3"},
				"east": {"uv": [4, 4, 7, 5], "texture": "#3"},
				"south": {"uv": [5, 5, 7, 6], "texture": "#3"},
				"west": {"uv": [0, 5, 3, 6], "texture": "#3"},
				"up": {"uv": [2, 3, 0, 0], "texture": "#3"},
				"down": {"uv": [4, 0, 2, 3], "texture": "#3"}
			}
		},
		{
			"name": "gl",
			"from": [9.598, 9.0736, 9.3017],
			"to": [10.796, 11.0736, 11.3017],
			"rotation": {"angle": 22.5, "axis": "x", "origin": [10.1, 9.5736, 10.3017]},
			"faces": {
				"north": {"uv": [0, 6, 1, 8], "texture": "#3"},
				"east": {"uv": [0, 3, 2, 5], "texture": "#3"},
				"south": {"uv": [6, 0, 7, 2], "texture": "#3"},
				"west": {"uv": [2, 3, 4, 5], "texture": "#3"},
				"up": {"uv": [2, 8, 1, 6], "texture": "#3"},
				"down": {"uv": [3, 6, 2, 8], "texture": "#3"}
			}
		},
		{
			"name": "gr",
			"from": [9.598, 10.8348, 3.6208],
			"to": [10.796, 12.8348, 5.6208],
			"rotation": {"angle": -22.5, "axis": "x", "origin": [10.1, 13.3348, 9.6208]},
			"faces": {
				"north": {"uv": [6, 2, 7, 4], "texture": "#3"},
				"east": {"uv": [4, 0, 6, 2], "texture": "#3"},
				"south": {"uv": [3, 6, 4, 8], "texture": "#3"},
				"west": {"uv": [4, 2, 6, 4], "texture": "#3"},
				"up": {"uv": [5, 8, 4, 6], "texture": "#3"},
				"down": {"uv": [6, 6, 5, 8], "texture": "#3"}
			}
		},
		{
			"name": "c1",
			"from": [9, 10.09, 2.9333],
			"to": [11.4, 11.09, 5.4333],
			"rotation": {"angle": 22.5, "axis": "x", "origin": [10.7, 6.2, 8]},
			"faces": {
				"north": {"uv": [10, 5, 11, 6], "texture": "#1"},
				"east": {"uv": [10, 0, 12, 1], "texture": "#1"},
				"south": {"uv": [4, 11, 5, 12], "texture": "#1"},
				"west": {"uv": [10, 1, 12, 2], "texture": "#1"},
				"up": {"uv": [10, 9, 9, 7], "texture": "#1"},
				"down": {"uv": [9, 10, 8, 12], "texture": "#1"}
			}
		},
		{
			"name": "c2",
			"from": [9, 9.09, 2.4333],
			"to": [11.4, 10.09, 5.4333],
			"rotation": {"angle": 22.5, "axis": "x", "origin": [10.7, 6.2, 8]},
			"faces": {
				"north": {"uv": [11, 4, 12, 5], "texture": "#1"},
				"east": {"uv": [7, 5, 10, 6], "texture": "#1"},
				"south": {"uv": [5, 11, 6, 12], "texture": "#1"},
				"west": {"uv": [1, 8, 4, 9], "texture": "#1"},
				"up": {"uv": [5, 11, 4, 8], "texture": "#1"},
				"down": {"uv": [2, 9, 1, 12], "texture": "#1"}
			}
		},
		{
			"name": "c3",
			"from": [9, 8.09, 1.9333],
			"to": [11.4, 9.09, 5.4333],
			"rotation": {"angle": 22.5, "axis": "x", "origin": [10.7, 6.2, 8]},
			"faces": {
				"north": {"uv": [11, 5, 12, 6], "texture": "#1"},
				"east": {"uv": [0, 6, 4, 7], "texture": "#1"},
				"south": {"uv": [6, 11, 7, 12], "texture": "#1"},
				"west": {"uv": [4, 6, 8, 7], "texture": "#1"},
				"up": {"uv": [1, 11, 0, 7], "texture": "#1"},
				"down": {"uv": [8, 0, 7, 4], "texture": "#1"}
			}
		},
		{
			"name": "d1",
			"from": [9, 10.09, 10.5667],
			"to": [11.4, 11.09, 13.0667],
			"rotation": {"angle": -22.5, "axis": "x", "origin": [10.7, 6.2, 8]},
			"faces": {
				"north": {"uv": [11, 6, 12, 7], "texture": "#1"},
				"east": {"uv": [8, 2, 11, 3], "texture": "#1"},
				"south": {"uv": [11, 7, 12, 8], "texture": "#1"},
				"west": {"uv": [8, 3, 11, 4], "texture": "#1"},
				"up": {"uv": [3, 12, 2, 9], "texture": "#1"},
				"down": {"uv": [4, 9, 3, 12], "texture": "#1"}
			}
		},
		{
			"name": "d2",
			"from": [9, 9.09, 10.5667],
			"to": [11.4, 10.09, 13.5667],
			"rotation": {"angle": -22.5, "axis": "x", "origin": [10.7, 6.2, 8]},
			"faces": {
				"north": {"uv": [11, 8, 12, 9], "texture": "#1"},
				"east": {"uv": [8, 6, 11, 7], "texture": "#1"},
				"south": {"uv": [11, 9, 12, 10], "texture": "#1"},
				"west": {"uv": [7, 9, 10, 10], "texture": "#1"},
				"up": {"uv": [8, 13, 7, 10], "texture": "#1"},
				"down": {"uv": [11, 7, 10, 10], "texture": "#1"}
			}
		},
		{
			"name": "d3",
			"from": [9, 8.09, 10.5667],
			"to": [11.4, 9.09, 14.0667],
			"rotation": {"angle": -22.5, "axis": "x", "origin": [10.7, 6.2, 8]},
			"faces": {
				"north": {"uv": [11, 10, 12, 11], "texture": "#1"},
				"east": {"uv": [1, 7, 5, 8], "texture": "#1"},
				"south": {"uv": [11, 11, 12, 12], "texture": "#1"},
				"west": {"uv": [7, 4, 11, 5], "texture": "#1"},
				"up": {"uv": [6, 11, 5, 7], "texture": "#1"},
				"down": {"uv": [7, 7, 6, 11], "texture": "#1"}
			}
		},
		{
			"name": "e1",
			"from": [8.9, 7.50115, 3.59491],
			"to": [11.6, 10.60115, 6.69491],
			"rotation": {"angle": 45, "axis": "x", "origin": [10.7, 6.2, 8]},
			"faces": {
				"north": {"uv": [3, 0, 5, 3], "texture": "#1"},
				"east": {"uv": [0, 0, 3, 3], "texture": "#1"},
				"south": {"uv": [3, 3, 5, 6], "texture": "#1"},
				"west": {"uv": [0, 3, 3, 6], "texture": "#1"},
				"up": {"uv": [7, 3, 5, 0], "texture": "#1"},
				"down": {"uv": [7, 3, 5, 6], "texture": "#1"}
			}
		},
		{
			"name": "e2",
			"from": [9.1, 27.60115, 5.39491],
			"to": [11.4, 30.70115, 8.49491],
			"rotation": {"angle": 45, "axis": "x", "origin": [10.7, 6.2, 8]},
			"faces": {
				"north": {"uv": [3, 0, 5, 3], "texture": "#1"},
				"east": {"uv": [0, 0, 3, 3], "texture": "#1"},
				"south": {"uv": [3, 3, 5, 6], "texture": "#1"},
				"west": {"uv": [0, 3, 3, 6], "texture": "#1"},
				"up": {"uv": [7, 3, 5, 0], "texture": "#1"},
				"down": {"uv": [7, 3, 5, 6], "texture": "#1"}
			}
		},
		{
			"name": "e3",
			"from": [9.1, 21.33, -9.28487],
			"to": [11.4, 24.43, -6.18487],
			"rotation": {"angle": 45, "axis": "x", "origin": [10.25, 22.68, -7.13487]},
			"faces": {
				"north": {"uv": [3, 0, 5, 3], "texture": "#1"},
				"east": {"uv": [0, 0, 3, 3], "texture": "#1"},
				"south": {"uv": [3, 3, 5, 6], "texture": "#1"},
				"west": {"uv": [0, 3, 3, 6], "texture": "#1"},
				"up": {"uv": [7, 3, 5, 0], "texture": "#1"},
				"down": {"uv": [7, 3, 5, 6], "texture": "#1"}
			}
		},
		{
			"name": "f1",
			"from": [8.6, 8.10115, 4.19491],
			"to": [11.9, 10.00115, 6.09491],
			"rotation": {"angle": 45, "axis": "x", "origin": [10.7, 6.2, 8]},
			"faces": {
				"north": {"uv": [9, 10, 10, 12], "texture": "#1"},
				"east": {"uv": [7, 7, 9, 9], "texture": "#1"},
				"south": {"uv": [10, 10, 11, 12], "texture": "#1"},
				"west": {"uv": [8, 0, 10, 2], "texture": "#1"},
				"up": {"uv": [1, 13, 0, 11], "texture": "#1"},
				"down": {"uv": [12, 2, 11, 4], "texture": "#1"}
			}
		},
		{
			"name": "f2",
			"from": [8.8, 28.10115, 6.09491],
			"to": [11.7, 30.00115, 7.99491],
			"rotation": {"angle": 45, "axis": "x", "origin": [10.7, 6.2, 8]},
			"faces": {
				"north": {"uv": [9, 10, 10, 12], "texture": "#1"},
				"east": {"uv": [7, 7, 9, 9], "texture": "#1"},
				"south": {"uv": [10, 10, 11, 12], "texture": "#1"},
				"west": {"uv": [8, 0, 10, 2], "texture": "#1"},
				"up": {"uv": [1, 13, 0, 11], "texture": "#1"},
				"down": {"uv": [12, 2, 11, 4], "texture": "#1"}
			}
		},
		{
			"name": "f3",
			"from": [8.8, 6.40115, -15.90509],
			"to": [11.7, 8.30115, -14.00509],
			"rotation": {"angle": 45, "axis": "x", "origin": [10.7, 6.2, 8]},
			"faces": {
				"north": {"uv": [9, 10, 10, 12], "texture": "#1"},
				"east": {"uv": [7, 7, 9, 9], "texture": "#1"},
				"south": {"uv": [10, 10, 11, 12], "texture": "#1"},
				"west": {"uv": [8, 0, 10, 2], "texture": "#1"},
				"up": {"uv": [1, 13, 0, 11], "texture": "#1"},
				"down": {"uv": [12, 2, 11, 4], "texture": "#1"}
			}
		},
		{
			"from": [10, 22.29957, -6.62262],
			"to": [10.4, 22.69957, 22.37738],
			"rotation": {"angle": 0, "axis": "y", "origin": [8.8, 20.69957, -6.62262]},
			"faces": {
				"north": {"uv": [1, 1, 1.5, 1.5], "texture": "#4"},
				"east": {"uv": [0, 0, 14.5, 0.5], "texture": "#4"},
				"south": {"uv": [1, 1.5, 1.5, 2], "texture": "#4"},
				"west": {"uv": [0, 0.5, 14.5, 1], "texture": "#4"},
				"up": {"uv": [0.5, 15.5, 0, 1], "texture": "#4"},
				"down": {"uv": [1, 1, 0.5, 15.5], "texture": "#4"}
			}
		}
	],
	"display": {
		"thirdperson_righthand": {
			"rotation": [90, 0, 0],
			"translation": [-1.25, -2, -0.75]
		},
		"thirdperson_lefthand": {
			"rotation": [90, 0, 0],
			"translation": [3.25, -2, -0.75]
		},
		"firstperson_righthand": {
			"rotation": [100, 0, 0],
			"translation": [1.25, 0, -2.25],
			"scale": [0.7, 0.7, 0.7]
		},
		"firstperson_lefthand": {
			"rotation": [100, 0, 0],
			"translation": [1.25, 10, -0.25],
			"scale": [0.7, 0.7, 0.7]
		},
		"ground": {
			"rotation": [90, 0, 0],
			"translation": [0, 10, -5]
		},
		"gui": {
			"rotation": [90, -45, 90],
			"translation": [5, -4.5, 0],
			"scale": [0.47, 0.52, 0.45]
		},
		"fixed": {
			"rotation": [-90, 0, 90],
			"translation": [7.5, 0, 1.5],
			"scale": [2, 2, 2]
		}
	},
	"groups": [
		{
			"name": "bol left",
			"origin": [10.1, 23.82089, 22.81241],
			"color": 0,
			"children": [0, 1, 2, 3, 4, 5, 6, 7, 8, 9, 10]
		},
		{
			"name": "bow right",
			"origin": [10.1, 22.69957, -6.03683],
			"color": 0,
			"children": [11, 12, 13, 14, 15, 16, 17, 18, 19, 20, 21]
		},
		22,
		23,
		24,
		{
			"name": "문양",
			"origin": [8.4, 6.7, 8],
			"color": 0,
			"children": [25, 26, 27, 28, 29, 30, 31, 32, 33, 34, 35, 36]
		},
		37
	]
}