{
	"credit": "Made with Blockbench",
	"texture_size": [32, 32],
	"textures": {
		"0": "hanu/ibw1",
		"1": "hanu/ibw2",
		"particle": "hanu/ibw1"
	},
	"elements": [
		{
			"from": [3.31384, -12.11761, 7.403],
			"to": [3.51384, 28.78239, 7.603],
			"rotation": {"angle": 0, "axis": "y", "origin": [1.31384, 1.78239, 7.003]},
			"faces": {
				"north": {"uv": [0, 0, 0.5, 14.5], "texture": "#1"},
				"east": {"uv": [0.5, 0, 1, 14.5], "texture": "#1"},
				"south": {"uv": [1, 0, 1.5, 14.5], "texture": "#1"},
				"west": {"uv": [1.5, 0, 2, 14.5], "texture": "#1"},
				"up": {"uv": [2.5, 0.5, 2, 0], "texture": "#1"},
				"down": {"uv": [2.5, 0.5, 2, 1], "texture": "#1"}
			}
		},
		{
			"from": [9.9764, 16.98057, 6.801],
			"to": [10.9764, 21.23057, 8.201],
			"rotation": {"angle": 0, "axis": "y", "origin": [-1.8236, -4.44443, 7.5]},
			"faces": {
				"north": {"uv": [9, 5.5, 9.5, 7], "texture": "#0"},
				"east": {"uv": [6, 9, 6.5, 10.5], "texture": "#0"},
				"south": {"uv": [6.5, 9, 7, 10.5], "texture": "#0"},
				"west": {"uv": [7, 9, 7.5, 10.5], "texture": "#0"},
				"up": {"uv": [11.5, 6.5, 11, 6], "texture": "#0"},
				"down": {"uv": [7, 11, 6.5, 11.5], "texture": "#0"}
			}
		},
		{
			"from": [6.7, 10.5459, 6.8],
			"to": [8.3, 11.5459, 8.2],
			"rotation": {"angle": 0, "axis": "y", "origin": [8, -2.45, 7.5]},
			"faces": {
				"north": {"uv": [0.5, 10.5, 1.5, 11], "texture": "#0"},
				"east": {"uv": [11, 6.5, 11.5, 7], "texture": "#0"},
				"south": {"uv": [10.5, 2.5, 11.5, 3], "texture": "#0"},
				"west": {"uv": [7, 11, 7.5, 11.5], "texture": "#0"},
				"up": {"uv": [11.5, 3.5, 10.5, 3], "texture": "#0"},
				"down": {"uv": [11.5, 3.5, 10.5, 4], "texture": "#0"}
			}
		},
		{
			"from": [6.7, 5.4459, 6.8],
			"to": [8.3, 6.4459, 8.2],
			"rotation": {"angle": 0, "axis": "y", "origin": [8, -2.4082, 7.5]},
			"faces": {
				"north": {"uv": [10.5, 4, 11.5, 4.5], "texture": "#0"},
				"east": {"uv": [7.5, 11, 8, 11.5], "texture": "#0"},
				"south": {"uv": [10.5, 4.5, 11.5, 5], "texture": "#0"},
				"west": {"uv": [11, 7.5, 11.5, 8], "texture": "#0"},
				"up": {"uv": [6, 11, 5, 10.5], "texture": "#0"},
				"down": {"uv": [7, 10.5, 6, 11], "texture": "#0"}
			}
		},
		{
			"from": [6.9, 6, 7],
			"to": [8.1, 11, 8],
			"rotation": {"angle": 0, "axis": "y", "origin": [8, -2.45, 7.5]},
			"faces": {
				"north": {"uv": [6, 6.5, 6.5, 9], "texture": "#0"},
				"east": {"uv": [6.5, 6.5, 7, 9], "texture": "#0"},
				"south": {"uv": [7, 6.5, 7.5, 9], "texture": "#0"},
				"west": {"uv": [0, 7.5, 0.5, 10], "texture": "#0"},
				"up": {"uv": [11.5, 8.5, 11, 8], "texture": "#0"},
				"down": {"uv": [11.5, 8.5, 11, 9], "texture": "#0"}
			}
		},
		{
			"from": [1.66177, 24.20044, 7.001],
			"to": [7.66177, 26.20044, 7.997],
			"rotation": {"angle": -45, "axis": "z", "origin": [7.56976, 25.2708, 7.499]},
			"faces": {
				"north": {"uv": [0, 0, 3, 1], "texture": "#0"},
				"east": {"uv": [2.5, 4, 3, 5], "texture": "#0"},
				"south": {"uv": [0, 1, 3, 2], "texture": "#0"},
				"west": {"uv": [2, 10.5, 2.5, 11.5], "texture": "#0"},
				"up": {"uv": [8, 1.5, 5, 1], "texture": "#0"},
				"down": {"uv": [8, 1.5, 5, 2], "texture": "#0"}
			}
		},
		{
			"from": [2.58565, 25.58313, 6.803],
			"to": [8.58565, 26.58313, 8.199],
			"rotation": {"angle": -45, "axis": "z", "origin": [7.56976, 25.2708, 7.499]},
			"faces": {
				"north": {"uv": [5, 2, 8, 2.5], "texture": "#0"},
				"east": {"uv": [11, 9, 11.5, 9.5], "texture": "#0"},
				"south": {"uv": [5, 2.5, 8, 3], "texture": "#0"},
				"west": {"uv": [11, 9.5, 11.5, 10], "texture": "#0"},
				"up": {"uv": [8, 3.5, 5, 3], "texture": "#0"},
				"down": {"uv": [8, 3.5, 5, 4], "texture": "#0"}
			}
		},
		{
			"from": [8.17096, 20.23445, 6.802],
			"to": [9.17096, 24.83445, 8.2],
			"rotation": {"angle": 22.5, "axis": "z", "origin": [7.56976, 25.2708, 7.499]},
			"faces": {
				"north": {"uv": [0.5, 7.5, 1, 10], "texture": "#0"},
				"east": {"uv": [1, 7.5, 1.5, 10], "texture": "#0"},
				"south": {"uv": [1.5, 7.5, 2, 10], "texture": "#0"},
				"west": {"uv": [7.5, 6.5, 8, 9], "texture": "#0"},
				"up": {"uv": [11.5, 10.5, 11, 10], "texture": "#0"},
				"down": {"uv": [11.5, 10.5, 11, 11], "texture": "#0"}
			}
		},
		{
			"from": [6.46385, 20.94155, 7],
			"to": [8.46385, 25.54155, 7.998],
			"rotation": {"angle": 22.5, "axis": "z", "origin": [7.56976, 25.2708, 7.499]},
			"faces": {
				"north": {"uv": [3, 0, 4, 2.5], "texture": "#0"},
				"east": {"uv": [8, 0, 8.5, 2.5], "texture": "#0"},
				"south": {"uv": [3, 2.5, 4, 5], "texture": "#0"},
				"west": {"uv": [2, 8, 2.5, 10.5], "texture": "#0"},
				"up": {"uv": [8, 11, 7, 10.5], "texture": "#0"},
				"down": {"uv": [11.5, 7, 10.5, 7.5], "texture": "#0"}
			}
		},
		{
			"from": [6.46385, -8.54155, 7],
			"to": [8.46385, -3.94155, 7.998],
			"rotation": {"angle": -22.5, "axis": "z", "origin": [7.56976, -8.2708, 7.499]},
			"faces": {
				"north": {"uv": [0, 4, 2.5, 5], "rotation": 90, "texture": "#0"},
				"east": {"uv": [10.5, 2.5, 8, 3], "rotation": 270, "texture": "#0"},
				"south": {"uv": [4, 0, 6.5, 1], "rotation": 270, "texture": "#0"},
				"west": {"uv": [5, 8.5, 2.5, 8], "rotation": 270, "texture": "#0"},
				"up": {"uv": [10.5, 7.5, 11, 8.5], "rotation": 270, "texture": "#0"},
				"down": {"uv": [10.5, 8.5, 11, 9.5], "rotation": 270, "texture": "#0"}
			}
		},
		{
			"from": [8.17096, -7.83445, 6.802],
			"to": [9.17096, -3.23445, 8.2],
			"rotation": {"angle": -22.5, "axis": "z", "origin": [7.56976, -8.2708, 7.499]},
			"faces": {
				"north": {"uv": [8, 3, 10.5, 3.5], "rotation": 90, "texture": "#0"},
				"east": {"uv": [10.5, 4.5, 8, 5], "rotation": 270, "texture": "#0"},
				"south": {"uv": [8, 3.5, 10.5, 4], "rotation": 270, "texture": "#0"},
				"west": {"uv": [10.5, 4.5, 8, 4], "rotation": 270, "texture": "#0"},
				"up": {"uv": [11, 11, 11.5, 11.5], "rotation": 270, "texture": "#0"},
				"down": {"uv": [0.5, 11.5, 1, 12], "rotation": 270, "texture": "#0"}
			}
		},
		{
			"from": [1.66177, -9.20045, 7.1],
			"to": [7.66177, -7.20045, 8.096],
			"rotation": {"angle": 45, "axis": "z", "origin": [7.56976, -8.2708, 7.499]},
			"faces": {
				"north": {"uv": [0, 2, 3, 3], "texture": "#0"},
				"east": {"uv": [10.5, 9.5, 11, 10.5], "texture": "#0"},
				"south": {"uv": [0, 3, 3, 4], "texture": "#0"},
				"west": {"uv": [10.5, 10.5, 11, 11.5], "texture": "#0"},
				"up": {"uv": [8, 4.5, 5, 4], "texture": "#0"},
				"down": {"uv": [8, 4.5, 5, 5], "texture": "#0"}
			}
		},
		{
			"from": [2.58565, -9.58313, 6.803],
			"to": [8.58565, -8.58313, 8.199],
			"rotation": {"angle": 45, "axis": "z", "origin": [7.56976, -8.2708, 7.499]},
			"faces": {
				"north": {"uv": [5, 5, 8, 5.5], "texture": "#0"},
				"east": {"uv": [1, 11.5, 1.5, 12], "texture": "#0"},
				"south": {"uv": [5, 5.5, 8, 6], "texture": "#0"},
				"west": {"uv": [1.5, 11.5, 2, 12], "texture": "#0"},
				"up": {"uv": [5, 6.5, 2, 6], "texture": "#0"},
				"down": {"uv": [8, 6, 5, 6.5], "texture": "#0"}
			}
		},
		{
			"from": [6.87207, 12.42871, 7],
			"to": [8.87207, 17.47871, 7.998],
			"rotation": {"angle": -22.5, "axis": "z", "origin": [8.17207, 14.45371, 7.499]},
			"faces": {
				"north": {"uv": [4, 1, 5, 3.5], "texture": "#0"},
				"east": {"uv": [5, 8, 5.5, 10.5], "texture": "#0"},
				"south": {"uv": [4, 3.5, 5, 6], "texture": "#0"},
				"west": {"uv": [8, 5, 8.5, 7.5], "texture": "#0"},
				"up": {"uv": [12, 0.5, 11, 0], "texture": "#0"},
				"down": {"uv": [1.5, 11, 0.5, 11.5], "texture": "#0"}
			}
		},
		{
			"from": [8.94819, 13.31139, 6.802],
			"to": [9.94819, 17.86139, 8.2],
			"rotation": {"angle": -22.5, "axis": "z", "origin": [8.24819, 14.83639, 7.501]},
			"faces": {
				"north": {"uv": [5.5, 8, 6, 10.5], "texture": "#0"},
				"east": {"uv": [8, 7.5, 8.5, 10], "texture": "#0"},
				"south": {"uv": [8.5, 0, 9, 2.5], "texture": "#0"},
				"west": {"uv": [2.5, 8.5, 3, 11], "texture": "#0"},
				"up": {"uv": [2.5, 12, 2, 11.5], "texture": "#0"},
				"down": {"uv": [3, 11.5, 2.5, 12], "texture": "#0"}
			}
		},
		{
			"from": [7.06133, -2.43019, 7],
			"to": [9.06133, 2.61981, 7.998],
			"rotation": {"angle": 22.5, "axis": "z", "origin": [3.36133, 1.09481, 7.499]},
			"faces": {
				"north": {"uv": [0, 5, 1, 7.5], "texture": "#0"},
				"east": {"uv": [3, 8.5, 3.5, 11], "texture": "#0"},
				"south": {"uv": [1, 5, 2, 7.5], "texture": "#0"},
				"west": {"uv": [3.5, 8.5, 4, 11], "texture": "#0"},
				"up": {"uv": [12, 1, 11, 0.5], "texture": "#0"},
				"down": {"uv": [12, 1, 11, 1.5], "texture": "#0"}
			}
		},
		{
			"from": [9.13745, -2.81287, 6.802],
			"to": [10.13745, 1.73713, 8.2],
			"rotation": {"angle": 22.5, "axis": "z", "origin": [3.43745, 0.71213, 7.501]},
			"faces": {
				"north": {"uv": [4, 8.5, 4.5, 11], "texture": "#0"},
				"east": {"uv": [4.5, 8.5, 5, 11], "texture": "#0"},
				"south": {"uv": [8.5, 5, 9, 7.5], "texture": "#0"},
				"west": {"uv": [8.5, 7.5, 9, 10], "texture": "#0"},
				"up": {"uv": [12, 3, 11.5, 2.5], "texture": "#0"},
				"down": {"uv": [3.5, 11.5, 3, 12], "texture": "#0"}
			}
		},
		{
			"from": [6.19609, 11.83034, 7],
			"to": [8.69609, 13.08034, 8],
			"rotation": {"angle": 0, "axis": "y", "origin": [7.39609, 12.50534, 7.5]},
			"faces": {
				"north": {"uv": [11, 1.5, 12, 2], "texture": "#0"},
				"east": {"uv": [11.5, 3, 12, 3.5], "texture": "#0"},
				"south": {"uv": [11, 2, 12, 2.5], "texture": "#0"},
				"west": {"uv": [3.5, 11.5, 4, 12], "texture": "#0"},
				"up": {"uv": [3.5, 11.5, 2.5, 11], "texture": "#0"},
				"down": {"uv": [4.5, 11, 3.5, 11.5], "texture": "#0"}
			}
		},
		{
			"from": [5.63519, 11.52692, 6.801],
			"to": [9.03519, 12.77692, 8.201],
			"rotation": {"angle": 0, "axis": "y", "origin": [7.88519, 12.15192, 7.501]},
			"faces": {
				"north": {"uv": [6.5, 0, 8, 0.5], "texture": "#0"},
				"east": {"uv": [11.5, 3.5, 12, 4], "texture": "#0"},
				"south": {"uv": [6.5, 0.5, 8, 1], "texture": "#0"},
				"west": {"uv": [4, 11.5, 4.5, 12], "texture": "#0"},
				"up": {"uv": [10.5, 7.5, 9, 7], "texture": "#0"},
				"down": {"uv": [10.5, 7.5, 9, 8], "texture": "#0"}
			}
		},
		{
			"from": [5.93519, 12.77692, 6.801],
			"to": [10.03519, 14.02692, 8.201],
			"rotation": {"angle": 0, "axis": "y", "origin": [7.98519, 12.40192, 7.5]},
			"faces": {
				"north": {"uv": [2, 5, 4, 5.5], "texture": "#0"},
				"east": {"uv": [11.5, 4, 12, 4.5], "texture": "#0"},
				"south": {"uv": [2, 5.5, 4, 6], "texture": "#0"},
				"west": {"uv": [4.5, 11.5, 5, 12], "texture": "#0"},
				"up": {"uv": [11, 0.5, 9, 0], "texture": "#0"},
				"down": {"uv": [11, 0.5, 9, 1], "texture": "#0"}
			}
		},
		{
			"from": [6.19609, 3.91966, 7],
			"to": [8.69609, 5.16966, 8],
			"rotation": {"angle": 0, "axis": "y", "origin": [2.39609, 4.49466, 7.5]},
			"faces": {
				"north": {"uv": [9, 8, 10.5, 8.5], "texture": "#0"},
				"east": {"uv": [11.5, 4.5, 12, 5], "texture": "#0"},
				"south": {"uv": [9, 8.5, 10.5, 9], "texture": "#0"},
				"west": {"uv": [5, 11.5, 5.5, 12], "texture": "#0"},
				"up": {"uv": [10.5, 9.5, 9, 9], "texture": "#0"},
				"down": {"uv": [11, 5.5, 9.5, 6], "texture": "#0"}
			}
		},
		{
			"from": [5.63519, 4.22308, 6.801],
			"to": [9.03519, 5.47308, 8.201],
			"rotation": {"angle": 0, "axis": "y", "origin": [8.18519, 4.84808, 7.501]},
			"faces": {
				"north": {"uv": [9.5, 6, 11, 6.5], "texture": "#0"},
				"east": {"uv": [5.5, 11.5, 6, 12], "texture": "#0"},
				"south": {"uv": [9.5, 6.5, 11, 7], "texture": "#0"},
				"west": {"uv": [6, 11.5, 6.5, 12], "texture": "#0"},
				"up": {"uv": [10.5, 10, 9, 9.5], "texture": "#0"},
				"down": {"uv": [1.5, 10, 0, 10.5], "texture": "#0"}
			}
		},
		{
			"from": [5.93519, 2.97308, 6.801],
			"to": [10.03519, 4.22308, 8.201],
			"rotation": {"angle": 0, "axis": "y", "origin": [7.98519, 4.59808, 7.5]},
			"faces": {
				"north": {"uv": [9, 1, 11, 1.5], "texture": "#0"},
				"east": {"uv": [11.5, 6, 12, 6.5], "texture": "#0"},
				"south": {"uv": [9, 1.5, 11, 2], "texture": "#0"},
				"west": {"uv": [6.5, 11.5, 7, 12], "texture": "#0"},
				"up": {"uv": [11, 2.5, 9, 2], "texture": "#0"},
				"down": {"uv": [11, 5, 9, 5.5], "texture": "#0"}
			}
		},
		{
			"from": [7.9764, -5.23057, 6.999],
			"to": [9.9764, 0.01943, 7.999],
			"rotation": {"angle": 0, "axis": "y", "origin": [-1.8236, -0.65557, 7.5]},
			"faces": {
				"north": {"uv": [2, 6.5, 3, 8], "texture": "#0"},
				"east": {"uv": [7.5, 9, 8, 10.5], "texture": "#0"},
				"south": {"uv": [3, 6.5, 4, 8], "texture": "#0"},
				"west": {"uv": [1.5, 10, 2, 11.5], "texture": "#0"},
				"up": {"uv": [5.5, 11.5, 4.5, 11], "texture": "#0"},
				"down": {"uv": [12, 5, 11, 5.5], "texture": "#0"}
			}
		},
		{
			"from": [9.9764, -4.23057, 6.801],
			"to": [10.9764, 0.01943, 8.201],
			"rotation": {"angle": 0, "axis": "y", "origin": [7.02289, 12.0319, 7.5]},
			"faces": {
				"north": {"uv": [8, 10, 8.5, 11.5], "texture": "#0"},
				"east": {"uv": [8.5, 10, 9, 11.5], "texture": "#0"},
				"south": {"uv": [9, 10, 9.5, 11.5], "texture": "#0"},
				"west": {"uv": [9.5, 10, 10, 11.5], "texture": "#0"},
				"up": {"uv": [12, 7, 11.5, 6.5], "texture": "#0"},
				"down": {"uv": [7.5, 11.5, 7, 12], "texture": "#0"}
			}
		},
		{
			"from": [7.9764, 16.98057, 6.999],
			"to": [9.9764, 22.23057, 7.999],
			"rotation": {"angle": 0, "axis": "y", "origin": [-1.8236, -4.44443, 7.5]},
			"faces": {
				"north": {"uv": [4, 6.5, 5, 8], "texture": "#0"},
				"east": {"uv": [10, 10, 10.5, 11.5], "texture": "#0"},
				"south": {"uv": [5, 6.5, 6, 8], "texture": "#0"},
				"west": {"uv": [0, 10.5, 0.5, 12], "texture": "#0"},
				"up": {"uv": [6.5, 11.5, 5.5, 11], "texture": "#0"},
				"down": {"uv": [12, 5.5, 11, 6], "texture": "#0"}
			}
		}
	],
	"display": {
		"thirdperson_righthand": {
			"rotation": [0, 90, 0],
			"translation": [0.5, -2.5, 1]
		},
		"firstperson_righthand": {
			"rotation": [0, 90, 0],
			"translation": [3, 0, 0]
		},
		"firstperson_lefthand": {
			"translation": [3, 0, 0]
		},
		"ground": {
			"rotation": [-90, 0, 0]
		},
		"gui": {
			"rotation": [0, 0, -45],
			"translation": [1, -1.25, 0],
			"scale": [0.45, 0.45, 0.45]
		},
		"fixed": {
			"translation": [0, 0, -2]
		}
	},
	"groups": [
		{
			"name": "group",
			"origin": [-1.8236, -4.44443, 7.5],
			"color": 0,
			"children": [0, 1, 2, 3, 4, 5, 6, 7, 8, 9, 10, 11, 12, 13, 14, 15, 16, 17, 18, 19, 20, 21, 22, 23, 24, 25]
		}
	]
}