{
	"credit": "Made with Blockbench",
	"texture_size": [32, 32],
	"textures": {
		"1": "hanu/sbw1",
		"3": "hanu/sbw2"
	},
	"elements": [
		{
			"from": [0.31384, -6.11761, 7.403],
			"to": [0.51384, 22.78239, 7.603],
			"rotation": {"angle": 0, "axis": "y", "origin": [1.31384, 1.78239, 7.003]},
			"faces": {
				"north": {"uv": [0, 0, 0.5, 14.5], "texture": "#3"},
				"east": {"uv": [0.5, 0, 1, 14.5], "texture": "#3"},
				"south": {"uv": [1, 0, 1.5, 14.5], "texture": "#3"},
				"west": {"uv": [1.5, 0, 2, 14.5], "texture": "#3"},
				"up": {"uv": [2.5, 0.5, 2, 0], "texture": "#3"},
				"down": {"uv": [2.5, 0.5, 2, 1], "texture": "#3"}
			}
		},
		{
			"from": [6.9, 6, 7],
			"to": [8.1, 11, 8],
			"rotation": {"angle": 0, "axis": "y", "origin": [8, -2.45, 7.5]},
			"faces": {
				"north": {"uv": [4.5, 7, 5, 9.5], "texture": "#1"},
				"east": {"uv": [5, 7, 5.5, 9.5], "texture": "#1"},
				"south": {"uv": [5.5, 7, 6, 9.5], "texture": "#1"},
				"west": {"uv": [6, 7, 6.5, 9.5], "texture": "#1"},
				"up": {"uv": [9, 11, 8.5, 10.5], "texture": "#1"},
				"down": {"uv": [9.5, 10.5, 9, 11], "texture": "#1"}
			}
		},
		{
			"from": [7.42521, 13.75683, 7.001],
			"to": [9.62521, 16.75683, 7.999],
			"rotation": {"angle": -22.5, "axis": "z", "origin": [7.62521, 16.75683, 7.5]},
			"faces": {
				"north": {"uv": [5.5, 4, 6.5, 5.5], "texture": "#1"},
				"east": {"uv": [2.5, 8, 3, 9.5], "texture": "#1"},
				"south": {"uv": [4.5, 5.5, 5.5, 7], "texture": "#1"},
				"west": {"uv": [3, 8, 3.5, 9.5], "texture": "#1"},
				"up": {"uv": [4, 5.5, 3, 5], "texture": "#1"},
				"down": {"uv": [7.5, 9.5, 6.5, 10], "texture": "#1"}
			}
		},
		{
			"from": [7.26536, 15.9532, 7],
			"to": [9.46536, 18.9532, 8],
			"rotation": {"angle": 0, "axis": "y", "origin": [7.46536, 14.9532, 7.5]},
			"faces": {
				"north": {"uv": [5.5, 5.5, 6.5, 7], "texture": "#1"},
				"east": {"uv": [3.5, 8, 4, 9.5], "texture": "#1"},
				"south": {"uv": [0, 6.5, 1, 8], "texture": "#1"},
				"west": {"uv": [4, 8, 4.5, 9.5], "texture": "#1"},
				"up": {"uv": [2.5, 10.5, 1.5, 10], "texture": "#1"},
				"down": {"uv": [11, 9, 10, 9.5], "texture": "#1"}
			}
		},
		{
			"from": [0.02029, 21.23872, 7.002],
			"to": [6.02029, 23.23872, 7.998],
			"rotation": {"angle": -22.5, "axis": "z", "origin": [3.52029, 22.23872, 7.501]},
			"faces": {
				"north": {"uv": [0, 0, 3, 1], "texture": "#1"},
				"east": {"uv": [2.5, 4, 3, 5], "texture": "#1"},
				"south": {"uv": [0, 1, 3, 2], "texture": "#1"},
				"west": {"uv": [10, 9.5, 10.5, 10.5], "texture": "#1"},
				"up": {"uv": [9.5, 0.5, 6.5, 0], "texture": "#1"},
				"down": {"uv": [9.5, 0.5, 6.5, 1], "texture": "#1"}
			}
		},
		{
			"from": [6.79759, 17.76533, 7.001],
			"to": [8.79759, 22.36533, 7.999],
			"rotation": {"angle": 45, "axis": "z", "origin": [7.69759, 19.16533, 7.501]},
			"faces": {
				"north": {"uv": [3, 0, 4, 2.5], "texture": "#1"},
				"east": {"uv": [7.5, 5, 8, 7.5], "texture": "#1"},
				"south": {"uv": [3, 2.5, 4, 5], "texture": "#1"},
				"west": {"uv": [7.5, 7.5, 8, 10], "texture": "#1"},
				"up": {"uv": [1, 11, 0, 10.5], "texture": "#1"},
				"down": {"uv": [2, 10.5, 1, 11], "texture": "#1"}
			}
		},
		{
			"from": [7.36744, -1.99376, 7.001],
			"to": [11.96744, 0.00624, 7.999],
			"rotation": {"angle": 45, "axis": "z", "origin": [10.66744, -4.99376, 7.501]},
			"faces": {
				"north": {"uv": [0, 4, 2.5, 5], "texture": "#1"},
				"east": {"uv": [10.5, 1.5, 11, 2.5], "texture": "#1"},
				"south": {"uv": [4, 0, 6.5, 1], "texture": "#1"},
				"west": {"uv": [2, 10.5, 2.5, 11.5], "texture": "#1"},
				"up": {"uv": [2.5, 8.5, 0, 8], "texture": "#1"},
				"down": {"uv": [10.5, 5, 8, 5.5], "texture": "#1"}
			}
		},
		{
			"from": [0.00506, -6.16218, 7.002],
			"to": [6.00506, -4.16218, 7.998],
			"rotation": {"angle": 22.5, "axis": "z", "origin": [3.70506, -5.16218, 7.501]},
			"faces": {
				"north": {"uv": [0, 2, 3, 3], "texture": "#1"},
				"east": {"uv": [3.5, 10.5, 4, 11.5], "texture": "#1"},
				"south": {"uv": [0, 3, 3, 4], "texture": "#1"},
				"west": {"uv": [4, 10.5, 4.5, 11.5], "texture": "#1"},
				"up": {"uv": [9.5, 4.5, 6.5, 4], "texture": "#1"},
				"down": {"uv": [9.5, 4.5, 6.5, 5], "texture": "#1"}
			}
		},
		{
			"from": [7.26536, -1.9532, 7],
			"to": [9.46536, 1.0468, 8],
			"rotation": {"angle": 0, "axis": "y", "origin": [7.46536, 19.2468, 7.5]},
			"faces": {
				"north": {"uv": [1, 6.5, 2, 8], "texture": "#1"},
				"east": {"uv": [8, 5.5, 8.5, 7], "texture": "#1"},
				"south": {"uv": [2, 6.5, 3, 8], "texture": "#1"},
				"west": {"uv": [6.5, 8, 7, 9.5], "texture": "#1"},
				"up": {"uv": [11.5, 3, 10.5, 2.5], "texture": "#1"},
				"down": {"uv": [5.5, 10.5, 4.5, 11], "texture": "#1"}
			}
		},
		{
			"from": [6.3, 11.1, 7],
			"to": [8.7, 14.1, 8],
			"rotation": {"angle": 0, "axis": "y", "origin": [6.5, -9.5, 1]},
			"faces": {
				"north": {"uv": [4, 1, 5.5, 2.5], "texture": "#1"},
				"east": {"uv": [7, 8, 7.5, 9.5], "texture": "#1"},
				"south": {"uv": [4, 2.5, 5.5, 4], "texture": "#1"},
				"west": {"uv": [8, 7, 8.5, 8.5], "texture": "#1"},
				"up": {"uv": [1.5, 9, 0, 8.5], "texture": "#1"},
				"down": {"uv": [10, 1, 8.5, 1.5], "texture": "#1"}
			}
		},
		{
			"from": [6.3, 2.9, 7],
			"to": [8.7, 5.9, 8],
			"rotation": {"angle": 0, "axis": "y", "origin": [7.5, 3.5, 7.5]},
			"faces": {
				"north": {"uv": [4, 4, 5.5, 5.5], "texture": "#1"},
				"east": {"uv": [1.5, 8.5, 2, 10], "texture": "#1"},
				"south": {"uv": [0, 5, 1.5, 6.5], "texture": "#1"},
				"west": {"uv": [8.5, 1.5, 9, 3], "texture": "#1"},
				"up": {"uv": [10, 3.5, 8.5, 3], "texture": "#1"},
				"down": {"uv": [10, 3.5, 8.5, 4], "texture": "#1"}
			}
		},
		{
			"from": [7.11948, 0.58018, 7.001],
			"to": [9.31948, 3.58018, 7.999],
			"rotation": {"angle": 22.5, "axis": "z", "origin": [8.31948, 1.18018, 7.5]},
			"faces": {
				"north": {"uv": [6.5, 5, 7.5, 6.5], "texture": "#1"},
				"east": {"uv": [2, 8.5, 2.5, 10], "texture": "#1"},
				"south": {"uv": [6.5, 6.5, 7.5, 8], "texture": "#1"},
				"west": {"uv": [8.5, 5.5, 9, 7], "texture": "#1"},
				"up": {"uv": [11.5, 5.5, 10.5, 5], "texture": "#1"},
				"down": {"uv": [6.5, 10.5, 5.5, 11], "texture": "#1"}
			}
		},
		{
			"from": [6, 11, 6.9],
			"to": [9, 12, 8.1],
			"rotation": {"angle": 0, "axis": "y", "origin": [7, 7.5, 7]},
			"faces": {
				"north": {"uv": [8.5, 7, 10, 7.5], "texture": "#1"},
				"east": {"uv": [9.5, 10.5, 10, 11], "texture": "#1"},
				"south": {"uv": [8.5, 7.5, 10, 8], "texture": "#1"},
				"west": {"uv": [10.5, 9.5, 11, 10], "texture": "#1"},
				"up": {"uv": [9.5, 9, 8, 8.5], "texture": "#1"},
				"down": {"uv": [10, 8, 8.5, 8.5], "texture": "#1"}
			}
		},
		{
			"from": [7.06536, 15.9032, 7.2],
			"to": [9.66536, 16.9532, 7.8],
			"rotation": {"angle": 0, "axis": "y", "origin": [7.56536, 7.5532, 7.1]},
			"faces": {
				"north": {"uv": [0, 9, 1.5, 9.5], "texture": "#1"},
				"east": {"uv": [10, 10.5, 10.5, 11], "texture": "#1"},
				"south": {"uv": [9, 1.5, 10.5, 2], "texture": "#1"},
				"west": {"uv": [10.5, 10, 11, 10.5], "texture": "#1"},
				"up": {"uv": [10.5, 2.5, 9, 2], "texture": "#1"},
				"down": {"uv": [10.5, 2.5, 9, 3], "texture": "#1"}
			}
		},
		{
			"from": [6.77207, 13.42871, 7.201],
			"to": [9.37207, 16.47871, 7.799],
			"rotation": {"angle": -22.5, "axis": "z", "origin": [8.07207, 15.45371, 7.5]},
			"faces": {
				"north": {"uv": [1.5, 5, 3, 6.5], "texture": "#1"},
				"east": {"uv": [9, 5.5, 9.5, 7], "texture": "#1"},
				"south": {"uv": [5.5, 1, 7, 2.5], "texture": "#1"},
				"west": {"uv": [8, 9, 8.5, 10.5], "texture": "#1"},
				"up": {"uv": [10, 9.5, 8.5, 9], "texture": "#1"},
				"down": {"uv": [1.5, 9.5, 0, 10], "texture": "#1"}
			}
		},
		{
			"from": [6.58073, 0.48323, 7.201],
			"to": [9.18073, 3.53323, 7.799],
			"rotation": {"angle": 22.5, "axis": "z", "origin": [7.88073, 2.00823, 7.5]},
			"faces": {
				"north": {"uv": [5.5, 2.5, 7, 4], "texture": "#1"},
				"east": {"uv": [2.5, 9.5, 3, 11], "texture": "#1"},
				"south": {"uv": [3, 5.5, 4.5, 7], "texture": "#1"},
				"west": {"uv": [3, 9.5, 3.5, 11], "texture": "#1"},
				"up": {"uv": [11, 0.5, 9.5, 0], "texture": "#1"},
				"down": {"uv": [11, 0.5, 9.5, 1], "texture": "#1"}
			}
		},
		{
			"from": [6.09609, 11.83034, 7.2],
			"to": [8.89609, 14.08034, 7.8],
			"rotation": {"angle": 0, "axis": "y", "origin": [7.39609, 12.50534, 7.5]},
			"faces": {
				"north": {"uv": [7, 1, 8.5, 2], "texture": "#1"},
				"east": {"uv": [6.5, 10.5, 7, 11.5], "texture": "#1"},
				"south": {"uv": [7, 2, 8.5, 3], "texture": "#1"},
				"west": {"uv": [7, 10.5, 7.5, 11.5], "texture": "#1"},
				"up": {"uv": [5, 10, 3.5, 9.5], "texture": "#1"},
				"down": {"uv": [11, 4, 9.5, 4.5], "texture": "#1"}
			}
		},
		{
			"from": [6.09609, 2.91966, 7.2],
			"to": [8.89609, 5.16966, 7.8],
			"rotation": {"angle": 0, "axis": "y", "origin": [2.39609, 4.49466, 7.5]},
			"faces": {
				"north": {"uv": [3, 7, 4.5, 8], "texture": "#1"},
				"east": {"uv": [7.5, 10.5, 8, 11.5], "texture": "#1"},
				"south": {"uv": [7, 3, 8.5, 4], "texture": "#1"},
				"west": {"uv": [8, 10.5, 8.5, 11.5], "texture": "#1"},
				"up": {"uv": [11, 5, 9.5, 4.5], "texture": "#1"},
				"down": {"uv": [6.5, 9.5, 5, 10], "texture": "#1"}
			}
		},
		{
			"from": [6.96536, 16.9532, 6.9],
			"to": [9.76536, 17.9532, 8.1],
			"rotation": {"angle": 0, "axis": "y", "origin": [7.56536, 7.5532, 7.1]},
			"faces": {
				"north": {"uv": [9.5, 5.5, 11, 6], "texture": "#1"},
				"east": {"uv": [10.5, 10.5, 11, 11], "texture": "#1"},
				"south": {"uv": [9.5, 6, 11, 6.5], "texture": "#1"},
				"west": {"uv": [0, 11, 0.5, 11.5], "texture": "#1"},
				"up": {"uv": [11, 7, 9.5, 6.5], "texture": "#1"},
				"down": {"uv": [10, 9.5, 8.5, 10], "texture": "#1"}
			}
		},
		{
			"from": [6.96536, -0.9532, 6.9],
			"to": [9.76536, 0.0468, 8.1],
			"rotation": {"angle": 0, "axis": "y", "origin": [7.56536, 8.3532, 7.1]},
			"faces": {
				"north": {"uv": [9.5, 8.5, 11, 9], "texture": "#1"},
				"east": {"uv": [11, 0, 11.5, 0.5], "texture": "#1"},
				"south": {"uv": [0, 10, 1.5, 10.5], "texture": "#1"},
				"west": {"uv": [0.5, 11, 1, 11.5], "texture": "#1"},
				"up": {"uv": [11.5, 1.5, 10, 1], "texture": "#1"},
				"down": {"uv": [11.5, 3, 10, 3.5], "texture": "#1"}
			}
		},
		{
			"from": [7.06536, 0.0468, 7.2],
			"to": [9.66536, 1.0968, 7.8],
			"rotation": {"angle": 0, "axis": "y", "origin": [7.56536, 8.3532, 7.1]},
			"faces": {
				"north": {"uv": [3.5, 10, 5, 10.5], "texture": "#1"},
				"east": {"uv": [11, 0.5, 11.5, 1], "texture": "#1"},
				"south": {"uv": [10, 3.5, 11.5, 4], "texture": "#1"},
				"west": {"uv": [1, 11, 1.5, 11.5], "texture": "#1"},
				"up": {"uv": [6.5, 10.5, 5, 10], "texture": "#1"},
				"down": {"uv": [8, 10, 6.5, 10.5], "texture": "#1"}
			}
		},
		{
			"from": [6, 5, 6.9],
			"to": [9, 6, 8.1],
			"rotation": {"angle": 0, "axis": "y", "origin": [7, 7, 7]},
			"faces": {
				"north": {"uv": [10, 7, 11.5, 7.5], "texture": "#1"},
				"east": {"uv": [1.5, 11, 2, 11.5], "texture": "#1"},
				"south": {"uv": [10, 7.5, 11.5, 8], "texture": "#1"},
				"west": {"uv": [11, 1.5, 11.5, 2], "texture": "#1"},
				"up": {"uv": [11.5, 8.5, 10, 8], "texture": "#1"},
				"down": {"uv": [10, 10, 8.5, 10.5], "texture": "#1"}
			}
		}
	],
	"display": {
		"thirdperson_righthand": {
			"rotation": [0, 90, 0],
			"translation": [0.5, -2.5, 1]
		},
		"thirdperson_lefthand": {
			"rotation": [0, -90, 0],
			"translation": [-0.5, -2.5, 1]
		},
		"firstperson_righthand": {
			"rotation": [0, 90, 0],
			"translation": [3, 0, 0]
		},
		"firstperson_lefthand": {
			"translation": [3, 0, 0]
		},
		"ground": {
			"rotation": [-90, 0, 0],
			"translation": [3, 0, -0.75]
		},
		"gui": {
			"rotation": [0, 0, -43.5],
			"translation": [2, -2.25, 0],
			"scale": [0.56, 0.56, 0.56]
		},
		"fixed": {
			"translation": [2.25, -0.5, -2]
		}
	}
}