{
	"credit": "Made with Blockbench",
	"texture_size": [32, 32],
	"textures": {
		"0": "hanu/wbw1",
		"2": "hanu/wbw2",
		"3": "hanu/wbw3",
		"particle": "hanu/wbw1"
	},
	"elements": [
		{
			"from": [7.5, 3.5, 7],
			"to": [8.5, 8, 8],
			"rotation": {"angle": 0, "axis": "y", "origin": [8, -3.75, 7.5]},
			"faces": {
				"north": {"uv": [0, 0, 1, 4], "texture": "#0"},
				"east": {"uv": [3, 0, 4, 4], "texture": "#0"},
				"south": {"uv": [2, 0, 3, 4], "texture": "#0"},
				"west": {"uv": [1, 0, 2, 4], "texture": "#0"},
				"up": {"uv": [1, 5, 0, 4], "texture": "#0"},
				"down": {"uv": [2, 4, 1, 5], "texture": "#0"}
			}
		},
		{
			"from": [7.1, 8, 7],
			"to": [9, 11, 8],
			"rotation": {"angle": 0, "axis": "y", "origin": [6.5, -11, 1]},
			"faces": {
				"north": {"uv": [0, 0, 2, 3], "texture": "#2"},
				"east": {"uv": [4, 9, 5, 12], "texture": "#2"},
				"south": {"uv": [2, 0, 4, 3], "texture": "#2"},
				"west": {"uv": [5, 9, 6, 12], "texture": "#2"},
				"up": {"uv": [12, 4, 10, 3], "texture": "#2"},
				"down": {"uv": [12, 4, 10, 5], "texture": "#2"}
			}
		},
		{
			"from": [6.44881, 10.27373, 7.001],
			"to": [8.34881, 13.27373, 7.999],
			"rotation": {"angle": 22.5, "axis": "z", "origin": [6.84881, 12.27373, 7.5]},
			"faces": {
				"north": {"uv": [0, 3, 2, 6], "texture": "#2"},
				"east": {"uv": [6, 10, 7, 13], "texture": "#2"},
				"south": {"uv": [2, 3, 4, 6], "texture": "#2"},
				"west": {"uv": [7, 10, 8, 13], "texture": "#2"},
				"up": {"uv": [12, 12, 10, 11], "texture": "#2"},
				"down": {"uv": [14, 3, 12, 4], "texture": "#2"}
			}
		},
		{
			"from": [5.28418, 12.62519, 7.002],
			"to": [6.98418, 15.62519, 7.998],
			"rotation": {"angle": 45, "axis": "z", "origin": [6.08418, 14.12519, 7.5]},
			"faces": {
				"north": {"uv": [4, 0, 6, 3], "texture": "#2"},
				"east": {"uv": [8, 10, 9, 13], "texture": "#2"},
				"south": {"uv": [4, 3, 6, 6], "texture": "#2"},
				"west": {"uv": [10, 8, 11, 11], "texture": "#2"},
				"up": {"uv": [6, 13, 4, 12], "texture": "#2"},
				"down": {"uv": [14, 4, 12, 5], "texture": "#2"}
			}
		},
		{
			"from": [1.39183, 14.37449, 7.003],
			"to": [5.39183, 15.87449, 7.999],
			"rotation": {"angle": -22.5, "axis": "z", "origin": [4.89183, 15.27449, 7.5]},
			"faces": {
				"north": {"uv": [0, 6, 4, 7.5], "texture": "#2"},
				"east": {"uv": [12, 10, 13, 11.5], "texture": "#2"},
				"south": {"uv": [6, 0, 10, 1.5], "texture": "#2"},
				"west": {"uv": [12, 12, 13, 13.5], "texture": "#2"},
				"up": {"uv": [12, 8, 8, 7], "texture": "#2"},
				"down": {"uv": [14, 0, 10, 1], "texture": "#2"}
			}
		},
		{
			"from": [7.1, 0.5, 7],
			"to": [9, 3.5, 8],
			"rotation": {"angle": 0, "axis": "y", "origin": [6.5, -10.5, 1]},
			"faces": {
				"north": {"uv": [6, 2, 8, 5], "texture": "#2"},
				"east": {"uv": [9, 10, 10, 13], "texture": "#2"},
				"south": {"uv": [4, 6, 6, 9], "texture": "#2"},
				"west": {"uv": [0, 11, 1, 14], "texture": "#2"},
				"up": {"uv": [14, 6, 12, 5], "texture": "#2"},
				"down": {"uv": [14, 6, 12, 7], "texture": "#2"}
			}
		},
		{
			"from": [6.8315, -1.84985, 7.001],
			"to": [8.7315, 1.15015, 7.999],
			"rotation": {"angle": -22.5, "axis": "z", "origin": [7.2315, 0.15015, 7.5]},
			"faces": {
				"north": {"uv": [6, 5, 8, 8], "texture": "#2"},
				"east": {"uv": [1, 11, 2, 14], "texture": "#2"},
				"south": {"uv": [0, 8, 2, 11], "texture": "#2"},
				"west": {"uv": [2, 11, 3, 14], "texture": "#2"},
				"up": {"uv": [14, 8, 12, 7], "texture": "#2"},
				"down": {"uv": [14, 8, 12, 9], "texture": "#2"}
			}
		},
		{
			"from": [5.78418, -3.91809, 7.002],
			"to": [7.48418, -0.91809, 7.998],
			"rotation": {"angle": -45, "axis": "z", "origin": [6.08418, -1.91809, 7.5]},
			"faces": {
				"north": {"uv": [2, 8, 4, 11], "texture": "#2"},
				"east": {"uv": [3, 11, 4, 14], "texture": "#2"},
				"south": {"uv": [8, 2, 10, 5], "texture": "#2"},
				"west": {"uv": [11, 8, 12, 11], "texture": "#2"},
				"up": {"uv": [14, 10, 12, 9], "texture": "#2"},
				"down": {"uv": [12, 12, 10, 13], "texture": "#2"}
			}
		},
		{
			"from": [1.08589, -4.23643, 7.003],
			"to": [5.08589, -2.73643, 7.997],
			"rotation": {"angle": 22.5, "axis": "z", "origin": [5.08589, -2.93643, 7.5]},
			"faces": {
				"north": {"uv": [8, 5, 12, 6.5], "texture": "#2"},
				"east": {"uv": [4, 13, 5, 14.5], "texture": "#2"},
				"south": {"uv": [6, 8, 10, 9.5], "texture": "#2"},
				"west": {"uv": [5, 13, 6, 14.5], "texture": "#2"},
				"up": {"uv": [14, 2, 10, 1], "texture": "#2"},
				"down": {"uv": [14, 2, 10, 3], "texture": "#2"}
			}
		},
		{
			"from": [2.31384, -4.21761, 7.403],
			"to": [2.51384, 15.78239, 7.603],
			"rotation": {"angle": 0, "axis": "y", "origin": [1.31384, 1.78239, 7.003]},
			"faces": {
				"north": {"uv": [0, 0, 0.5, 10], "texture": "#3"},
				"east": {"uv": [0.5, 0, 1, 10], "texture": "#3"},
				"south": {"uv": [1, 0, 1.5, 10], "texture": "#3"},
				"west": {"uv": [1.5, 0, 2, 10], "texture": "#3"},
				"up": {"uv": [2.5, 0.5, 2, 0], "texture": "#3"},
				"down": {"uv": [2.5, 0.5, 2, 1], "texture": "#3"}
			}
		}
	],
	"display": {
		"thirdperson_righthand": {
			"rotation": [0, 90, 0],
			"translation": [0.5, 0.25, 0.75]
		},
		"thirdperson_lefthand": {
			"rotation": [0, -90, 0],
			"translation": [-0.5, 0, 0.75]
		},
		"firstperson_righthand": {
			"rotation": [0, 90, 0],
			"translation": [3, 17, 0]
		},
		"firstperson_lefthand": {
			"rotation": [0, -90, 0],
			"translation": [3, 20, 0]
		},
		"ground": {
			"rotation": [90, 0, 0],
			"translation": [3, 0, 2]
		},
		"gui": {
			"rotation": [0, 0, -45],
			"translation": [3.75, -1, 0],
			"scale": [0.75, 0.75, 0.75]
		},
		"fixed": {
			"translation": [3.25, 2, -1]
		}
	},
	"groups": [
		0,
		{
			"name": "group",
			"origin": [4.89183, 15.27449, 7.5],
			"color": 0,
			"children": [1, 2, 3, 4]
		},
		{
			"name": "group",
			"origin": [5.08589, -2.93643, 7.5],
			"color": 0,
			"children": [5, 6, 7, 8]
		},
		9
	]
}