{
	"credit": "Created with Blockbench [Exported as resourcepack with the \"resourcepack_packager\" plugin]",
	"texture_size": [32, 32],
	"textures": {
		"0": "nobi/bow6",
		"particle": "item/wooden_sword"
	},
	"elements": [
		{
			"from": [4.77677, 21.12778, 7.625],
			"to": [6.17677, 29.42778, 8.375],
			"rotation": {"angle": -45, "axis": "z", "origin": [6.51427, 22.80278, 7.5]},
			"faces": {
				"north": {"uv": [3.75, 5, 3, 9.25], "texture": "#0"},
				"east": {"uv": [6, 4.75, 7.25, 2.5], "texture": "#0"},
				"south": {"uv": [3, 5, 3.75, 9.25], "texture": "#0"},
				"west": {"uv": [3, 5, 3.75, 9.25], "texture": "#0"},
				"up": {"uv": [3, 5, 3.75, 9.25], "texture": "#0"},
				"down": {"uv": [3, 5, 3.75, 9.25], "texture": "#0"}
			}
		},
		{
			"from": [7.64398, 21.06641, 7.6],
			"to": [9.06898, 30.39141, 8.4],
			"rotation": {"angle": -22.5, "axis": "z", "origin": [8.35648, 27.90759, 8]},
			"faces": {
				"north": {"uv": [3.75, 0, 3, 4.75], "texture": "#0"},
				"east": {"uv": [6, 4.75, 7.25, 2.5], "texture": "#0"},
				"south": {"uv": [3, 0, 3.75, 4.75], "texture": "#0"},
				"west": {"uv": [3, 0, 3.75, 4.75], "texture": "#0"},
				"up": {"uv": [3, 0, 3.75, 4.75], "texture": "#0"},
				"down": {"uv": [3, 0, 3.75, 4.75], "texture": "#0"}
			}
		},
		{
			"from": [4.10127, 18.27198, 7.575],
			"to": [6.35127, 22.84698, 8.425],
			"rotation": {"angle": 0, "axis": "z", "origin": [4.81377, 18.18448, 8]},
			"faces": {
				"north": {"uv": [7.25, 2.5, 6, 4.75], "texture": "#0"},
				"east": {"uv": [6, 2.5, 7.25, 4.75], "texture": "#0"},
				"south": {"uv": [6, 2.5, 7.25, 4.75], "texture": "#0"},
				"west": {"uv": [6, 2.5, 7.25, 4.75], "texture": "#0"},
				"up": {"uv": [6, 2.5, 7.25, 4.75], "texture": "#0"},
				"down": {"uv": [6, 2.5, 7.25, 4.75], "texture": "#0"}
			}
		},
		{
			"from": [8.64873, 27.475, 7.475],
			"to": [11.64873, 30.5, 8.525],
			"rotation": {"angle": 0, "axis": "z", "origin": [10.14873, 28.975, 8]},
			"faces": {
				"north": {"uv": [8.5, 8.5, 10, 10], "texture": "#0"},
				"east": {"uv": [10, 3, 10.5, 4.5], "texture": "#0"},
				"south": {"uv": [8.5, 8.5, 10, 10], "texture": "#0"},
				"west": {"uv": [10, 3, 10.5, 4.5], "texture": "#0"},
				"up": {"uv": [10.5, 7, 9, 6.5], "texture": "#0"},
				"down": {"uv": [10.5, 7, 9, 6.5], "texture": "#0"}
			}
		},
		{
			"from": [4.81015, 9.414, 7.6],
			"to": [5.68515, 18.364, 8.4],
			"rotation": {"angle": 0, "axis": "z", "origin": [4.62265, 12.014, 8]},
			"faces": {
				"north": {"uv": [8, 7, 8.5, 11.5], "texture": "#0"},
				"east": {"uv": [8, 7, 8.5, 11.5], "texture": "#0"},
				"south": {"uv": [8, 7, 8.5, 11.5], "texture": "#0"},
				"west": {"uv": [8, 7, 8.5, 11.5], "texture": "#0"},
				"up": {"uv": [8, 7, 8.5, 11.5], "texture": "#0"},
				"down": {"uv": [8, 7, 8.5, 11.5], "texture": "#0"}
			}
		},
		{
			"from": [4.56015, 16.714, 7.35],
			"to": [5.93515, 18.364, 8.65],
			"rotation": {"angle": 0, "axis": "z", "origin": [4.62265, 12.014, 8]},
			"faces": {
				"north": {"uv": [10.5, 1, 11.25, 1.75], "texture": "#0"},
				"east": {"uv": [10.5, 1, 11.25, 1.75], "texture": "#0"},
				"south": {"uv": [10.5, 1, 11.25, 1.75], "texture": "#0"},
				"west": {"uv": [10.5, 1, 11.25, 1.75], "texture": "#0"},
				"up": {"uv": [10.5, 1, 11.25, 1.75], "texture": "#0"},
				"down": {"uv": [10.5, 1, 11.25, 1.75], "texture": "#0"}
			}
		},
		{
			"from": [4.77677, -1.02778, 7.625],
			"to": [6.17677, 7.27222, 8.375],
			"rotation": {"angle": 45, "axis": "z", "origin": [6.51427, 5.59722, 7.5]},
			"faces": {
				"north": {"uv": [3.75, 9.25, 3, 5], "texture": "#0"},
				"east": {"uv": [6, 4.75, 7.25, 2.5], "texture": "#0"},
				"south": {"uv": [3, 9.25, 3.75, 5], "texture": "#0"},
				"west": {"uv": [3, 9.25, 3.75, 5], "texture": "#0"},
				"up": {"uv": [3, 9.25, 3.75, 5], "texture": "#0"},
				"down": {"uv": [3, 9.25, 3.75, 5], "texture": "#0"}
			}
		},
		{
			"from": [4.56015, 10.036, 7.35],
			"to": [5.93515, 11.686, 8.65],
			"rotation": {"angle": 0, "axis": "z", "origin": [4.62265, 16.386, 8]},
			"faces": {
				"north": {"uv": [10.5, 1.75, 11.25, 1], "texture": "#0"},
				"east": {"uv": [10.5, 1.75, 11.25, 1], "texture": "#0"},
				"south": {"uv": [10.5, 1.75, 11.25, 1], "texture": "#0"},
				"west": {"uv": [10.5, 1.75, 11.25, 1], "texture": "#0"},
				"up": {"uv": [10.5, 1.75, 11.25, 1], "texture": "#0"},
				"down": {"uv": [10.5, 1.75, 11.25, 1], "texture": "#0"}
			}
		},
		{
			"from": [8.64873, -2.1, 7.475],
			"to": [11.64873, 0.925, 8.525],
			"rotation": {"angle": 0, "axis": "z", "origin": [10.14873, -0.575, 8]},
			"faces": {
				"north": {"uv": [8.5, 10, 10, 8.5], "texture": "#0"},
				"east": {"uv": [10, 4.5, 10.5, 3], "texture": "#0"},
				"south": {"uv": [8.5, 10, 10, 8.5], "texture": "#0"},
				"west": {"uv": [10, 4.5, 10.5, 3], "texture": "#0"},
				"up": {"uv": [10.5, 6.5, 9, 7], "texture": "#0"},
				"down": {"uv": [10.5, 6.5, 9, 7], "texture": "#0"}
			}
		},
		{
			"from": [7.64398, -1.99141, 7.6],
			"to": [9.06898, 7.33359, 8.4],
			"rotation": {"angle": 22.5, "axis": "z", "origin": [8.35648, 0.49241, 8]},
			"faces": {
				"north": {"uv": [3.75, 4.75, 3, 0], "texture": "#0"},
				"east": {"uv": [6, 4.75, 7.25, 2.5], "texture": "#0"},
				"south": {"uv": [3, 4.75, 3.75, 0], "texture": "#0"},
				"west": {"uv": [3, 4.75, 3.75, 0], "texture": "#0"},
				"up": {"uv": [3, 4.75, 3.75, 0], "texture": "#0"},
				"down": {"uv": [3, 4.75, 3.75, 0], "texture": "#0"}
			}
		},
		{
			"from": [4.10127, 5.55302, 7.575],
			"to": [6.35127, 10.12802, 8.425],
			"rotation": {"angle": 0, "axis": "z", "origin": [4.81377, 10.21552, 8]},
			"faces": {
				"north": {"uv": [7.25, 4.75, 6, 2.5], "texture": "#0"},
				"east": {"uv": [6, 4.75, 7.25, 2.5], "texture": "#0"},
				"south": {"uv": [6, 4.75, 7.25, 2.5], "texture": "#0"},
				"west": {"uv": [6, 4.75, 7.25, 2.5], "texture": "#0"},
				"up": {"uv": [6, 4.75, 7.25, 2.5], "texture": "#0"},
				"down": {"uv": [6, 4.75, 7.25, 2.5], "texture": "#0"}
			}
		},
		{
			"from": [10.67373, 0.475, 7.9],
			"to": [10.87373, 30.475, 8.1],
			"rotation": {"angle": 0, "axis": "y", "origin": [-3.10127, -1.525, -1]},
			"faces": {
				"north": {"uv": [1, 0, 1.25, 15], "texture": "#0"},
				"east": {"uv": [1, 0, 1.25, 15], "texture": "#0"},
				"south": {"uv": [1, 0, 1.25, 15], "texture": "#0"},
				"west": {"uv": [1, 0, 1.25, 15], "texture": "#0"},
				"up": {"uv": [1, 0, 1.25, 15], "texture": "#0"},
				"down": {"uv": [1, 0, 1.25, 15], "texture": "#0"}
			}
		}
	],
	"display": {
		"thirdperson_righthand": {
			"rotation": [133.46, -86.05, 131.57],
			"translation": [0.25, -9, 4]
		},
		"thirdperson_lefthand": {
			"rotation": [109.97, 87.73, -86.05],
			"translation": [0, -6.5, 1.25]
		},
		"firstperson_righthand": {
			"rotation": [14.25, 0, 0],
			"translation": [0, 1.75, 0],
			"scale": [0.53, 0.7, 0.69]
		},
		"firstperson_lefthand": {
			"rotation": [-93.24, 79.08, 91.96],
			"translation": [0.5, 16, 0]
		},
		"ground": {
			"translation": [0, 12.75, 0]
		},
		"gui": {
			"rotation": [180, 180, -44],
			"translation": [3, 0.5, 0],
			"scale": [0.57, 0.46, 0.57]
		},
		"fixed": {
			"rotation": [179.94, 0.25, -159.25],
			"translation": [-1.25, -6.25, -0.5]
		}
	}
}