{
	"credit": "Created with Blockbench [Exported as resourcepack with the \"resourcepack_packager\" plugin]",
	"texture_size": [32, 32],
	"textures": {
		"0": "nobi/bow7",
		"particle": "item/Bow7"
	},
	"elements": [
		{
			"from": [7.5, 23.49299, 7.04155],
			"to": [8.5, 25.44299, 8.99155],
			"rotation": {"angle": 0, "axis": "x", "origin": [8, 23.49299, 7.81655]},
			"faces": {
				"north": {"uv": [5, 8.5, 5.25, 9.5], "texture": "#0"},
				"east": {"uv": [6, 2.5, 5, 3.5], "texture": "#0"},
				"south": {"uv": [5.5, 8.5, 5.75, 9.5], "texture": "#0"},
				"west": {"uv": [5, 2.5, 6, 3.5], "texture": "#0"},
				"up": {"uv": [8.75, 6.5, 8.5, 5.5], "texture": "#0"},
				"down": {"uv": [8.75, 6.5, 8.5, 7.5], "texture": "#0"}
			}
		},
		{
			"from": [7.525, 25.42656, 5.61724],
			"to": [8.475, 29.92656, 7.41724],
			"rotation": {"angle": 45, "axis": "x", "origin": [8, 25.96548, 0.91724]},
			"faces": {
				"north": {"uv": [2.5, 2.5, 2, 4.75], "texture": "#0"},
				"east": {"uv": [3, 2.5, 2, 4.75], "texture": "#0"},
				"south": {"uv": [3, 2.5, 2.5, 4.75], "texture": "#0"},
				"west": {"uv": [2, 2.5, 3, 4.75], "texture": "#0"},
				"up": {"uv": [2, 2.5, 3, 4.75], "texture": "#0"},
				"down": {"uv": [2, 2.5, 3, 4.75], "texture": "#0"}
			}
		},
		{
			"from": [7.475, 22.90689, 7.12257],
			"to": [8.525, 25.20689, 7.94757],
			"rotation": {"angle": 45, "axis": "x", "origin": [8, 26.49581, 1.44757]},
			"faces": {
				"north": {"uv": [6, 6.5, 6.5, 7.75], "texture": "#0"},
				"east": {"uv": [7.5, 1.5, 7, 2.75], "texture": "#0"},
				"south": {"uv": [7, 0, 7.5, 1.25], "texture": "#0"},
				"west": {"uv": [7, 1.5, 7.5, 2.75], "texture": "#0"},
				"up": {"uv": [6, 2.5, 5.5, 2], "texture": "#0"},
				"down": {"uv": [6.5, 3, 6, 3.5], "texture": "#0"}
			}
		},
		{
			"from": [7.425, 18.40066, 3.11159],
			"to": [8.575, 22.25066, 4.01159],
			"rotation": {"angle": 22.5, "axis": "x", "origin": [8, 20.37566, 3.51159]},
			"faces": {
				"north": {"uv": [5, 5, 4.5, 7], "texture": "#0"},
				"east": {"uv": [5, 5, 4.5, 7], "texture": "#0"},
				"south": {"uv": [5, 5, 4.5, 7], "texture": "#0"},
				"west": {"uv": [4.5, 5, 5, 7], "texture": "#0"},
				"up": {"uv": [4.5, 5, 5, 7], "texture": "#0"},
				"down": {"uv": [4.5, 6.5, 5, 7], "texture": "#0"}
			}
		},
		{
			"from": [7.525, 17.39167, 1.16335],
			"to": [8.475, 19.24167, 3.01335],
			"rotation": {"angle": 45, "axis": "x", "origin": [8, 17.31667, 1.53835]},
			"faces": {
				"north": {"uv": [5, 7.5, 5.5, 8.5], "texture": "#0"},
				"east": {"uv": [6.5, 1, 5.5, 2], "texture": "#0"},
				"south": {"uv": [5.5, 7.5, 6, 8.5], "texture": "#0"},
				"west": {"uv": [5.5, 1, 6.5, 2], "texture": "#0"},
				"up": {"uv": [7.5, 8.5, 7, 7.5], "texture": "#0"},
				"down": {"uv": [8, 7.5, 7.5, 8.5], "texture": "#0"}
			}
		},
		{
			"from": [7.55, 16.33487, 1.32622],
			"to": [8.45, 17.63487, 2.62622],
			"rotation": {"angle": 0, "axis": "x", "origin": [8, 16.70987, 4.25122]},
			"faces": {
				"north": {"uv": [8, 7, 8.5, 7.75], "texture": "#0"},
				"east": {"uv": [7.75, 5.5, 7, 6.25], "texture": "#0"},
				"south": {"uv": [8, 8, 8.5, 8.75], "texture": "#0"},
				"west": {"uv": [7, 5.5, 7.75, 6.25], "texture": "#0"},
				"up": {"uv": [9, 0.75, 8.5, 0], "texture": "#0"},
				"down": {"uv": [9, 1, 8.5, 1.75], "texture": "#0"}
			}
		},
		{
			"from": [7.65, 14.75809, 1.52549],
			"to": [8.35, 16.63309, 2.72549],
			"rotation": {"angle": -22.5, "axis": "x", "origin": [8, 15.98309, 2.17549]},
			"faces": {
				"north": {"uv": [7.5, 8.5, 7.75, 9.5], "texture": "#0"},
				"east": {"uv": [8.5, 2, 8, 3], "texture": "#0"},
				"south": {"uv": [8.5, 7.5, 8.75, 8.5], "texture": "#0"},
				"west": {"uv": [8, 2, 8.5, 3], "texture": "#0"},
				"up": {"uv": [5.25, 10, 5, 9.5], "texture": "#0"},
				"down": {"uv": [9.75, 5, 9.5, 5.5], "texture": "#0"}
			}
		},
		{
			"from": [7.65, 13.05048, 1.48722],
			"to": [8.35, 14.75048, 2.13722],
			"rotation": {"angle": -22.5, "axis": "x", "origin": [8, 16.07548, 2.13722]},
			"faces": {
				"north": {"uv": [9, 5.5, 9.25, 6.25], "texture": "#0"},
				"east": {"uv": [9.25, 6.5, 9, 7.25], "texture": "#0"},
				"south": {"uv": [6.5, 9, 6.75, 9.75], "texture": "#0"},
				"west": {"uv": [9, 6.5, 9.25, 7.25], "texture": "#0"},
				"up": {"uv": [8.75, 9.75, 8.5, 9.5], "texture": "#0"},
				"down": {"uv": [9.75, 8.5, 9.5, 8.75], "texture": "#0"}
			}
		},
		{
			"from": [7.675, 13.56182, 2.50241],
			"to": [8.325, 15.06182, 3.15241],
			"rotation": {"angle": 0, "axis": "x", "origin": [8, 14.21182, 2.82741]},
			"faces": {
				"north": {"uv": [7, 9, 7.25, 9.75], "texture": "#0"},
				"east": {"uv": [9.25, 8.5, 9, 9.25], "texture": "#0"},
				"south": {"uv": [8, 9, 8.25, 9.75], "texture": "#0"},
				"west": {"uv": [9, 8.5, 9.25, 9.25], "texture": "#0"},
				"up": {"uv": [9.25, 9.75, 9, 9.5], "texture": "#0"},
				"down": {"uv": [9.75, 9, 9.5, 9.25], "texture": "#0"}
			}
		},
		{
			"from": [7.5, -3.39299, 7.04155],
			"to": [8.5, -1.44299, 8.99155],
			"rotation": {"angle": 0, "axis": "x", "origin": [8, -1.44299, 7.81655]},
			"faces": {
				"north": {"uv": [5, 9.5, 5.25, 8.5], "texture": "#0"},
				"east": {"uv": [6, 3.5, 5, 2.5], "texture": "#0"},
				"south": {"uv": [5.5, 9.5, 5.75, 8.5], "texture": "#0"},
				"west": {"uv": [5, 3.5, 6, 2.5], "texture": "#0"},
				"up": {"uv": [8.75, 7.5, 8.5, 6.5], "texture": "#0"},
				"down": {"uv": [8.75, 5.5, 8.5, 6.5], "texture": "#0"}
			}
		},
		{
			"from": [7.525, -7.87656, 5.61724],
			"to": [8.475, -3.37656, 7.41724],
			"rotation": {"angle": -45, "axis": "x", "origin": [8, -3.91548, 0.91724]},
			"faces": {
				"north": {"uv": [2.5, 4.75, 2, 2.5], "texture": "#0"},
				"east": {"uv": [3, 4.75, 2, 2.5], "texture": "#0"},
				"south": {"uv": [3, 4.75, 2.5, 2.5], "texture": "#0"},
				"west": {"uv": [2, 4.75, 3, 2.5], "texture": "#0"},
				"up": {"uv": [2, 4.75, 3, 2.5], "texture": "#0"},
				"down": {"uv": [2, 4.75, 3, 2.5], "texture": "#0"}
			}
		},
		{
			"from": [7.475, -3.15689, 7.12257],
			"to": [8.525, -0.85689, 7.94757],
			"rotation": {"angle": -45, "axis": "x", "origin": [8, -4.44581, 1.44757]},
			"faces": {
				"north": {"uv": [6, 7.75, 6.5, 6.5], "texture": "#0"},
				"east": {"uv": [7.5, 2.75, 7, 1.5], "texture": "#0"},
				"south": {"uv": [7, 1.25, 7.5, 0], "texture": "#0"},
				"west": {"uv": [7, 2.75, 7.5, 1.5], "texture": "#0"},
				"up": {"uv": [6.5, 3.5, 6, 3], "texture": "#0"},
				"down": {"uv": [6, 2, 5.5, 2.5], "texture": "#0"}
			}
		},
		{
			"from": [7.425, -0.20066, 3.11159],
			"to": [8.575, 3.64934, 4.01159],
			"rotation": {"angle": -22.5, "axis": "x", "origin": [8, 1.67434, 3.51159]},
			"faces": {
				"north": {"uv": [5, 7, 4.5, 5], "texture": "#0"},
				"east": {"uv": [5, 7, 4.5, 5], "texture": "#0"},
				"south": {"uv": [5, 7, 4.5, 5], "texture": "#0"},
				"west": {"uv": [4.5, 7, 5, 5], "texture": "#0"},
				"up": {"uv": [4.5, 7, 5, 6.5], "texture": "#0"},
				"down": {"uv": [4.5, 7, 5, 5], "texture": "#0"}
			}
		},
		{
			"from": [7.525, 2.80833, 1.16335],
			"to": [8.475, 4.65833, 3.01335],
			"rotation": {"angle": -45, "axis": "x", "origin": [8, 4.73333, 1.53835]},
			"faces": {
				"north": {"uv": [5, 8.5, 5.5, 7.5], "texture": "#0"},
				"east": {"uv": [6.5, 2, 5.5, 1], "texture": "#0"},
				"south": {"uv": [5.5, 8.5, 6, 7.5], "texture": "#0"},
				"west": {"uv": [5.5, 2, 6.5, 1], "texture": "#0"},
				"up": {"uv": [8, 8.5, 7.5, 7.5], "texture": "#0"},
				"down": {"uv": [7.5, 7.5, 7, 8.5], "texture": "#0"}
			}
		},
		{
			"from": [7.55, 4.41513, 1.32622],
			"to": [8.45, 5.71513, 2.62622],
			"rotation": {"angle": 0, "axis": "x", "origin": [8, 5.34013, 4.25122]},
			"faces": {
				"north": {"uv": [8, 7.75, 8.5, 7], "texture": "#0"},
				"east": {"uv": [7.75, 6.25, 7, 5.5], "texture": "#0"},
				"south": {"uv": [8, 8.75, 8.5, 8], "texture": "#0"},
				"west": {"uv": [7, 6.25, 7.75, 5.5], "texture": "#0"},
				"up": {"uv": [9, 1.75, 8.5, 1], "texture": "#0"},
				"down": {"uv": [9, 0, 8.5, 0.75], "texture": "#0"}
			}
		},
		{
			"from": [7.65, 5.41691, 1.52549],
			"to": [8.35, 7.29191, 2.72549],
			"rotation": {"angle": 22.5, "axis": "x", "origin": [8, 6.06691, 2.17549]},
			"faces": {
				"north": {"uv": [7.5, 9.5, 7.75, 8.5], "texture": "#0"},
				"east": {"uv": [8.5, 3, 8, 2], "texture": "#0"},
				"south": {"uv": [8.5, 8.5, 8.75, 7.5], "texture": "#0"},
				"west": {"uv": [8, 3, 8.5, 2], "texture": "#0"},
				"up": {"uv": [9.75, 5.5, 9.5, 5], "texture": "#0"},
				"down": {"uv": [5.25, 9.5, 5, 10], "texture": "#0"}
			}
		},
		{
			"from": [7.65, 7.29952, 1.48722],
			"to": [8.35, 8.99952, 2.13722],
			"rotation": {"angle": 22.5, "axis": "x", "origin": [8, 5.97452, 2.13722]},
			"faces": {
				"north": {"uv": [9, 6.25, 9.25, 5.5], "texture": "#0"},
				"east": {"uv": [9.25, 7.25, 9, 6.5], "texture": "#0"},
				"south": {"uv": [6.5, 9.75, 6.75, 9], "texture": "#0"},
				"west": {"uv": [9, 7.25, 9.25, 6.5], "texture": "#0"},
				"up": {"uv": [9.75, 8.75, 9.5, 8.5], "texture": "#0"},
				"down": {"uv": [8.75, 9.5, 8.5, 9.75], "texture": "#0"}
			}
		},
		{
			"from": [7.675, 6.98818, 2.50241],
			"to": [8.325, 8.48818, 3.15241],
			"rotation": {"angle": 0, "axis": "x", "origin": [8, 7.83818, 2.82741]},
			"faces": {
				"north": {"uv": [7, 9.75, 7.25, 9], "texture": "#0"},
				"east": {"uv": [9.25, 9.25, 9, 8.5], "texture": "#0"},
				"south": {"uv": [8, 9.75, 8.25, 9], "texture": "#0"},
				"west": {"uv": [9, 9.25, 9.25, 8.5], "texture": "#0"},
				"up": {"uv": [9.75, 9.25, 9.5, 9], "texture": "#0"},
				"down": {"uv": [9.25, 9.5, 9, 9.75], "texture": "#0"}
			}
		},
		{
			"from": [7.7, 8.76318, 2.65241],
			"to": [8.3, 13.31318, 3.50241],
			"rotation": {"angle": 0, "axis": "x", "origin": [8, 7.88818, 2.82741]},
			"faces": {
				"north": {"uv": [7.5, 1, 7.75, 3.25], "texture": "#0"},
				"east": {"uv": [2, 5, 2.5, 7.25], "texture": "#0"},
				"south": {"uv": [2, 7.5, 2.25, 9.75], "texture": "#0"},
				"west": {"uv": [2, 5, 2.5, 7.25], "texture": "#0"},
				"up": {"uv": [9.75, 6.5, 9.5, 6], "texture": "#0"},
				"down": {"uv": [9.75, 6.5, 9.5, 7], "texture": "#0"}
			}
		},
		{
			"from": [7.625, 9.51318, 2.55241],
			"to": [8.375, 12.56318, 3.60241],
			"rotation": {"angle": 0, "axis": "x", "origin": [8, 7.88818, 2.82741]},
			"faces": {
				"north": {"uv": [8.5, 4, 8.75, 5.5], "texture": "#0"},
				"east": {"uv": [7, 3, 6.5, 4.5], "texture": "#0"},
				"south": {"uv": [4.5, 8.5, 4.75, 10], "texture": "#0"},
				"west": {"uv": [6.5, 3, 7, 4.5], "texture": "#0"},
				"up": {"uv": [9.75, 7.5, 9.5, 7], "texture": "#0"},
				"down": {"uv": [7.75, 9.5, 7.5, 10], "texture": "#0"}
			}
		},
		{
			"from": [7.9, -2.25, 8.23345],
			"to": [8.1, 24.75, 8.43345],
			"rotation": {"angle": 0, "axis": "y", "origin": [0, -3.25, -9.01655]},
			"faces": {
				"north": {"uv": [1.5, 0, 1.75, 13.5], "texture": "#0"},
				"east": {"uv": [1.5, 0, 1.75, 13.5], "texture": "#0"},
				"south": {"uv": [1.5, 0, 1.75, 13.5], "texture": "#0"},
				"west": {"uv": [1.5, 0, 1.75, 13.5], "texture": "#0"},
				"up": {"uv": [1.5, 0, 1.75, 13.5], "texture": "#0"},
				"down": {"uv": [1.5, 0, 1.75, 13.5], "texture": "#0"}
			}
		}
	],
	"gui_light": "front",
	"display": {
		"thirdperson_righthand": {
			"translation": [0, -4.25, 7.5],
			"scale": [1.17, 1.17, 1.17]
		},
		"thirdperson_lefthand": {
			"translation": [0, -4, 7.5],
			"scale": [1.12, 1.12, 1.12]
		},
		"firstperson_righthand": {
			"rotation": [14.25, 0, 0],
			"translation": [0, 11.5, 0]
		},
		"firstperson_lefthand": {
			"rotation": [11.5, 0, 0],
			"translation": [1, 13.25, 0]
		},
		"ground": {
			"translation": [0, 13, 0]
		},
		"gui": {
			"rotation": [-46, -36, -59],
			"translation": [-1.25, -1.25, 0],
			"scale": [0.56, 0.54, 0.57]
		},
		"fixed": {
			"rotation": [180, -87.5, 180],
			"translation": [-1.25, -2, 0]
		}
	}
}