{
	"credit": "Created with Blockbench [Exported as resourcepack with the \"resourcepack_packager\" plugin]",
	"texture_size": [32, 32],
	"textures": {
		"0": "nobi/Bow8",
		"particle": "nobi/Bow8"
	},
	"elements": [
		{
			"from": [6.925, 8.075, 7.8],
			"to": [7.325, 28.05, 8.2],
			"rotation": {"angle": 0, "axis": "y", "origin": [7, 0, 7]},
			"faces": {
				"north": {"uv": [3, 0, 3.25, 8.5], "texture": "#0"},
				"east": {"uv": [3, 0, 3.25, 8.5], "texture": "#0"},
				"south": {"uv": [3, 0, 3.25, 8.5], "texture": "#0"},
				"west": {"uv": [3, 0, 3.25, 8.5], "texture": "#0"},
				"up": {"uv": [3, 0, 3.25, 8.5], "texture": "#0"},
				"down": {"uv": [3, 0, 3.25, 8.5], "texture": "#0"}
			}
		},
		{
			"from": [7, 27.875, 7.45],
			"to": [12.95, 29.6, 8.55],
			"rotation": {"angle": -45, "axis": "z", "origin": [8, 28.875, 8]},
			"faces": {
				"north": {"uv": [0, 0, 3, 0.75], "texture": "#0"},
				"east": {"uv": [6, 4.5, 6.5, 5.25], "texture": "#0"},
				"south": {"uv": [3, 0, 0, 0.75], "texture": "#0"},
				"west": {"uv": [5, 6, 5.5, 6.75], "texture": "#0"},
				"up": {"uv": [7.5, 0.5, 4.5, 0], "texture": "#0"},
				"down": {"uv": [7.5, 0.5, 4.5, 1], "texture": "#0"}
			}
		},
		{
			"from": [10.78783, 24.68747, 7.525],
			"to": [12.01283, 25.88747, 8.475],
			"rotation": {"angle": 0, "axis": "y", "origin": [11.25033, 24.26247, 8]},
			"faces": {
				"north": {"uv": [0.5, 7.5, 1, 8], "texture": "#0"},
				"east": {"uv": [7.5, 0.5, 8, 1], "texture": "#0"},
				"south": {"uv": [1, 7.5, 0.5, 8], "texture": "#0"},
				"west": {"uv": [7.5, 1, 8, 1.5], "texture": "#0"},
				"up": {"uv": [2, 8, 1.5, 7.5], "texture": "#0"},
				"down": {"uv": [8, 1.5, 7.5, 2], "texture": "#0"}
			}
		},
		{
			"from": [11.38939, 23.21018, 7.675],
			"to": [11.91439, 25.18518, 8.325],
			"rotation": {"angle": 45, "axis": "z", "origin": [11.68939, 24.21018, 8]},
			"faces": {
				"north": {"uv": [7.5, 2, 7.75, 3], "texture": "#0"},
				"east": {"uv": [7.5, 3, 7.75, 4], "texture": "#0"},
				"south": {"uv": [7.75, 2, 7.5, 3], "texture": "#0"},
				"west": {"uv": [5.5, 7.5, 5.75, 8.5], "texture": "#0"},
				"up": {"uv": [2.75, 9.75, 2.5, 9.5], "texture": "#0"},
				"down": {"uv": [9.75, 2.5, 9.5, 2.75], "texture": "#0"}
			}
		},
		{
			"from": [9.2687, 21.06641, 7.65],
			"to": [10.0937, 23.29141, 8.25],
			"rotation": {"angle": -22.5, "axis": "z", "origin": [9.5062, 20.39141, 7.95]},
			"faces": {
				"north": {"uv": [2, 6, 2.5, 7], "texture": "#0"},
				"east": {"uv": [2, 6, 2.5, 7], "texture": "#0"},
				"south": {"uv": [2, 6, 2.5, 7], "texture": "#0"},
				"west": {"uv": [2.5, 6, 2, 7], "texture": "#0"},
				"up": {"uv": [2, 6, 2.5, 7], "texture": "#0"},
				"down": {"uv": [2, 6, 2.5, 7], "texture": "#0"}
			}
		},
		{
			"from": [10.00249, 22.07972, 7.675],
			"to": [10.82749, 25.52972, 8.225],
			"rotation": {"angle": 0, "axis": "y", "origin": [9.88999, 22.16722, 7.95]},
			"faces": {
				"north": {"uv": [0.5, 6.5, 1, 7.25], "texture": "#0"},
				"east": {"uv": [0.5, 6.5, 1, 7.25], "texture": "#0"},
				"south": {"uv": [0.5, 6.5, 1, 7.25], "texture": "#0"},
				"west": {"uv": [0.5, 6.5, 1, 7.25], "texture": "#0"},
				"up": {"uv": [0.5, 6.5, 1, 7.25], "texture": "#0"},
				"down": {"uv": [0.5, 6.5, 1, 7.25], "texture": "#0"}
			}
		},
		{
			"from": [10.33376, 22.87084, 7.775],
			"to": [11.15876, 25.34584, 8.225],
			"rotation": {"angle": 0, "axis": "y", "origin": [10.22126, 21.63334, 8]},
			"faces": {
				"north": {"uv": [1.5, 10.75, 2, 11.5], "texture": "#0"},
				"east": {"uv": [0.5, 6.5, 1, 7.25], "texture": "#0"},
				"south": {"uv": [0.5, 6.5, 1, 7.25], "texture": "#0"},
				"west": {"uv": [0.5, 6.5, 1, 7.25], "texture": "#0"},
				"up": {"uv": [0.5, 6.5, 1, 7.25], "texture": "#0"},
				"down": {"uv": [0.5, 6.5, 1, 7.25], "texture": "#0"}
			}
		},
		{
			"from": [8.75477, 20.19432, 7.675],
			"to": [9.65477, 21.16932, 8.225],
			"rotation": {"angle": -45, "axis": "z", "origin": [9.51727, 20.15682, 7.95]},
			"faces": {
				"north": {"uv": [7.5, 5, 8, 5.5], "texture": "#0"},
				"east": {"uv": [7.5, 5, 8, 5.5], "texture": "#0"},
				"south": {"uv": [7.5, 5, 8, 5.5], "texture": "#0"},
				"west": {"uv": [8, 5, 7.5, 5.5], "texture": "#0"},
				"up": {"uv": [7.5, 5, 8, 5.5], "texture": "#0"},
				"down": {"uv": [7.5, 5, 8, 5.5], "texture": "#0"}
			}
		},
		{
			"from": [9.63044, 19.15054, 7.7],
			"to": [10.33044, 20.77554, 8.3],
			"rotation": {"angle": 0, "axis": "y", "origin": [9.86794, 20.15054, 8]},
			"faces": {
				"north": {"uv": [0.5, 8.5, 0.75, 9.25], "texture": "#0"},
				"east": {"uv": [0.5, 8.5, 0.75, 9.25], "texture": "#0"},
				"south": {"uv": [0.5, 8.5, 0.75, 9.25], "texture": "#0"},
				"west": {"uv": [0.5, 8.5, 0.75, 9.25], "texture": "#0"},
				"up": {"uv": [0.5, 8.5, 0.75, 9.25], "texture": "#0"},
				"down": {"uv": [0.5, 8.5, 0.75, 9.25], "texture": "#0"}
			}
		},
		{
			"from": [9.53044, 17.05054, 7.6],
			"to": [10.38044, 18.77554, 8.4],
			"rotation": {"angle": 0, "axis": "y", "origin": [9.86794, 20.15054, 8]},
			"faces": {
				"north": {"uv": [1.5, 6.5, 2, 7.25], "texture": "#0"},
				"east": {"uv": [2, 6.5, 1.5, 7.25], "texture": "#0"},
				"south": {"uv": [1.5, 6.5, 2, 7.25], "texture": "#0"},
				"west": {"uv": [2, 6.5, 1.5, 7.25], "texture": "#0"},
				"up": {"uv": [1.5, 6.5, 2, 7.25], "texture": "#0"},
				"down": {"uv": [1.5, 6.5, 2, 7.25], "texture": "#0"}
			}
		},
		{
			"from": [12.40544, 17.30054, 7.6],
			"to": [14.38044, 19.27554, 8.4],
			"rotation": {"angle": -45, "axis": "z", "origin": [13.01794, 17.91304, 8]},
			"faces": {
				"north": {"uv": [2, 4, 2.75, 4.75], "texture": "#0"},
				"east": {"uv": [7, 4.5, 7.5, 5.25], "texture": "#0"},
				"south": {"uv": [2.75, 4, 2, 4.75], "texture": "#0"},
				"west": {"uv": [5, 7, 5.5, 7.75], "texture": "#0"},
				"up": {"uv": [7.75, 6, 7, 5.5], "texture": "#0"},
				"down": {"uv": [7.75, 6, 7, 6.5], "texture": "#0"}
			}
		},
		{
			"from": [9.43044, 18.75054, 7.525],
			"to": [10.48044, 19.22554, 8.475],
			"rotation": {"angle": 0, "axis": "y", "origin": [9.86794, 20.15054, 8]},
			"faces": {
				"north": {"uv": [9, 4.5, 9.5, 4.75], "texture": "#0"},
				"east": {"uv": [9, 5, 9.5, 5.25], "texture": "#0"},
				"south": {"uv": [9, 5.5, 9.5, 5.75], "texture": "#0"},
				"west": {"uv": [9, 6, 9.5, 6.25], "texture": "#0"},
				"up": {"uv": [8, 8, 7.5, 7.5], "texture": "#0"},
				"down": {"uv": [8.5, 0, 8, 0.5], "texture": "#0"}
			}
		},
		{
			"from": [9.2889, 19.29329, 7.725],
			"to": [9.9889, 20.91829, 8.275],
			"rotation": {"angle": 22.5, "axis": "z", "origin": [9.6389, 20.10579, 8]},
			"faces": {
				"north": {"uv": [3.5, 8.5, 3.75, 9.25], "texture": "#0"},
				"east": {"uv": [3.5, 8.5, 3.75, 9.25], "texture": "#0"},
				"south": {"uv": [3.5, 8.5, 3.75, 9.25], "texture": "#0"},
				"west": {"uv": [3.5, 8.5, 3.75, 9.25], "texture": "#0"},
				"up": {"uv": [3.5, 8.5, 3.75, 9.25], "texture": "#0"},
				"down": {"uv": [3.5, 8.5, 3.75, 9.25], "texture": "#0"}
			}
		},
		{
			"from": [11.62653, 23.41384, 7.575],
			"to": [12.12653, 24.93884, 8.425],
			"rotation": {"angle": 22.5, "axis": "z", "origin": [11.51403, 24.33884, 8]},
			"faces": {
				"north": {"uv": [8, 7.5, 8.25, 8.25], "texture": "#0"},
				"east": {"uv": [5.5, 6, 6, 6.75], "texture": "#0"},
				"south": {"uv": [8.25, 7.5, 8, 8.25], "texture": "#0"},
				"west": {"uv": [6, 5.5, 6.5, 6.25], "texture": "#0"},
				"up": {"uv": [9.25, 1.5, 9, 1], "texture": "#0"},
				"down": {"uv": [1.75, 9, 1.5, 9.5], "texture": "#0"}
			}
		},
		{
			"from": [4.39017, 28.35983, 7.75],
			"to": [6.89017, 29.20983, 8.25],
			"rotation": {"angle": -45, "axis": "z", "origin": [8.26517, 28.60983, 8]},
			"faces": {
				"north": {"uv": [0.5, 4, 1.75, 4.5], "texture": "#0"},
				"east": {"uv": [0.5, 4, 1.75, 4.5], "texture": "#0"},
				"south": {"uv": [1.75, 4, 0.5, 4.5], "texture": "#0"},
				"west": {"uv": [0.5, 4, 1.75, 4.5], "texture": "#0"},
				"up": {"uv": [0.5, 4, 1.75, 4.5], "texture": "#0"},
				"down": {"uv": [0.5, 4, 1.75, 4.25], "texture": "#0"}
			}
		},
		{
			"from": [3.9133, 30.1935, 7.825],
			"to": [4.9633, 30.6185, 8.175],
			"rotation": {"angle": -45, "axis": "z", "origin": [6.3383, 30.2185, 8]},
			"faces": {
				"north": {"uv": [6.25, 11, 7.5, 11.5], "texture": "#0"},
				"east": {"uv": [6.25, 11, 7.5, 11.5], "texture": "#0"},
				"south": {"uv": [7.5, 11, 6.25, 11.5], "texture": "#0"},
				"west": {"uv": [6.25, 11, 7.5, 11.5], "texture": "#0"},
				"up": {"uv": [6.25, 11, 7.5, 11.5], "texture": "#0"},
				"down": {"uv": [6.25, 11, 7.5, 11.5], "texture": "#0"}
			}
		},
		{
			"from": [4.78679, 31.55, 7.85],
			"to": [5.91179, 32, 8.15],
			"rotation": {"angle": -22.5, "axis": "z", "origin": [5.21179, 31.82259, 8]},
			"faces": {
				"north": {"uv": [10.75, 11.75, 12, 12.25], "texture": "#0"},
				"east": {"uv": [10.75, 11.75, 12, 12.25], "texture": "#0"},
				"south": {"uv": [12, 11.75, 10.75, 12.25], "texture": "#0"},
				"west": {"uv": [10.75, 11.75, 12, 12.25], "texture": "#0"},
				"up": {"uv": [10.75, 11.75, 12, 12.25], "texture": "#0"},
				"down": {"uv": [10.75, 11.75, 12, 12.25], "texture": "#0"}
			}
		},
		{
			"from": [5.01255, 29.33806, 7.775],
			"to": [5.41255, 30.36306, 8.225],
			"rotation": {"angle": 22.5, "axis": "z", "origin": [5.43755, 30.50056, 8]},
			"faces": {
				"north": {"uv": [12.25, 8.75, 13.5, 9.25], "rotation": 270, "texture": "#0"},
				"east": {"uv": [12.25, 8.75, 13.5, 9.25], "rotation": 270, "texture": "#0"},
				"south": {"uv": [12.25, 9.25, 13.5, 8.75], "rotation": 270, "texture": "#0"},
				"west": {"uv": [12.25, 9.25, 13.5, 8.75], "rotation": 270, "texture": "#0"},
				"up": {"uv": [12.25, 8.75, 13.5, 9.25], "rotation": 270, "texture": "#0"},
				"down": {"uv": [12.25, 8.75, 13.5, 9.25], "rotation": 270, "texture": "#0"}
			}
		},
		{
			"from": [5.84017, 27.10983, 7.7],
			"to": [8.16517, 27.95983, 8.3],
			"rotation": {"angle": -45, "axis": "z", "origin": [8.26517, 28.60983, 8]},
			"faces": {
				"north": {"uv": [11.5, 3, 12.75, 3.5], "texture": "#0"},
				"east": {"uv": [11.5, 3, 12.75, 3.5], "texture": "#0"},
				"south": {"uv": [12.75, 3, 11.5, 3.5], "texture": "#0"},
				"west": {"uv": [11.5, 3, 12.75, 3.5], "texture": "#0"},
				"up": {"uv": [11.5, 3, 12.75, 3.5], "texture": "#0"},
				"down": {"uv": [11.5, 3.25, 12.75, 3.5], "texture": "#0"}
			}
		},
		{
			"from": [7.20794, 27.14266, 7.75],
			"to": [9.53294, 27.99266, 8.25],
			"rotation": {"angle": -22.5, "axis": "z", "origin": [8.37044, 27.56766, 8]},
			"faces": {
				"north": {"uv": [4, 10.5, 5.25, 11], "texture": "#0"},
				"east": {"uv": [4, 10.5, 5.25, 11], "texture": "#0"},
				"south": {"uv": [4, 10.5, 5.25, 11], "texture": "#0"},
				"west": {"uv": [4, 10.5, 5.25, 11], "texture": "#0"},
				"up": {"uv": [4, 10.5, 5.25, 11], "texture": "#0"},
				"down": {"uv": [4, 10.5, 5.25, 11], "texture": "#0"}
			}
		},
		{
			"from": [5.57114, 29.15386, 7.75],
			"to": [6.52114, 29.60386, 8.25],
			"rotation": {"angle": -45, "axis": "z", "origin": [6.62114, 30.25386, 8]},
			"faces": {
				"north": {"uv": [10.5, 6.25, 11.75, 6.75], "texture": "#0"},
				"east": {"uv": [10.5, 6.25, 11.75, 6.75], "texture": "#0"},
				"south": {"uv": [11.75, 6.25, 10.5, 6.75], "texture": "#0"},
				"west": {"uv": [10.5, 6.25, 11.75, 6.75], "texture": "#0"},
				"up": {"uv": [10.5, 6.25, 11.75, 6.75], "texture": "#0"},
				"down": {"uv": [10.5, 6.25, 11.75, 6.75], "texture": "#0"}
			}
		},
		{
			"from": [7, 6.3, 7.45],
			"to": [12.95, 8.025, 8.55],
			"rotation": {"angle": 45, "axis": "z", "origin": [8, 7.025, 8]},
			"faces": {
				"north": {"uv": [0, 0.75, 3, 0], "texture": "#0"},
				"east": {"uv": [6, 5.25, 6.5, 4.5], "texture": "#0"},
				"south": {"uv": [3, 0.75, 0, 0], "texture": "#0"},
				"west": {"uv": [5, 6.75, 5.5, 6], "texture": "#0"},
				"up": {"uv": [7.5, 1, 4.5, 0.5], "texture": "#0"},
				"down": {"uv": [7.5, 0, 4.5, 0.5], "texture": "#0"}
			}
		},
		{
			"from": [4.39017, 6.69017, 7.75],
			"to": [6.89017, 7.54017, 8.25],
			"rotation": {"angle": 45, "axis": "z", "origin": [8.26517, 7.29017, 8]},
			"faces": {
				"north": {"uv": [0.5, 4.5, 1.75, 4], "texture": "#0"},
				"east": {"uv": [0.5, 4.5, 1.75, 4], "texture": "#0"},
				"south": {"uv": [1.75, 4.5, 0.5, 4], "texture": "#0"},
				"west": {"uv": [0.5, 4.5, 1.75, 4], "texture": "#0"},
				"up": {"uv": [0.5, 4.25, 1.75, 4], "texture": "#0"},
				"down": {"uv": [0.5, 4.5, 1.75, 4], "texture": "#0"}
			}
		},
		{
			"from": [10.78783, 10.01253, 7.525],
			"to": [12.01283, 11.21253, 8.475],
			"rotation": {"angle": 0, "axis": "y", "origin": [11.25033, 11.63753, 8]},
			"faces": {
				"north": {"uv": [0.5, 8, 1, 7.5], "texture": "#0"},
				"east": {"uv": [7.5, 1, 8, 0.5], "texture": "#0"},
				"south": {"uv": [1, 8, 0.5, 7.5], "texture": "#0"},
				"west": {"uv": [7.5, 1.5, 8, 1], "texture": "#0"},
				"up": {"uv": [8, 2, 7.5, 1.5], "texture": "#0"},
				"down": {"uv": [2, 7.5, 1.5, 8], "texture": "#0"}
			}
		},
		{
			"from": [11.38939, 10.71482, 7.675],
			"to": [11.91439, 12.68982, 8.325],
			"rotation": {"angle": -45, "axis": "z", "origin": [11.68939, 11.68982, 8]},
			"faces": {
				"north": {"uv": [7.5, 3, 7.75, 2], "texture": "#0"},
				"east": {"uv": [7.5, 4, 7.75, 3], "texture": "#0"},
				"south": {"uv": [7.75, 3, 7.5, 2], "texture": "#0"},
				"west": {"uv": [5.5, 8.5, 5.75, 7.5], "texture": "#0"},
				"up": {"uv": [9.75, 2.75, 9.5, 2.5], "texture": "#0"},
				"down": {"uv": [2.75, 9.5, 2.5, 9.75], "texture": "#0"}
			}
		},
		{
			"from": [11.62653, 10.96116, 7.575],
			"to": [12.12653, 12.48616, 8.425],
			"rotation": {"angle": -22.5, "axis": "z", "origin": [11.51403, 11.56116, 8]},
			"faces": {
				"north": {"uv": [8, 8.25, 8.25, 7.5], "texture": "#0"},
				"east": {"uv": [5.5, 6.75, 6, 6], "texture": "#0"},
				"south": {"uv": [8.25, 8.25, 8, 7.5], "texture": "#0"},
				"west": {"uv": [6, 6.25, 6.5, 5.5], "texture": "#0"},
				"up": {"uv": [1.75, 9.5, 1.5, 9], "texture": "#0"},
				"down": {"uv": [9.25, 1, 9, 1.5], "texture": "#0"}
			}
		},
		{
			"from": [9.2687, 12.60859, 7.65],
			"to": [10.0937, 14.83359, 8.25],
			"rotation": {"angle": 22.5, "axis": "z", "origin": [9.5062, 15.50859, 7.95]},
			"faces": {
				"north": {"uv": [2, 7, 2.5, 6], "texture": "#0"},
				"east": {"uv": [2, 7, 2.5, 6], "texture": "#0"},
				"south": {"uv": [2, 7, 2.5, 6], "texture": "#0"},
				"west": {"uv": [2.5, 7, 2, 6], "texture": "#0"},
				"up": {"uv": [2, 7, 2.5, 6], "texture": "#0"},
				"down": {"uv": [2, 7, 2.5, 6], "texture": "#0"}
			}
		},
		{
			"from": [8.75477, 14.73068, 7.675],
			"to": [9.65477, 15.70568, 8.225],
			"rotation": {"angle": 45, "axis": "z", "origin": [9.51727, 15.74318, 7.95]},
			"faces": {
				"north": {"uv": [7.5, 5.5, 8, 5], "texture": "#0"},
				"east": {"uv": [7.5, 5.5, 8, 5], "texture": "#0"},
				"south": {"uv": [7.5, 5.5, 8, 5], "texture": "#0"},
				"west": {"uv": [8, 5.5, 7.5, 5], "texture": "#0"},
				"up": {"uv": [7.5, 5.5, 8, 5], "texture": "#0"},
				"down": {"uv": [7.5, 5.5, 8, 5], "texture": "#0"}
			}
		},
		{
			"from": [9.63044, 15.12446, 7.7],
			"to": [10.33044, 16.74946, 8.3],
			"rotation": {"angle": 0, "axis": "y", "origin": [9.86794, 15.74946, 8]},
			"faces": {
				"north": {"uv": [0.5, 9.25, 0.75, 8.5], "texture": "#0"},
				"east": {"uv": [0.5, 9.25, 0.75, 8.5], "texture": "#0"},
				"south": {"uv": [0.5, 9.25, 0.75, 8.5], "texture": "#0"},
				"west": {"uv": [0.5, 9.25, 0.75, 8.5], "texture": "#0"},
				"up": {"uv": [0.5, 9.25, 0.75, 8.5], "texture": "#0"},
				"down": {"uv": [0.5, 9.25, 0.75, 8.5], "texture": "#0"}
			}
		},
		{
			"from": [10.00249, 10.37028, 7.675],
			"to": [10.82749, 13.82028, 8.225],
			"rotation": {"angle": 0, "axis": "y", "origin": [9.88999, 13.73278, 7.95]},
			"faces": {
				"north": {"uv": [0.5, 7.25, 1, 6.5], "texture": "#0"},
				"east": {"uv": [0.5, 7.25, 1, 6.5], "texture": "#0"},
				"south": {"uv": [0.5, 7.25, 1, 6.5], "texture": "#0"},
				"west": {"uv": [0.5, 7.25, 1, 6.5], "texture": "#0"},
				"up": {"uv": [0.5, 7.25, 1, 6.5], "texture": "#0"},
				"down": {"uv": [0.5, 7.25, 1, 6.5], "texture": "#0"}
			}
		},
		{
			"from": [9.2889, 14.98171, 7.725],
			"to": [9.9889, 16.60671, 8.275],
			"rotation": {"angle": -22.5, "axis": "z", "origin": [9.6389, 15.79421, 8]},
			"faces": {
				"north": {"uv": [3.5, 9.25, 3.75, 8.5], "texture": "#0"},
				"east": {"uv": [3.5, 9.25, 3.75, 8.5], "texture": "#0"},
				"south": {"uv": [3.5, 9.25, 3.75, 8.5], "texture": "#0"},
				"west": {"uv": [3.5, 9.25, 3.75, 8.5], "texture": "#0"},
				"up": {"uv": [3.5, 9.25, 3.75, 8.5], "texture": "#0"},
				"down": {"uv": [3.5, 9.25, 3.75, 8.5], "texture": "#0"}
			}
		},
		{
			"from": [9.43044, 16.67446, 7.525],
			"to": [10.48044, 17.14946, 8.475],
			"rotation": {"angle": 0, "axis": "y", "origin": [9.86794, 15.74946, 8]},
			"faces": {
				"north": {"uv": [9, 4.75, 9.5, 4.5], "texture": "#0"},
				"east": {"uv": [9, 5.25, 9.5, 5], "texture": "#0"},
				"south": {"uv": [9, 5.75, 9.5, 5.5], "texture": "#0"},
				"west": {"uv": [9, 6.25, 9.5, 6], "texture": "#0"},
				"up": {"uv": [8.5, 0.5, 8, 0], "texture": "#0"},
				"down": {"uv": [8, 7.5, 7.5, 8], "texture": "#0"}
			}
		},
		{
			"from": [5.84017, 7.94017, 7.7],
			"to": [8.16517, 8.79017, 8.3],
			"rotation": {"angle": 45, "axis": "z", "origin": [8.26517, 7.29017, 8]},
			"faces": {
				"north": {"uv": [11.5, 3.5, 12.75, 3], "texture": "#0"},
				"east": {"uv": [11.5, 3.5, 12.75, 3], "texture": "#0"},
				"south": {"uv": [12.75, 3.5, 11.5, 3], "texture": "#0"},
				"west": {"uv": [11.5, 3.5, 12.75, 3], "texture": "#0"},
				"up": {"uv": [11.5, 3.5, 12.75, 3.25], "texture": "#0"},
				"down": {"uv": [11.5, 3.5, 12.75, 3], "texture": "#0"}
			}
		},
		{
			"from": [5.01255, 5.53694, 7.775],
			"to": [5.41255, 6.56194, 8.225],
			"rotation": {"angle": -22.5, "axis": "z", "origin": [5.43755, 5.39944, 8]},
			"faces": {
				"north": {"uv": [13.5, 8.75, 12.25, 9.25], "rotation": 270, "texture": "#0"},
				"east": {"uv": [13.5, 8.75, 12.25, 9.25], "rotation": 270, "texture": "#0"},
				"south": {"uv": [13.5, 9.25, 12.25, 8.75], "rotation": 270, "texture": "#0"},
				"west": {"uv": [13.5, 9.25, 12.25, 8.75], "rotation": 270, "texture": "#0"},
				"up": {"uv": [13.5, 8.75, 12.25, 9.25], "rotation": 270, "texture": "#0"},
				"down": {"uv": [13.5, 8.75, 12.25, 9.25], "rotation": 270, "texture": "#0"}
			}
		},
		{
			"from": [5.57114, 6.29614, 7.75],
			"to": [6.52114, 6.74614, 8.25],
			"rotation": {"angle": 45, "axis": "z", "origin": [6.62114, 5.64614, 8]},
			"faces": {
				"north": {"uv": [10.5, 6.75, 11.75, 6.25], "texture": "#0"},
				"east": {"uv": [10.5, 6.75, 11.75, 6.25], "texture": "#0"},
				"south": {"uv": [11.75, 6.75, 10.5, 6.25], "texture": "#0"},
				"west": {"uv": [10.5, 6.75, 11.75, 6.25], "texture": "#0"},
				"up": {"uv": [10.5, 6.75, 11.75, 6.25], "texture": "#0"},
				"down": {"uv": [10.5, 6.75, 11.75, 6.25], "texture": "#0"}
			}
		},
		{
			"from": [7.20794, 7.90734, 7.75],
			"to": [9.53294, 8.75734, 8.25],
			"rotation": {"angle": 22.5, "axis": "z", "origin": [8.37044, 8.33234, 8]},
			"faces": {
				"north": {"uv": [4, 11, 5.25, 10.5], "texture": "#0"},
				"east": {"uv": [4, 11, 5.25, 10.5], "texture": "#0"},
				"south": {"uv": [4, 11, 5.25, 10.5], "texture": "#0"},
				"west": {"uv": [4, 11, 5.25, 10.5], "texture": "#0"},
				"up": {"uv": [4, 11, 5.25, 10.5], "texture": "#0"},
				"down": {"uv": [4, 11, 5.25, 10.5], "texture": "#0"}
			}
		},
		{
			"from": [10.33376, 10.55416, 7.775],
			"to": [11.15876, 13.02916, 8.225],
			"rotation": {"angle": 0, "axis": "y", "origin": [10.22126, 14.26666, 8]},
			"faces": {
				"north": {"uv": [1.5, 11.5, 2, 10.75], "texture": "#0"},
				"east": {"uv": [0.5, 7.25, 1, 6.5], "texture": "#0"},
				"south": {"uv": [0.5, 7.25, 1, 6.5], "texture": "#0"},
				"west": {"uv": [0.5, 7.25, 1, 6.5], "texture": "#0"},
				"up": {"uv": [0.5, 7.25, 1, 6.5], "texture": "#0"},
				"down": {"uv": [0.5, 7.25, 1, 6.5], "texture": "#0"}
			}
		}
	],
	"gui_light": "front",
	"display": {
		"thirdperson_righthand": {
			"rotation": [-36.91, 85.63, 39.21],
			"translation": [0.5, -16.5, 3.75],
			"scale": [1.48, 1.48, 1.48]
		},
		"thirdperson_lefthand": {
			"rotation": [-125.21, -86.6, -124.29],
			"translation": [-0.25, -15.5, 5],
			"scale": [1.48, 1.48, 1.48]
		},
		"firstperson_righthand": {
			"rotation": [-166, 89.75, 180],
			"translation": [0, 6.75, 0]
		},
		"firstperson_lefthand": {
			"rotation": [-167, -79.75, 180],
			"translation": [0.25, 7.75, 0]
		},
		"ground": {
			"translation": [0, 3.5, 0]
		},
		"gui": {
			"rotation": [180, 180, 150],
			"translation": [-2.75, -5.25, 0],
			"scale": [0.73, 0.65, 1.14]
		},
		"fixed": {
			"translation": [0, -9.5, 0]
		}
	}
}