{
	"credit": "Created with Blockbench [Exported as resourcepack with the \"resourcepack_packager\" plugin]",
	"texture_size": [32, 32],
	"textures": {
		"0": "nobi/bow9",
		"particle": "nobi/bow9"
	},
	"elements": [
		{
			"from": [7.85, 11.85, 7.85],
			"to": [8.15, 28, 8.15],
			"rotation": {"angle": 0, "axis": "y", "origin": [7, 0, 7]},
			"faces": {
				"north": {"uv": [0, 0, 0.25, 8], "texture": "#0"},
				"east": {"uv": [0, 0, 0.25, 8], "texture": "#0"},
				"south": {"uv": [0, 0, 0.25, 8], "texture": "#0"},
				"west": {"uv": [0, 0, 0.25, 8], "texture": "#0"},
				"up": {"uv": [0, 0, 0.25, 8], "texture": "#0"},
				"down": {"uv": [0, 0, 0.25, 8], "texture": "#0"}
			}
		},
		{
			"from": [8.975, 27, 7.325],
			"to": [11.675, 28.4, 8.675],
			"rotation": {"angle": 0, "axis": "y", "origin": [9.075, 0, 7]},
			"faces": {
				"north": {"uv": [2, 0, 3.25, 0.75], "texture": "#0"},
				"east": {"uv": [2, 4, 2.75, 4.75], "texture": "#0"},
				"south": {"uv": [3.25, 0, 2, 0.75], "texture": "#0"},
				"west": {"uv": [3, 4, 3.75, 4.75], "texture": "#0"},
				"up": {"uv": [3.25, 2.75, 2, 2], "texture": "#0"},
				"down": {"uv": [3.25, 3, 2, 3.75], "texture": "#0"}
			}
		},
		{
			"from": [11.30436, 27.11166, 7.575],
			"to": [12.85436, 27.93666, 8.425],
			"rotation": {"angle": -22.5, "axis": "z", "origin": [12.65436, 27.23666, 8]},
			"faces": {
				"north": {"uv": [6.5, 1, 7.25, 1.5], "texture": "#0"},
				"east": {"uv": [7, 6.5, 7.5, 7], "texture": "#0"},
				"south": {"uv": [7.25, 1, 6.5, 1.5], "texture": "#0"},
				"west": {"uv": [7, 7, 7.5, 7.5], "texture": "#0"},
				"up": {"uv": [7.25, 2.5, 6.5, 2], "texture": "#0"},
				"down": {"uv": [3.25, 6.5, 2.5, 7], "texture": "#0"}
			}
		},
		{
			"from": [12.58834, 26.55465, 7.5],
			"to": [14.13834, 27.37965, 8.5],
			"rotation": {"angle": -45, "axis": "z", "origin": [13.36334, 26.96715, 8]},
			"faces": {
				"north": {"uv": [6.5, 2.5, 7.25, 3], "texture": "#0"},
				"east": {"uv": [7.5, 2, 8, 2.5], "texture": "#0"},
				"south": {"uv": [7.25, 2.5, 6.5, 3], "texture": "#0"},
				"west": {"uv": [7.5, 2.5, 8, 3], "texture": "#0"},
				"up": {"uv": [7.25, 4.5, 6.5, 4], "texture": "#0"},
				"down": {"uv": [7.25, 4.5, 6.5, 5], "texture": "#0"}
			}
		},
		{
			"from": [12.51031, 27.39126, 7.5],
			"to": [14.08531, 28.96626, 8.5],
			"rotation": {"angle": -45, "axis": "z", "origin": [13.31031, 26.87876, 8]},
			"faces": {
				"north": {"uv": [4.5, 3, 5.25, 3.75], "texture": "#0"},
				"east": {"uv": [6, 6.5, 6.5, 7.25], "texture": "#0"},
				"south": {"uv": [5.25, 3, 4.5, 3.75], "texture": "#0"},
				"west": {"uv": [6.5, 6, 7, 6.75], "texture": "#0"},
				"up": {"uv": [7.75, 0.5, 7, 0], "texture": "#0"},
				"down": {"uv": [7.75, 0.5, 7, 1], "texture": "#0"}
			}
		},
		{
			"from": [13.04564, 25.3819, 7.575],
			"to": [14.62064, 26.9569, 8.425],
			"rotation": {"angle": -22.5, "axis": "z", "origin": [15.45814, 26.5694, 8]},
			"faces": {
				"north": {"uv": [5, 1, 5.75, 1.75], "texture": "#0"},
				"east": {"uv": [4.5, 7, 5, 7.75], "texture": "#0"},
				"south": {"uv": [2, 5, 2.75, 5.75], "texture": "#0"},
				"west": {"uv": [5, 7, 5.5, 7.75], "texture": "#0"},
				"up": {"uv": [7.75, 5.5, 7, 5], "texture": "#0"},
				"down": {"uv": [7.75, 6, 7, 6.5], "texture": "#0"}
			}
		},
		{
			"from": [12.5261, 27.97645, 7.625],
			"to": [13.7261, 28.32645, 8.375],
			"rotation": {"angle": 22.5, "axis": "z", "origin": [13.5136, 28.51395, 8]},
			"faces": {
				"north": {"uv": [9, 3, 9.5, 3.25], "texture": "#0"},
				"east": {"uv": [9, 3.5, 9.5, 3.75], "texture": "#0"},
				"south": {"uv": [9.5, 3, 9, 3.25], "texture": "#0"},
				"west": {"uv": [9, 4.5, 9.5, 4.75], "texture": "#0"},
				"up": {"uv": [0.5, 8.5, 0, 8], "texture": "#0"},
				"down": {"uv": [8.5, 0, 8, 0.5], "texture": "#0"}
			}
		},
		{
			"from": [14.1594, 27.80684, 7.575],
			"to": [15.3344, 29.38184, 8.425],
			"rotation": {"angle": 0, "axis": "y", "origin": [14.5469, 28.59434, 8]},
			"faces": {
				"north": {"uv": [2, 7, 2.5, 7.75], "texture": "#0"},
				"east": {"uv": [2.5, 7, 3, 7.75], "texture": "#0"},
				"south": {"uv": [2.5, 7, 2, 7.75], "texture": "#0"},
				"west": {"uv": [7, 3, 7.5, 3.75], "texture": "#0"},
				"up": {"uv": [8, 7.5, 7.5, 7], "texture": "#0"},
				"down": {"uv": [8, 7.5, 7.5, 8], "texture": "#0"}
			}
		},
		{
			"from": [14.13951, 28.73657, 7.65458],
			"to": [14.93951, 30.31157, 8.30458],
			"rotation": {"angle": -0.88517, "axis": "x", "origin": [14.35201, 29.52407, 7.97958]},
			"rotated": [-0.88517, -0.79431, 44.99123],
			"faces": {
				"north": {"uv": [3.5, 7, 4, 7.75], "texture": "#0"},
				"east": {"uv": [3, 8.5, 3.25, 9.25], "texture": "#0"},
				"south": {"uv": [4, 7, 3.5, 7.75], "texture": "#0"},
				"west": {"uv": [3.5, 8.5, 3.75, 9.25], "texture": "#0"},
				"up": {"uv": [9.5, 0.25, 9, 0], "texture": "#0"},
				"down": {"uv": [9.5, 0.5, 9, 0.75], "texture": "#0"}
			}
		},
		{
			"from": [13.24262, 29.92101, 7.67563],
			"to": [14.21762, 30.49601, 8.27563],
			"rotation": {"angle": 0, "axis": "y", "origin": [13.43012, 30.09601, 7.97563]},
			"faces": {
				"north": {"uv": [9, 1, 9.5, 1.25], "texture": "#0"},
				"east": {"uv": [9.5, 8.5, 9.75, 8.75], "texture": "#0"},
				"south": {"uv": [9.5, 1, 9, 1.25], "texture": "#0"},
				"west": {"uv": [9, 9.5, 9.25, 9.75], "texture": "#0"},
				"up": {"uv": [9.5, 2.25, 9, 2], "texture": "#0"},
				"down": {"uv": [9.5, 2.5, 9, 2.75], "texture": "#0"}
			}
		},
		{
			"from": [12.71475, 30.08568, 7.72563],
			"to": [13.38975, 30.61068, 8.22563],
			"rotation": {"angle": -22.5, "axis": "z", "origin": [12.90225, 30.37318, 7.97563]},
			"faces": {
				"north": {"uv": [9.5, 9, 9.75, 9.25], "texture": "#0"},
				"east": {"uv": [9.5, 9.5, 9.75, 9.75], "texture": "#0"},
				"south": {"uv": [9.75, 9, 9.5, 9.25], "texture": "#0"},
				"west": {"uv": [10, 0, 10.25, 0.25], "texture": "#0"},
				"up": {"uv": [0.75, 10.25, 0.5, 10], "texture": "#0"},
				"down": {"uv": [10.25, 0.5, 10, 0.75], "texture": "#0"}
			}
		},
		{
			"from": [12.41246, 30.24266, 7.77563],
			"to": [12.76246, 30.94266, 8.17563],
			"rotation": {"angle": 22.5, "axis": "z", "origin": [12.67496, 30.73016, 7.97563]},
			"faces": {
				"north": {"uv": [1, 10, 1.25, 10.25], "texture": "#0"},
				"east": {"uv": [10, 1, 10.25, 1.25], "texture": "#0"},
				"south": {"uv": [1.5, 10, 1.75, 10.25], "texture": "#0"},
				"west": {"uv": [10, 1.5, 10.25, 1.75], "texture": "#0"},
				"up": {"uv": [2.25, 10.25, 2, 10], "texture": "#0"},
				"down": {"uv": [10.25, 2, 10, 2.25], "texture": "#0"}
			}
		},
		{
			"from": [12.43152, 30.78021, 7.85063],
			"to": [12.58152, 31.23021, 8.10063],
			"rotation": {"angle": -22.5, "axis": "z", "origin": [12.50652, 31.00521, 7.97563]},
			"faces": {
				"north": {"uv": [2.5, 10, 2.75, 10.25], "texture": "#0"},
				"east": {"uv": [10, 2.5, 10.25, 2.75], "texture": "#0"},
				"south": {"uv": [3, 10, 3.25, 10.25], "texture": "#0"},
				"west": {"uv": [10, 3, 10.25, 3.25], "texture": "#0"},
				"up": {"uv": [3.75, 10.25, 3.5, 10], "texture": "#0"},
				"down": {"uv": [10.25, 3.5, 10, 3.75], "texture": "#0"}
			}
		},
		{
			"from": [12.51191, 30.73438, 7.82563],
			"to": [12.66191, 31.18438, 8.12563],
			"rotation": {"angle": 0, "axis": "y", "origin": [12.58691, 30.95938, 7.97563]},
			"faces": {
				"north": {"uv": [4, 10, 4.25, 10.25], "texture": "#0"},
				"east": {"uv": [10, 4, 10.25, 4.25], "texture": "#0"},
				"south": {"uv": [4.5, 10, 4.75, 10.25], "texture": "#0"},
				"west": {"uv": [10, 4.5, 10.25, 4.75], "texture": "#0"},
				"up": {"uv": [5.25, 10.25, 5, 10], "texture": "#0"},
				"down": {"uv": [10.25, 5, 10, 5.25], "texture": "#0"}
			}
		},
		{
			"from": [13.98537, 22.52639, 7.575],
			"to": [14.91037, 24.70139, 8.425],
			"rotation": {"angle": 0, "axis": "y", "origin": [14.29787, 23.61389, 8]},
			"faces": {
				"north": {"uv": [5.5, 2, 6, 3], "texture": "#0"},
				"east": {"uv": [5.5, 3, 6, 4], "texture": "#0"},
				"south": {"uv": [6, 2, 5.5, 3], "texture": "#0"},
				"west": {"uv": [5.5, 5, 6, 6], "texture": "#0"},
				"up": {"uv": [8, 4.5, 7.5, 4], "texture": "#0"},
				"down": {"uv": [8, 4.5, 7.5, 5], "texture": "#0"}
			}
		},
		{
			"from": [14.09547, 23.38623, 7.625],
			"to": [14.42047, 24.18623, 8.375],
			"rotation": {"angle": 22.5, "axis": "z", "origin": [14.00797, 23.09873, 8]},
			"faces": {
				"north": {"uv": [9, 5, 9.25, 5.5], "texture": "#0"},
				"east": {"uv": [9, 5.5, 9.25, 6], "texture": "#0"},
				"south": {"uv": [9.25, 5, 9, 5.5], "texture": "#0"},
				"west": {"uv": [9, 6.5, 9.25, 7], "texture": "#0"},
				"up": {"uv": [8.75, 10.25, 8.5, 10], "texture": "#0"},
				"down": {"uv": [10.25, 8.5, 10, 8.75], "texture": "#0"}
			}
		},
		{
			"from": [13.26977, 20.98842, 7.65],
			"to": [14.11977, 22.16342, 8.35],
			"rotation": {"angle": -45, "axis": "z", "origin": [13.69477, 21.57592, 8]},
			"faces": {
				"north": {"uv": [7.5, 5.5, 8, 6], "texture": "#0"},
				"east": {"uv": [8.5, 7.5, 8.75, 8], "texture": "#0"},
				"south": {"uv": [8, 5.5, 7.5, 6], "texture": "#0"},
				"west": {"uv": [8, 8.5, 8.25, 9], "texture": "#0"},
				"up": {"uv": [9, 8.25, 8.5, 8], "texture": "#0"},
				"down": {"uv": [9, 8.5, 8.5, 8.75], "texture": "#0"}
			}
		},
		{
			"from": [13.6294, 21.86116, 7.6],
			"to": [14.4794, 23.03616, 8.4],
			"rotation": {"angle": -22.5, "axis": "z", "origin": [14.0169, 21.94866, 8]},
			"faces": {
				"north": {"uv": [0.5, 8, 1, 8.5], "texture": "#0"},
				"east": {"uv": [8, 0.5, 8.5, 1], "texture": "#0"},
				"south": {"uv": [1, 8, 0.5, 8.5], "texture": "#0"},
				"west": {"uv": [8, 1, 8.5, 1.5], "texture": "#0"},
				"up": {"uv": [2, 8.5, 1.5, 8], "texture": "#0"},
				"down": {"uv": [8.5, 1.5, 8, 2], "texture": "#0"}
			}
		},
		{
			"from": [12.02421, 17.83517, 7.475],
			"to": [13.07421, 20.01017, 8.525],
			"rotation": {"angle": -22.5, "axis": "z", "origin": [12.94921, 19.52267, 8]},
			"faces": {
				"north": {"uv": [6, 0, 6.5, 1], "texture": "#0"},
				"east": {"uv": [6.5, 0, 6, 1], "texture": "#0"},
				"south": {"uv": [6, 0, 6.5, 1], "texture": "#0"},
				"west": {"uv": [6.5, 0, 6, 1], "texture": "#0"},
				"up": {"uv": [6, 0, 6.5, 1], "texture": "#0"},
				"down": {"uv": [6, 0, 6.5, 1], "texture": "#0"}
			}
		},
		{
			"from": [12.02421, 20.63517, 7.475],
			"to": [13.07421, 21.31017, 8.525],
			"rotation": {"angle": -22.5, "axis": "z", "origin": [12.94921, 19.52267, 8]},
			"faces": {
				"north": {"uv": [9.5, 6, 10, 6.25], "texture": "#0"},
				"east": {"uv": [6.5, 9.5, 7, 9.75], "texture": "#0"},
				"south": {"uv": [9.5, 6.5, 10, 6.75], "texture": "#0"},
				"west": {"uv": [7, 9.5, 7.5, 9.75], "texture": "#0"},
				"up": {"uv": [7.5, 8.5, 7, 8], "texture": "#0"},
				"down": {"uv": [8.5, 7, 8, 7.5], "texture": "#0"}
			}
		},
		{
			"from": [13.10601, 24.43696, 7.55],
			"to": [14.53101, 26.61196, 8.45],
			"rotation": {"angle": 22.5, "axis": "z", "origin": [14.11851, 25.83696, 8]},
			"faces": {
				"north": {"uv": [4, 5, 4.5, 6], "texture": "#0"},
				"east": {"uv": [5, 4, 5.5, 5], "texture": "#0"},
				"south": {"uv": [4.5, 5, 4, 6], "texture": "#0"},
				"west": {"uv": [5, 5, 5.5, 6], "texture": "#0"},
				"up": {"uv": [8, 3.5, 7.5, 3], "texture": "#0"},
				"down": {"uv": [8, 3.5, 7.5, 4], "texture": "#0"}
			}
		},
		{
			"from": [11.15464, 26.83543, 7.525],
			"to": [13.92964, 27.66043, 8.475],
			"rotation": {"angle": -45, "axis": "z", "origin": [12.00464, 27.24793, 8]},
			"faces": {
				"north": {"uv": [3.5, 0, 5, 0.5], "texture": "#0"},
				"east": {"uv": [7.5, 1, 8, 1.5], "texture": "#0"},
				"south": {"uv": [5, 0, 3.5, 0.5], "texture": "#0"},
				"west": {"uv": [7.5, 1.5, 8, 2], "texture": "#0"},
				"up": {"uv": [5, 1.5, 3.5, 1], "texture": "#0"},
				"down": {"uv": [5, 1.5, 3.5, 2], "texture": "#0"}
			}
		},
		{
			"from": [7.79435, 27.53321, 7.5],
			"to": [9.39435, 28.98321, 8.5],
			"rotation": {"angle": -22.5, "axis": "z", "origin": [7.84435, 28.32071, 8]},
			"faces": {
				"north": {"uv": [4, 4, 4.75, 4.75], "texture": "#0"},
				"east": {"uv": [6, 4, 6.5, 4.75], "texture": "#0"},
				"south": {"uv": [4.75, 4, 4, 4.75], "texture": "#0"},
				"west": {"uv": [4.5, 6, 5, 6.75], "texture": "#0"},
				"up": {"uv": [5.75, 6.5, 5, 6], "texture": "#0"},
				"down": {"uv": [6.75, 5, 6, 5.5], "texture": "#0"}
			}
		},
		{
			"from": [7.13546, 27.82884, 7.65],
			"to": [8.16046, 29.42884, 8.35],
			"rotation": {"angle": 22.5, "axis": "z", "origin": [7.86046, 28.62884, 8]},
			"faces": {
				"north": {"uv": [6, 5.5, 6.5, 6.25], "texture": "#0"},
				"east": {"uv": [7.5, 8, 7.75, 8.75], "texture": "#0"},
				"south": {"uv": [6.5, 5.5, 6, 6.25], "texture": "#0"},
				"west": {"uv": [8, 7.5, 8.25, 8.25], "texture": "#0"},
				"up": {"uv": [9, 2.25, 8.5, 2], "texture": "#0"},
				"down": {"uv": [7.5, 8.5, 7, 8.75], "texture": "#0"}
			}
		},
		{
			"from": [7.15163, 28.83348, 7.75],
			"to": [7.55163, 30.20848, 8.25],
			"rotation": {"angle": -22.5, "axis": "z", "origin": [7.66413, 29.63348, 8]},
			"faces": {
				"north": {"uv": [0, 8.5, 0.25, 9.25], "texture": "#0"},
				"east": {"uv": [8.5, 0, 8.75, 0.75], "texture": "#0"},
				"south": {"uv": [0.25, 8.5, 0, 9.25], "texture": "#0"},
				"west": {"uv": [1, 8.5, 1.25, 9.25], "texture": "#0"},
				"up": {"uv": [9.75, 7.75, 9.5, 7.5], "texture": "#0"},
				"down": {"uv": [8.25, 9.5, 8, 9.75], "texture": "#0"}
			}
		},
		{
			"from": [7.29594, 29.9838, 7.825],
			"to": [7.47094, 30.5588, 8.175],
			"rotation": {"angle": -45, "axis": "z", "origin": [7.80844, 30.0338, 8]},
			"faces": {
				"north": {"uv": [5.5, 10, 5.75, 10.25], "texture": "#0"},
				"east": {"uv": [10, 5.5, 10.25, 5.75], "texture": "#0"},
				"south": {"uv": [6, 10, 6.25, 10.25], "texture": "#0"},
				"west": {"uv": [10, 6, 10.25, 6.25], "texture": "#0"},
				"up": {"uv": [6.75, 10.25, 6.5, 10], "texture": "#0"},
				"down": {"uv": [10.25, 6.5, 10, 6.75], "texture": "#0"}
			}
		},
		{
			"from": [7.66266, 30.12405, 7.875],
			"to": [7.83766, 30.69905, 8.125],
			"rotation": {"angle": -22.5, "axis": "z", "origin": [7.75016, 30.41155, 8]},
			"faces": {
				"north": {"uv": [7, 10, 7.25, 10.25], "texture": "#0"},
				"east": {"uv": [10, 7, 10.25, 7.25], "texture": "#0"},
				"south": {"uv": [7.5, 10, 7.75, 10.25], "texture": "#0"},
				"west": {"uv": [10, 7.5, 10.25, 7.75], "texture": "#0"},
				"up": {"uv": [8.25, 10.25, 8, 10], "texture": "#0"},
				"down": {"uv": [10.25, 8, 10, 8.25], "texture": "#0"}
			}
		},
		{
			"from": [7.38024, 28.83276, 7.8],
			"to": [7.78024, 30.20776, 8.2],
			"rotation": {"angle": 0, "axis": "y", "origin": [7.58024, 29.52026, 8]},
			"faces": {
				"north": {"uv": [8.5, 1, 8.75, 1.75], "texture": "#0"},
				"east": {"uv": [1.5, 8.5, 1.75, 9.25], "texture": "#0"},
				"south": {"uv": [8.5, 1, 8.75, 1.75], "texture": "#0"},
				"west": {"uv": [2.5, 8.5, 2.75, 9.25], "texture": "#0"},
				"up": {"uv": [9.75, 8.25, 9.5, 8], "texture": "#0"},
				"down": {"uv": [8.75, 9.5, 8.5, 9.75], "texture": "#0"}
			}
		},
		{
			"from": [8.47359, 12.11697, 7.50509],
			"to": [10.45323, 13.14345, 8.49491],
			"rotation": {"angle": 0, "axis": "y", "origin": [8.54691, 32.93985, 7.2668]},
			"faces": {
				"north": {"uv": [2, 0.75, 3.25, 0], "texture": "#0"},
				"east": {"uv": [2, 4.75, 2.75, 4], "texture": "#0"},
				"south": {"uv": [3.25, 0.75, 2, 0], "texture": "#0"},
				"west": {"uv": [3, 4.75, 3.75, 4], "texture": "#0"},
				"up": {"uv": [3.25, 3.75, 2, 3], "texture": "#0"},
				"down": {"uv": [3.25, 2, 2, 2.75], "texture": "#0"}
			}
		},
		{
			"from": [7.60794, 11.68936, 7.6334],
			"to": [8.78106, 12.7525, 8.3666],
			"rotation": {"angle": 22.5, "axis": "z", "origin": [7.6446, 12.1751, 8]},
			"faces": {
				"north": {"uv": [4, 4.75, 4.75, 4], "texture": "#0"},
				"east": {"uv": [6, 4.75, 6.5, 4], "texture": "#0"},
				"south": {"uv": [4.75, 4.75, 4, 4], "texture": "#0"},
				"west": {"uv": [4.5, 6.75, 5, 6], "texture": "#0"},
				"up": {"uv": [6.75, 5.5, 6, 5], "texture": "#0"},
				"down": {"uv": [5.75, 6, 5, 6.5], "texture": "#0"}
			}
		},
		{
			"from": [7.12484, 11.36262, 7.74338],
			"to": [7.87637, 12.53574, 8.25662],
			"rotation": {"angle": -22.5, "axis": "z", "origin": [7.65641, 11.94918, 8]},
			"faces": {
				"north": {"uv": [6, 6.25, 6.5, 5.5], "texture": "#0"},
				"east": {"uv": [7.5, 8.75, 7.75, 8], "texture": "#0"},
				"south": {"uv": [6.5, 6.25, 6, 5.5], "texture": "#0"},
				"west": {"uv": [8, 8.25, 8.25, 7.5], "texture": "#0"},
				"up": {"uv": [7.5, 8.75, 7, 8.5], "texture": "#0"},
				"down": {"uv": [9, 2, 8.5, 2.25], "texture": "#0"}
			}
		},
		{
			"from": [7.1367, 10.79099, 7.8167],
			"to": [7.42998, 11.79914, 8.1833],
			"rotation": {"angle": 22.5, "axis": "z", "origin": [7.51246, 11.21258, 8]},
			"faces": {
				"north": {"uv": [0, 9.25, 0.25, 8.5], "texture": "#0"},
				"east": {"uv": [8.5, 0.75, 8.75, 0], "texture": "#0"},
				"south": {"uv": [0.25, 9.25, 0, 8.5], "texture": "#0"},
				"west": {"uv": [1, 9.25, 1.25, 8.5], "texture": "#0"},
				"up": {"uv": [8.25, 9.75, 8, 9.5], "texture": "#0"},
				"down": {"uv": [9.75, 7.5, 9.5, 7.75], "texture": "#0"}
			}
		},
		{
			"from": [7.30431, 10.79152, 7.85336],
			"to": [7.59759, 11.79967, 8.14664],
			"rotation": {"angle": 0, "axis": "y", "origin": [7.45095, 11.29559, 8]},
			"faces": {
				"north": {"uv": [8.5, 1.75, 8.75, 1], "texture": "#0"},
				"east": {"uv": [1.5, 9.25, 1.75, 8.5], "texture": "#0"},
				"south": {"uv": [8.5, 1.75, 8.75, 1], "texture": "#0"},
				"west": {"uv": [2.5, 9.25, 2.75, 8.5], "texture": "#0"},
				"up": {"uv": [8.75, 9.75, 8.5, 9.5], "texture": "#0"},
				"down": {"uv": [9.75, 8, 9.5, 8.25], "texture": "#0"}
			}
		},
		{
			"from": [10.18148, 12.45669, 7.68839],
			"to": [11.31794, 13.06158, 8.31161],
			"rotation": {"angle": 22.5, "axis": "z", "origin": [11.1713, 12.96993, 8]},
			"faces": {
				"north": {"uv": [6.5, 1.5, 7.25, 1], "texture": "#0"},
				"east": {"uv": [7, 7, 7.5, 6.5], "texture": "#0"},
				"south": {"uv": [7.25, 1.5, 6.5, 1], "texture": "#0"},
				"west": {"uv": [7, 7.5, 7.5, 7], "texture": "#0"},
				"up": {"uv": [3.25, 7, 2.5, 6.5], "texture": "#0"},
				"down": {"uv": [7.25, 2, 6.5, 2.5], "texture": "#0"}
			}
		},
		{
			"from": [10.0717, 12.65922, 7.65173],
			"to": [12.10633, 13.26411, 8.34827],
			"rotation": {"angle": 45, "axis": "z", "origin": [10.69492, 12.96167, 8]},
			"faces": {
				"north": {"uv": [3.5, 0.5, 5, 0], "texture": "#0"},
				"east": {"uv": [7.5, 1.5, 8, 1], "texture": "#0"},
				"south": {"uv": [5, 0.5, 3.5, 0], "texture": "#0"},
				"west": {"uv": [7.5, 2, 8, 1.5], "texture": "#0"},
				"up": {"uv": [5, 2, 3.5, 1.5], "texture": "#0"},
				"down": {"uv": [5, 1, 3.5, 1.5], "texture": "#0"}
			}
		},
		{
			"from": [11.50245, 13.42796, 7.67006],
			"to": [12.54726, 15.02267, 8.32994],
			"rotation": {"angle": -22.5, "axis": "z", "origin": [12.24481, 13.99619, 8]},
			"faces": {
				"north": {"uv": [4, 6, 4.5, 5], "texture": "#0"},
				"east": {"uv": [5, 5, 5.5, 4], "texture": "#0"},
				"south": {"uv": [4.5, 6, 4, 5], "texture": "#0"},
				"west": {"uv": [5, 6, 5.5, 5], "texture": "#0"},
				"up": {"uv": [8, 4, 7.5, 3.5], "texture": "#0"},
				"down": {"uv": [8, 3, 7.5, 3.5], "texture": "#0"}
			}
		},
		{
			"from": [12.14719, 14.82879, 7.68839],
			"to": [12.8254, 16.4235, 8.31161],
			"rotation": {"angle": 0, "axis": "y", "origin": [12.37631, 15.62615, 8]},
			"faces": {
				"north": {"uv": [5.5, 3, 6, 2], "texture": "#0"},
				"east": {"uv": [5.5, 4, 6, 3], "texture": "#0"},
				"south": {"uv": [6, 3, 5.5, 2], "texture": "#0"},
				"west": {"uv": [5.5, 6, 6, 5], "texture": "#0"},
				"up": {"uv": [8, 5, 7.5, 4.5], "texture": "#0"},
				"down": {"uv": [8, 4, 7.5, 4.5], "texture": "#0"}
			}
		},
		{
			"from": [11.62251, 16.68963, 7.74338],
			"to": [12.24573, 17.55114, 8.25662],
			"rotation": {"angle": 45, "axis": "z", "origin": [11.93412, 17.12038, 8]},
			"faces": {
				"north": {"uv": [7.5, 6, 8, 5.5], "texture": "#0"},
				"east": {"uv": [8.5, 8, 8.75, 7.5], "texture": "#0"},
				"south": {"uv": [8, 6, 7.5, 5.5], "texture": "#0"},
				"west": {"uv": [8, 9, 8.25, 8.5], "texture": "#0"},
				"up": {"uv": [9, 8.75, 8.5, 8.5], "texture": "#0"},
				"down": {"uv": [9, 8, 8.5, 8.25], "texture": "#0"}
			}
		},
		{
			"from": [7.2425, 10.53414, 7.87169],
			"to": [7.37081, 10.95573, 8.12831],
			"rotation": {"angle": 45, "axis": "z", "origin": [7.61827, 10.91907, 8]},
			"faces": {
				"north": {"uv": [5.5, 10.25, 5.75, 10], "texture": "#0"},
				"east": {"uv": [10, 5.75, 10.25, 5.5], "texture": "#0"},
				"south": {"uv": [6, 10.25, 6.25, 10], "texture": "#0"},
				"west": {"uv": [10, 6.25, 10.25, 6], "texture": "#0"},
				"up": {"uv": [10.25, 6.75, 10, 6.5], "texture": "#0"},
				"down": {"uv": [6.75, 10, 6.5, 10.25], "texture": "#0"}
			}
		},
		{
			"from": [7.51138, 10.43131, 7.90835],
			"to": [7.63969, 10.8529, 8.09165],
			"rotation": {"angle": 22.5, "axis": "z", "origin": [7.57554, 10.6421, 8]},
			"faces": {
				"north": {"uv": [7, 10.25, 7.25, 10], "texture": "#0"},
				"east": {"uv": [10, 7.25, 10.25, 7], "texture": "#0"},
				"south": {"uv": [7.5, 10.25, 7.75, 10], "texture": "#0"},
				"west": {"uv": [10, 7.75, 10.25, 7.5], "texture": "#0"},
				"up": {"uv": [10.25, 8.25, 10, 8], "texture": "#0"},
				"down": {"uv": [8.25, 10, 8, 10.25], "texture": "#0"}
			}
		},
		{
			"from": [11.8862, 16.04974, 7.70672],
			"to": [12.50942, 16.91125, 8.29328],
			"rotation": {"angle": 22.5, "axis": "z", "origin": [12.17031, 16.84709, 8]},
			"faces": {
				"north": {"uv": [0.5, 8.5, 1, 8], "texture": "#0"},
				"east": {"uv": [8, 1, 8.5, 0.5], "texture": "#0"},
				"south": {"uv": [1, 8.5, 0.5, 8], "texture": "#0"},
				"west": {"uv": [8, 1.5, 8.5, 1], "texture": "#0"},
				"up": {"uv": [8.5, 2, 8, 1.5], "texture": "#0"},
				"down": {"uv": [2, 8, 1.5, 8.5], "texture": "#0"}
			}
		},
		{
			"from": [12.22792, 15.20651, 7.72505],
			"to": [12.46621, 15.79307, 8.27495],
			"rotation": {"angle": -22.5, "axis": "z", "origin": [12.16376, 16.00386, 8]},
			"faces": {
				"north": {"uv": [9, 5.5, 9.25, 5], "texture": "#0"},
				"east": {"uv": [9, 6, 9.25, 5.5], "texture": "#0"},
				"south": {"uv": [9.25, 5.5, 9, 5], "texture": "#0"},
				"west": {"uv": [9, 7, 9.25, 6.5], "texture": "#0"},
				"up": {"uv": [10.25, 8.75, 10, 8.5], "texture": "#0"},
				"down": {"uv": [8.75, 10, 8.5, 10.25], "texture": "#0"}
			}
		},
		{
			"from": [11.12289, 12.86509, 7.6334],
			"to": [12.25935, 13.46998, 8.3666],
			"rotation": {"angle": 45, "axis": "z", "origin": [11.69112, 13.16753, 8]},
			"faces": {
				"north": {"uv": [6.5, 3, 7.25, 2.5], "texture": "#0"},
				"east": {"uv": [7.5, 2.5, 8, 2], "texture": "#0"},
				"south": {"uv": [7.25, 3, 6.5, 2.5], "texture": "#0"},
				"west": {"uv": [7.5, 3, 8, 2.5], "texture": "#0"},
				"up": {"uv": [7.25, 5, 6.5, 4.5], "texture": "#0"},
				"down": {"uv": [7.25, 4, 6.5, 4.5], "texture": "#0"}
			}
		},
		{
			"from": [11.38601, 17.18919, 7.63429],
			"to": [12.11744, 17.6594, 8.36572],
			"rotation": {"angle": -22.5, "axis": "z", "origin": [11.65173, 17.6993, 8]},
			"faces": {
				"north": {"uv": [9.5, 6.25, 10, 6], "texture": "#0"},
				"east": {"uv": [6.5, 9.75, 7, 9.5], "texture": "#0"},
				"south": {"uv": [9.5, 6.75, 10, 6.5], "texture": "#0"},
				"west": {"uv": [7, 9.75, 7.5, 9.5], "texture": "#0"},
				"up": {"uv": [8.5, 7.5, 8, 7], "texture": "#0"},
				"down": {"uv": [7.5, 8, 7, 8.5], "texture": "#0"}
			}
		}
	],
	"gui_light": "front",
	"display": {
		"thirdperson_righthand": {
			"rotation": [-160.13, 89.34, -177.57],
			"translation": [0, -25.25, -1],
			"scale": [1.96, 1.96, 1.18]
		},
		"thirdperson_lefthand": {
			"rotation": [-11.62, -84.67, -28.55],
			"translation": [0.25, -17.75, 3.5],
			"scale": [1.36, 1.36, 1.36]
		},
		"firstperson_righthand": {
			"rotation": [-167, 110, -180],
			"translation": [0.75, -5.5, 0],
			"scale": [1.01, 1.07, 1]
		},
		"firstperson_lefthand": {
			"rotation": [6, -85, 0],
			"translation": [1.75, 4.5, 0]
		},
		"ground": {
			"translation": [0, 2, 0],
			"scale": [1.38, 1.38, 1.38]
		},
		"gui": {
			"rotation": [180, 180, 150],
			"translation": [-5.75, -6.5, 0],
			"scale": [1.11, 0.65, 1.14]
		},
		"fixed": {
			"translation": [0, -12.75, 0]
		}
	}
}