{
	"credit": "Made with Blockbench",
	"texture_size": [64, 64],
	"textures": {
		"2": "nocsy/utahraptor_icon",
		"particle": "nocsy/utahraptor_icon"
	},
	"elements": [
		{
			"from": [4.5, 4.25, 3.13302],
			"to": [11.5, 11.25, 10.13302],
			"rotation": {"angle": 0, "axis": "y", "origin": [8, -1.75, 20.13302]},
			"faces": {
				"north": {"uv": [0, 0, 1.75, 1.75], "texture": "#2"},
				"east": {"uv": [0, 2, 1.75, 3.75], "texture": "#2"},
				"south": {"uv": [2, 0, 3.75, 1.75], "texture": "#2"},
				"west": {"uv": [2, 2, 3.75, 3.75], "texture": "#2"},
				"up": {"uv": [1.75, 5.75, 0, 4], "texture": "#2"},
				"down": {"uv": [5.75, 0, 4, 1.75], "texture": "#2"}
			}
		},
		{
			"from": [8, 6.25, 6.13302],
			"to": [8, 13.25, 13.13302],
			"rotation": {"angle": 0, "axis": "y", "origin": [8, -1.75, 20.13302]},
			"faces": {
				"north": {"uv": [6.25, 8.25, 6.25, 10], "texture": "#2"},
				"east": {"uv": [2, 4, 3.75, 5.75], "texture": "#2"},
				"south": {"uv": [6.5, 8.5, 6.5, 10.25], "texture": "#2"},
				"west": {"uv": [4, 2, 5.75, 3.75], "texture": "#2"},
				"up": {"uv": [8.5, 8.25, 8.5, 6.5], "texture": "#2"},
				"down": {"uv": [6.75, 8.5, 6.75, 10.25], "texture": "#2"}
			}
		},
		{
			"from": [5.5, 6.25, 0.63302],
			"to": [10.5, 10.25, 5.63302],
			"rotation": {"angle": 0, "axis": "y", "origin": [8, 7.75, 3.13302]},
			"faces": {
				"north": {"uv": [4, 6, 5.25, 7], "texture": "#2"},
				"east": {"uv": [6, 5, 7.25, 6], "texture": "#2"},
				"south": {"uv": [5.5, 6.25, 6.75, 7.25], "texture": "#2"},
				"west": {"uv": [7, 6.25, 8.25, 7.25], "texture": "#2"},
				"up": {"uv": [7.25, 3.25, 6, 2], "texture": "#2"},
				"down": {"uv": [7.25, 3.5, 6, 4.75], "texture": "#2"}
			}
		},
		{
			"from": [12.26444, 3.75, 9.48116],
			"to": [12.26444, 10.75, 16.48116],
			"rotation": {"angle": 22.5, "axis": "y", "origin": [12.26444, 8.25, 11.48116]},
			"faces": {
				"north": {"uv": [7, 8.5, 7, 10.25], "texture": "#2"},
				"east": {"uv": [4, 4, 5.75, 5.75], "texture": "#2"},
				"south": {"uv": [7.25, 8.5, 7.25, 10.25], "texture": "#2"},
				"west": {"uv": [0, 6, 1.75, 7.75], "texture": "#2"},
				"up": {"uv": [7.5, 10.25, 7.5, 8.5], "texture": "#2"},
				"down": {"uv": [7.75, 8.5, 7.75, 10.25], "texture": "#2"}
			}
		},
		{
			"from": [3.73556, 3.75, 9.48116],
			"to": [3.73556, 10.75, 16.48116],
			"rotation": {"angle": -22.5, "axis": "y", "origin": [3.73556, 8.25, 11.48116]},
			"faces": {
				"north": {"uv": [8, 8.5, 8, 10.25], "texture": "#2"},
				"east": {"uv": [6, 0, 7.75, 1.75], "texture": "#2"},
				"south": {"uv": [8.25, 8.5, 8.25, 10.25], "texture": "#2"},
				"west": {"uv": [2, 6, 3.75, 7.75], "texture": "#2"},
				"up": {"uv": [8.5, 10.25, 8.5, 8.5], "texture": "#2"},
				"down": {"uv": [8.75, 2, 8.75, 3.75], "texture": "#2"}
			}
		},
		{
			"from": [6.5, 5.25, 1.63302],
			"to": [10.5, 7.25, 5.63302],
			"rotation": {"angle": -45, "axis": "y", "origin": [8, 7.75, 3.13302]},
			"faces": {
				"north": {"uv": [7.5, 3.25, 8.5, 3.75], "texture": "#2"},
				"east": {"uv": [7.5, 4, 8.5, 4.5], "texture": "#2"},
				"south": {"uv": [7.5, 4.75, 8.5, 5.25], "texture": "#2"},
				"west": {"uv": [5.25, 7.5, 6.25, 8], "texture": "#2"},
				"up": {"uv": [5, 8.25, 4, 7.25], "texture": "#2"},
				"down": {"uv": [8.5, 2, 7.5, 3], "texture": "#2"}
			}
		},
		{
			"name": "eyes",
			"from": [10.6, 7.75, 6.13302],
			"to": [11.6, 8.75, 6.88302],
			"rotation": {"angle": 0, "axis": "y", "origin": [8, -1.75, 20.13302]},
			"faces": {
				"north": {"uv": [8, 5.5, 8.25, 5.75], "texture": "#2"},
				"east": {"uv": [5.75, 8.25, 5.9375, 8.5], "texture": "#2"},
				"south": {"uv": [8, 7.5, 8.25, 7.75], "texture": "#2"},
				"west": {"uv": [8.5, 1, 8.6875, 1.25], "texture": "#2"},
				"up": {"uv": [8.75, 1.6875, 8.5, 1.5], "texture": "#2"},
				"down": {"uv": [4, 8.5, 3.75, 8.6875], "texture": "#2"}
			}
		},
		{
			"name": "eyes",
			"from": [10.575, 6.5, 5.38302],
			"to": [11.575, 9, 7.13302],
			"rotation": {"angle": 0, "axis": "y", "origin": [8, -1.75, 20.13302]},
			"faces": {
				"north": {"uv": [0.75, 8, 1, 8.625], "texture": "#2"},
				"east": {"uv": [6.5, 7.5, 6.9375, 8.125], "texture": "#2"},
				"south": {"uv": [8, 1, 8.25, 1.625], "texture": "#2"},
				"west": {"uv": [7.25, 7.5, 7.6875, 8.125], "texture": "#2"},
				"up": {"uv": [7.75, 5.9375, 7.5, 5.5], "texture": "#2"},
				"down": {"uv": [2.5, 8, 2.25, 8.4375], "texture": "#2"}
			}
		},
		{
			"name": "eyes",
			"from": [4.425, 6.5, 5.38302],
			"to": [5.425, 9, 7.13302],
			"rotation": {"angle": 0, "axis": "y", "origin": [8, -1.75, 20.13302]},
			"faces": {
				"north": {"uv": [1.25, 8, 1.5, 8.625], "texture": "#2"},
				"east": {"uv": [0, 8, 0.4375, 8.625], "texture": "#2"},
				"south": {"uv": [1.75, 8, 2, 8.625], "texture": "#2"},
				"west": {"uv": [8, 0, 8.4375, 0.625], "texture": "#2"},
				"up": {"uv": [3, 8.4375, 2.75, 8], "texture": "#2"},
				"down": {"uv": [3.5, 8, 3.25, 8.4375], "texture": "#2"}
			}
		},
		{
			"name": "eyes",
			"from": [4.4, 7.75, 6.13302],
			"to": [5.4, 8.75, 6.88302],
			"rotation": {"angle": 0, "axis": "y", "origin": [8, -1.75, 20.13302]},
			"faces": {
				"north": {"uv": [8, 8, 8.25, 8.25], "texture": "#2"},
				"east": {"uv": [4.25, 8.5, 4.4375, 8.75], "texture": "#2"},
				"south": {"uv": [5.25, 8.25, 5.5, 8.5], "texture": "#2"},
				"west": {"uv": [4.75, 8.5, 4.9375, 8.75], "texture": "#2"},
				"up": {"uv": [8.75, 5.6875, 8.5, 5.5], "texture": "#2"},
				"down": {"uv": [8.75, 6, 8.5, 6.1875], "texture": "#2"}
			}
		}
	],
	"gui_light": "front",
	"display": {
		"gui": {
			"rotation": [-169.5, 59.75, 180],
			"translation": [1.5, 0, 0],
			"scale": [1.2, 1.2, 1.2]
		}
	},
	"groups": [
		{
			"name": "h_head",
			"origin": [8, 4.25, 6.13302],
			"color": 0,
			"children": [
				0,
				1,
				2,
				3,
				4,
				5,
				6,
				7,
				8,
				9,
				{
					"name": "tag_name",
					"origin": [8, 16.25, 9.63302],
					"color": 0,
					"children": []
				}
			]
		}
	]
}