{"textures":{"0":"modelengine:entity/cryonic_crab"},"elements":[{"from":[10.635834,10.086339,-3.4011602],"to":[12.635834,16.086338,-1.4011602],"faces":{"east":{"uv":[8.0,11.625,7.75,12.375],"tintindex":0,"rotation":0,"texture":"#0"},"south":{"uv":[7.625,11.625,7.375,12.375],"tintindex":0,"rotation":0,"texture":"#0"},"north":{"uv":[11.875,6.375,11.625,7.125],"tintindex":0,"rotation":0,"texture":"#0"},"west":{"uv":[7.25,11.625,7.0,12.375],"tintindex":0,"rotation":0,"texture":"#0"},"up":{"uv":[12.0,10.125,12.25,9.875],"tintindex":0,"rotation":0,"texture":"#0"},"down":{"uv":[12.0,10.25,12.25,10.5],"tintindex":0,"rotation":0,"texture":"#0"}},"rotation":{"origin":[10.885834,14.586339,1.0988398],"angle":-22.5,"axis":"z"}},{"from":[-2.2071066,9.878902,1.3389683],"to":[16.792892,20.878902,1.3389683],"faces":{"south":{"uv":[4.875,3.0,2.5,4.375],"tintindex":0,"rotation":0,"texture":"#0"},"north":{"uv":[2.5,3.0,4.875,4.375],"tintindex":0,"rotation":0,"texture":"#0"}},"rotation":{"origin":[7.2928934,15.378903,0.33896828],"angle":22.5,"axis":"y"}},{"from":[17.5,1.8209867,-10.648352],"to":[17.5,12.820987,-3.6483507],"faces":{"east":{"uv":[6.0,7.25,6.875,8.625],"tintindex":0,"rotation":0,"texture":"#0"},"west":{"uv":[6.875,7.25,6.0,8.625],"tintindex":0,"rotation":0,"texture":"#0"}},"rotation":{"origin":[8.0,7.3209867,1.8516493],"angle":-22.5,"axis":"x"}},{"from":[3.3641663,10.086339,0.59883976],"to":[5.3641663,16.086338,2.5988398],"faces":{"east":{"uv":[7.0,11.625,7.25,12.375],"tintindex":0,"rotation":0,"texture":"#0"},"south":{"uv":[7.375,11.625,7.625,12.375],"tintindex":0,"rotation":0,"texture":"#0"},"north":{"uv":[11.625,6.375,11.875,7.125],"tintindex":0,"rotation":0,"texture":"#0"},"west":{"uv":[7.75,11.625,8.0,12.375],"tintindex":0,"rotation":0,"texture":"#0"},"up":{"uv":[12.25,10.125,12.0,9.875],"tintindex":0,"rotation":0,"texture":"#0"},"down":{"uv":[12.25,10.25,12.0,10.5],"tintindex":0,"rotation":0,"texture":"#0"}},"rotation":{"origin":[5.1141663,14.586339,1.0988398],"angle":22.5,"axis":"z"}},{"from":[16.5,11.173963,0.09883976],"to":[19.5,21.173962,3.0988398],"faces":{"east":{"uv":[10.5,8.875,10.125,10.125],"tintindex":0,"rotation":0,"texture":"#0"},"south":{"uv":[4.5,10.0,4.875,11.25],"tintindex":0,"rotation":0,"texture":"#0"},"north":{"uv":[4.875,10.0,4.5,11.25],"tintindex":0,"rotation":0,"texture":"#0"},"west":{"uv":[10.125,8.875,10.5,10.125],"tintindex":0,"rotation":0,"texture":"#0"},"up":{"uv":[11.625,9.25,12.0,8.875],"tintindex":0,"rotation":0,"texture":"#0"},"down":{"uv":[9.25,11.625,9.625,12.0],"tintindex":0,"rotation":0,"texture":"#0"}},"rotation":{"origin":[16.0,15.173963,-1.4011602],"angle":-45.0,"axis":"z"}},{"from":[-1.5,1.8209867,-10.648352],"to":[-1.5,12.820987,-3.6483507],"faces":{"east":{"uv":[6.0,7.25,6.875,8.625],"tintindex":0,"rotation":0,"texture":"#0"},"west":{"uv":[6.875,7.25,6.0,8.625],"tintindex":0,"rotation":0,"texture":"#0"}},"rotation":{"origin":[8.0,7.3209867,1.8516493],"angle":-22.5,"axis":"x"}},{"from":[9.5,6.8209867,-11.648352],"to":[16.5,6.8209867,-3.6483507],"faces":{"up":{"uv":[3.125,9.5,2.25,8.5],"tintindex":0,"rotation":0,"texture":"#0"},"down":{"uv":[3.125,8.5,2.25,9.5],"tintindex":0,"rotation":0,"texture":"#0"}},"rotation":{"origin":[8.0,7.3209867,1.8516493],"angle":-22.5,"axis":"x"}},{"from":[-1.5,1.8209867,-3.6483507],"to":[17.5,12.820987,9.351649],"faces":{"east":{"uv":[2.5,6.0,4.125,7.375],"tintindex":0,"rotation":0,"texture":"#0"},"south":{"uv":[2.5,1.5,4.875,2.875],"tintindex":0,"rotation":0,"texture":"#0"},"north":{"uv":[2.5,0.0,4.875,1.375],"tintindex":0,"rotation":0,"texture":"#0"},"west":{"uv":[4.25,6.0,5.875,7.375],"tintindex":0,"rotation":0,"texture":"#0"},"up":{"uv":[2.375,1.625,0.0,0.0],"tintindex":0,"rotation":0,"texture":"#0"},"down":{"uv":[2.375,1.625,0.0,0.0],"tintindex":0,"rotation":0,"texture":"#0"}},"rotation":{"origin":[8.0,7.3209867,1.8516493],"angle":-22.5,"axis":"x"}},{"from":[3.3641663,10.086339,-3.4011602],"to":[5.3641663,16.086338,-1.4011602],"faces":{"east":{"uv":[7.0,11.625,7.25,12.375],"tintindex":0,"rotation":0,"texture":"#0"},"south":{"uv":[7.375,11.625,7.625,12.375],"tintindex":0,"rotation":0,"texture":"#0"},"north":{"uv":[11.625,6.375,11.875,7.125],"tintindex":0,"rotation":0,"texture":"#0"},"west":{"uv":[7.75,11.625,8.0,12.375],"tintindex":0,"rotation":0,"texture":"#0"},"up":{"uv":[12.25,10.125,12.0,9.875],"tintindex":0,"rotation":0,"texture":"#0"},"down":{"uv":[12.25,10.25,12.0,10.5],"tintindex":0,"rotation":0,"texture":"#0"}},"rotation":{"origin":[5.1141663,14.586339,1.0988398],"angle":22.5,"axis":"z"}},{"from":[-0.5,6.8209867,-11.648352],"to":[6.5,6.8209867,-3.6483507],"faces":{"up":{"uv":[2.25,9.5,3.125,8.5],"tintindex":0,"rotation":0,"texture":"#0"},"down":{"uv":[2.25,8.5,3.125,9.5],"tintindex":0,"rotation":0,"texture":"#0"}},"rotation":{"origin":[8.0,7.3209867,1.8516493],"angle":-22.5,"axis":"x"}},{"from":[10.635834,10.086339,0.59883976],"to":[12.635834,16.086338,2.5988398],"faces":{"east":{"uv":[8.0,11.625,7.75,12.375],"tintindex":0,"rotation":0,"texture":"#0"},"south":{"uv":[7.625,11.625,7.375,12.375],"tintindex":0,"rotation":0,"texture":"#0"},"north":{"uv":[11.875,6.375,11.625,7.125],"tintindex":0,"rotation":0,"texture":"#0"},"west":{"uv":[7.25,11.625,7.0,12.375],"tintindex":0,"rotation":0,"texture":"#0"},"up":{"uv":[12.0,10.125,12.25,9.875],"tintindex":0,"rotation":0,"texture":"#0"},"down":{"uv":[12.0,10.25,12.25,10.5],"tintindex":0,"rotation":0,"texture":"#0"}},"rotation":{"origin":[10.885834,14.586339,1.0988398],"angle":-22.5,"axis":"z"}},{"from":[-3.5,11.173963,0.09883976],"to":[-0.5,21.173962,3.0988398],"faces":{"east":{"uv":[10.5,8.875,10.125,10.125],"tintindex":0,"rotation":0,"texture":"#0"},"south":{"uv":[4.875,10.0,4.5,11.25],"tintindex":0,"rotation":0,"texture":"#0"},"north":{"uv":[4.5,10.0,4.875,11.25],"tintindex":0,"rotation":0,"texture":"#0"},"west":{"uv":[10.125,8.875,10.5,10.125],"tintindex":0,"rotation":0,"texture":"#0"},"up":{"uv":[12.0,9.25,11.625,8.875],"tintindex":0,"rotation":0,"texture":"#0"},"down":{"uv":[9.625,11.625,9.25,12.0],"tintindex":0,"rotation":0,"texture":"#0"}},"rotation":{"origin":[0.0,15.173963,-1.4011602],"angle":45.0,"axis":"z"}},{"from":[-0.7928934,9.878902,1.3389683],"to":[18.207108,20.878902,1.3389683],"faces":{"south":{"uv":[4.875,4.5,2.5,5.875],"tintindex":0,"rotation":0,"texture":"#0"},"north":{"uv":[2.5,4.5,4.875,5.875],"tintindex":0,"rotation":0,"texture":"#0"}},"rotation":{"origin":[8.707107,15.378903,0.33896828],"angle":-22.5,"axis":"y"}}],"display":{"gui":{"rotation":[30,225,0]}}}