{"textures":{"0":"modelengine:entity/cryonic_crab"},"elements":[{"from":[-1.4393387,3.1464462,7.0],"to":[10.56066,6.1464467,9.0],"faces":{"east":{"uv":[11.875,2.0,12.125,2.375],"tintindex":0,"rotation":0,"texture":"#0"},"south":{"uv":[9.5,8.375,11.0,8.75],"tintindex":0,"rotation":0,"texture":"#0"},"north":{"uv":[9.5,3.0,11.0,3.375],"tintindex":0,"rotation":0,"texture":"#0"},"west":{"uv":[11.875,3.75,12.125,4.125],"tintindex":0,"rotation":0,"texture":"#0"},"up":{"uv":[12.0,1.0,10.5,0.75],"tintindex":0,"rotation":0,"texture":"#0"},"down":{"uv":[12.0,1.125,10.5,1.375],"tintindex":0,"rotation":0,"texture":"#0"}},"rotation":{"origin":[5.0606613,3.6464467,8.0],"angle":45.0,"axis":"z"}}],"display":{"gui":{"rotation":[30,225,0]}}}