{"textures":{"0":"modelengine:entity/cryonic_crab"},"elements":[{"from":[8.158152,11.231895,-0.85763645],"to":[8.158152,18.231895,9.142364],"faces":{"east":{"uv":[9.25,7.5,8.0,8.375],"tintindex":0,"rotation":0,"texture":"#0"},"west":{"uv":[8.0,7.5,9.25,8.375],"tintindex":0,"rotation":0,"texture":"#0"}},"rotation":{"origin":[8.158152,14.731895,4.1423635],"angle":22.5,"axis":"y"}},{"from":[3.251748,4.2423573,-0.08180714],"to":[5.251748,8.242357,1.9181929],"faces":{"east":{"uv":[11.625,10.5,11.875,11.0],"tintindex":0,"rotation":0,"texture":"#0"},"south":{"uv":[11.625,11.125,11.875,11.625],"tintindex":0,"rotation":0,"texture":"#0"},"north":{"uv":[11.625,9.875,11.875,10.375],"tintindex":0,"rotation":0,"texture":"#0"},"west":{"uv":[0.0,11.75,0.25,12.25],"tintindex":0,"rotation":0,"texture":"#0"},"up":{"uv":[12.25,6.125,12.0,5.875],"tintindex":0,"rotation":0,"texture":"#0"},"down":{"uv":[12.25,6.25,12.0,6.5],"tintindex":0,"rotation":0,"texture":"#0"}},"rotation":{"origin":[3.001748,6.7423577,0.91819286],"angle":45.0,"axis":"z"}},{"from":[3.251748,4.2423573,2.9181929],"to":[5.251748,10.242357,4.918193],"faces":{"east":{"uv":[11.625,5.5,11.875,6.25],"tintindex":0,"rotation":0,"texture":"#0"},"south":{"uv":[10.875,11.5,11.125,12.25],"tintindex":0,"rotation":0,"texture":"#0"},"north":{"uv":[10.875,11.5,11.125,12.25],"tintindex":0,"rotation":0,"texture":"#0"},"west":{"uv":[11.625,5.5,11.875,6.25],"tintindex":0,"rotation":0,"texture":"#0"},"up":{"uv":[6.625,12.25,6.375,12.0],"tintindex":0,"rotation":0,"texture":"#0"},"down":{"uv":[12.25,6.625,12.0,6.875],"tintindex":0,"rotation":0,"texture":"#0"}},"rotation":{"origin":[3.001748,6.7423577,0.91819286],"angle":45.0,"axis":"z"}},{"from":[11.003829,2.2318954,-1.0818071],"to":[11.003829,4.2318954,8.918193],"faces":{"east":{"uv":[4.25,10.75,3.0,11.0],"tintindex":0,"rotation":0,"texture":"#0"},"west":{"uv":[3.0,10.75,4.25,11.0],"tintindex":0,"rotation":0,"texture":"#0"}}},{"from":[5.003829,2.2318954,-1.0818071],"to":[5.003829,4.2318954,8.918193],"faces":{"east":{"uv":[4.25,10.75,3.0,11.0],"tintindex":0,"rotation":0,"texture":"#0"},"west":{"uv":[3.0,10.75,4.25,11.0],"tintindex":0,"rotation":0,"texture":"#0"}}},{"from":[3.251748,4.2423573,5.918193],"to":[5.251748,9.242357,7.918193],"faces":{"east":{"uv":[8.875,11.625,9.125,12.25],"tintindex":0,"rotation":0,"texture":"#0"},"south":{"uv":[8.125,11.625,8.375,12.25],"tintindex":0,"rotation":0,"texture":"#0"},"north":{"uv":[8.125,11.625,8.375,12.25],"tintindex":0,"rotation":0,"texture":"#0"},"west":{"uv":[8.875,11.625,9.125,12.25],"tintindex":0,"rotation":0,"texture":"#0"},"up":{"uv":[12.25,8.375,12.0,8.125],"tintindex":0,"rotation":0,"texture":"#0"},"down":{"uv":[12.25,8.5,12.0,8.75],"tintindex":0,"rotation":0,"texture":"#0"}},"rotation":{"origin":[3.001748,6.7423577,0.91819286],"angle":45.0,"axis":"z"}},{"from":[8.158152,11.231895,-0.85763645],"to":[8.158152,18.231895,9.142364],"faces":{"east":{"uv":[9.25,7.5,8.0,8.375],"tintindex":0,"rotation":0,"texture":"#0"},"west":{"uv":[8.0,7.5,9.25,8.375],"tintindex":0,"rotation":0,"texture":"#0"}},"rotation":{"origin":[8.158152,14.731895,4.1423635],"angle":-22.5,"axis":"y"}},{"from":[5.003829,4.2318954,-1.0818071],"to":[11.003829,11.231895,8.918193],"faces":{"east":{"uv":[3.375,7.5,4.625,8.375],"tintindex":0,"rotation":0,"texture":"#0"},"south":{"uv":[0.0,8.75,0.75,9.625],"tintindex":0,"rotation":0,"texture":"#0"},"north":{"uv":[0.0,8.75,0.75,9.625],"tintindex":0,"rotation":0,"texture":"#0"},"west":{"uv":[3.375,7.5,4.625,8.375],"tintindex":0,"rotation":0,"texture":"#0"},"up":{"uv":[5.5,8.75,4.75,7.5],"tintindex":0,"rotation":0,"texture":"#0"},"down":{"uv":[5.5,8.75,4.75,7.5],"tintindex":0,"rotation":0,"texture":"#0"}}}],"display":{"gui":{"rotation":[30,225,0]}}}