{"textures":{"0":"modelengine:entity/cryonic_crab"},"elements":[{"from":[-2.7257223,9.078829,6.5],"to":[8.274277,13.078829,9.5],"faces":{"east":{"uv":[2.125,11.5,2.5,12.0],"tintindex":0,"rotation":0,"texture":"#0"},"south":{"uv":[7.125,9.125,8.5,9.625],"tintindex":0,"rotation":0,"texture":"#0"},"north":{"uv":[7.125,9.125,8.5,9.625],"tintindex":0,"rotation":0,"texture":"#0"},"west":{"uv":[2.125,11.5,2.5,12.0],"tintindex":0,"rotation":0,"texture":"#0"},"up":{"uv":[4.375,10.25,3.0,9.875],"tintindex":0,"rotation":0,"texture":"#0"},"down":{"uv":[4.375,10.25,3.0,9.875],"tintindex":0,"rotation":0,"texture":"#0"}},"rotation":{"origin":[0.2816038,8.824653,8.0],"angle":-22.5,"axis":"z"}},{"from":[-2.7257223,13.328829,8.0],"to":[8.274277,17.328829,8.0],"faces":{"south":{"uv":[9.375,6.25,10.75,6.75],"tintindex":0,"rotation":0,"texture":"#0"},"north":{"uv":[10.75,6.25,9.375,6.75],"tintindex":0,"rotation":0,"texture":"#0"}},"rotation":{"origin":[-0.7183962,8.824653,-2.0],"angle":-22.5,"axis":"z"}}],"display":{"gui":{"rotation":[30,225,0]}}}