{"textures":{"0":"modelengine:entity/cryonic_crab"},"elements":[{"from":[6.0,5.0340295,1.1350346],"to":[10.0,8.034029,7.1350346],"faces":{"east":{"uv":[8.5,5.0,9.25,5.375],"tintindex":0,"rotation":0,"texture":"#0"},"south":{"uv":[11.5,4.625,12.0,5.0],"tintindex":0,"rotation":0,"texture":"#0"},"north":{"uv":[11.5,3.25,12.0,3.625],"tintindex":0,"rotation":0,"texture":"#0"},"west":{"uv":[4.75,8.875,5.5,9.25],"tintindex":0,"rotation":0,"texture":"#0"},"up":{"uv":[11.125,11.375,10.625,10.625],"tintindex":0,"rotation":0,"texture":"#0"},"down":{"uv":[1.25,10.75,0.75,11.5],"tintindex":0,"rotation":0,"texture":"#0"}},"rotation":{"origin":[8.0,10.034029,4.1350346],"angle":-22.5,"axis":"x"}},{"from":[7.0,5.0340295,-1.1149654],"to":[9.0,7.034029,4.8850346],"faces":{"east":{"uv":[12.25,5.375,11.5,5.125],"tintindex":0,"rotation":0,"texture":"#0"},"south":{"uv":[5.625,12.0,5.875,12.25],"tintindex":0,"rotation":0,"texture":"#0"},"north":{"uv":[12.0,5.5,12.25,5.75],"tintindex":0,"rotation":0,"texture":"#0"},"west":{"uv":[11.5,5.125,12.25,5.375],"tintindex":0,"rotation":0,"texture":"#0"},"up":{"uv":[2.875,12.25,2.625,11.5],"tintindex":0,"rotation":0,"texture":"#0"},"down":{"uv":[2.625,11.5,2.875,12.25],"tintindex":0,"rotation":0,"texture":"#0"}},"rotation":{"origin":[8.0,10.034029,4.1350346],"angle":22.5,"axis":"x"}}],"display":{"gui":{"rotation":[30,225,0]}}}