{"textures":{"0":"modelengine:entity/cryonic_crab"},"elements":[{"from":[9.455856,5.2525187,3.3889313],"to":[20.455856,10.252519,7.3889313],"faces":{"east":{"uv":[2.875,10.75,2.375,11.375],"tintindex":0,"rotation":0,"texture":"#0"},"south":{"uv":[9.875,3.625,8.5,4.25],"tintindex":0,"rotation":0,"texture":"#0"},"north":{"uv":[9.875,3.625,8.5,4.25],"tintindex":0,"rotation":0,"texture":"#0"},"west":{"uv":[2.875,10.75,2.375,11.375],"tintindex":0,"rotation":0,"texture":"#0"},"up":{"uv":[9.0,1.125,10.375,0.625],"tintindex":0,"rotation":0,"texture":"#0"},"down":{"uv":[9.0,1.125,10.375,0.625],"tintindex":0,"rotation":0,"texture":"#0"}},"rotation":{"origin":[11.955856,8.252519,9.388931],"angle":45.0,"axis":"y"}}],"display":{"gui":{"rotation":[30,225,0]}}}