{"textures":{"0":"modelengine:entity/cryonic_crab"},"elements":[{"from":[10.748252,4.2423573,-0.08180714],"to":[12.748252,8.242357,1.9181929],"faces":{"east":{"uv":[0.25,11.75,0.0,12.25],"tintindex":0,"rotation":0,"texture":"#0"},"south":{"uv":[11.875,11.125,11.625,11.625],"tintindex":0,"rotation":0,"texture":"#0"},"north":{"uv":[11.875,9.875,11.625,10.375],"tintindex":0,"rotation":0,"texture":"#0"},"west":{"uv":[11.875,10.5,11.625,11.0],"tintindex":0,"rotation":0,"texture":"#0"},"up":{"uv":[12.0,6.125,12.25,5.875],"tintindex":0,"rotation":0,"texture":"#0"},"down":{"uv":[12.0,6.25,12.25,6.5],"tintindex":0,"rotation":0,"texture":"#0"}},"rotation":{"origin":[12.998252,6.7423577,0.91819286],"angle":-45.0,"axis":"z"}},{"from":[4.996171,4.2318954,-1.0818071],"to":[10.996171,11.231895,8.918193],"faces":{"east":{"uv":[4.625,7.5,3.375,8.375],"tintindex":0,"rotation":0,"texture":"#0"},"south":{"uv":[0.75,8.75,0.0,9.625],"tintindex":0,"rotation":0,"texture":"#0"},"north":{"uv":[0.75,8.75,0.0,9.625],"tintindex":0,"rotation":0,"texture":"#0"},"west":{"uv":[4.625,7.5,3.375,8.375],"tintindex":0,"rotation":0,"texture":"#0"},"up":{"uv":[4.75,8.75,5.5,7.5],"tintindex":0,"rotation":0,"texture":"#0"},"down":{"uv":[4.75,8.75,5.5,7.5],"tintindex":0,"rotation":0,"texture":"#0"}}},{"from":[10.996171,2.2318954,-1.0818071],"to":[10.996171,4.2318954,8.918193],"faces":{"east":{"uv":[4.25,10.75,3.0,11.0],"tintindex":0,"rotation":0,"texture":"#0"},"west":{"uv":[3.0,10.75,4.25,11.0],"tintindex":0,"rotation":0,"texture":"#0"}}},{"from":[7.8418484,11.231895,-0.85763645],"to":[7.8418484,18.231895,9.142364],"faces":{"east":{"uv":[9.25,7.5,8.0,8.375],"tintindex":0,"rotation":0,"texture":"#0"},"west":{"uv":[8.0,7.5,9.25,8.375],"tintindex":0,"rotation":0,"texture":"#0"}},"rotation":{"origin":[7.8418484,14.731895,4.1423635],"angle":22.5,"axis":"y"}},{"from":[10.748252,4.2423573,2.9181929],"to":[12.748252,10.242357,4.918193],"faces":{"east":{"uv":[11.875,5.5,11.625,6.25],"tintindex":0,"rotation":0,"texture":"#0"},"south":{"uv":[11.125,11.5,10.875,12.25],"tintindex":0,"rotation":0,"texture":"#0"},"north":{"uv":[11.125,11.5,10.875,12.25],"tintindex":0,"rotation":0,"texture":"#0"},"west":{"uv":[11.875,5.5,11.625,6.25],"tintindex":0,"rotation":0,"texture":"#0"},"up":{"uv":[6.375,12.25,6.625,12.0],"tintindex":0,"rotation":0,"texture":"#0"},"down":{"uv":[12.0,6.625,12.25,6.875],"tintindex":0,"rotation":0,"texture":"#0"}},"rotation":{"origin":[12.998252,6.7423577,0.91819286],"angle":-45.0,"axis":"z"}},{"from":[7.8418484,11.231895,-0.85763645],"to":[7.8418484,18.231895,9.142364],"faces":{"east":{"uv":[9.25,7.5,8.0,8.375],"tintindex":0,"rotation":0,"texture":"#0"},"west":{"uv":[8.0,7.5,9.25,8.375],"tintindex":0,"rotation":0,"texture":"#0"}},"rotation":{"origin":[7.8418484,14.731895,4.1423635],"angle":-22.5,"axis":"y"}},{"from":[4.996171,2.2318954,-1.0818071],"to":[4.996171,4.2318954,8.918193],"faces":{"east":{"uv":[4.25,10.75,3.0,11.0],"tintindex":0,"rotation":0,"texture":"#0"},"west":{"uv":[3.0,10.75,4.25,11.0],"tintindex":0,"rotation":0,"texture":"#0"}}},{"from":[10.748252,4.2423573,5.918193],"to":[12.748252,9.242357,7.918193],"faces":{"east":{"uv":[9.125,11.625,8.875,12.25],"tintindex":0,"rotation":0,"texture":"#0"},"south":{"uv":[8.375,11.625,8.125,12.25],"tintindex":0,"rotation":0,"texture":"#0"},"north":{"uv":[8.375,11.625,8.125,12.25],"tintindex":0,"rotation":0,"texture":"#0"},"west":{"uv":[9.125,11.625,8.875,12.25],"tintindex":0,"rotation":0,"texture":"#0"},"up":{"uv":[12.0,8.375,12.25,8.125],"tintindex":0,"rotation":0,"texture":"#0"},"down":{"uv":[12.0,8.5,12.25,8.75],"tintindex":0,"rotation":0,"texture":"#0"}},"rotation":{"origin":[12.998252,6.7423577,0.91819286],"angle":-45.0,"axis":"z"}}],"display":{"gui":{"rotation":[30,225,0]}}}