{"textures":{"0":"modelengine:entity/cryonic_crab"},"elements":[{"from":[5.4393396,3.1464462,7.0],"to":[17.439339,6.1464467,9.0],"faces":{"east":{"uv":[12.125,3.75,11.875,4.125],"tintindex":0,"rotation":0,"texture":"#0"},"south":{"uv":[11.0,8.375,9.5,8.75],"tintindex":0,"rotation":0,"texture":"#0"},"north":{"uv":[11.0,3.0,9.5,3.375],"tintindex":0,"rotation":0,"texture":"#0"},"west":{"uv":[12.125,2.0,11.875,2.375],"tintindex":0,"rotation":0,"texture":"#0"},"up":{"uv":[10.5,1.0,12.0,0.75],"tintindex":0,"rotation":0,"texture":"#0"},"down":{"uv":[10.5,1.125,12.0,1.375],"tintindex":0,"rotation":0,"texture":"#0"}},"rotation":{"origin":[10.939339,3.6464467,8.0],"angle":-45.0,"axis":"z"}}],"display":{"gui":{"rotation":[30,225,0]}}}