{"textures":{"0":"modelengine:entity/cryonic_crab"},"elements":[{"from":[8.475723,13.328829,8.0],"to":[19.475723,17.328829,8.0],"faces":{"south":{"uv":[10.75,5.0,9.375,5.5],"tintindex":0,"rotation":0,"texture":"#0"},"north":{"uv":[9.375,5.0,10.75,5.5],"tintindex":0,"rotation":0,"texture":"#0"}},"rotation":{"origin":[16.468395,9.074653,3.0],"angle":22.5,"axis":"z"}},{"from":[7.725723,9.078829,6.5],"to":[18.725723,13.078829,9.5],"faces":{"east":{"uv":[2.5,11.5,2.125,12.0],"tintindex":0,"rotation":0,"texture":"#0"},"south":{"uv":[8.5,9.125,7.125,9.625],"tintindex":0,"rotation":0,"texture":"#0"},"north":{"uv":[8.5,9.125,7.125,9.625],"tintindex":0,"rotation":0,"texture":"#0"},"west":{"uv":[2.5,11.5,2.125,12.0],"tintindex":0,"rotation":0,"texture":"#0"},"up":{"uv":[3.0,10.25,4.375,9.875],"tintindex":0,"rotation":0,"texture":"#0"},"down":{"uv":[3.0,10.25,4.375,9.875],"tintindex":0,"rotation":0,"texture":"#0"}},"rotation":{"origin":[15.718396,8.824653,8.0],"angle":22.5,"axis":"z"}}],"display":{"gui":{"rotation":[30,225,0]}}}