{"textures":{"0":"modelengine:entity/cryonic_crab"},"elements":[{"from":[6.0,6.8456707,2.4285831],"to":[10.0,10.845671,8.428583],"faces":{"east":{"uv":[11.25,1.5,10.5,2.0],"tintindex":0,"rotation":0,"texture":"#0"},"south":{"uv":[9.875,11.0,10.375,11.5],"tintindex":0,"rotation":0,"texture":"#0"},"north":{"uv":[10.375,11.0,9.875,11.5],"tintindex":0,"rotation":0,"texture":"#0"},"west":{"uv":[11.25,1.5,10.5,2.0],"tintindex":0,"rotation":0,"texture":"#0"},"up":{"uv":[10.625,9.625,11.125,8.875],"tintindex":0,"rotation":0,"texture":"#0"},"down":{"uv":[10.625,9.75,11.125,10.5],"tintindex":0,"rotation":0,"texture":"#0"}},"rotation":{"origin":[7.5,9.095671,5.428583],"angle":22.5,"axis":"x"}},{"from":[7.0,9.509615,-2.4100876],"to":[9.0,12.509615,4.5899124],"faces":{"east":{"uv":[2.25,10.75,1.375,11.125],"tintindex":0,"rotation":0,"texture":"#0"},"south":{"uv":[5.125,12.0,4.875,12.375],"tintindex":0,"rotation":0,"texture":"#0"},"north":{"uv":[4.75,12.0,4.5,12.375],"tintindex":0,"rotation":0,"texture":"#0"},"west":{"uv":[1.375,10.75,2.25,11.125],"tintindex":0,"rotation":0,"texture":"#0"},"up":{"uv":[1.375,12.125,1.625,11.25],"tintindex":0,"rotation":0,"texture":"#0"},"down":{"uv":[1.625,11.25,1.375,12.125],"tintindex":0,"rotation":0,"texture":"#0"}},"rotation":{"origin":[7.5,9.009615,5.5899124],"angle":-22.5,"axis":"x"}}],"display":{"gui":{"rotation":[30,225,0]}}}