{"textures":{"0":"modelengine:entity/cryonic_crab"},"elements":[{"from":[7.909091,17.506264,0.32159615],"to":[7.909091,26.506264,15.321596],"faces":{"east":{"uv":[7.0,0.0,8.875,1.125],"tintindex":0,"rotation":0,"texture":"#0"},"west":{"uv":[7.0,1.25,8.875,2.375],"tintindex":0,"rotation":0,"texture":"#0"}},"rotation":{"origin":[7.909091,22.006264,8.321596],"angle":22.5,"axis":"x"}},{"from":[3.0464783,16.159227,8.588686],"to":[5.0464783,22.159225,10.588685],"faces":{"east":{"uv":[7.0,11.625,7.25,12.375],"tintindex":0,"rotation":0,"texture":"#0"},"south":{"uv":[7.375,11.625,7.625,12.375],"tintindex":0,"rotation":0,"texture":"#0"},"north":{"uv":[11.625,6.375,11.875,7.125],"tintindex":0,"rotation":0,"texture":"#0"},"west":{"uv":[7.75,11.625,8.0,12.375],"tintindex":0,"rotation":0,"texture":"#0"},"up":{"uv":[12.25,10.125,12.0,9.875],"tintindex":0,"rotation":0,"texture":"#0"},"down":{"uv":[12.25,10.25,12.0,10.5],"tintindex":0,"rotation":0,"texture":"#0"}},"rotation":{"origin":[4.7964783,20.659225,4.088685],"angle":22.5,"axis":"z"}},{"from":[14.1543865,18.083107,0.5886855],"to":[16.154388,24.083105,2.5886855],"faces":{"east":{"uv":[8.0,11.625,7.75,12.375],"tintindex":0,"rotation":0,"texture":"#0"},"south":{"uv":[7.625,11.625,7.375,12.375],"tintindex":0,"rotation":0,"texture":"#0"},"north":{"uv":[11.875,6.375,11.625,7.125],"tintindex":0,"rotation":0,"texture":"#0"},"west":{"uv":[7.25,11.625,7.0,12.375],"tintindex":0,"rotation":0,"texture":"#0"},"up":{"uv":[12.0,10.125,12.25,9.875],"tintindex":0,"rotation":0,"texture":"#0"},"down":{"uv":[12.0,10.25,12.25,10.5],"tintindex":0,"rotation":0,"texture":"#0"}},"rotation":{"origin":[14.4043865,22.583105,-3.911314],"angle":-22.5,"axis":"z"}},{"from":[-0.590909,15.336248,4.588685],"to":[2.409091,25.336248,7.5886855],"faces":{"east":{"uv":[10.5,8.875,10.125,10.125],"tintindex":0,"rotation":0,"texture":"#0"},"south":{"uv":[4.875,10.0,4.5,11.25],"tintindex":0,"rotation":0,"texture":"#0"},"north":{"uv":[4.5,10.0,4.875,11.25],"tintindex":0,"rotation":0,"texture":"#0"},"west":{"uv":[10.125,8.875,10.5,10.125],"tintindex":0,"rotation":0,"texture":"#0"},"up":{"uv":[12.0,9.25,11.625,8.875],"tintindex":0,"rotation":0,"texture":"#0"},"down":{"uv":[9.625,11.625,9.25,12.0],"tintindex":0,"rotation":0,"texture":"#0"}},"rotation":{"origin":[2.909091,19.336248,0.08868551],"angle":45.0,"axis":"z"}},{"from":[0.409091,9.983273,-0.15850544],"to":[15.409091,20.983273,10.841495],"faces":{"east":{"uv":[7.0,2.5,8.375,3.875],"tintindex":0,"rotation":0,"texture":"#0"},"south":{"uv":[5.0,1.5,6.875,2.875],"tintindex":0,"rotation":0,"texture":"#0"},"north":{"uv":[5.0,1.5,6.875,2.875],"tintindex":0,"rotation":0,"texture":"#0"},"west":{"uv":[7.0,4.0,8.375,5.375],"tintindex":0,"rotation":0,"texture":"#0"},"up":{"uv":[6.875,4.375,5.0,3.0],"tintindex":0,"rotation":0,"texture":"#0"},"down":{"uv":[6.875,4.375,5.0,3.0],"tintindex":0,"rotation":0,"texture":"#0"}},"rotation":{"origin":[7.909091,12.483273,-2.6585054],"angle":22.5,"axis":"x"}},{"from":[13.409091,15.336248,4.588685],"to":[16.409092,25.336248,7.5886855],"faces":{"east":{"uv":[10.5,8.875,10.125,10.125],"tintindex":0,"rotation":0,"texture":"#0"},"south":{"uv":[4.5,10.0,4.875,11.25],"tintindex":0,"rotation":0,"texture":"#0"},"north":{"uv":[4.875,10.0,4.5,11.25],"tintindex":0,"rotation":0,"texture":"#0"},"west":{"uv":[10.125,8.875,10.5,10.125],"tintindex":0,"rotation":0,"texture":"#0"},"up":{"uv":[11.625,9.25,12.0,8.875],"tintindex":0,"rotation":0,"texture":"#0"},"down":{"uv":[9.25,11.625,9.625,12.0],"tintindex":0,"rotation":0,"texture":"#0"}},"rotation":{"origin":[12.909091,19.336248,0.08868551],"angle":-45.0,"axis":"z"}},{"from":[-0.33620548,18.083107,0.5886855],"to":[1.663795,24.083105,2.5886855],"faces":{"east":{"uv":[7.0,11.625,7.25,12.375],"tintindex":0,"rotation":0,"texture":"#0"},"south":{"uv":[7.375,11.625,7.625,12.375],"tintindex":0,"rotation":0,"texture":"#0"},"north":{"uv":[11.625,6.375,11.875,7.125],"tintindex":0,"rotation":0,"texture":"#0"},"west":{"uv":[7.75,11.625,8.0,12.375],"tintindex":0,"rotation":0,"texture":"#0"},"up":{"uv":[12.25,10.125,12.0,9.875],"tintindex":0,"rotation":0,"texture":"#0"},"down":{"uv":[12.25,10.25,12.0,10.5],"tintindex":0,"rotation":0,"texture":"#0"}},"rotation":{"origin":[1.413795,22.583105,-3.911314],"angle":22.5,"axis":"z"}},{"from":[10.771704,16.159227,8.588686],"to":[12.771704,22.159225,10.588685],"faces":{"east":{"uv":[8.0,11.625,7.75,12.375],"tintindex":0,"rotation":0,"texture":"#0"},"south":{"uv":[7.625,11.625,7.375,12.375],"tintindex":0,"rotation":0,"texture":"#0"},"north":{"uv":[11.875,6.375,11.625,7.125],"tintindex":0,"rotation":0,"texture":"#0"},"west":{"uv":[7.25,11.625,7.0,12.375],"tintindex":0,"rotation":0,"texture":"#0"},"up":{"uv":[12.0,10.125,12.25,9.875],"tintindex":0,"rotation":0,"texture":"#0"},"down":{"uv":[12.0,10.25,12.25,10.5],"tintindex":0,"rotation":0,"texture":"#0"}},"rotation":{"origin":[11.021704,20.659225,4.088685],"angle":-22.5,"axis":"z"}},{"from":[2.409091,17.697607,7.8596563],"to":[17.409092,26.697605,7.8596563],"faces":{"south":{"uv":[7.0,0.0,8.875,1.125],"tintindex":0,"rotation":0,"texture":"#0"},"north":{"uv":[7.0,1.25,8.875,2.375],"tintindex":0,"rotation":0,"texture":"#0"}},"rotation":{"origin":[7.909091,22.197605,7.8596563],"angle":22.5,"axis":"x"}}],"display":{"gui":{"rotation":[30,225,0]}}}