{
    "parent": "minecraft:item/handheld",
	"textures": {
		"layer0": "minecraft:custom/1"
		},
		"elements": [ 	 
			{
				"__comment": "Voxels",
				"from": [ 8.5, 0, 8 ],
				"to": [ 9, 16, 8.5 ],
				"faces": {
					"down": { "uv": [ 2, 15.5, 2.5, 16 ], "texture": "#voxels_atlas" },
					"up": { "uv": [ 2.5, 16, 3, 15.5 ], "texture": "#voxels_atlas" },
					"north": { "uv": [ 0.5, 0, 0, 16 ], "texture": "#voxels_atlas" },
					"south": { "uv": [ 0.5, 0, 1, 16 ], "texture": "#voxels_atlas" },
					"west": { "uv": [ 1, 0, 1.5, 16 ], "texture": "#voxels_atlas" },
					"east": { "uv": [ 2, 0, 1.5, 16 ], "texture": "#voxels_atlas" }
				}
			}
		],
		"display": {
		"head": {
			"translation":  [ 0, -10, 0 ],
			"scale":  [ 5, 5, 5 ]
		}
	}
}