{
	"credit": "Made with Blockbench",
	"parent": "item/generated",
	"textures": {
		"layer0": "fish/4"
	},
	"display": {
		"thirdperson_righthand": {
			"rotation": [0, 91, 0],
			"translation": [0.5, 0, 0]
		},
		"firstperson_righthand": {
			"rotation": [-11, -30, -32],
			"translation": [0, 1.25, 0],
			"scale": [1.16, 1.18, 0]
		},
		"firstperson_lefthand": {
			"rotation": [-11, 105, -32],
			"translation": [1.75, 1.25, 0],
			"scale": [1.16, 1.18, 0]
		},
		"ground": {
			"translation": [0, 7.75, 0],
			"scale": [2, 2, 0]
		}
	}
}