{"textures":{"0":"modelengine:entity/dwarf_cleric"},"elements":[{"from":[5.0,3.3083324,5.3964467],"to":[11.0,8.308332,8.396446],"faces":{"east":{"uv":[0.75,7.5,1.125,8.125],"tintindex":0,"rotation":0,"texture":"#0"},"south":{"uv":[5.0,6.75,5.75,7.375],"tintindex":0,"rotation":0,"texture":"#0"},"north":{"uv":[6.75,0.0,7.5,0.625],"tintindex":0,"rotation":0,"texture":"#0"},"west":{"uv":[6.0,9.0,6.375,9.625],"tintindex":0,"rotation":0,"texture":"#0"},"up":{"uv":[0.75,8.625,0.0,8.25],"tintindex":0,"rotation":0,"texture":"#0"},"down":{"uv":[9.0,0.0,8.25,0.375],"tintindex":0,"rotation":0,"texture":"#0"}}},{"from":[6.0,-1.6916676,5.3964467],"to":[10.0,2.3083324,8.396446],"faces":{"east":{"uv":[7.125,9.25,7.5,9.75],"tintindex":0,"rotation":0,"texture":"#0"},"south":{"uv":[8.5,4.75,9.0,5.25],"tintindex":0,"rotation":0,"texture":"#0"},"north":{"uv":[4.0,8.5,4.5,9.0],"tintindex":0,"rotation":0,"texture":"#0"},"west":{"uv":[7.625,9.25,8.0,9.75],"tintindex":0,"rotation":0,"texture":"#0"},"up":{"uv":[8.625,9.625,8.125,9.25],"tintindex":0,"rotation":0,"texture":"#0"},"down":{"uv":[9.25,9.25,8.75,9.625],"tintindex":0,"rotation":0,"texture":"#0"}}},{"from":[6.5,2.3083324,5.8964467],"to":[9.5,3.3083324,7.8964467],"faces":{"east":{"uv":[6.5,8.375,6.75,8.5],"tintindex":0,"rotation":0,"texture":"#0"},"south":{"uv":[9.875,10.125,10.25,10.25],"tintindex":0,"rotation":0,"texture":"#0"},"north":{"uv":[8.25,2.75,8.625,2.875],"tintindex":0,"rotation":0,"texture":"#0"},"west":{"uv":[9.0,10.125,9.25,10.25],"tintindex":0,"rotation":0,"texture":"#0"},"up":{"uv":[7.25,7.875,6.875,7.625],"tintindex":0,"rotation":0,"texture":"#0"},"down":{"uv":[8.875,5.375,8.5,5.625],"tintindex":0,"rotation":0,"texture":"#0"}}}],"display":{"gui":{"rotation":[30,225,0]}}}