{"textures":{"0":"modelengine:entity/dwarf_cleric"},"elements":[{"from":[3.5,7.861539,3.778954],"to":[12.5,12.861539,9.7789545],"faces":{"east":{"uv":[6.25,4.5,7.0,5.125],"tintindex":0,"rotation":0,"texture":"#0"},"south":{"uv":[2.375,5.375,3.5,6.0],"tintindex":0,"rotation":0,"texture":"#0"},"north":{"uv":[5.25,3.75,6.375,4.375],"tintindex":0,"rotation":0,"texture":"#0"},"west":{"uv":[6.5,3.375,7.25,4.0],"tintindex":0,"rotation":0,"texture":"#0"},"up":{"uv":[3.625,5.25,2.5,4.5],"tintindex":0,"rotation":0,"texture":"#0"},"down":{"uv":[4.875,4.5,3.75,5.25],"tintindex":0,"rotation":0,"texture":"#0"}}}],"display":{"gui":{"rotation":[30,225,0]}}}