{"textures":{"0":"modelengine:entity/dwarf_cleric"},"elements":[{"from":[3.0,8.130865,11.16058],"to":[13.0,16.130865,11.16058],"faces":{"south":{"uv":[0.0,2.75,1.25,3.75],"tintindex":0,"rotation":0,"texture":"#0"},"north":{"uv":[1.25,2.75,0.0,3.75],"tintindex":0,"rotation":0,"texture":"#0"}}},{"from":[6.4875,10.880865,0.6605797],"to":[9.5125,14.880865,1.6605797],"faces":{"east":{"uv":[2.375,10.125,2.5,10.625],"tintindex":0,"rotation":0,"texture":"#0"},"south":{"uv":[9.375,9.25,9.75,9.75],"tintindex":0,"rotation":0,"texture":"#0"},"north":{"uv":[9.375,6.75,9.75,7.25],"tintindex":0,"rotation":0,"texture":"#0"},"west":{"uv":[6.375,10.125,6.5,10.625],"tintindex":0,"rotation":0,"texture":"#0"},"up":{"uv":[10.625,0.125,10.25,0.0],"tintindex":0,"rotation":0,"texture":"#0"},"down":{"uv":[10.625,0.25,10.25,0.375],"tintindex":0,"rotation":0,"texture":"#0"}}},{"from":[3.4875002,11.630865,1.6605797],"to":[12.5125,12.630865,10.66058],"faces":{"east":{"uv":[9.625,3.75,10.75,3.875],"tintindex":0,"rotation":0,"texture":"#0"},"south":{"uv":[9.625,4.0,10.75,4.125],"tintindex":0,"rotation":0,"texture":"#0"},"north":{"uv":[9.5,3.125,10.625,3.25],"tintindex":0,"rotation":0,"texture":"#0"},"west":{"uv":[9.625,5.875,10.75,6.0],"tintindex":0,"rotation":0,"texture":"#0"},"up":{"uv":[2.5,1.125,1.375,0.0],"tintindex":0,"rotation":0,"texture":"#0"},"down":{"uv":[2.5,1.25,1.375,2.375],"tintindex":0,"rotation":0,"texture":"#0"}}},{"from":[2.9875002,8.130865,1.1605797],"to":[2.9875002,16.130865,11.16058],"faces":{"east":{"uv":[3.875,0.0,2.625,1.0],"tintindex":0,"rotation":0,"texture":"#0"},"west":{"uv":[2.625,0.0,3.875,1.0],"tintindex":0,"rotation":0,"texture":"#0"}}},{"from":[4.0,7.630865,2.1605797],"to":[12.0,15.580866,10.16058],"faces":{"east":{"uv":[0.0,3.875,1.0,4.875],"tintindex":0,"rotation":0,"texture":"#0"},"south":{"uv":[4.0,0.0,5.0,1.0],"tintindex":0,"rotation":0,"texture":"#0"},"north":{"uv":[1.375,3.625,2.375,4.625],"tintindex":0,"rotation":0,"texture":"#0"},"west":{"uv":[4.0,1.125,5.0,2.125],"tintindex":0,"rotation":0,"texture":"#0"},"up":{"uv":[5.125,3.25,4.125,2.25],"tintindex":0,"rotation":0,"texture":"#0"},"down":{"uv":[5.125,3.375,4.125,4.375],"tintindex":0,"rotation":0,"texture":"#0"}}},{"from":[2.9875002,16.130865,1.1605797],"to":[13.0125,16.130865,11.16058],"faces":{"up":{"uv":[1.25,1.25,0.0,0.0],"tintindex":0,"rotation":0,"texture":"#0"},"down":{"uv":[1.25,0.0,0.0,1.25],"tintindex":0,"rotation":0,"texture":"#0"}}},{"from":[13.0125,8.130865,1.1605797],"to":[13.0125,16.130865,11.16058],"faces":{"east":{"uv":[3.875,0.0,2.625,1.0],"tintindex":0,"rotation":0,"texture":"#0"},"west":{"uv":[2.625,0.0,3.875,1.0],"tintindex":0,"rotation":0,"texture":"#0"}}}],"display":{"gui":{"rotation":[30,225,0]}}}