{"textures":{"0":"modelengine:entity/dwarf_cleric"},"elements":[{"from":[5.3382354,4.236306,4.3864756],"to":[8.338236,8.261306,9.386476],"faces":{"east":{"uv":[7.75,5.125,8.375,5.625],"tintindex":0,"rotation":0,"texture":"#0"},"south":{"uv":[0.5,9.375,0.875,9.875],"tintindex":0,"rotation":0,"texture":"#0"},"north":{"uv":[0.0,9.375,0.375,9.875],"tintindex":0,"rotation":0,"texture":"#0"},"west":{"uv":[2.0,8.0,2.625,8.5],"tintindex":0,"rotation":0,"texture":"#0"},"up":{"uv":[3.0,9.75,2.625,9.125],"tintindex":0,"rotation":0,"texture":"#0"},"down":{"uv":[3.5,9.125,3.125,9.75],"tintindex":0,"rotation":0,"texture":"#0"}}},{"from":[5.8382354,2.7363062,-7.6135244],"to":[9.838236,6.736306,0.38647604],"faces":{"east":{"uv":[7.125,6.125,6.125,6.625],"tintindex":0,"rotation":0,"texture":"#0"},"south":{"uv":[8.75,6.5,9.25,7.0],"tintindex":0,"rotation":0,"texture":"#0"},"north":{"uv":[0.625,8.75,1.125,9.25],"tintindex":0,"rotation":0,"texture":"#0"},"west":{"uv":[6.125,6.125,7.125,6.625],"tintindex":0,"rotation":0,"texture":"#0"},"up":{"uv":[0.5,7.25,0.0,6.25],"tintindex":0,"rotation":0,"texture":"#0"},"down":{"uv":[1.125,6.375,0.625,7.375],"tintindex":0,"rotation":0,"texture":"#0"}}},{"from":[5.8382354,3.2363062,4.8864756],"to":[9.838236,5.236306,8.886476],"faces":{"east":{"uv":[6.5,9.75,7.0,10.0],"tintindex":0,"rotation":0,"texture":"#0"},"south":{"uv":[8.125,9.75,8.625,10.0],"tintindex":0,"rotation":0,"texture":"#0"},"north":{"uv":[5.875,9.75,6.375,10.0],"tintindex":0,"rotation":0,"texture":"#0"},"west":{"uv":[8.75,9.75,9.25,10.0],"tintindex":0,"rotation":0,"texture":"#0"},"up":{"uv":[3.25,9.0,2.75,8.5],"tintindex":0,"rotation":0,"texture":"#0"},"down":{"uv":[3.875,8.5,3.375,9.0],"tintindex":0,"rotation":0,"texture":"#0"}}},{"from":[7.8382354,6.736306,-7.6135244],"to":[7.8382354,10.736306,-3.6135244],"faces":{"east":{"uv":[5.125,8.875,4.625,9.375],"tintindex":0,"rotation":0,"texture":"#0"},"west":{"uv":[4.625,8.875,5.125,9.375],"tintindex":0,"rotation":0,"texture":"#0"}}},{"from":[6.3382354,3.2363062,13.3864765],"to":[9.338236,6.236306,15.3864765],"faces":{"east":{"uv":[0.25,10.0,0.0,10.375],"tintindex":0,"rotation":0,"texture":"#0"},"south":{"uv":[9.75,0.0,10.125,0.375],"tintindex":0,"rotation":0,"texture":"#0"},"north":{"uv":[1.0,9.625,1.375,10.0],"tintindex":0,"rotation":0,"texture":"#0"},"west":{"uv":[0.0,10.0,0.25,10.375],"tintindex":0,"rotation":0,"texture":"#0"},"up":{"uv":[0.75,10.25,0.375,10.0],"tintindex":0,"rotation":0,"texture":"#0"},"down":{"uv":[10.375,3.375,10.0,3.625],"tintindex":0,"rotation":0,"texture":"#0"}}},{"from":[9.838236,4.736306,-7.6135244],"to":[13.838236,4.736306,-3.6135244],"faces":{"up":{"uv":[8.75,7.625,9.25,7.125],"tintindex":0,"rotation":0,"texture":"#0"},"down":{"uv":[8.75,7.125,9.25,7.625],"tintindex":0,"rotation":0,"texture":"#0"}}},{"from":[1.8382354,4.736306,-7.6135244],"to":[5.8382354,4.736306,-3.6135244],"faces":{"up":{"uv":[9.25,7.625,8.75,7.125],"tintindex":0,"rotation":0,"texture":"#0"},"down":{"uv":[9.25,7.125,8.75,7.625],"tintindex":0,"rotation":0,"texture":"#0"}}},{"from":[7.8382354,-1.2636938,-7.6135244],"to":[7.8382354,2.7363062,-3.6135244],"faces":{"east":{"uv":[5.125,9.375,4.625,8.875],"tintindex":0,"rotation":0,"texture":"#0"},"west":{"uv":[4.625,9.375,5.125,8.875],"tintindex":0,"rotation":0,"texture":"#0"}}},{"from":[5.8382354,5.236306,4.8864756],"to":[9.838236,8.236306,8.886476],"faces":{"east":{"uv":[9.125,0.0,9.625,0.375],"tintindex":0,"rotation":0,"texture":"#0"},"south":{"uv":[9.125,4.375,9.625,4.75],"tintindex":0,"rotation":0,"texture":"#0"},"north":{"uv":[9.0,5.875,9.5,6.25],"tintindex":0,"rotation":0,"texture":"#0"},"west":{"uv":[9.125,4.875,9.625,5.25],"tintindex":0,"rotation":0,"texture":"#0"},"up":{"uv":[8.875,4.625,8.375,4.125],"tintindex":0,"rotation":0,"texture":"#0"},"down":{"uv":[5.75,8.375,5.25,8.875],"tintindex":0,"rotation":0,"texture":"#0"}}},{"from":[6.8382354,3.7363062,0.38647604],"to":[8.838236,5.736306,13.3864765],"faces":{"east":{"uv":[9.0,3.375,7.375,3.625],"tintindex":0,"rotation":0,"texture":"#0"},"south":{"uv":[8.625,10.125,8.875,10.375],"tintindex":0,"rotation":0,"texture":"#0"},"north":{"uv":[10.125,7.25,10.375,7.5],"tintindex":0,"rotation":0,"texture":"#0"},"west":{"uv":[7.375,3.375,9.0,3.625],"tintindex":0,"rotation":0,"texture":"#0"},"up":{"uv":[1.5,8.875,1.25,7.25],"tintindex":0,"rotation":0,"texture":"#0"},"down":{"uv":[1.875,7.25,1.625,8.875],"tintindex":0,"rotation":0,"texture":"#0"}}}],"display":{"gui":{"rotation":[30,225,0]}}}