{"textures":{"0":"modelengine:entity/dwarf_cleric"},"elements":[{"from":[4.728261,4.6790085,4.356468],"to":[8.728261,8.6790085,9.356468],"faces":{"east":{"uv":[6.875,8.0,7.5,8.5],"tintindex":0,"rotation":0,"texture":"#0"},"south":{"uv":[6.5,8.625,7.0,9.125],"tintindex":0,"rotation":0,"texture":"#0"},"north":{"uv":[2.0,8.625,2.5,9.125],"tintindex":0,"rotation":0,"texture":"#0"},"west":{"uv":[7.625,8.0,8.25,8.5],"tintindex":0,"rotation":0,"texture":"#0"},"up":{"uv":[8.625,7.125,8.125,6.5],"tintindex":0,"rotation":0,"texture":"#0"},"down":{"uv":[8.625,7.25,8.125,7.875],"tintindex":0,"rotation":0,"texture":"#0"}}},{"from":[6.253261,6.646179,3.7513828],"to":[7.203261,10.646179,7.751383],"faces":{"east":{"uv":[7.125,8.625,7.625,9.125],"tintindex":0,"rotation":0,"texture":"#0"},"south":{"uv":[1.125,3.875,1.25,4.375],"tintindex":0,"rotation":0,"texture":"#0"},"north":{"uv":[2.5,3.625,2.625,4.125],"tintindex":0,"rotation":0,"texture":"#0"},"west":{"uv":[7.75,8.625,8.25,9.125],"tintindex":0,"rotation":0,"texture":"#0"},"up":{"uv":[1.0,5.5,0.875,5.0],"tintindex":0,"rotation":0,"texture":"#0"},"down":{"uv":[5.5,10.0,5.375,10.5],"tintindex":0,"rotation":0,"texture":"#0"}},"rotation":{"origin":[6.728261,8.146179,6.751383],"angle":-22.5,"axis":"x"}},{"from":[5.228261,3.1790085,4.856468],"to":[9.228261,8.1790085,8.856468],"faces":{"east":{"uv":[5.625,7.625,6.125,8.25],"tintindex":0,"rotation":0,"texture":"#0"},"south":{"uv":[6.25,7.625,6.75,8.25],"tintindex":0,"rotation":0,"texture":"#0"},"north":{"uv":[7.625,2.25,8.125,2.875],"tintindex":0,"rotation":0,"texture":"#0"},"west":{"uv":[2.75,7.75,3.25,8.375],"tintindex":0,"rotation":0,"texture":"#0"},"up":{"uv":[8.75,2.625,8.25,2.125],"tintindex":0,"rotation":0,"texture":"#0"},"down":{"uv":[5.125,8.25,4.625,8.75],"tintindex":0,"rotation":0,"texture":"#0"}}},{"from":[6.228261,7.2202053,5.7999053],"to":[7.228261,11.220205,9.799906],"faces":{"east":{"uv":[8.375,8.625,8.875,9.125],"tintindex":0,"rotation":0,"texture":"#0"},"south":{"uv":[6.875,10.125,7.0,10.625],"tintindex":0,"rotation":0,"texture":"#0"},"north":{"uv":[6.625,10.125,6.75,10.625],"tintindex":0,"rotation":0,"texture":"#0"},"west":{"uv":[0.0,8.75,0.5,9.25],"tintindex":0,"rotation":0,"texture":"#0"},"up":{"uv":[8.25,10.625,8.125,10.125],"tintindex":0,"rotation":0,"texture":"#0"},"down":{"uv":[8.5,10.125,8.375,10.625],"tintindex":0,"rotation":0,"texture":"#0"}},"rotation":{"origin":[6.728261,8.720205,5.2999053],"angle":22.5,"axis":"x"}}],"display":{"gui":{"rotation":[30,225,0]}}}