{"textures":{"0":"modelengine:entity/dwarf_cleric"},"elements":[{"from":[6.0,3.1,4.0214467],"to":[10.0,6.1,9.021446],"faces":{"east":{"uv":[5.25,9.0,5.875,9.375],"tintindex":0,"rotation":0,"texture":"#0"},"south":{"uv":[6.5,9.25,7.0,9.625],"tintindex":0,"rotation":0,"texture":"#0"},"north":{"uv":[1.875,9.25,2.375,9.625],"tintindex":0,"rotation":0,"texture":"#0"},"west":{"uv":[9.0,5.375,9.625,5.75],"tintindex":0,"rotation":0,"texture":"#0"},"up":{"uv":[3.875,8.375,3.375,7.75],"tintindex":0,"rotation":0,"texture":"#0"},"down":{"uv":[4.5,7.75,4.0,8.375],"tintindex":0,"rotation":0,"texture":"#0"}}},{"from":[5.5,6.1,4.5214467],"to":[10.5,8.125,9.521446],"faces":{"east":{"uv":[9.5,2.0,10.125,2.25],"tintindex":0,"rotation":0,"texture":"#0"},"south":{"uv":[9.5,2.375,10.125,2.625],"tintindex":0,"rotation":0,"texture":"#0"},"north":{"uv":[9.375,7.375,10.0,7.625],"tintindex":0,"rotation":0,"texture":"#0"},"west":{"uv":[9.5,2.75,10.125,3.0],"tintindex":0,"rotation":0,"texture":"#0"},"up":{"uv":[8.0,7.875,7.375,7.25],"tintindex":0,"rotation":0,"texture":"#0"},"down":{"uv":[0.625,7.5,0.0,8.125],"tintindex":0,"rotation":0,"texture":"#0"}}},{"from":[6.0,6.1,5.0214467],"to":[10.0,8.1,9.021446],"faces":{"east":{"uv":[1.5,9.75,2.0,10.0],"tintindex":0,"rotation":0,"texture":"#0"},"south":{"uv":[9.75,5.0,10.25,5.25],"tintindex":0,"rotation":0,"texture":"#0"},"north":{"uv":[6.5,4.125,7.0,4.375],"tintindex":0,"rotation":0,"texture":"#0"},"west":{"uv":[9.75,5.375,10.25,5.625],"tintindex":0,"rotation":0,"texture":"#0"},"up":{"uv":[6.375,8.875,5.875,8.375],"tintindex":0,"rotation":0,"texture":"#0"},"down":{"uv":[8.875,8.0,8.375,8.5],"tintindex":0,"rotation":0,"texture":"#0"}}}],"display":{"gui":{"rotation":[30,225,0]}}}