{"textures":{"0":"modelengine:entity/dwarf_cleric"},"elements":[{"from":[6.25,2.9718752,4.2089467],"to":[11.25,8.971875,4.2089467],"faces":{"south":{"uv":[1.25,6.375,1.875,7.125],"tintindex":0,"rotation":0,"texture":"#0"},"north":{"uv":[1.875,6.375,1.25,7.125],"tintindex":0,"rotation":0,"texture":"#0"}},"rotation":{"origin":[8.0,5.971875,6.7089467],"angle":22.5,"axis":"z"}},{"from":[6.25,2.9718752,9.208946],"to":[11.25,8.971875,9.208946],"faces":{"south":{"uv":[1.875,6.375,1.25,7.125],"tintindex":0,"rotation":0,"texture":"#0"},"north":{"uv":[1.25,6.375,1.875,7.125],"tintindex":0,"rotation":0,"texture":"#0"}},"rotation":{"origin":[8.0,5.971875,6.7089467],"angle":22.5,"axis":"z"}},{"from":[6.0,2.9718752,4.7089467],"to":[10.0,7.971875,8.708946],"faces":{"east":{"uv":[8.125,1.5,7.625,2.125],"tintindex":0,"rotation":0,"texture":"#0"},"south":{"uv":[8.125,0.75,7.625,1.375],"tintindex":0,"rotation":0,"texture":"#0"},"north":{"uv":[5.5,7.5,5.0,8.125],"tintindex":0,"rotation":0,"texture":"#0"},"west":{"uv":[8.125,0.0,7.625,0.625],"tintindex":0,"rotation":0,"texture":"#0"},"up":{"uv":[8.25,1.375,8.75,0.875],"tintindex":0,"rotation":0,"texture":"#0"},"down":{"uv":[8.25,1.5,8.75,2.0],"tintindex":0,"rotation":0,"texture":"#0"}}},{"from":[11.25,2.9718752,4.2089467],"to":[11.25,8.971875,9.208946],"faces":{"east":{"uv":[7.5,0.75,6.875,1.5],"tintindex":0,"rotation":0,"texture":"#0"},"west":{"uv":[6.875,0.75,7.5,1.5],"tintindex":0,"rotation":0,"texture":"#0"}},"rotation":{"origin":[8.0,5.971875,6.7089467],"angle":22.5,"axis":"z"}}],"display":{"gui":{"rotation":[30,225,0]}}}