{"textures":{"0":"modelengine:entity/dwarf_cleric"},"elements":[{"from":[7.6617646,-4.263694,6.3864756],"to":[13.661764,4.736306,6.8864756],"faces":{"east":{"uv":[9.625,6.125,10.75,6.25],"tintindex":0,"rotation":90,"texture":"#0"},"south":{"uv":[5.875,0.0,5.125,1.125],"tintindex":0,"rotation":0,"texture":"#0"},"north":{"uv":[0.75,6.125,0.0,5.0],"tintindex":0,"rotation":180,"texture":"#0"},"west":{"uv":[9.75,4.25,10.875,4.375],"tintindex":0,"rotation":270,"texture":"#0"},"up":{"uv":[10.0,8.0,10.75,8.125],"tintindex":0,"rotation":0,"texture":"#0"},"down":{"uv":[10.0,7.75,10.75,7.875],"tintindex":0,"rotation":180,"texture":"#0"}}},{"from":[1.6617646,-4.263694,6.3864756],"to":[7.6617646,4.736306,6.8864756],"faces":{"east":{"uv":[9.75,4.5,10.875,4.625],"tintindex":0,"rotation":90,"texture":"#0"},"south":{"uv":[6.0,2.5,5.25,3.625],"tintindex":0,"rotation":0,"texture":"#0"},"north":{"uv":[6.0,2.375,5.25,1.25],"tintindex":0,"rotation":180,"texture":"#0"},"west":{"uv":[9.75,4.75,10.875,4.875],"tintindex":0,"rotation":270,"texture":"#0"},"up":{"uv":[10.0,8.5,10.75,8.625],"tintindex":0,"rotation":0,"texture":"#0"},"down":{"uv":[10.0,8.25,10.75,8.375],"tintindex":0,"rotation":180,"texture":"#0"}}},{"from":[6.1617646,3.2363062,4.8864756],"to":[10.161764,5.236306,8.886476],"faces":{"east":{"uv":[9.25,9.75,8.75,10.0],"tintindex":0,"rotation":0,"texture":"#0"},"south":{"uv":[8.625,9.75,8.125,10.0],"tintindex":0,"rotation":0,"texture":"#0"},"north":{"uv":[6.375,9.75,5.875,10.0],"tintindex":0,"rotation":0,"texture":"#0"},"west":{"uv":[7.0,9.75,6.5,10.0],"tintindex":0,"rotation":0,"texture":"#0"},"up":{"uv":[2.75,9.0,3.25,8.5],"tintindex":0,"rotation":0,"texture":"#0"},"down":{"uv":[3.375,8.5,3.875,9.0],"tintindex":0,"rotation":0,"texture":"#0"}}},{"from":[7.6617646,4.236306,4.3864756],"to":[10.661764,8.261306,9.386476],"faces":{"east":{"uv":[2.625,8.0,2.0,8.5],"tintindex":0,"rotation":0,"texture":"#0"},"south":{"uv":[0.875,9.375,0.5,9.875],"tintindex":0,"rotation":0,"texture":"#0"},"north":{"uv":[0.375,9.375,0.0,9.875],"tintindex":0,"rotation":0,"texture":"#0"},"west":{"uv":[8.375,5.125,7.75,5.625],"tintindex":0,"rotation":0,"texture":"#0"},"up":{"uv":[2.625,9.75,3.0,9.125],"tintindex":0,"rotation":0,"texture":"#0"},"down":{"uv":[3.125,9.125,3.5,9.75],"tintindex":0,"rotation":0,"texture":"#0"}}},{"from":[6.1617646,5.236306,4.8864756],"to":[10.161764,8.236306,8.886476],"faces":{"east":{"uv":[9.625,4.875,9.125,5.25],"tintindex":0,"rotation":0,"texture":"#0"},"south":{"uv":[9.625,4.375,9.125,4.75],"tintindex":0,"rotation":0,"texture":"#0"},"north":{"uv":[9.5,5.875,9.0,6.25],"tintindex":0,"rotation":0,"texture":"#0"},"west":{"uv":[9.625,0.0,9.125,0.375],"tintindex":0,"rotation":0,"texture":"#0"},"up":{"uv":[8.375,4.625,8.875,4.125],"tintindex":0,"rotation":0,"texture":"#0"},"down":{"uv":[5.25,8.375,5.75,8.875],"tintindex":0,"rotation":0,"texture":"#0"}}},{"from":[7.6617646,-3.7636938,5.6364756],"to":[12.661764,4.236306,6.3864756],"faces":{"east":{"uv":[9.875,1.0,10.875,1.125],"tintindex":0,"rotation":90,"texture":"#0"},"south":{"uv":[6.75,2.25,6.125,3.25],"tintindex":0,"rotation":0,"texture":"#0"},"north":{"uv":[2.625,7.125,2.0,6.125],"tintindex":0,"rotation":180,"texture":"#0"},"west":{"uv":[9.875,1.25,10.875,1.375],"tintindex":0,"rotation":270,"texture":"#0"},"up":{"uv":[1.625,10.125,2.25,10.25],"tintindex":0,"rotation":0,"texture":"#0"},"down":{"uv":[0.875,10.125,1.5,10.25],"tintindex":0,"rotation":180,"texture":"#0"}}},{"from":[2.6617646,-3.7636938,5.6364756],"to":[7.6617646,4.236306,6.3864756],"faces":{"east":{"uv":[9.875,0.5,10.875,0.625],"tintindex":0,"rotation":90,"texture":"#0"},"south":{"uv":[6.75,1.125,6.125,2.125],"tintindex":0,"rotation":0,"texture":"#0"},"north":{"uv":[6.625,1.0,6.0,0.0],"tintindex":0,"rotation":180,"texture":"#0"},"west":{"uv":[9.875,0.75,10.875,0.875],"tintindex":0,"rotation":270,"texture":"#0"},"up":{"uv":[10.0,9.0,10.625,9.125],"tintindex":0,"rotation":0,"texture":"#0"},"down":{"uv":[10.0,8.75,10.625,8.875],"tintindex":0,"rotation":180,"texture":"#0"}}}],"display":{"gui":{"rotation":[30,225,0]}}}