{"textures":{"0":"modelengine:entity/dwarf_cleric"},"elements":[{"from":[7.86709,1.8118181,5.8964467],"to":[10.86709,6.811819,7.8964467],"faces":{"east":{"uv":[9.5,0.5,9.75,1.125],"tintindex":0,"rotation":0,"texture":"#0"},"south":{"uv":[9.0,8.5,9.375,9.125],"tintindex":0,"rotation":0,"texture":"#0"},"north":{"uv":[9.0,7.75,9.375,8.375],"tintindex":0,"rotation":0,"texture":"#0"},"west":{"uv":[9.5,1.25,9.75,1.875],"tintindex":0,"rotation":0,"texture":"#0"},"up":{"uv":[4.0,10.125,3.625,9.875],"tintindex":0,"rotation":0,"texture":"#0"},"down":{"uv":[4.5,9.875,4.125,10.125],"tintindex":0,"rotation":0,"texture":"#0"}},"rotation":{"origin":[4.958913,3.522585,9.292893],"angle":22.5,"axis":"z"}},{"from":[8.36709,0.8118181,5.8964467],"to":[10.36709,1.8118181,7.8964467],"faces":{"east":{"uv":[10.25,2.125,10.5,2.25],"tintindex":0,"rotation":0,"texture":"#0"},"south":{"uv":[10.25,2.375,10.5,2.5],"tintindex":0,"rotation":0,"texture":"#0"},"north":{"uv":[10.25,1.875,10.5,2.0],"tintindex":0,"rotation":0,"texture":"#0"},"west":{"uv":[2.625,10.25,2.875,10.375],"tintindex":0,"rotation":0,"texture":"#0"},"up":{"uv":[6.375,3.625,6.125,3.375],"tintindex":0,"rotation":0,"texture":"#0"},"down":{"uv":[8.875,3.75,8.625,4.0],"tintindex":0,"rotation":0,"texture":"#0"}},"rotation":{"origin":[4.958913,3.522585,9.292893],"angle":22.5,"axis":"z"}},{"from":[7.86709,-2.1881819,5.8964467],"to":[10.86709,0.8118181,7.8964467],"faces":{"east":{"uv":[2.0,5.625,2.25,6.0],"tintindex":0,"rotation":0,"texture":"#0"},"south":{"uv":[9.5,7.75,9.875,8.125],"tintindex":0,"rotation":0,"texture":"#0"},"north":{"uv":[5.375,9.5,5.75,9.875],"tintindex":0,"rotation":0,"texture":"#0"},"west":{"uv":[4.625,7.75,4.875,8.125],"tintindex":0,"rotation":0,"texture":"#0"},"up":{"uv":[3.0,10.125,2.625,9.875],"tintindex":0,"rotation":0,"texture":"#0"},"down":{"uv":[3.5,9.875,3.125,10.125],"tintindex":0,"rotation":0,"texture":"#0"}},"rotation":{"origin":[4.958913,3.522585,9.292893],"angle":22.5,"axis":"z"}}],"display":{"gui":{"rotation":[30,225,0]}}}