{"textures":{"0":"modelengine:entity/dwarf_cleric"},"elements":[{"from":[6.0,6.1,5.0214467],"to":[10.0,8.1,9.021446],"faces":{"east":{"uv":[10.25,5.375,9.75,5.625],"tintindex":0,"rotation":0,"texture":"#0"},"south":{"uv":[10.25,5.0,9.75,5.25],"tintindex":0,"rotation":0,"texture":"#0"},"north":{"uv":[7.0,4.125,6.5,4.375],"tintindex":0,"rotation":0,"texture":"#0"},"west":{"uv":[2.0,9.75,1.5,10.0],"tintindex":0,"rotation":0,"texture":"#0"},"up":{"uv":[5.875,8.875,6.375,8.375],"tintindex":0,"rotation":0,"texture":"#0"},"down":{"uv":[8.375,8.0,8.875,8.5],"tintindex":0,"rotation":0,"texture":"#0"}}},{"from":[6.0,3.1,4.0214467],"to":[10.0,6.1,9.021446],"faces":{"east":{"uv":[9.625,5.375,9.0,5.75],"tintindex":0,"rotation":0,"texture":"#0"},"south":{"uv":[7.0,9.25,6.5,9.625],"tintindex":0,"rotation":0,"texture":"#0"},"north":{"uv":[2.375,9.25,1.875,9.625],"tintindex":0,"rotation":0,"texture":"#0"},"west":{"uv":[5.875,9.0,5.25,9.375],"tintindex":0,"rotation":0,"texture":"#0"},"up":{"uv":[3.375,8.375,3.875,7.75],"tintindex":0,"rotation":0,"texture":"#0"},"down":{"uv":[4.0,7.75,4.5,8.375],"tintindex":0,"rotation":0,"texture":"#0"}}},{"from":[5.5,6.1,4.5214467],"to":[10.5,8.125,9.521446],"faces":{"east":{"uv":[10.125,2.75,9.5,3.0],"tintindex":0,"rotation":0,"texture":"#0"},"south":{"uv":[10.125,2.375,9.5,2.625],"tintindex":0,"rotation":0,"texture":"#0"},"north":{"uv":[10.0,7.375,9.375,7.625],"tintindex":0,"rotation":0,"texture":"#0"},"west":{"uv":[10.125,2.0,9.5,2.25],"tintindex":0,"rotation":0,"texture":"#0"},"up":{"uv":[7.375,7.875,8.0,7.25],"tintindex":0,"rotation":0,"texture":"#0"},"down":{"uv":[0.0,7.5,0.625,8.125],"tintindex":0,"rotation":0,"texture":"#0"}}}],"display":{"gui":{"rotation":[30,225,0]}}}