{"textures":{"0":"modelengine:entity/dwarf_cleric"},"elements":[{"from":[8.79674,6.646179,3.7513828],"to":[9.746738,10.646179,7.751383],"faces":{"east":{"uv":[8.25,8.625,7.75,9.125],"tintindex":0,"rotation":0,"texture":"#0"},"south":{"uv":[1.25,3.875,1.125,4.375],"tintindex":0,"rotation":0,"texture":"#0"},"north":{"uv":[2.625,3.625,2.5,4.125],"tintindex":0,"rotation":0,"texture":"#0"},"west":{"uv":[7.625,8.625,7.125,9.125],"tintindex":0,"rotation":0,"texture":"#0"},"up":{"uv":[0.875,5.5,1.0,5.0],"tintindex":0,"rotation":0,"texture":"#0"},"down":{"uv":[5.375,10.0,5.5,10.5],"tintindex":0,"rotation":0,"texture":"#0"}},"rotation":{"origin":[9.271739,8.146179,6.751383],"angle":-22.5,"axis":"x"}},{"from":[8.771739,7.2202053,5.7999053],"to":[9.771739,11.220205,9.799906],"faces":{"east":{"uv":[0.5,8.75,0.0,9.25],"tintindex":0,"rotation":0,"texture":"#0"},"south":{"uv":[7.0,10.125,6.875,10.625],"tintindex":0,"rotation":0,"texture":"#0"},"north":{"uv":[6.75,10.125,6.625,10.625],"tintindex":0,"rotation":0,"texture":"#0"},"west":{"uv":[8.875,8.625,8.375,9.125],"tintindex":0,"rotation":0,"texture":"#0"},"up":{"uv":[8.125,10.625,8.25,10.125],"tintindex":0,"rotation":0,"texture":"#0"},"down":{"uv":[8.375,10.125,8.5,10.625],"tintindex":0,"rotation":0,"texture":"#0"}},"rotation":{"origin":[9.271739,8.720205,5.2999053],"angle":22.5,"axis":"x"}},{"from":[6.771739,3.1790085,4.856468],"to":[10.771739,8.1790085,8.856468],"faces":{"east":{"uv":[3.25,7.75,2.75,8.375],"tintindex":0,"rotation":0,"texture":"#0"},"south":{"uv":[6.75,7.625,6.25,8.25],"tintindex":0,"rotation":0,"texture":"#0"},"north":{"uv":[8.125,2.25,7.625,2.875],"tintindex":0,"rotation":0,"texture":"#0"},"west":{"uv":[6.125,7.625,5.625,8.25],"tintindex":0,"rotation":0,"texture":"#0"},"up":{"uv":[8.25,2.625,8.75,2.125],"tintindex":0,"rotation":0,"texture":"#0"},"down":{"uv":[4.625,8.25,5.125,8.75],"tintindex":0,"rotation":0,"texture":"#0"}}},{"from":[7.271739,4.6790085,4.356468],"to":[11.271739,8.6790085,9.356468],"faces":{"east":{"uv":[8.25,8.0,7.625,8.5],"tintindex":0,"rotation":0,"texture":"#0"},"south":{"uv":[7.0,8.625,6.5,9.125],"tintindex":0,"rotation":0,"texture":"#0"},"north":{"uv":[2.5,8.625,2.0,9.125],"tintindex":0,"rotation":0,"texture":"#0"},"west":{"uv":[7.5,8.0,6.875,8.5],"tintindex":0,"rotation":0,"texture":"#0"},"up":{"uv":[8.125,7.125,8.625,6.5],"tintindex":0,"rotation":0,"texture":"#0"},"down":{"uv":[8.125,7.25,8.625,7.875],"tintindex":0,"rotation":0,"texture":"#0"}}}],"display":{"gui":{"rotation":[30,225,0]}}}