{"textures":{"0":"modelengine:entity/dwarf_cleric"},"elements":[{"from":[4.0,7.7616224,4.2576494],"to":[12.0,12.761622,9.257649],"faces":{"east":{"uv":[2.0,7.25,2.625,7.875],"tintindex":0,"rotation":0,"texture":"#0"},"south":{"uv":[4.75,5.375,5.75,6.0],"tintindex":0,"rotation":0,"texture":"#0"},"north":{"uv":[3.625,5.375,4.625,6.0],"tintindex":0,"rotation":0,"texture":"#0"},"west":{"uv":[7.375,6.5,8.0,7.125],"tintindex":0,"rotation":0,"texture":"#0"},"up":{"uv":[1.875,6.25,0.875,5.625],"tintindex":0,"rotation":0,"texture":"#0"},"down":{"uv":[6.875,5.375,5.875,6.0],"tintindex":0,"rotation":0,"texture":"#0"}}},{"from":[3.5,7.786622,3.7326488],"to":[12.5,9.786622,9.732649],"faces":{"east":{"uv":[9.125,3.375,9.875,3.625],"tintindex":0,"rotation":0,"texture":"#0"},"south":{"uv":[8.25,0.5,9.375,0.75],"tintindex":0,"rotation":0,"texture":"#0"},"north":{"uv":[7.75,5.75,8.875,6.0],"tintindex":0,"rotation":0,"texture":"#0"},"west":{"uv":[9.375,6.375,10.125,6.625],"tintindex":0,"rotation":0,"texture":"#0"},"up":{"uv":[2.25,5.5,1.125,4.75],"tintindex":0,"rotation":0,"texture":"#0"},"down":{"uv":[6.125,4.5,5.0,5.25],"tintindex":0,"rotation":0,"texture":"#0"}}}],"display":{"gui":{"rotation":[30,225,0]}}}