{"textures":{"1":"modelengine:entity/blacksmith_anvil"},"elements":[{"from":[-3.2142859,-2.3571424,-1.5],"to":[15.785714,1.6428576,17.5],"faces":{"east":{"uv":[8.875,2.375,11.25,2.875],"tintindex":0,"rotation":0,"texture":"#1"},"south":{"uv":[8.875,1.75,11.25,2.25],"tintindex":0,"rotation":0,"texture":"#1"},"north":{"uv":[8.875,1.75,11.25,2.25],"tintindex":0,"rotation":0,"texture":"#1"},"west":{"uv":[9.375,8.5,11.75,9.0],"tintindex":0,"rotation":0,"texture":"#1"},"up":{"uv":[5.625,6.875,3.25,4.5],"tintindex":0,"rotation":0,"texture":"#1"},"down":{"uv":[5.625,6.875,3.25,4.5],"tintindex":0,"rotation":0,"texture":"#1"}}},{"from":[-8.214285,-2.3571424,-3.5],"to":[-3.2142859,3.6428576,19.5],"faces":{"east":{"uv":[5.375,7.0,2.5,7.75],"tintindex":0,"rotation":0,"texture":"#1"},"south":{"uv":[3.125,5.0,2.5,5.75],"tintindex":0,"rotation":0,"texture":"#1"},"north":{"uv":[3.125,5.0,2.5,5.75],"tintindex":0,"rotation":0,"texture":"#1"},"west":{"uv":[5.375,7.0,2.5,7.75],"tintindex":0,"rotation":0,"texture":"#1"},"up":{"uv":[8.125,2.875,8.75,0.0],"tintindex":0,"rotation":0,"texture":"#1"},"down":{"uv":[8.125,2.875,8.75,0.0],"tintindex":0,"rotation":0,"texture":"#1"}}},{"from":[-7.214286,9.642858,-0.5],"to":[15.785714,17.642857,16.5],"faces":{"east":{"uv":[3.0,7.875,5.125,8.875],"tintindex":0,"rotation":0,"texture":"#1"},"south":{"uv":[5.75,4.5,8.625,5.5],"tintindex":0,"rotation":0,"texture":"#1"},"north":{"uv":[5.75,4.5,8.625,5.5],"tintindex":0,"rotation":0,"texture":"#1"},"west":{"uv":[3.0,7.875,5.125,8.875],"tintindex":0,"rotation":0,"texture":"#1"},"up":{"uv":[6.125,2.125,3.25,0.0],"tintindex":0,"rotation":0,"texture":"#1"},"down":{"uv":[6.125,2.25,3.25,4.375],"tintindex":0,"rotation":0,"texture":"#1"}}},{"from":[-0.71428585,1.6428576,2.5],"to":[13.285714,9.642858,13.5],"faces":{"east":{"uv":[8.75,4.125,10.125,5.125],"tintindex":0,"rotation":0,"texture":"#1"},"south":{"uv":[7.5,8.5,9.25,9.5],"tintindex":0,"rotation":0,"texture":"#1"},"north":{"uv":[7.5,8.5,9.25,9.5],"tintindex":0,"rotation":0,"texture":"#1"},"west":{"uv":[8.75,4.125,10.125,5.125],"tintindex":0,"rotation":0,"texture":"#1"},"up":{"uv":[8.0,1.375,6.25,0.0],"tintindex":0,"rotation":0,"texture":"#1"},"down":{"uv":[8.0,1.5,6.25,2.875],"tintindex":0,"rotation":0,"texture":"#1"}}},{"from":[-8.214285,17.642857,-1.5],"to":[16.785713,20.642857,17.5],"faces":{"east":{"uv":[0.0,10.125,2.375,10.5],"tintindex":0,"rotation":0,"texture":"#1"},"south":{"uv":[9.375,9.125,12.5,9.5],"tintindex":0,"rotation":0,"texture":"#1"},"north":{"uv":[9.375,9.125,12.5,9.5],"tintindex":0,"rotation":0,"texture":"#1"},"west":{"uv":[0.0,10.125,2.375,10.5],"tintindex":0,"rotation":0,"texture":"#1"},"up":{"uv":[3.125,2.375,0.0,0.0],"tintindex":0,"rotation":0,"texture":"#1"},"down":{"uv":[3.125,2.375,0.0,0.0],"tintindex":0,"rotation":0,"texture":"#1"}}},{"from":[15.785714,13.642858,2.5],"to":[28.785715,19.642857,13.5],"faces":{"east":{"uv":[7.5,9.625,8.875,10.375],"tintindex":0,"rotation":0,"texture":"#1"},"south":{"uv":[8.875,0.0,10.5,0.75],"tintindex":0,"rotation":0,"texture":"#1"},"north":{"uv":[8.875,0.0,10.5,0.75],"tintindex":0,"rotation":0,"texture":"#1"},"west":{"uv":[9.0,9.625,10.375,10.375],"tintindex":0,"rotation":0,"texture":"#1"},"up":{"uv":[7.875,4.375,6.25,3.0],"tintindex":0,"rotation":0,"texture":"#1"},"down":{"uv":[7.875,4.375,6.25,3.0],"tintindex":0,"rotation":0,"texture":"#1"}}},{"from":[15.785714,-2.3571424,-3.5],"to":[20.785713,3.6428576,19.5],"faces":{"east":{"uv":[2.5,7.0,5.375,7.75],"tintindex":0,"rotation":0,"texture":"#1"},"south":{"uv":[2.5,5.0,3.125,5.75],"tintindex":0,"rotation":0,"texture":"#1"},"north":{"uv":[2.5,5.0,3.125,5.75],"tintindex":0,"rotation":0,"texture":"#1"},"west":{"uv":[2.5,7.0,5.375,7.75],"tintindex":0,"rotation":0,"texture":"#1"},"up":{"uv":[8.75,2.875,8.125,0.0],"tintindex":0,"rotation":0,"texture":"#1"},"down":{"uv":[8.75,2.875,8.125,0.0],"tintindex":0,"rotation":0,"texture":"#1"}}}],"display":{"gui":{"rotation":[30,225,0]}}}