{"textures":{"0":"modelengine:entity/dwarf_blacksmith"},"elements":[{"from":[3.0,-1.4444466,5.0],"to":[13.0,8.555553,11.0],"faces":{"east":{"uv":[6.625,5.9375,7.0,6.5625],"tintindex":0,"rotation":0,"texture":"#0"},"south":{"uv":[1.1875,4.4375,0.5625,5.0625],"tintindex":0,"rotation":0,"texture":"#0"},"north":{"uv":[0.5625,4.4375,1.1875,5.0625],"tintindex":0,"rotation":0,"texture":"#0"},"west":{"uv":[6.4375,6.625,6.8125,7.25],"tintindex":0,"rotation":0,"texture":"#0"},"up":{"uv":[2.4375,7.125,1.8125,6.75],"tintindex":0,"rotation":0,"texture":"#0"},"down":{"uv":[2.4375,6.75,1.8125,7.125],"tintindex":0,"rotation":0,"texture":"#0"}}}],"display":{"gui":{"rotation":[30,225,0]}}}