{"textures":{"0":"modelengine:entity/dwarf_blacksmith"},"elements":[{"from":[5.0,5.916666,6.0],"to":[11.0,7.916666,10.0],"faces":{"east":{"uv":[6.3125,9.1875,6.5625,9.3125],"tintindex":0,"rotation":0,"texture":"#0"},"south":{"uv":[6.875,5.3125,7.25,5.4375],"tintindex":0,"rotation":0,"texture":"#0"},"north":{"uv":[6.875,5.3125,7.25,5.4375],"tintindex":0,"rotation":0,"texture":"#0"},"west":{"uv":[6.625,9.1875,6.875,9.3125],"tintindex":0,"rotation":0,"texture":"#0"},"up":{"uv":[9.1875,1.9375,8.8125,1.6875],"tintindex":0,"rotation":0,"texture":"#0"},"down":{"uv":[9.1875,2.0,8.8125,2.25],"tintindex":0,"rotation":0,"texture":"#0"}}},{"from":[4.0,-2.083333,11.0],"to":[12.0,1.916666,11.0],"faces":{"south":{"uv":[8.75,2.1875,8.25,2.4375],"tintindex":0,"rotation":0,"texture":"#0"},"north":{"uv":[8.25,2.1875,8.75,2.4375],"tintindex":0,"rotation":0,"texture":"#0"}}},{"from":[4.0,-2.083333,5.0],"to":[4.0,1.916666,11.0],"faces":{"east":{"uv":[9.25,3.6875,8.875,3.9375],"tintindex":0,"rotation":0,"texture":"#0"},"west":{"uv":[8.875,3.6875,9.25,3.9375],"tintindex":0,"rotation":0,"texture":"#0"}}},{"from":[4.0,-2.083333,5.0],"to":[12.0,1.916666,5.0],"faces":{"south":{"uv":[8.75,2.1875,8.25,2.4375],"tintindex":0,"rotation":0,"texture":"#0"},"north":{"uv":[8.25,2.1875,8.75,2.4375],"tintindex":0,"rotation":0,"texture":"#0"}}},{"from":[4.0,1.916666,5.0],"to":[12.0,5.916666,11.0],"faces":{"east":{"uv":[7.5625,8.75,7.9375,9.0],"tintindex":0,"rotation":0,"texture":"#0"},"south":{"uv":[8.6875,6.375,8.1875,6.625],"tintindex":0,"rotation":0,"texture":"#0"},"north":{"uv":[8.1875,6.375,8.6875,6.625],"tintindex":0,"rotation":0,"texture":"#0"},"west":{"uv":[8.8125,1.375,9.1875,1.625],"tintindex":0,"rotation":0,"texture":"#0"},"up":{"uv":[7.75,4.0,7.25,3.625],"tintindex":0,"rotation":0,"texture":"#0"},"down":{"uv":[7.75,3.625,7.25,4.0],"tintindex":0,"rotation":0,"texture":"#0"}}},{"from":[12.0,-2.083333,5.0],"to":[12.0,1.916666,11.0],"faces":{"east":{"uv":[8.8125,7.875,9.1875,8.125],"tintindex":0,"rotation":0,"texture":"#0"},"west":{"uv":[9.1875,7.875,8.8125,8.125],"tintindex":0,"rotation":0,"texture":"#0"}}}],"display":{"gui":{"rotation":[30,225,0]}}}