{"textures":{"0":"modelengine:entity/dwarf_blacksmith"},"elements":[{"from":[5.0,5.875,6.0],"to":[11.0,7.875,10.0],"faces":{"east":{"uv":[7.1875,8.5625,7.4375,8.6875],"tintindex":0,"rotation":0,"texture":"#0"},"south":{"uv":[5.25,0.9375,5.625,1.0625],"tintindex":0,"rotation":0,"texture":"#0"},"north":{"uv":[5.25,0.9375,5.625,1.0625],"tintindex":0,"rotation":0,"texture":"#0"},"west":{"uv":[9.125,7.6875,9.375,7.8125],"tintindex":0,"rotation":0,"texture":"#0"},"up":{"uv":[6.9375,2.1875,6.5625,1.9375],"tintindex":0,"rotation":0,"texture":"#0"},"down":{"uv":[8.9375,4.1875,8.5625,4.4375],"tintindex":0,"rotation":0,"texture":"#0"}}},{"from":[4.0,-0.125,5.0],"to":[12.0,5.875,11.0],"faces":{"east":{"uv":[7.75,1.3125,8.125,1.6875],"tintindex":0,"rotation":0,"texture":"#0"},"south":{"uv":[2.8125,7.1875,2.3125,7.5625],"tintindex":0,"rotation":0,"texture":"#0"},"north":{"uv":[2.3125,7.1875,2.8125,7.5625],"tintindex":0,"rotation":0,"texture":"#0"},"west":{"uv":[3.1875,7.75,3.5625,8.125],"tintindex":0,"rotation":0,"texture":"#0"},"up":{"uv":[7.6875,6.75,7.1875,6.375],"tintindex":0,"rotation":0,"texture":"#0"},"down":{"uv":[7.6875,6.375,7.1875,6.75],"tintindex":0,"rotation":0,"texture":"#0"}}}],"display":{"gui":{"rotation":[30,225,0]}}}