{"textures":{"5":"modelengine:entity/blacksmith_iron"},"elements":[{"from":[5.5,2.000001,-12.5],"to":[10.5,12.0,10.5],"faces":{"east":{"uv":[0.0,0.0,5.75,2.5],"tintindex":0,"rotation":0,"texture":"#5"},"south":{"uv":[4.5,5.5,5.75,8.0],"tintindex":0,"rotation":0,"texture":"#5"},"north":{"uv":[4.5,5.5,5.75,8.0],"tintindex":0,"rotation":0,"texture":"#5"},"west":{"uv":[5.75,0.0,0.0,2.5],"tintindex":0,"rotation":0,"texture":"#5"},"up":{"uv":[1.25,11.25,0.0,5.5],"tintindex":0,"rotation":0,"texture":"#5"},"down":{"uv":[1.25,5.5,0.0,11.25],"tintindex":0,"rotation":0,"texture":"#5"}}}],"display":{"gui":{"rotation":[30,225,0]}}}