{"textures":{"0":"modelengine:entity/dwarf_blacksmith"},"elements":[{"from":[4.067746,-5.6115723,5.0],"to":[9.067747,-0.61157227,5.0],"faces":{"south":{"uv":[2.0625,8.6875,2.375,9.0],"tintindex":0,"rotation":0,"texture":"#0"},"north":{"uv":[2.375,8.6875,2.0625,9.0],"tintindex":0,"rotation":0,"texture":"#0"}},"rotation":{"origin":[6.567746,4.3884277,7.5],"angle":-22.5,"axis":"z"}},{"from":[5.067746,6.3884277,6.0],"to":[8.067747,8.388428,10.0],"faces":{"east":{"uv":[9.5,1.5,9.25,1.625],"tintindex":0,"rotation":0,"texture":"#0"},"south":{"uv":[7.9375,7.0625,7.75,7.1875],"tintindex":0,"rotation":0,"texture":"#0"},"north":{"uv":[7.9375,7.0625,7.75,7.1875],"tintindex":0,"rotation":0,"texture":"#0"},"west":{"uv":[9.5,1.5,9.25,1.625],"tintindex":0,"rotation":0,"texture":"#0"},"up":{"uv":[7.5625,9.3125,7.75,9.0625],"tintindex":0,"rotation":0,"texture":"#0"},"down":{"uv":[9.0625,8.9375,9.25,9.1875],"tintindex":0,"rotation":0,"texture":"#0"}},"rotation":{"origin":[6.567746,4.3884277,7.5],"angle":-22.5,"axis":"z"}},{"from":[4.067746,-5.6115723,11.0],"to":[9.067747,-0.61157227,11.0],"faces":{"south":{"uv":[2.375,8.6875,2.0625,9.0],"tintindex":0,"rotation":0,"texture":"#0"},"north":{"uv":[2.0625,8.6875,2.375,9.0],"tintindex":0,"rotation":0,"texture":"#0"}},"rotation":{"origin":[6.567746,4.3884277,7.5],"angle":-22.5,"axis":"z"}},{"from":[4.067746,-0.61157227,5.0],"to":[9.067747,6.3884277,11.0],"faces":{"east":{"uv":[6.875,7.5625,7.25,8.0],"tintindex":0,"rotation":0,"texture":"#0"},"south":{"uv":[6.75,8.0625,7.0625,8.5],"tintindex":0,"rotation":0,"texture":"#0"},"north":{"uv":[7.0625,8.0625,6.75,8.5],"tintindex":0,"rotation":0,"texture":"#0"},"west":{"uv":[7.25,7.5625,6.875,8.0],"tintindex":0,"rotation":0,"texture":"#0"},"up":{"uv":[2.875,8.875,3.1875,8.5],"tintindex":0,"rotation":0,"texture":"#0"},"down":{"uv":[2.875,8.5,3.1875,8.875],"tintindex":0,"rotation":0,"texture":"#0"}},"rotation":{"origin":[6.567746,4.3884277,7.5],"angle":-22.5,"axis":"z"}},{"from":[4.067746,-5.6115723,5.0],"to":[4.067746,-0.61157227,11.0],"faces":{"east":{"uv":[1.1875,8.5,1.5625,8.8125],"tintindex":0,"rotation":0,"texture":"#0"},"west":{"uv":[1.5625,8.5,1.1875,8.8125],"tintindex":0,"rotation":0,"texture":"#0"}},"rotation":{"origin":[6.567746,4.3884277,7.5],"angle":-22.5,"axis":"z"}},{"from":[9.067747,-5.6115723,5.0],"to":[9.067747,-0.61157227,11.0],"faces":{"east":{"uv":[1.5625,8.5,1.1875,8.8125],"tintindex":0,"rotation":0,"texture":"#0"},"west":{"uv":[1.1875,8.5,1.5625,8.8125],"tintindex":0,"rotation":0,"texture":"#0"}},"rotation":{"origin":[6.567746,4.3884277,7.5],"angle":-22.5,"axis":"z"}}],"display":{"gui":{"rotation":[30,225,0]}}}