{"textures":{"0":"modelengine:entity/dwarf_blacksmith"},"elements":[{"from":[3.535715,0.97551346,3.1998158],"to":[12.535714,8.000515,12.199816],"faces":{"east":{"uv":[1.1875,6.5625,1.75,7.0],"tintindex":0,"rotation":0,"texture":"#0"},"south":{"uv":[7.125,0.9375,6.5625,1.375],"tintindex":0,"rotation":0,"texture":"#0"},"north":{"uv":[6.5625,0.9375,7.125,1.375],"tintindex":0,"rotation":0,"texture":"#0"},"west":{"uv":[6.625,0.0,7.1875,0.4375],"tintindex":0,"rotation":0,"texture":"#0"},"up":{"uv":[5.625,3.0625,5.0625,2.5],"tintindex":0,"rotation":0,"texture":"#0"},"down":{"uv":[5.625,3.125,5.0625,3.6875],"tintindex":0,"rotation":0,"texture":"#0"}}},{"from":[3.035715,0.97551346,2.6998158],"to":[8.035714,3.9755135,12.699816],"faces":{"east":{"uv":[8.5,4.75,9.125,4.9375],"tintindex":0,"rotation":0,"texture":"#0"},"south":{"uv":[2.875,7.1875,3.1875,7.375],"tintindex":0,"rotation":0,"texture":"#0"},"north":{"uv":[6.875,4.375,7.1875,4.5625],"tintindex":0,"rotation":0,"texture":"#0"},"west":{"uv":[7.5,8.5,8.125,8.6875],"tintindex":0,"rotation":0,"texture":"#0"},"up":{"uv":[0.9375,7.5625,0.625,6.9375],"tintindex":0,"rotation":0,"texture":"#0"},"down":{"uv":[1.3125,7.0625,1.0,7.6875],"tintindex":0,"rotation":0,"texture":"#0"}}},{"from":[4.035715,1.9755135,3.6998158],"to":[12.035714,7.9755135,11.699816],"faces":{"east":{"uv":[5.875,7.0625,6.375,7.4375],"tintindex":0,"rotation":0,"texture":"#0"},"south":{"uv":[7.0625,5.9375,7.5625,6.3125],"tintindex":0,"rotation":0,"texture":"#0"},"north":{"uv":[6.875,4.875,7.375,5.25],"tintindex":0,"rotation":0,"texture":"#0"},"west":{"uv":[7.1875,0.9375,7.6875,1.3125],"tintindex":0,"rotation":0,"texture":"#0"},"up":{"uv":[4.5625,6.6875,4.0625,6.1875],"tintindex":0,"rotation":0,"texture":"#0"},"down":{"uv":[5.125,6.1875,4.625,6.6875],"tintindex":0,"rotation":0,"texture":"#0"}}},{"from":[2.535715,3.9755135,2.1998158],"to":[8.535714,6.9755135,13.199816],"faces":{"east":{"uv":[7.8125,4.25,8.5,4.4375],"tintindex":0,"rotation":0,"texture":"#0"},"south":{"uv":[6.0625,8.9375,6.4375,9.125],"tintindex":0,"rotation":0,"texture":"#0"},"north":{"uv":[7.4375,3.0625,7.8125,3.25],"tintindex":0,"rotation":0,"texture":"#0"},"west":{"uv":[8.0625,0.0,8.75,0.1875],"tintindex":0,"rotation":0,"texture":"#0"},"up":{"uv":[2.25,6.6875,1.875,6.0],"tintindex":0,"rotation":0,"texture":"#0"},"down":{"uv":[2.6875,6.0,2.3125,6.6875],"tintindex":0,"rotation":0,"texture":"#0"}}},{"from":[2.535715,-2.0244865,2.1998158],"to":[8.535714,0.97551346,13.199816],"faces":{"east":{"uv":[7.8125,4.25,8.5,4.4375],"tintindex":0,"rotation":0,"texture":"#0"},"south":{"uv":[6.0625,8.9375,6.4375,9.125],"tintindex":0,"rotation":0,"texture":"#0"},"north":{"uv":[7.4375,3.0625,7.8125,3.25],"tintindex":0,"rotation":0,"texture":"#0"},"west":{"uv":[8.0625,0.0,8.75,0.1875],"tintindex":0,"rotation":0,"texture":"#0"},"up":{"uv":[2.25,6.6875,1.875,6.0],"tintindex":0,"rotation":0,"texture":"#0"},"down":{"uv":[2.6875,6.0,2.3125,6.6875],"tintindex":0,"rotation":0,"texture":"#0"}}},{"from":[4.035715,-2.0244865,3.6998158],"to":[12.035714,1.9755135,11.699816],"faces":{"east":{"uv":[3.1875,8.1875,3.6875,8.4375],"tintindex":0,"rotation":0,"texture":"#0"},"south":{"uv":[8.1875,5.75,8.6875,6.0],"tintindex":0,"rotation":0,"texture":"#0"},"north":{"uv":[8.1875,1.25,8.6875,1.5],"tintindex":0,"rotation":0,"texture":"#0"},"west":{"uv":[8.1875,6.0625,8.6875,6.3125],"tintindex":0,"rotation":0,"texture":"#0"},"up":{"uv":[7.0,2.75,6.5,2.25],"tintindex":0,"rotation":0,"texture":"#0"},"down":{"uv":[7.0,2.8125,6.5,3.3125],"tintindex":0,"rotation":0,"texture":"#0"}}},{"from":[3.535715,-3.0244865,3.1998158],"to":[12.535714,0.97551346,12.199816],"faces":{"east":{"uv":[7.75,7.5625,8.3125,7.8125],"tintindex":0,"rotation":0,"texture":"#0"},"south":{"uv":[7.8125,3.625,8.375,3.875],"tintindex":0,"rotation":0,"texture":"#0"},"north":{"uv":[7.75,6.75,8.3125,7.0],"tintindex":0,"rotation":0,"texture":"#0"},"west":{"uv":[7.8125,3.9375,8.375,4.1875],"tintindex":0,"rotation":0,"texture":"#0"},"up":{"uv":[5.625,4.3125,5.0625,3.75],"tintindex":0,"rotation":0,"texture":"#0"},"down":{"uv":[5.625,4.375,5.0625,4.9375],"tintindex":0,"rotation":0,"texture":"#0"}}}],"display":{"gui":{"rotation":[30,225,0]}}}