{"textures":{"0":"modelengine:entity/dwarf_blacksmith"},"elements":[{"from":[3.9999995,2.0,2.0],"to":[12.0,8.0,12.0],"faces":{"east":{"uv":[6.625,5.5,7.25,5.875],"tintindex":0,"rotation":0,"texture":"#0"},"south":{"uv":[1.75,7.1875,2.25,7.5625],"tintindex":0,"rotation":0,"texture":"#0"},"north":{"uv":[7.1875,1.375,7.6875,1.75],"tintindex":0,"rotation":0,"texture":"#0"},"west":{"uv":[7.25,5.5,6.625,5.875],"tintindex":0,"rotation":0,"texture":"#0"},"up":{"uv":[4.0625,6.125,3.5625,5.5],"tintindex":0,"rotation":0,"texture":"#0"},"down":{"uv":[4.625,5.5,4.125,6.125],"tintindex":0,"rotation":0,"texture":"#0"}}}],"display":{"gui":{"rotation":[30,225,0]}}}