{"textures":{"0":"modelengine:entity/dwarf_blacksmith"},"elements":[{"from":[7.964286,0.97551346,2.6998158],"to":[12.964285,3.9755135,12.699816],"faces":{"east":{"uv":[8.125,8.5,7.5,8.6875],"tintindex":0,"rotation":0,"texture":"#0"},"south":{"uv":[3.1875,7.1875,2.875,7.375],"tintindex":0,"rotation":0,"texture":"#0"},"north":{"uv":[7.1875,4.375,6.875,4.5625],"tintindex":0,"rotation":0,"texture":"#0"},"west":{"uv":[9.125,4.75,8.5,4.9375],"tintindex":0,"rotation":0,"texture":"#0"},"up":{"uv":[0.625,7.5625,0.9375,6.9375],"tintindex":0,"rotation":0,"texture":"#0"},"down":{"uv":[1.0,7.0625,1.3125,7.6875],"tintindex":0,"rotation":0,"texture":"#0"}}},{"from":[3.4642859,-3.0244865,3.1998158],"to":[12.464285,0.97551346,12.199816],"faces":{"east":{"uv":[8.375,3.9375,7.8125,4.1875],"tintindex":0,"rotation":0,"texture":"#0"},"south":{"uv":[8.375,3.625,7.8125,3.875],"tintindex":0,"rotation":0,"texture":"#0"},"north":{"uv":[8.3125,6.75,7.75,7.0],"tintindex":0,"rotation":0,"texture":"#0"},"west":{"uv":[8.3125,7.5625,7.75,7.8125],"tintindex":0,"rotation":0,"texture":"#0"},"up":{"uv":[5.0625,4.3125,5.625,3.75],"tintindex":0,"rotation":0,"texture":"#0"},"down":{"uv":[5.0625,4.375,5.625,4.9375],"tintindex":0,"rotation":0,"texture":"#0"}}},{"from":[3.4642859,0.97551346,3.1998158],"to":[12.464285,8.000515,12.199816],"faces":{"east":{"uv":[7.1875,0.0,6.625,0.4375],"tintindex":0,"rotation":0,"texture":"#0"},"south":{"uv":[6.5625,0.9375,7.125,1.375],"tintindex":0,"rotation":0,"texture":"#0"},"north":{"uv":[7.125,0.9375,6.5625,1.375],"tintindex":0,"rotation":0,"texture":"#0"},"west":{"uv":[1.75,6.5625,1.1875,7.0],"tintindex":0,"rotation":0,"texture":"#0"},"up":{"uv":[5.0625,3.0625,5.625,2.5],"tintindex":0,"rotation":0,"texture":"#0"},"down":{"uv":[5.0625,3.125,5.625,3.6875],"tintindex":0,"rotation":0,"texture":"#0"}}},{"from":[7.464286,-2.0244865,2.1998158],"to":[13.464285,0.97551346,13.199816],"faces":{"east":{"uv":[8.75,0.0,8.0625,0.1875],"tintindex":0,"rotation":0,"texture":"#0"},"south":{"uv":[6.4375,8.9375,6.0625,9.125],"tintindex":0,"rotation":0,"texture":"#0"},"north":{"uv":[7.8125,3.0625,7.4375,3.25],"tintindex":0,"rotation":0,"texture":"#0"},"west":{"uv":[8.5,4.25,7.8125,4.4375],"tintindex":0,"rotation":0,"texture":"#0"},"up":{"uv":[1.875,6.6875,2.25,6.0],"tintindex":0,"rotation":0,"texture":"#0"},"down":{"uv":[2.3125,6.0,2.6875,6.6875],"tintindex":0,"rotation":0,"texture":"#0"}}},{"from":[3.9642859,1.9755135,3.6998158],"to":[11.964285,7.9755135,11.699816],"faces":{"east":{"uv":[7.6875,0.9375,7.1875,1.3125],"tintindex":0,"rotation":0,"texture":"#0"},"south":{"uv":[7.5625,5.9375,7.0625,6.3125],"tintindex":0,"rotation":0,"texture":"#0"},"north":{"uv":[7.375,4.875,6.875,5.25],"tintindex":0,"rotation":0,"texture":"#0"},"west":{"uv":[6.375,7.0625,5.875,7.4375],"tintindex":0,"rotation":0,"texture":"#0"},"up":{"uv":[4.0625,6.6875,4.5625,6.1875],"tintindex":0,"rotation":0,"texture":"#0"},"down":{"uv":[4.625,6.1875,5.125,6.6875],"tintindex":0,"rotation":0,"texture":"#0"}}},{"from":[3.9642859,-2.0244865,3.6998158],"to":[11.964285,1.9755135,11.699816],"faces":{"east":{"uv":[8.6875,6.0625,8.1875,6.3125],"tintindex":0,"rotation":0,"texture":"#0"},"south":{"uv":[8.6875,5.75,8.1875,6.0],"tintindex":0,"rotation":0,"texture":"#0"},"north":{"uv":[8.6875,1.25,8.1875,1.5],"tintindex":0,"rotation":0,"texture":"#0"},"west":{"uv":[3.6875,8.1875,3.1875,8.4375],"tintindex":0,"rotation":0,"texture":"#0"},"up":{"uv":[6.5,2.75,7.0,2.25],"tintindex":0,"rotation":0,"texture":"#0"},"down":{"uv":[6.5,2.8125,7.0,3.3125],"tintindex":0,"rotation":0,"texture":"#0"}}},{"from":[7.464286,3.9755135,2.1998158],"to":[13.464285,6.9755135,13.199816],"faces":{"east":{"uv":[8.75,0.0,8.0625,0.1875],"tintindex":0,"rotation":0,"texture":"#0"},"south":{"uv":[6.4375,8.9375,6.0625,9.125],"tintindex":0,"rotation":0,"texture":"#0"},"north":{"uv":[7.8125,3.0625,7.4375,3.25],"tintindex":0,"rotation":0,"texture":"#0"},"west":{"uv":[8.5,4.25,7.8125,4.4375],"tintindex":0,"rotation":0,"texture":"#0"},"up":{"uv":[1.875,6.6875,2.25,6.0],"tintindex":0,"rotation":0,"texture":"#0"},"down":{"uv":[2.3125,6.0,2.6875,6.6875],"tintindex":0,"rotation":0,"texture":"#0"}}}],"display":{"gui":{"rotation":[30,225,0]}}}