{"textures":{"0":"modelengine:entity/dwarf_blacksmith"},"elements":[{"from":[8.85195,2.271637,5.0],"to":[14.85195,9.271637,11.0],"faces":{"east":{"uv":[1.75,7.625,2.125,8.0625],"tintindex":0,"rotation":0,"texture":"#0"},"south":{"uv":[0.6875,7.625,0.3125,8.0625],"tintindex":0,"rotation":0,"texture":"#0"},"north":{"uv":[0.3125,7.625,0.6875,8.0625],"tintindex":0,"rotation":0,"texture":"#0"},"west":{"uv":[2.125,7.625,1.75,8.0625],"tintindex":0,"rotation":0,"texture":"#0"},"up":{"uv":[4.4375,8.1875,4.0625,7.8125],"tintindex":0,"rotation":0,"texture":"#0"},"down":{"uv":[4.4375,7.8125,4.0625,8.1875],"tintindex":0,"rotation":0,"texture":"#0"}},"rotation":{"origin":[11.85195,-1.728363,7.5],"angle":22.5,"axis":"z"}}],"display":{"gui":{"rotation":[30,225,0]}}}