{"textures":{"4":"modelengine:entity/blacksmith_shield"},"elements":[{"from":[13.503081,14.502707,13.824768],"to":[16.503082,17.502707,15.824768],"faces":{"east":{"uv":[5.75,3.0,6.0,3.375],"tintindex":0,"rotation":0,"texture":"#4"},"south":{"uv":[7.25,3.5,7.625,3.875],"tintindex":0,"rotation":0,"texture":"#4"},"north":{"uv":[7.25,3.0,7.625,3.375],"tintindex":0,"rotation":0,"texture":"#4"},"west":{"uv":[6.0,3.0,5.75,3.375],"tintindex":0,"rotation":0,"texture":"#4"},"up":{"uv":[1.875,7.75,1.5,7.5],"tintindex":0,"rotation":0,"texture":"#4"},"down":{"uv":[5.875,7.5,5.5,7.75],"tintindex":0,"rotation":0,"texture":"#4"}}},{"from":[13.503081,-1.4972925,13.824768],"to":[16.503082,1.5027075,15.824768],"faces":{"east":{"uv":[7.5,6.75,7.75,7.125],"tintindex":0,"rotation":0,"texture":"#4"},"south":{"uv":[2.5,7.375,2.875,7.75],"tintindex":0,"rotation":0,"texture":"#4"},"north":{"uv":[2.0,7.375,2.375,7.75],"tintindex":0,"rotation":0,"texture":"#4"},"west":{"uv":[7.75,6.75,7.5,7.125],"tintindex":0,"rotation":0,"texture":"#4"},"up":{"uv":[6.875,7.875,6.5,7.625],"tintindex":0,"rotation":0,"texture":"#4"},"down":{"uv":[7.375,7.625,7.0,7.875],"tintindex":0,"rotation":0,"texture":"#4"}}},{"from":[14.483048,-3.014885,-4.5362244],"to":[15.483048,18.985113,15.463776],"faces":{"east":{"uv":[0.0,0.0,2.5,2.75],"tintindex":0,"rotation":0,"texture":"#4"},"south":{"uv":[3.25,6.5,3.375,9.25],"tintindex":0,"rotation":0,"texture":"#4"},"north":{"uv":[3.0,6.5,3.125,9.25],"tintindex":0,"rotation":0,"texture":"#4"},"west":{"uv":[2.5,0.0,0.0,2.75],"tintindex":0,"rotation":0,"texture":"#4"},"up":{"uv":[3.625,9.0,3.5,6.5],"tintindex":0,"rotation":0,"texture":"#4"},"down":{"uv":[3.875,6.5,3.75,9.0],"tintindex":0,"rotation":0,"texture":"#4"}}},{"from":[6.0030823,6.0027065,-0.67523193],"to":[10.003082,10.002707,17.324768],"faces":{"east":{"uv":[3.0,2.875,5.25,3.375],"tintindex":0,"rotation":0,"texture":"#4"},"south":{"uv":[6.5,5.125,7.0,5.625],"tintindex":0,"rotation":0,"texture":"#4"},"north":{"uv":[6.5,4.5,7.0,5.0],"tintindex":0,"rotation":0,"texture":"#4"},"west":{"uv":[3.0,3.5,5.25,4.0],"tintindex":0,"rotation":0,"texture":"#4"},"up":{"uv":[3.5,6.375,3.0,4.125],"tintindex":0,"rotation":0,"texture":"#4"},"down":{"uv":[3.5,4.125,3.0,6.375],"tintindex":0,"rotation":0,"texture":"#4"}}},{"from":[13.503081,1.5027075,24.824768],"to":[16.503082,14.502707,26.824768],"faces":{"east":{"uv":[6.125,4.5,6.375,6.125],"tintindex":0,"rotation":0,"texture":"#4"},"south":{"uv":[2.5,5.0,2.875,6.625],"tintindex":0,"rotation":0,"texture":"#4"},"north":{"uv":[2.0,5.0,2.375,6.625],"tintindex":0,"rotation":0,"texture":"#4"},"west":{"uv":[6.375,4.5,6.125,6.125],"tintindex":0,"rotation":0,"texture":"#4"},"up":{"uv":[4.625,7.625,4.25,7.375],"tintindex":0,"rotation":0,"texture":"#4"},"down":{"uv":[7.75,5.25,7.375,5.5],"tintindex":0,"rotation":0,"texture":"#4"}}},{"from":[13.503081,-1.4972925,-5.175232],"to":[16.503082,17.502707,-3.175232],"faces":{"east":{"uv":[5.25,4.125,5.5,6.5],"tintindex":0,"rotation":0,"texture":"#4"},"south":{"uv":[1.5,5.0,1.875,7.375],"tintindex":0,"rotation":0,"texture":"#4"},"north":{"uv":[1.0,5.0,1.375,7.375],"tintindex":0,"rotation":0,"texture":"#4"},"west":{"uv":[5.5,4.125,5.25,6.5],"tintindex":0,"rotation":0,"texture":"#4"},"up":{"uv":[0.375,8.0,0.0,7.75],"tintindex":0,"rotation":0,"texture":"#4"},"down":{"uv":[0.875,7.75,0.5,8.0],"tintindex":0,"rotation":0,"texture":"#4"}}},{"from":[13.503081,14.502707,15.824768],"to":[16.503082,16.502707,26.824768],"faces":{"east":{"uv":[6.25,1.5,7.625,1.75],"tintindex":0,"rotation":0,"texture":"#4"},"south":{"uv":[7.375,6.0,7.75,6.25],"tintindex":0,"rotation":0,"texture":"#4"},"north":{"uv":[7.375,5.625,7.75,5.875],"tintindex":0,"rotation":0,"texture":"#4"},"west":{"uv":[7.625,1.5,6.25,1.75],"tintindex":0,"rotation":0,"texture":"#4"},"up":{"uv":[6.0,5.375,5.625,4.0],"tintindex":0,"rotation":0,"texture":"#4"},"down":{"uv":[6.0,5.5,5.625,6.875],"tintindex":0,"rotation":0,"texture":"#4"}}},{"from":[10.003082,6.0027065,-0.67523193],"to":[14.003081,10.002707,2.324768],"faces":{"east":{"uv":[6.5,7.0,6.875,7.5],"tintindex":0,"rotation":0,"texture":"#4"},"south":{"uv":[6.625,3.625,7.125,4.125],"tintindex":0,"rotation":0,"texture":"#4"},"north":{"uv":[6.625,3.0,7.125,3.5],"tintindex":0,"rotation":0,"texture":"#4"},"west":{"uv":[7.0,7.0,7.375,7.5],"tintindex":0,"rotation":0,"texture":"#4"},"up":{"uv":[7.625,4.625,7.125,4.25],"tintindex":0,"rotation":0,"texture":"#4"},"down":{"uv":[7.625,4.25,7.125,4.625],"tintindex":0,"rotation":0,"texture":"#4"}}},{"from":[13.503081,-0.49729252,15.824768],"to":[16.503082,1.5027075,26.824768],"faces":{"east":{"uv":[6.25,2.25,7.625,2.5],"tintindex":0,"rotation":0,"texture":"#4"},"south":{"uv":[1.0,7.5,1.375,7.75],"tintindex":0,"rotation":0,"texture":"#4"},"north":{"uv":[7.375,6.375,7.75,6.625],"tintindex":0,"rotation":0,"texture":"#4"},"west":{"uv":[7.625,2.25,6.25,2.5],"tintindex":0,"rotation":0,"texture":"#4"},"up":{"uv":[6.125,2.875,5.75,1.5],"tintindex":0,"rotation":0,"texture":"#4"},"down":{"uv":[6.5,3.0,6.125,4.375],"tintindex":0,"rotation":0,"texture":"#4"}}},{"from":[10.003082,6.0027065,14.324768],"to":[14.003081,10.002707,17.324768],"faces":{"east":{"uv":[2.0,6.75,2.375,7.25],"tintindex":0,"rotation":0,"texture":"#4"},"south":{"uv":[6.5,6.375,7.0,6.875],"tintindex":0,"rotation":0,"texture":"#4"},"north":{"uv":[6.5,5.75,7.0,6.25],"tintindex":0,"rotation":0,"texture":"#4"},"west":{"uv":[2.5,6.75,2.875,7.25],"tintindex":0,"rotation":0,"texture":"#4"},"up":{"uv":[4.75,7.25,4.25,6.875],"tintindex":0,"rotation":0,"texture":"#4"},"down":{"uv":[4.75,6.875,4.25,7.25],"tintindex":0,"rotation":0,"texture":"#4"}}},{"from":[13.503081,-3.4972925,-5.175232],"to":[16.503082,-1.4972925,15.824768],"faces":{"east":{"uv":[5.25,0.0,7.875,0.25],"tintindex":0,"rotation":0,"texture":"#4"},"south":{"uv":[7.75,1.875,8.125,2.125],"tintindex":0,"rotation":0,"texture":"#4"},"north":{"uv":[7.75,1.5,8.125,1.75],"tintindex":0,"rotation":0,"texture":"#4"},"west":{"uv":[7.875,0.0,5.25,0.25],"tintindex":0,"rotation":0,"texture":"#4"},"up":{"uv":[4.625,6.75,4.25,4.125],"tintindex":0,"rotation":0,"texture":"#4"},"down":{"uv":[5.125,4.125,4.75,6.75],"tintindex":0,"rotation":0,"texture":"#4"}}},{"from":[13.503081,17.502707,-5.175232],"to":[16.503082,19.502707,15.824768],"faces":{"east":{"uv":[5.25,0.75,7.875,1.0],"tintindex":0,"rotation":0,"texture":"#4"},"south":{"uv":[7.75,2.625,8.125,2.875],"tintindex":0,"rotation":0,"texture":"#4"},"north":{"uv":[7.75,2.25,8.125,2.5],"tintindex":0,"rotation":0,"texture":"#4"},"west":{"uv":[7.875,0.75,5.25,1.0],"tintindex":0,"rotation":0,"texture":"#4"},"up":{"uv":[0.375,7.625,0.0,5.0],"tintindex":0,"rotation":0,"texture":"#4"},"down":{"uv":[0.875,5.0,0.5,7.625],"tintindex":0,"rotation":0,"texture":"#4"}}},{"from":[14.483048,-0.014884949,15.463776],"to":[15.483048,15.985115,26.463776],"faces":{"east":{"uv":[0.0,2.875,1.375,4.875],"tintindex":0,"rotation":0,"texture":"#4"},"south":{"uv":[5.25,6.625,5.375,8.625],"tintindex":0,"rotation":0,"texture":"#4"},"north":{"uv":[4.0,6.5,4.125,8.5],"tintindex":0,"rotation":0,"texture":"#4"},"west":{"uv":[1.375,2.875,0.0,4.875],"tintindex":0,"rotation":0,"texture":"#4"},"up":{"uv":[5.0,8.25,4.875,6.875],"tintindex":0,"rotation":0,"texture":"#4"},"down":{"uv":[7.25,5.25,7.125,6.625],"tintindex":0,"rotation":0,"texture":"#4"}}}],"display":{"gui":{"rotation":[30,225,0]}}}