{"textures":{"3":"modelengine:entity/blacksmith_spear"},"elements":[{"from":[8.0,5.8333335,-9.333334],"to":[8.0,10.166667,-3.0],"faces":{"east":{"uv":[0.0,0.0,2.375,1.625],"tintindex":0,"rotation":0,"texture":"#3"},"west":{"uv":[2.375,0.0,0.0,1.625],"tintindex":0,"rotation":0,"texture":"#3"}}},{"from":[7.5,7.5,-3.666667],"to":[8.5,8.5,17.333334],"faces":{"east":{"uv":[2.5,0.0,10.375,0.375],"tintindex":0,"rotation":0,"texture":"#3"},"south":{"uv":[3.5,2.0,3.875,2.375],"tintindex":0,"rotation":0,"texture":"#3"},"north":{"uv":[2.0,3.5,2.375,3.875],"tintindex":0,"rotation":0,"texture":"#3"},"west":{"uv":[10.375,0.0,2.5,0.375],"tintindex":0,"rotation":0,"texture":"#3"},"up":{"uv":[2.875,8.875,2.5,1.0],"tintindex":0,"rotation":0,"texture":"#3"},"down":{"uv":[2.875,1.0,2.5,8.875],"tintindex":0,"rotation":0,"texture":"#3"}}}],"display":{"gui":{"rotation":[30,225,0]}}}