{"textures":{"2":"modelengine:entity/blacksmith_sword"},"elements":[{"from":[8.0,6.0833335,-9.5],"to":[8.0,9.75,4.5],"faces":{"east":{"uv":[0.0,0.0,5.25,1.375],"tintindex":0,"rotation":0,"texture":"#2"},"west":{"uv":[5.25,0.0,0.0,1.375],"tintindex":0,"rotation":0,"texture":"#2"}}},{"from":[7.6666665,6.9166665,11.166667],"to":[8.333333,7.5833335,11.833334],"faces":{"east":{"uv":[6.5,3.875,6.75,4.125],"tintindex":0,"rotation":0,"texture":"#2"},"south":{"uv":[6.375,6.5,6.625,6.75],"tintindex":0,"rotation":0,"texture":"#2"},"north":{"uv":[6.5,3.5,6.75,3.75],"tintindex":0,"rotation":0,"texture":"#2"},"west":{"uv":[6.5,3.875,6.75,4.125],"tintindex":0,"rotation":0,"texture":"#2"},"up":{"uv":[6.875,2.125,6.625,1.875],"tintindex":0,"rotation":0,"texture":"#2"},"down":{"uv":[6.875,2.25,6.625,2.5],"tintindex":0,"rotation":0,"texture":"#2"}}},{"from":[7.3333335,6.416667,4.5],"to":[8.666667,9.416667,6.1666665],"faces":{"east":{"uv":[5.375,0.0,6.0,1.125],"tintindex":0,"rotation":0,"texture":"#2"},"south":{"uv":[0.625,5.625,1.125,6.75],"tintindex":0,"rotation":0,"texture":"#2"},"north":{"uv":[0.0,5.625,0.5,6.75],"tintindex":0,"rotation":0,"texture":"#2"},"west":{"uv":[6.0,0.0,5.375,1.125],"tintindex":0,"rotation":0,"texture":"#2"},"up":{"uv":[1.75,6.25,1.25,5.625],"tintindex":0,"rotation":0,"texture":"#2"},"down":{"uv":[2.375,5.625,1.875,6.25],"tintindex":0,"rotation":0,"texture":"#2"}}},{"from":[7.6666665,6.9166665,10.5],"to":[8.333333,8.916667,11.166667],"faces":{"east":{"uv":[6.25,1.75,6.5,2.5],"tintindex":0,"rotation":0,"texture":"#2"},"south":{"uv":[2.5,6.25,2.75,7.0],"tintindex":0,"rotation":0,"texture":"#2"},"north":{"uv":[6.125,3.125,6.375,3.875],"tintindex":0,"rotation":0,"texture":"#2"},"west":{"uv":[6.5,1.75,6.25,2.5],"tintindex":0,"rotation":0,"texture":"#2"},"up":{"uv":[6.75,1.375,6.5,1.125],"tintindex":0,"rotation":0,"texture":"#2"},"down":{"uv":[6.75,3.125,6.5,3.375],"tintindex":0,"rotation":0,"texture":"#2"}}},{"from":[7.6666665,4.75,4.5],"to":[8.333333,6.416667,5.5],"faces":{"east":{"uv":[3.125,5.625,3.5,6.25],"tintindex":0,"rotation":0,"texture":"#2"},"south":{"uv":[2.0,6.375,2.25,7.0],"tintindex":0,"rotation":0,"texture":"#2"},"north":{"uv":[1.625,6.375,1.875,7.0],"tintindex":0,"rotation":0,"texture":"#2"},"west":{"uv":[3.5,5.625,3.125,6.25],"tintindex":0,"rotation":0,"texture":"#2"},"up":{"uv":[6.375,4.375,6.125,4.0],"tintindex":0,"rotation":0,"texture":"#2"},"down":{"uv":[6.5,2.625,6.25,3.0],"tintindex":0,"rotation":0,"texture":"#2"}}},{"from":[7.6666665,6.9166665,11.833334],"to":[8.333333,8.916667,12.5],"faces":{"east":{"uv":[6.0,5.5,6.25,6.25],"tintindex":0,"rotation":0,"texture":"#2"},"south":{"uv":[6.125,0.0,6.375,0.75],"tintindex":0,"rotation":0,"texture":"#2"},"north":{"uv":[6.0,4.625,6.25,5.375],"tintindex":0,"rotation":0,"texture":"#2"},"west":{"uv":[6.25,5.5,6.0,6.25],"tintindex":0,"rotation":0,"texture":"#2"},"up":{"uv":[6.625,5.25,6.375,5.0],"tintindex":0,"rotation":0,"texture":"#2"},"down":{"uv":[6.625,5.375,6.375,5.625],"tintindex":0,"rotation":0,"texture":"#2"}}},{"from":[7.6666665,8.25,11.166667],"to":[8.333333,8.916667,11.833334],"faces":{"east":{"uv":[6.0,6.375,6.25,6.625],"tintindex":0,"rotation":0,"texture":"#2"},"south":{"uv":[6.375,6.125,6.625,6.375],"tintindex":0,"rotation":0,"texture":"#2"},"north":{"uv":[6.375,5.75,6.625,6.0],"tintindex":0,"rotation":0,"texture":"#2"},"west":{"uv":[6.25,6.375,6.0,6.625],"tintindex":0,"rotation":0,"texture":"#2"},"up":{"uv":[6.75,0.625,6.5,0.375],"tintindex":0,"rotation":0,"texture":"#2"},"down":{"uv":[6.75,0.75,6.5,1.0],"tintindex":0,"rotation":0,"texture":"#2"}}},{"from":[7.6666665,9.416667,4.5],"to":[8.333333,11.083334,5.5],"faces":{"east":{"uv":[3.625,5.625,4.0,6.25],"tintindex":0,"rotation":0,"texture":"#2"},"south":{"uv":[3.25,6.375,3.5,7.0],"tintindex":0,"rotation":0,"texture":"#2"},"north":{"uv":[2.875,6.375,3.125,7.0],"tintindex":0,"rotation":0,"texture":"#2"},"west":{"uv":[4.0,5.625,3.625,6.25],"tintindex":0,"rotation":0,"texture":"#2"},"up":{"uv":[3.875,6.75,3.625,6.375],"tintindex":0,"rotation":0,"texture":"#2"},"down":{"uv":[6.625,4.5,6.375,4.875],"tintindex":0,"rotation":0,"texture":"#2"}}},{"from":[7.3333335,7.25,6.1666665],"to":[8.666667,8.583333,11.5],"faces":{"east":{"uv":[0.0,5.0,2.0,5.5],"tintindex":0,"rotation":0,"texture":"#2"},"south":{"uv":[5.625,2.5,6.125,3.0],"tintindex":0,"rotation":0,"texture":"#2"},"north":{"uv":[5.625,2.5,6.125,3.0],"tintindex":0,"rotation":0,"texture":"#2"},"west":{"uv":[0.0,5.0,2.0,5.5],"tintindex":0,"rotation":0,"texture":"#2"},"up":{"uv":[5.5,5.0,5.0,3.0],"tintindex":0,"rotation":0,"texture":"#2"},"down":{"uv":[5.5,5.0,5.0,3.0],"tintindex":0,"rotation":0,"texture":"#2"}}},{"from":[7.8333335,6.75,-6.5],"to":[8.166667,9.083333,4.5],"faces":{"east":{"uv":[0.0,3.0,4.125,3.875],"tintindex":0,"rotation":0,"texture":"#2"},"south":{"uv":[5.625,5.625,5.875,6.5],"tintindex":0,"rotation":0,"texture":"#2"},"north":{"uv":[5.625,4.625,5.875,5.5],"tintindex":0,"rotation":0,"texture":"#2"},"west":{"uv":[4.125,3.0,0.0,3.875],"tintindex":0,"rotation":0,"texture":"#2"},"up":{"uv":[4.5,7.125,4.25,3.0],"tintindex":0,"rotation":0,"texture":"#2"},"down":{"uv":[4.875,3.0,4.625,7.125],"tintindex":0,"rotation":0,"texture":"#2"}}}],"display":{"gui":{"rotation":[30,225,0]}}}