{
    "variants": {
        "facing=south,position=top": { "model": "cocricot:block/awning_white", "y": 90 },
        "facing=south,position=bottom": { "model": "cocricot:block/awning_white_l", "y": 90 },
        "facing=west,position=top": { "model": "cocricot:block/awning_white", "y": 180 },
        "facing=west,position=bottom": { "model": "cocricot:block/awning_white_l", "y": 180 },
        "facing=north,position=top": { "model": "cocricot:block/awning_white", "y": 270 },
        "facing=north,position=bottom": { "model": "cocricot:block/awning_white_l", "y": 270 },
        "facing=east,position=top": { "model": "cocricot:block/awning_white" },
        "facing=east,position=bottom": { "model": "cocricot:block/awning_white_l" }
    }
}