{
    "variants": {
        "facing=south,position=top": { "model": "cocricot:block/awning_pink", "y": 90 },
        "facing=south,position=bottom": { "model": "cocricot:block/awning_pink_l", "y": 90 },
        "facing=west,position=top": { "model": "cocricot:block/awning_pink", "y": 180 },
        "facing=west,position=bottom": { "model": "cocricot:block/awning_pink_l", "y": 180 },
        "facing=north,position=top": { "model": "cocricot:block/awning_pink", "y": 270 },
        "facing=north,position=bottom": { "model": "cocricot:block/awning_pink_l", "y": 270 },
        "facing=east,position=top": { "model": "cocricot:block/awning_pink" },
        "facing=east,position=bottom": { "model": "cocricot:block/awning_pink_l" }
    }
}