{
    "variants": {
        "facing=up": { "model": "cocricot:block/barrel_bleached" },
        "facing=down": { "model": "cocricot:block/barrel_bleached", "x": 180 },
        "facing=east": { "model": "cocricot:block/barrel_bleached", "y": 90, "x": 90 },
        "facing=south": { "model": "cocricot:block/barrel_bleached", "y": 180, "x": 90 },
        "facing=west": { "model": "cocricot:block/barrel_bleached", "y": 270, "x": 90 },
        "facing=north": { "model": "cocricot:block/barrel_bleached", "y": 0, "x": 90 }
    }
}
