{
    "variants": {
        "facing=up": { "model": "cocricot:block/barrel_clear" },
        "facing=down": { "model": "cocricot:block/barrel_clear", "x": 180 },
        "facing=east": { "model": "cocricot:block/barrel_clear", "y": 90, "x": 90 },
        "facing=south": { "model": "cocricot:block/barrel_clear", "y": 180, "x": 90 },
        "facing=west": { "model": "cocricot:block/barrel_clear", "y": 270, "x": 90 },
        "facing=north": { "model": "cocricot:block/barrel_clear", "y": 0, "x": 90 }
    }
}
