{
    "variants": {
        "facing=south,type=empty": { "model": "cocricot:block/bathtub_clawfoot_black", "y": 270 },
        "facing=west,type=empty": { "model": "cocricot:block/bathtub_clawfoot_black" },
        "facing=north,type=empty": { "model": "cocricot:block/bathtub_clawfoot_black", "y": 90 },
        "facing=east,type=empty": { "model": "cocricot:block/bathtub_clawfoot_black", "y": 180 },

        "facing=south,type=water": { "model": "cocricot:block/bathtub_clawfoot_black_water", "y": 270 },
        "facing=west,type=water": { "model": "cocricot:block/bathtub_clawfoot_black_water" },
        "facing=north,type=water": { "model": "cocricot:block/bathtub_clawfoot_black_water", "y": 90 },
        "facing=east,type=water": { "model": "cocricot:block/bathtub_clawfoot_black_water", "y": 180 },

        "facing=south,type=rose": { "model": "cocricot:block/bathtub_clawfoot_black_rose", "y": 270 },
        "facing=west,type=rose": { "model": "cocricot:block/bathtub_clawfoot_black_rose" },
        "facing=north,type=rose": { "model": "cocricot:block/bathtub_clawfoot_black_rose", "y": 90 },
        "facing=east,type=rose": { "model": "cocricot:block/bathtub_clawfoot_black_rose", "y": 180 }
    }
}