{ 
    "variants": {
        "part=front": { "model": "cocricot:block/transparent" },
        "part=frontr": { "model": "cocricot:block/transparent" },
        "part=back": { "model": "cocricot:block/transparent" },
        "part=backr": { "model": "cocricot:block/transparent" },
        "part=center,facing=north": { "model": "cocricot:block/bed_frame_log_birch", "y": 180 },
        "part=center,facing=east": { "model": "cocricot:block/bed_frame_log_birch", "y": 270 },
        "part=center,facing=south": { "model": "cocricot:block/bed_frame_log_birch" },
        "part=center,facing=west": { "model": "cocricot:block/bed_frame_log_birch", "y": 90 }
    }
}