{
    "variants": {
        "facing=south,horizontal=single": { "model": "cocricot:block/bench_park_black", "y": 180 },
        "facing=south,horizontal=left": { "model": "cocricot:block/bench_park_black_left", "y": 180 },
        "facing=south,horizontal=middle": { "model": "cocricot:block/bench_park_black_middle", "y": 180 },
        "facing=south,horizontal=right": { "model": "cocricot:block/bench_park_black_right", "y": 180 },
        "facing=east,horizontal=single": { "model": "cocricot:block/bench_park_black", "y": 90 },
        "facing=east,horizontal=left": { "model": "cocricot:block/bench_park_black_left", "y": 90 },
        "facing=east,horizontal=middle": { "model": "cocricot:block/bench_park_black_middle", "y": 90 },
        "facing=east,horizontal=right": { "model": "cocricot:block/bench_park_black_right", "y": 90 },
        "facing=north,horizontal=single": { "model": "cocricot:block/bench_park_black" },
        "facing=north,horizontal=left": { "model": "cocricot:block/bench_park_black_left" },
        "facing=north,horizontal=middle": { "model": "cocricot:block/bench_park_black_middle" },
        "facing=north,horizontal=right": { "model": "cocricot:block/bench_park_black_right" },
        "facing=west,horizontal=single": { "model": "cocricot:block/bench_park_black", "y": 270 },
        "facing=west,horizontal=left": { "model": "cocricot:block/bench_park_black_left", "y": 270 },
        "facing=west,horizontal=middle": { "model": "cocricot:block/bench_park_black_middle", "y": 270 },
        "facing=west,horizontal=right": { "model": "cocricot:block/bench_park_black_right", "y": 270 }
    }
}
