{
    "variants": {
        "facing=south,horizontal=single": { "model": "cocricot:block/bench_garden_blue", "y": 180 },
        "facing=south,horizontal=left": { "model": "cocricot:block/bench_garden_blue_left", "y": 180 },
        "facing=south,horizontal=middle": { "model": "cocricot:block/bench_garden_blue_middle", "y": 180 },
        "facing=south,horizontal=right": { "model": "cocricot:block/bench_garden_blue_right", "y": 180 },
        "facing=east,horizontal=single": { "model": "cocricot:block/bench_garden_blue", "y": 90 },
        "facing=east,horizontal=left": { "model": "cocricot:block/bench_garden_blue_left", "y": 90 },
        "facing=east,horizontal=middle": { "model": "cocricot:block/bench_garden_blue_middle", "y": 90 },
        "facing=east,horizontal=right": { "model": "cocricot:block/bench_garden_blue_right", "y": 90 },
        "facing=north,horizontal=single": { "model": "cocricot:block/bench_garden_blue" },
        "facing=north,horizontal=left": { "model": "cocricot:block/bench_garden_blue_left" },
        "facing=north,horizontal=middle": { "model": "cocricot:block/bench_garden_blue_middle" },
        "facing=north,horizontal=right": { "model": "cocricot:block/bench_garden_blue_right" },
        "facing=west,horizontal=single": { "model": "cocricot:block/bench_garden_blue", "y": 270 },
        "facing=west,horizontal=left": { "model": "cocricot:block/bench_garden_blue_left", "y": 270 },
        "facing=west,horizontal=middle": { "model": "cocricot:block/bench_garden_blue_middle", "y": 270 },
        "facing=west,horizontal=right": { "model": "cocricot:block/bench_garden_blue_right", "y": 270 }
    }
}
