{
    "variants": {
        "facing=south,on=false": { "model": "cocricot:block/bicycle_red", "y": 180 },
        "facing=south,on=true": { "model": "cocricot:block/bicycle_red_set", "y": 180 },
        "facing=west,on=false": { "model": "cocricot:block/bicycle_red", "y": 270 },
        "facing=west,on=true": { "model": "cocricot:block/bicycle_red_set", "y": 270 },
        "facing=north,on=false": { "model": "cocricot:block/bicycle_red" },
        "facing=north,on=true": { "model": "cocricot:block/bicycle_red_set" },
        "facing=east,on=false": { "model": "cocricot:block/bicycle_red", "y": 90 },
        "facing=east,on=true": { "model": "cocricot:block/bicycle_red_set", "y": 90 }
    }
}