{
    "variants": {
        "facing=south,vertical=single,separate=false": { "model": "cocricot:block/blind_black", "y": 180 },
        "facing=west,vertical=single,separate=false": { "model": "cocricot:block/blind_black", "y": 270 },
        "facing=north,vertical=single,separate=false": { "model": "cocricot:block/blind_black" },
        "facing=east,vertical=single,separate=false": { "model": "cocricot:block/blind_black", "y": 90 },
        
        "facing=south,vertical=upper,separate=false": { "model": "cocricot:block/blind_black_u", "y": 180 },
        "facing=west,vertical=upper,separate=false": { "model": "cocricot:block/blind_black_u", "y": 270 },
        "facing=north,vertical=upper,separate=false": { "model": "cocricot:block/blind_black_u" },
        "facing=east,vertical=upper,separate=false": { "model": "cocricot:block/blind_black_u", "y": 90 },
        
        "facing=south,vertical=middle,separate=false": { "model": "cocricot:block/blind_black_m", "y": 180 },
        "facing=west,vertical=middle,separate=false": { "model": "cocricot:block/blind_black_m", "y": 270 },
        "facing=north,vertical=middle,separate=false": { "model": "cocricot:block/blind_black_m" },
        "facing=east,vertical=middle,separate=false": { "model": "cocricot:block/blind_black_m", "y": 90 },
        
        "facing=south,vertical=lower,separate=false": { "model": "cocricot:block/blind_black_l", "y": 180 },
        "facing=west,vertical=lower,separate=false": { "model": "cocricot:block/blind_black_l", "y": 270 },
        "facing=north,vertical=lower,separate=false": { "model": "cocricot:block/blind_black_l" },
        "facing=east,vertical=lower,separate=false": { "model": "cocricot:block/blind_black_l", "y": 90 },

        
        "facing=south,vertical=single,separate=true": { "model": "cocricot:block/blind_black_se", "y": 180 },
        "facing=west,vertical=single,separate=true": { "model": "cocricot:block/blind_black_se", "y": 270 },
        "facing=north,vertical=single,separate=true": { "model": "cocricot:block/blind_black_se" },
        "facing=east,vertical=single,separate=true": { "model": "cocricot:block/blind_black_se", "y": 90 },
        
        "facing=south,vertical=upper,separate=true": { "model": "cocricot:block/blind_black_u_se", "y": 180 },
        "facing=west,vertical=upper,separate=true": { "model": "cocricot:block/blind_black_u_se", "y": 270 },
        "facing=north,vertical=upper,separate=true": { "model": "cocricot:block/blind_black_u_se" },
        "facing=east,vertical=upper,separate=true": { "model": "cocricot:block/blind_black_u_se", "y": 90 },
        
        "facing=south,vertical=middle,separate=true": { "model": "cocricot:block/blind_black_m_se", "y": 180 },
        "facing=west,vertical=middle,separate=true": { "model": "cocricot:block/blind_black_m_se", "y": 270 },
        "facing=north,vertical=middle,separate=true": { "model": "cocricot:block/blind_black_m_se" },
        "facing=east,vertical=middle,separate=true": { "model": "cocricot:block/blind_black_m_se", "y": 90 },
        
        "facing=south,vertical=lower,separate=true": { "model": "cocricot:block/blind_black_l_se", "y": 180 },
        "facing=west,vertical=lower,separate=true": { "model": "cocricot:block/blind_black_l_se", "y": 270 },
        "facing=north,vertical=lower,separate=true": { "model": "cocricot:block/blind_black_l_se" },
        "facing=east,vertical=lower,separate=true": { "model": "cocricot:block/blind_black_l_se", "y": 90 }
    }
}