{
    "variants": {
        "on=false,facing=south": { "model": "cocricot:block/book_modern", "y": 180 },
        "on=false,facing=west": { "model": "cocricot:block/book_modern", "y": 270 },
        "on=false,facing=north": { "model": "cocricot:block/book_modern" },
        "on=false,facing=east": { "model": "cocricot:block/book_modern", "y": 90 },
        "on=true,facing=south": { "model": "cocricot:block/book_modern_on", "y": 180 },
        "on=true,facing=west": { "model": "cocricot:block/book_modern_on", "y": 270 },
        "on=true,facing=north": { "model": "cocricot:block/book_modern_on" },
        "on=true,facing=east": { "model": "cocricot:block/book_modern_on", "y": 90 }
    }
}