{
    "variants": {
        "double=true,facing=south": { "model": "cocricot:block/box_basket_double", "y": 180 },
        "double=true,facing=west": { "model": "cocricot:block/box_basket_double", "y": 270 },
        "double=true,facing=north": { "model": "cocricot:block/box_basket_double" },
        "double=true,facing=east": { "model": "cocricot:block/box_basket_double", "y": 90 },
        "double=false,facing=south": { "model": "cocricot:block/box_basket", "y": 180 },
        "double=false,facing=west": { "model": "cocricot:block/box_basket", "y": 270 },
        "double=false,facing=north": { "model": "cocricot:block/box_basket" },
        "double=false,facing=east": { "model": "cocricot:block/box_basket", "y": 90 }
    }
}