{
    "variants": {
        "double=true,facing=south": { "model": "cocricot:block/box_paper_natural_double", "y": 180 },
        "double=true,facing=west": { "model": "cocricot:block/box_paper_natural_double", "y": 270 },
        "double=true,facing=north": { "model": "cocricot:block/box_paper_natural_double" },
        "double=true,facing=east": { "model": "cocricot:block/box_paper_natural_double", "y": 90 },
        "double=false,facing=south": { "model": "cocricot:block/box_paper_natural", "y": 180 },
        "double=false,facing=west": { "model": "cocricot:block/box_paper_natural", "y": 270 },
        "double=false,facing=north": { "model": "cocricot:block/box_paper_natural" },
        "double=false,facing=east": { "model": "cocricot:block/box_paper_natural", "y": 90 }
    }
}
