{ 
    "variants": {
        "facing=south": { "model": "cocricot:block/box_wood_vegetable_red_side", "y": 180 }, 
        "facing=west": { "model": "cocricot:block/box_wood_vegetable_red_side", "y": 270 }, 
        "facing=north": { "model": "cocricot:block/box_wood_vegetable_red_side"}, 
        "facing=east": { "model": "cocricot:block/box_wood_vegetable_red_side", "y": 90 } ,
        "facing=up": { "model": "cocricot:block/box_wood_vegetable_red", "y": 90 } ,
        "facing=down": { "model": "cocricot:block/box_wood_vegetable_red", "y": 90 } 
    }
}