{
    "variants": {
        "double=true,facing=south": [
            { "model": "cocricot:block/box_cardboard_double", "y": 180 },
            { "model": "cocricot:block/box_cardboard_double1", "y": 180 }
        ],
        "double=true,facing=west": [
            { "model": "cocricot:block/box_cardboard_double", "y": 270 },
            { "model": "cocricot:block/box_cardboard_double1", "y": 270 }
        ],
        "double=true,facing=north": [
            { "model": "cocricot:block/box_cardboard_double" },
            { "model": "cocricot:block/box_cardboard_double1" }
        ],
        "double=true,facing=east": [
            { "model": "cocricot:block/box_cardboard_double", "y": 90 },
            { "model": "cocricot:block/box_cardboard_double1", "y": 90 }
        ],
        "double=false,facing=south": [
            { "model": "cocricot:block/box_cardboard", "y": 180 },
            { "model": "cocricot:block/box_cardboard1", "y": 180 }
        ],
        "double=false,facing=west": [
            { "model": "cocricot:block/box_cardboard", "y": 270 },
            { "model": "cocricot:block/box_cardboard1", "y": 270 }
        ],
        "double=false,facing=north": [
            { "model": "cocricot:block/box_cardboard" },
            { "model": "cocricot:block/box_cardboard1" }
        ],
        "double=false,facing=east": [
            { "model": "cocricot:block/box_cardboard", "y": 90 },
            { "model": "cocricot:block/box_cardboard1", "y": 90 }
        ]
    }
}
