{
    "variants": {
        "facing=south,horizontal=single": { "model": "cocricot:block/cabinet_stainless", "y": 180 },
        "facing=south,horizontal=left": { "model": "cocricot:block/cabinet_stainless_left", "y": 180 },
        "facing=south,horizontal=middle": { "model": "cocricot:block/cabinet_stainless_both", "y": 180 },
        "facing=south,horizontal=right": { "model": "cocricot:block/cabinet_stainless_right", "y": 180 },
        "facing=east,horizontal=single": { "model": "cocricot:block/cabinet_stainless", "y": 90 },
        "facing=east,horizontal=left": { "model": "cocricot:block/cabinet_stainless_left", "y": 90 },
        "facing=east,horizontal=middle": { "model": "cocricot:block/cabinet_stainless_both", "y": 90 },
        "facing=east,horizontal=right": { "model": "cocricot:block/cabinet_stainless_right", "y": 90 },
        "facing=north,horizontal=single": { "model": "cocricot:block/cabinet_stainless" },
        "facing=north,horizontal=left": { "model": "cocricot:block/cabinet_stainless_left" },
        "facing=north,horizontal=middle": { "model": "cocricot:block/cabinet_stainless_both" },
        "facing=north,horizontal=right": { "model": "cocricot:block/cabinet_stainless_right" },
        "facing=west,horizontal=single": { "model": "cocricot:block/cabinet_stainless", "y": 270 },
        "facing=west,horizontal=left": { "model": "cocricot:block/cabinet_stainless_left", "y": 270 },
        "facing=west,horizontal=middle": { "model": "cocricot:block/cabinet_stainless_both", "y": 270 },
        "facing=west,horizontal=right": { "model": "cocricot:block/cabinet_stainless_right", "y": 270 }
    }
}
