{
    "variants": {
        "facing=south": { "model": "cocricot:block/cap_black_wall", "y": 180 },
        "facing=west": { "model": "cocricot:block/cap_black_wall", "y": 270 },
        "facing=north": { "model": "cocricot:block/cap_black_wall" },
        "facing=east": { "model": "cocricot:block/cap_black_wall", "y": 90 },

        "facing=up_south": { "model": "cocricot:block/cap_black" },
        "facing=up_west": { "model": "cocricot:block/cap_black", "y": 90 },
        "facing=up_north": { "model": "cocricot:block/cap_black", "y": 180 },
        "facing=up_east": { "model": "cocricot:block/cap_black", "y": 270 }
    }
}
