{
    "variants": {
        "facing=south,position=bottom": { "model": "cocricot:block/captionplate_wall_wood", "y": 180 },
        "facing=west,position=bottom": { "model": "cocricot:block/captionplate_wall_wood", "y": 270 },
        "facing=north,position=bottom": { "model": "cocricot:block/captionplate_wall_wood" },
        "facing=east,position=bottom": { "model": "cocricot:block/captionplate_wall_wood", "y": 90 },
        "facing=south,position=top": { "model": "cocricot:block/captionplate_wall_wood_upper", "y": 180 },
        "facing=west,position=top": { "model": "cocricot:block/captionplate_wall_wood_upper", "y": 270 },
        "facing=north,position=top": { "model": "cocricot:block/captionplate_wall_wood_upper" },
        "facing=east,position=top": { "model": "cocricot:block/captionplate_wall_wood_upper", "y": 90 }
    }
}