{
    "variants": {
        "facing=south,position=bottom": { "model": "cocricot:block/captionplate_wall_black", "y": 180 },
        "facing=west,position=bottom": { "model": "cocricot:block/captionplate_wall_black", "y": 270 },
        "facing=north,position=bottom": { "model": "cocricot:block/captionplate_wall_black" },
        "facing=east,position=bottom": { "model": "cocricot:block/captionplate_wall_black", "y": 90 },
        "facing=south,position=top": { "model": "cocricot:block/captionplate_wall_black_upper", "y": 180 },
        "facing=west,position=top": { "model": "cocricot:block/captionplate_wall_black_upper", "y": 270 },
        "facing=north,position=top": { "model": "cocricot:block/captionplate_wall_black_upper" },
        "facing=east,position=top": { "model": "cocricot:block/captionplate_wall_black_upper", "y": 90 }
    }
}