{
    "variants": {
        "east=false,north=false,south=false,west=false": { "model": "cocricot:block/ceiling_hook_classic_gold_all" },
        "east=false,north=true,south=false,west=false": { "model": "cocricot:block/ceiling_hook_classic_gold_side", "y": 90 },
        "east=true,north=false,south=false,west=false": { "model": "cocricot:block/ceiling_hook_classic_gold_side", "y": 180 },
        "east=false,north=false,south=true,west=false": { "model": "cocricot:block/ceiling_hook_classic_gold_side", "y": 270 },
        "east=false,north=false,south=false,west=true": { "model": "cocricot:block/ceiling_hook_classic_gold_side" },
        "east=true,north=true,south=false,west=false": { "model": "cocricot:block/ceiling_hook_classic_gold_slant", "y": 180 },
        "east=true,north=false,south=true,west=false": { "model": "cocricot:block/ceiling_hook_classic_gold_slant", "y": 270 },
        "east=false,north=false,south=true,west=true": { "model": "cocricot:block/ceiling_hook_classic_gold_slant" },
        "east=false,north=true,south=false,west=true": { "model": "cocricot:block/ceiling_hook_classic_gold_slant", "y": 90 },
        "east=false,north=true,south=true,west=false": { "model": "cocricot:block/ceiling_hook_classic_gold_both", "y": 90 },
        "east=true,north=false,south=false,west=true": { "model": "cocricot:block/ceiling_hook_classic_gold_both" },
        "east=true,north=true,south=true,west=false": { "model": "cocricot:block/ceiling_hook_classic_gold_three", "y": 90 },
        "east=true,north=false,south=true,west=true": { "model": "cocricot:block/ceiling_hook_classic_gold_three", "y": 180 },
        "east=false,north=true,south=true,west=true": { "model": "cocricot:block/ceiling_hook_classic_gold_three", "y": 270 },
        "east=true,north=true,south=false,west=true": { "model": "cocricot:block/ceiling_hook_classic_gold_three" },
        "east=true,north=true,south=true,west=true": { "model": "cocricot:block/ceiling_hook_classic_gold_all" }
    }
}
