{
    "variants": {
        "down=true,facing=south,horizontal=single,up=true": { "model": "cocricot:block/chest_midcentury_ms", "y": 180 },
        "down=true,facing=south,horizontal=left,up=true": { "model": "cocricot:block/chest_midcentury_ml", "y": 180 },
        "down=true,facing=south,horizontal=middle,up=true": { "model": "cocricot:block/chest_midcentury_mm", "y": 180 },
        "down=true,facing=south,horizontal=right,up=true": { "model": "cocricot:block/chest_midcentury_mr", "y": 180 },
        "down=true,facing=east,horizontal=single,up=true": { "model": "cocricot:block/chest_midcentury_ms", "y": 90 },
        "down=true,facing=east,horizontal=left,up=true": { "model": "cocricot:block/chest_midcentury_ml", "y": 90 },
        "down=true,facing=east,horizontal=middle,up=true": { "model": "cocricot:block/chest_midcentury_mm", "y": 90 },
        "down=true,facing=east,horizontal=right,up=true": { "model": "cocricot:block/chest_midcentury_mr", "y": 90 },
        "down=true,facing=north,horizontal=single,up=true": { "model": "cocricot:block/chest_midcentury_ms" },
        "down=true,facing=north,horizontal=left,up=true": { "model": "cocricot:block/chest_midcentury_ml" },
        "down=true,facing=north,horizontal=middle,up=true": { "model": "cocricot:block/chest_midcentury_mm" },
        "down=true,facing=north,horizontal=right,up=true": { "model": "cocricot:block/chest_midcentury_mr" },
        "down=true,facing=west,horizontal=single,up=true": { "model": "cocricot:block/chest_midcentury_ms", "y": 270 },
        "down=true,facing=west,horizontal=left,up=true": { "model": "cocricot:block/chest_midcentury_ml", "y": 270 },
        "down=true,facing=west,horizontal=middle,up=true": { "model": "cocricot:block/chest_midcentury_mm", "y": 270 },
        "down=true,facing=west,horizontal=right,up=true": { "model": "cocricot:block/chest_midcentury_mr", "y": 270 },
        "down=false,facing=south,horizontal=single,up=true": { "model": "cocricot:block/chest_midcentury_bs", "y": 180 },
        "down=false,facing=south,horizontal=left,up=true": { "model": "cocricot:block/chest_midcentury_bl", "y": 180 },
        "down=false,facing=south,horizontal=middle,up=true": { "model": "cocricot:block/chest_midcentury_bm", "y": 180 },
        "down=false,facing=south,horizontal=right,up=true": { "model": "cocricot:block/chest_midcentury_br", "y": 180 },
        "down=false,facing=east,horizontal=single,up=true": { "model": "cocricot:block/chest_midcentury_bs", "y": 90 },
        "down=false,facing=east,horizontal=left,up=true": { "model": "cocricot:block/chest_midcentury_bl", "y": 90 },
        "down=false,facing=east,horizontal=middle,up=true": { "model": "cocricot:block/chest_midcentury_bm", "y": 90 },
        "down=false,facing=east,horizontal=right,up=true": { "model": "cocricot:block/chest_midcentury_br", "y": 90 },
        "down=false,facing=north,horizontal=single,up=true": { "model": "cocricot:block/chest_midcentury_bs" },
        "down=false,facing=north,horizontal=left,up=true": { "model": "cocricot:block/chest_midcentury_bl" },
        "down=false,facing=north,horizontal=middle,up=true": { "model": "cocricot:block/chest_midcentury_bm" },
        "down=false,facing=north,horizontal=right,up=true": { "model": "cocricot:block/chest_midcentury_br" },
        "down=false,facing=west,horizontal=single,up=true": { "model": "cocricot:block/chest_midcentury_bs", "y": 270 },
        "down=false,facing=west,horizontal=left,up=true": { "model": "cocricot:block/chest_midcentury_bl", "y": 270 },
        "down=false,facing=west,horizontal=middle,up=true": { "model": "cocricot:block/chest_midcentury_bm", "y": 270 },
        "down=false,facing=west,horizontal=right,up=true": { "model": "cocricot:block/chest_midcentury_br", "y": 270 },
        "down=true,facing=south,horizontal=single,up=false": { "model": "cocricot:block/chest_midcentury_us", "y": 180 },
        "down=true,facing=south,horizontal=left,up=false": { "model": "cocricot:block/chest_midcentury_ul", "y": 180 },
        "down=true,facing=south,horizontal=middle,up=false": { "model": "cocricot:block/chest_midcentury_um", "y": 180 },
        "down=true,facing=south,horizontal=right,up=false": { "model": "cocricot:block/chest_midcentury_ur", "y": 180 },
        "down=true,facing=east,horizontal=single,up=false": { "model": "cocricot:block/chest_midcentury_us", "y": 90 },
        "down=true,facing=east,horizontal=left,up=false": { "model": "cocricot:block/chest_midcentury_ul", "y": 90 },
        "down=true,facing=east,horizontal=middle,up=false": { "model": "cocricot:block/chest_midcentury_um", "y": 90 },
        "down=true,facing=east,horizontal=right,up=false": { "model": "cocricot:block/chest_midcentury_ur", "y": 90 },
        "down=true,facing=north,horizontal=single,up=false": { "model": "cocricot:block/chest_midcentury_us" },
        "down=true,facing=north,horizontal=left,up=false": { "model": "cocricot:block/chest_midcentury_ul" },
        "down=true,facing=north,horizontal=middle,up=false": { "model": "cocricot:block/chest_midcentury_um" },
        "down=true,facing=north,horizontal=right,up=false": { "model": "cocricot:block/chest_midcentury_ur" },
        "down=true,facing=west,horizontal=single,up=false": { "model": "cocricot:block/chest_midcentury_us", "y": 270 },
        "down=true,facing=west,horizontal=left,up=false": { "model": "cocricot:block/chest_midcentury_ul", "y": 270 },
        "down=true,facing=west,horizontal=middle,up=false": { "model": "cocricot:block/chest_midcentury_um", "y": 270 },
        "down=true,facing=west,horizontal=right,up=false": { "model": "cocricot:block/chest_midcentury_ur", "y": 270 },
        "down=false,facing=south,horizontal=single,up=false": { "model": "cocricot:block/chest_midcentury", "y": 180 },
        "down=false,facing=south,horizontal=left,up=false": { "model": "cocricot:block/chest_midcentury_l", "y": 180 },
        "down=false,facing=south,horizontal=middle,up=false": { "model": "cocricot:block/chest_midcentury_m", "y": 180 },
        "down=false,facing=south,horizontal=right,up=false": { "model": "cocricot:block/chest_midcentury_r", "y": 180 },
        "down=false,facing=east,horizontal=single,up=false": { "model": "cocricot:block/chest_midcentury", "y": 90 },
        "down=false,facing=east,horizontal=left,up=false": { "model": "cocricot:block/chest_midcentury_l", "y": 90 },
        "down=false,facing=east,horizontal=middle,up=false": { "model": "cocricot:block/chest_midcentury_m", "y": 90 },
        "down=false,facing=east,horizontal=right,up=false": { "model": "cocricot:block/chest_midcentury_r", "y": 90 },
        "down=false,facing=north,horizontal=single,up=false": { "model": "cocricot:block/chest_midcentury" },
        "down=false,facing=north,horizontal=left,up=false": { "model": "cocricot:block/chest_midcentury_l" },
        "down=false,facing=north,horizontal=middle,up=false": { "model": "cocricot:block/chest_midcentury_m" },
        "down=false,facing=north,horizontal=right,up=false": { "model": "cocricot:block/chest_midcentury_r" },
        "down=false,facing=west,horizontal=single,up=false": { "model": "cocricot:block/chest_midcentury", "y": 270 },
        "down=false,facing=west,horizontal=left,up=false": { "model": "cocricot:block/chest_midcentury_l", "y": 270 },
        "down=false,facing=west,horizontal=middle,up=false": { "model": "cocricot:block/chest_midcentury_m", "y": 270 },
        "down=false,facing=west,horizontal=right,up=false": { "model": "cocricot:block/chest_midcentury_r", "y": 270 }
    }
}
