{
    "variants": {
        "down=true,facing=south,horizontal=single,up=true": { "model": "cocricot:block/chest_classic_black_single_middle", "y": 180 },
        "down=true,facing=south,horizontal=left,up=true": { "model": "cocricot:block/chest_classic_black_left_middle", "y": 180 },
        "down=true,facing=south,horizontal=middle,up=true": { "model": "cocricot:block/chest_classic_black_middle_middle", "y": 180 },
        "down=true,facing=south,horizontal=right,up=true": { "model": "cocricot:block/chest_classic_black_right_middle", "y": 180 },
        "down=true,facing=east,horizontal=single,up=true": { "model": "cocricot:block/chest_classic_black_single_middle", "y": 90 },
        "down=true,facing=east,horizontal=left,up=true": { "model": "cocricot:block/chest_classic_black_left_middle", "y": 90 },
        "down=true,facing=east,horizontal=middle,up=true": { "model": "cocricot:block/chest_classic_black_middle_middle", "y": 90 },
        "down=true,facing=east,horizontal=right,up=true": { "model": "cocricot:block/chest_classic_black_right_middle", "y": 90 },
        "down=true,facing=north,horizontal=single,up=true": { "model": "cocricot:block/chest_classic_black_single_middle" },
        "down=true,facing=north,horizontal=left,up=true": { "model": "cocricot:block/chest_classic_black_left_middle" },
        "down=true,facing=north,horizontal=middle,up=true": { "model": "cocricot:block/chest_classic_black_middle_middle" },
        "down=true,facing=north,horizontal=right,up=true": { "model": "cocricot:block/chest_classic_black_right_middle" },
        "down=true,facing=west,horizontal=single,up=true": { "model": "cocricot:block/chest_classic_black_single_middle", "y": 270 },
        "down=true,facing=west,horizontal=left,up=true": { "model": "cocricot:block/chest_classic_black_left_middle", "y": 270 },
        "down=true,facing=west,horizontal=middle,up=true": { "model": "cocricot:block/chest_classic_black_middle_middle", "y": 270 },
        "down=true,facing=west,horizontal=right,up=true": { "model": "cocricot:block/chest_classic_black_right_middle", "y": 270 },
        "down=false,facing=south,horizontal=single,up=true": { "model": "cocricot:block/chest_classic_black_single_down", "y": 180 },
        "down=false,facing=south,horizontal=left,up=true": { "model": "cocricot:block/chest_classic_black_left_down", "y": 180 },
        "down=false,facing=south,horizontal=middle,up=true": { "model": "cocricot:block/chest_classic_black_middle_down", "y": 180 },
        "down=false,facing=south,horizontal=right,up=true": { "model": "cocricot:block/chest_classic_black_right_down", "y": 180 },
        "down=false,facing=east,horizontal=single,up=true": { "model": "cocricot:block/chest_classic_black_single_down", "y": 90 },
        "down=false,facing=east,horizontal=left,up=true": { "model": "cocricot:block/chest_classic_black_left_down", "y": 90 },
        "down=false,facing=east,horizontal=middle,up=true": { "model": "cocricot:block/chest_classic_black_middle_down", "y": 90 },
        "down=false,facing=east,horizontal=right,up=true": { "model": "cocricot:block/chest_classic_black_right_down", "y": 90 },
        "down=false,facing=north,horizontal=single,up=true": { "model": "cocricot:block/chest_classic_black_single_down" },
        "down=false,facing=north,horizontal=left,up=true": { "model": "cocricot:block/chest_classic_black_left_down" },
        "down=false,facing=north,horizontal=middle,up=true": { "model": "cocricot:block/chest_classic_black_middle_down" },
        "down=false,facing=north,horizontal=right,up=true": { "model": "cocricot:block/chest_classic_black_right_down" },
        "down=false,facing=west,horizontal=single,up=true": { "model": "cocricot:block/chest_classic_black_single_down", "y": 270 },
        "down=false,facing=west,horizontal=left,up=true": { "model": "cocricot:block/chest_classic_black_left_down", "y": 270 },
        "down=false,facing=west,horizontal=middle,up=true": { "model": "cocricot:block/chest_classic_black_middle_down", "y": 270 },
        "down=false,facing=west,horizontal=right,up=true": { "model": "cocricot:block/chest_classic_black_right_down", "y": 270 },
        "down=true,facing=south,horizontal=single,up=false": { "model": "cocricot:block/chest_classic_black_single_up", "y": 180 },
        "down=true,facing=south,horizontal=left,up=false": { "model": "cocricot:block/chest_classic_black_left_up", "y": 180 },
        "down=true,facing=south,horizontal=middle,up=false": { "model": "cocricot:block/chest_classic_black_middle_up", "y": 180 },
        "down=true,facing=south,horizontal=right,up=false": { "model": "cocricot:block/chest_classic_black_right_up", "y": 180 },
        "down=true,facing=east,horizontal=single,up=false": { "model": "cocricot:block/chest_classic_black_single_up", "y": 90 },
        "down=true,facing=east,horizontal=left,up=false": { "model": "cocricot:block/chest_classic_black_left_up", "y": 90 },
        "down=true,facing=east,horizontal=middle,up=false": { "model": "cocricot:block/chest_classic_black_middle_up", "y": 90 },
        "down=true,facing=east,horizontal=right,up=false": { "model": "cocricot:block/chest_classic_black_right_up", "y": 90 },
        "down=true,facing=north,horizontal=single,up=false": { "model": "cocricot:block/chest_classic_black_single_up" },
        "down=true,facing=north,horizontal=left,up=false": { "model": "cocricot:block/chest_classic_black_left_up" },
        "down=true,facing=north,horizontal=middle,up=false": { "model": "cocricot:block/chest_classic_black_middle_up" },
        "down=true,facing=north,horizontal=right,up=false": { "model": "cocricot:block/chest_classic_black_right_up" },
        "down=true,facing=west,horizontal=single,up=false": { "model": "cocricot:block/chest_classic_black_single_up", "y": 270 },
        "down=true,facing=west,horizontal=left,up=false": { "model": "cocricot:block/chest_classic_black_left_up", "y": 270 },
        "down=true,facing=west,horizontal=middle,up=false": { "model": "cocricot:block/chest_classic_black_middle_up", "y": 270 },
        "down=true,facing=west,horizontal=right,up=false": { "model": "cocricot:block/chest_classic_black_right_up", "y": 270 },
        "down=false,facing=south,horizontal=single,up=false": { "model": "cocricot:block/chest_classic_black", "y": 180 },
        "down=false,facing=south,horizontal=left,up=false": { "model": "cocricot:block/chest_classic_black_left", "y": 180 },
        "down=false,facing=south,horizontal=middle,up=false": { "model": "cocricot:block/chest_classic_black_middle", "y": 180 },
        "down=false,facing=south,horizontal=right,up=false": { "model": "cocricot:block/chest_classic_black_right", "y": 180 },
        "down=false,facing=east,horizontal=single,up=false": { "model": "cocricot:block/chest_classic_black", "y": 90 },
        "down=false,facing=east,horizontal=left,up=false": { "model": "cocricot:block/chest_classic_black_left", "y": 90 },
        "down=false,facing=east,horizontal=middle,up=false": { "model": "cocricot:block/chest_classic_black_middle", "y": 90 },
        "down=false,facing=east,horizontal=right,up=false": { "model": "cocricot:block/chest_classic_black_right", "y": 90 },
        "down=false,facing=north,horizontal=single,up=false": { "model": "cocricot:block/chest_classic_black" },
        "down=false,facing=north,horizontal=left,up=false": { "model": "cocricot:block/chest_classic_black_left" },
        "down=false,facing=north,horizontal=middle,up=false": { "model": "cocricot:block/chest_classic_black_middle" },
        "down=false,facing=north,horizontal=right,up=false": { "model": "cocricot:block/chest_classic_black_right" },
        "down=false,facing=west,horizontal=single,up=false": { "model": "cocricot:block/chest_classic_black", "y": 270 },
        "down=false,facing=west,horizontal=left,up=false": { "model": "cocricot:block/chest_classic_black_left", "y": 270 },
        "down=false,facing=west,horizontal=middle,up=false": { "model": "cocricot:block/chest_classic_black_middle", "y": 270 },
        "down=false,facing=west,horizontal=right,up=false": { "model": "cocricot:block/chest_classic_black_right", "y": 270 }
    }
}
