{
    "variants": {
        "facing=south,on=true": { "model": "cocricot:block/computer_laptop1", "y": 180 },
        "facing=west,on=true": { "model": "cocricot:block/computer_laptop1", "y": 270 },
        "facing=north,on=true": { "model": "cocricot:block/computer_laptop1" },
        "facing=east,on=true": { "model": "cocricot:block/computer_laptop1", "y": 90 },
        "facing=south,on=false": { "model": "cocricot:block/computer_laptop", "y": 180 },
        "facing=west,on=false": { "model": "cocricot:block/computer_laptop", "y": 270 },
        "facing=north,on=false": { "model": "cocricot:block/computer_laptop" },
        "facing=east,on=false": { "model": "cocricot:block/computer_laptop", "y": 90 }
    }
}
