{
    "variants": {
        "facing=south,vertical=single,position=single": { "model": "cocricot:block/curtain_brown", "y": 180 },
        "facing=west,vertical=single,position=single": { "model": "cocricot:block/curtain_brown", "y": 270 },
        "facing=north,vertical=single,position=single": { "model": "cocricot:block/curtain_brown" },
        "facing=east,vertical=single,position=single": { "model": "cocricot:block/curtain_brown", "y": 90 },
        
        "facing=south,vertical=upper,position=single": { "model": "cocricot:block/curtain_brown_u", "y": 180 },
        "facing=west,vertical=upper,position=single": { "model": "cocricot:block/curtain_brown_u", "y": 270 },
        "facing=north,vertical=upper,position=single": { "model": "cocricot:block/curtain_brown_u" },
        "facing=east,vertical=upper,position=single": { "model": "cocricot:block/curtain_brown_u", "y": 90 },
        
        "facing=south,vertical=middle,position=single": { "model": "cocricot:block/curtain_brown_m", "y": 180 },
        "facing=west,vertical=middle,position=single": { "model": "cocricot:block/curtain_brown_m", "y": 270 },
        "facing=north,vertical=middle,position=single": { "model": "cocricot:block/curtain_brown_m" },
        "facing=east,vertical=middle,position=single": { "model": "cocricot:block/curtain_brown_m", "y": 90 },
        
        "facing=south,vertical=lower,position=single": { "model": "cocricot:block/curtain_brown_lo", "y": 180 },
        "facing=west,vertical=lower,position=single": { "model": "cocricot:block/curtain_brown_lo", "y": 270 },
        "facing=north,vertical=lower,position=single": { "model": "cocricot:block/curtain_brown_lo" },
        "facing=east,vertical=lower,position=single": { "model": "cocricot:block/curtain_brown_lo", "y": 90 },

        
        "facing=south,vertical=single,position=left": { "model": "cocricot:block/curtain_brown_l", "y": 180 },
        "facing=west,vertical=single,position=left": { "model": "cocricot:block/curtain_brown_l", "y": 270 },
        "facing=north,vertical=single,position=left": { "model": "cocricot:block/curtain_brown_l" },
        "facing=east,vertical=single,position=left": { "model": "cocricot:block/curtain_brown_l", "y": 90 },
        
        "facing=south,vertical=upper,position=left": { "model": "cocricot:block/curtain_brown_lu", "y": 180 },
        "facing=west,vertical=upper,position=left": { "model": "cocricot:block/curtain_brown_lu", "y": 270 },
        "facing=north,vertical=upper,position=left": { "model": "cocricot:block/curtain_brown_lu" },
        "facing=east,vertical=upper,position=left": { "model": "cocricot:block/curtain_brown_lu", "y": 90 },
        
        "facing=south,vertical=middle,position=left": { "model": "cocricot:block/curtain_brown_lm", "y": 180 },
        "facing=west,vertical=middle,position=left": { "model": "cocricot:block/curtain_brown_lm", "y": 270 },
        "facing=north,vertical=middle,position=left": { "model": "cocricot:block/curtain_brown_lm" },
        "facing=east,vertical=middle,position=left": { "model": "cocricot:block/curtain_brown_lm", "y": 90 },
        
        "facing=south,vertical=lower,position=left": { "model": "cocricot:block/curtain_brown_ll", "y": 180 },
        "facing=west,vertical=lower,position=left": { "model": "cocricot:block/curtain_brown_ll", "y": 270 },
        "facing=north,vertical=lower,position=left": { "model": "cocricot:block/curtain_brown_ll" },
        "facing=east,vertical=lower,position=left": { "model": "cocricot:block/curtain_brown_ll", "y": 90 },

        
        "facing=south,vertical=single,position=right": { "model": "cocricot:block/curtain_brown_r", "y": 180 },
        "facing=west,vertical=single,position=right": { "model": "cocricot:block/curtain_brown_r", "y": 270 },
        "facing=north,vertical=single,position=right": { "model": "cocricot:block/curtain_brown_r" },
        "facing=east,vertical=single,position=right": { "model": "cocricot:block/curtain_brown_r", "y": 90 },
        
        "facing=south,vertical=upper,position=right": { "model": "cocricot:block/curtain_brown_ru", "y": 180 },
        "facing=west,vertical=upper,position=right": { "model": "cocricot:block/curtain_brown_ru", "y": 270 },
        "facing=north,vertical=upper,position=right": { "model": "cocricot:block/curtain_brown_ru" },
        "facing=east,vertical=upper,position=right": { "model": "cocricot:block/curtain_brown_ru", "y": 90 },
        
        "facing=south,vertical=middle,position=right": { "model": "cocricot:block/curtain_brown_rm", "y": 180 },
        "facing=west,vertical=middle,position=right": { "model": "cocricot:block/curtain_brown_rm", "y": 270 },
        "facing=north,vertical=middle,position=right": { "model": "cocricot:block/curtain_brown_rm" },
        "facing=east,vertical=middle,position=right": { "model": "cocricot:block/curtain_brown_rm", "y": 90 },
        
        "facing=south,vertical=lower,position=right": { "model": "cocricot:block/curtain_brown_rl", "y": 180 },
        "facing=west,vertical=lower,position=right": { "model": "cocricot:block/curtain_brown_rl", "y": 270 },
        "facing=north,vertical=lower,position=right": { "model": "cocricot:block/curtain_brown_rl" },
        "facing=east,vertical=lower,position=right": { "model": "cocricot:block/curtain_brown_rl", "y": 90 }
    }
}