{
    "variants": {
        "facing=south,vertical=single": { "model": "cocricot:block/curtain_fringe_blue", "y": 180 },
        "facing=west,vertical=single": { "model": "cocricot:block/curtain_fringe_blue", "y": 270 },
        "facing=north,vertical=single": { "model": "cocricot:block/curtain_fringe_blue" },
        "facing=east,vertical=single": { "model": "cocricot:block/curtain_fringe_blue", "y": 90 },
        
        "facing=south,vertical=upper": { "model": "cocricot:block/curtain_fringe_blue_u", "y": 180 },
        "facing=west,vertical=upper": { "model": "cocricot:block/curtain_fringe_blue_u", "y": 270 },
        "facing=north,vertical=upper": { "model": "cocricot:block/curtain_fringe_blue_u" },
        "facing=east,vertical=upper": { "model": "cocricot:block/curtain_fringe_blue_u", "y": 90 },
        
        "facing=south,vertical=middle": { "model": "cocricot:block/curtain_fringe_blue_u", "y": 180 },
        "facing=west,vertical=middle": { "model": "cocricot:block/curtain_fringe_blue_u", "y": 270 },
        "facing=north,vertical=middle": { "model": "cocricot:block/curtain_fringe_blue_u" },
        "facing=east,vertical=middle": { "model": "cocricot:block/curtain_fringe_blue_u", "y": 90 },
        
        "facing=south,vertical=lower": { "model": "cocricot:block/curtain_fringe_blue", "y": 180 },
        "facing=west,vertical=lower": { "model": "cocricot:block/curtain_fringe_blue", "y": 270 },
        "facing=north,vertical=lower": { "model": "cocricot:block/curtain_fringe_blue" },
        "facing=east,vertical=lower": { "model": "cocricot:block/curtain_fringe_blue", "y": 90 }
    }
}