{
    "variants": {
        "facing=south,vertical=single": { "model": "cocricot:block/curtain_noren_green", "y": 180 },
        "facing=west,vertical=single": { "model": "cocricot:block/curtain_noren_green", "y": 270 },
        "facing=north,vertical=single": { "model": "cocricot:block/curtain_noren_green"},
        "facing=east,vertical=single": { "model": "cocricot:block/curtain_noren_green", "y": 90 },
        "facing=south,vertical=upper": { "model": "cocricot:block/curtain_noren_green_u", "y": 180 },
        "facing=west,vertical=upper": { "model": "cocricot:block/curtain_noren_green_u", "y": 270 },
        "facing=north,vertical=upper": { "model": "cocricot:block/curtain_noren_green_u"},
        "facing=east,vertical=upper": { "model": "cocricot:block/curtain_noren_green_u", "y": 90 },
        "facing=south,vertical=middle": { "model": "cocricot:block/curtain_noren_green_m", "y": 180 },
        "facing=west,vertical=middle": { "model": "cocricot:block/curtain_noren_green_m", "y": 270 },
        "facing=north,vertical=middle": { "model": "cocricot:block/curtain_noren_green_m"},
        "facing=east,vertical=middle": { "model": "cocricot:block/curtain_noren_green_m", "y": 90 },
        "facing=south,vertical=lower": { "model": "cocricot:block/curtain_noren_green_l", "y": 180 },
        "facing=west,vertical=lower": { "model": "cocricot:block/curtain_noren_green_l", "y": 270 },
        "facing=north,vertical=lower": { "model": "cocricot:block/curtain_noren_green_l"},
        "facing=east,vertical=lower": { "model": "cocricot:block/curtain_noren_green_l", "y": 90 }
    }
}
