{
    "variants": {
        "facing=south,vertical=single,position=single": { "model": "cocricot:block/curtain_green", "y": 180 },
        "facing=west,vertical=single,position=single": { "model": "cocricot:block/curtain_green", "y": 270 },
        "facing=north,vertical=single,position=single": { "model": "cocricot:block/curtain_green" },
        "facing=east,vertical=single,position=single": { "model": "cocricot:block/curtain_green", "y": 90 },
        
        "facing=south,vertical=upper,position=single": { "model": "cocricot:block/curtain_green_u", "y": 180 },
        "facing=west,vertical=upper,position=single": { "model": "cocricot:block/curtain_green_u", "y": 270 },
        "facing=north,vertical=upper,position=single": { "model": "cocricot:block/curtain_green_u" },
        "facing=east,vertical=upper,position=single": { "model": "cocricot:block/curtain_green_u", "y": 90 },
        
        "facing=south,vertical=middle,position=single": { "model": "cocricot:block/curtain_green_m", "y": 180 },
        "facing=west,vertical=middle,position=single": { "model": "cocricot:block/curtain_green_m", "y": 270 },
        "facing=north,vertical=middle,position=single": { "model": "cocricot:block/curtain_green_m" },
        "facing=east,vertical=middle,position=single": { "model": "cocricot:block/curtain_green_m", "y": 90 },
        
        "facing=south,vertical=lower,position=single": { "model": "cocricot:block/curtain_green_lo", "y": 180 },
        "facing=west,vertical=lower,position=single": { "model": "cocricot:block/curtain_green_lo", "y": 270 },
        "facing=north,vertical=lower,position=single": { "model": "cocricot:block/curtain_green_lo" },
        "facing=east,vertical=lower,position=single": { "model": "cocricot:block/curtain_green_lo", "y": 90 },

        
        "facing=south,vertical=single,position=left": { "model": "cocricot:block/curtain_green_l", "y": 180 },
        "facing=west,vertical=single,position=left": { "model": "cocricot:block/curtain_green_l", "y": 270 },
        "facing=north,vertical=single,position=left": { "model": "cocricot:block/curtain_green_l" },
        "facing=east,vertical=single,position=left": { "model": "cocricot:block/curtain_green_l", "y": 90 },
        
        "facing=south,vertical=upper,position=left": { "model": "cocricot:block/curtain_green_lu", "y": 180 },
        "facing=west,vertical=upper,position=left": { "model": "cocricot:block/curtain_green_lu", "y": 270 },
        "facing=north,vertical=upper,position=left": { "model": "cocricot:block/curtain_green_lu" },
        "facing=east,vertical=upper,position=left": { "model": "cocricot:block/curtain_green_lu", "y": 90 },
        
        "facing=south,vertical=middle,position=left": { "model": "cocricot:block/curtain_green_lm", "y": 180 },
        "facing=west,vertical=middle,position=left": { "model": "cocricot:block/curtain_green_lm", "y": 270 },
        "facing=north,vertical=middle,position=left": { "model": "cocricot:block/curtain_green_lm" },
        "facing=east,vertical=middle,position=left": { "model": "cocricot:block/curtain_green_lm", "y": 90 },
        
        "facing=south,vertical=lower,position=left": { "model": "cocricot:block/curtain_green_ll", "y": 180 },
        "facing=west,vertical=lower,position=left": { "model": "cocricot:block/curtain_green_ll", "y": 270 },
        "facing=north,vertical=lower,position=left": { "model": "cocricot:block/curtain_green_ll" },
        "facing=east,vertical=lower,position=left": { "model": "cocricot:block/curtain_green_ll", "y": 90 },

        
        "facing=south,vertical=single,position=right": { "model": "cocricot:block/curtain_green_r", "y": 180 },
        "facing=west,vertical=single,position=right": { "model": "cocricot:block/curtain_green_r", "y": 270 },
        "facing=north,vertical=single,position=right": { "model": "cocricot:block/curtain_green_r" },
        "facing=east,vertical=single,position=right": { "model": "cocricot:block/curtain_green_r", "y": 90 },
        
        "facing=south,vertical=upper,position=right": { "model": "cocricot:block/curtain_green_ru", "y": 180 },
        "facing=west,vertical=upper,position=right": { "model": "cocricot:block/curtain_green_ru", "y": 270 },
        "facing=north,vertical=upper,position=right": { "model": "cocricot:block/curtain_green_ru" },
        "facing=east,vertical=upper,position=right": { "model": "cocricot:block/curtain_green_ru", "y": 90 },
        
        "facing=south,vertical=middle,position=right": { "model": "cocricot:block/curtain_green_rm", "y": 180 },
        "facing=west,vertical=middle,position=right": { "model": "cocricot:block/curtain_green_rm", "y": 270 },
        "facing=north,vertical=middle,position=right": { "model": "cocricot:block/curtain_green_rm" },
        "facing=east,vertical=middle,position=right": { "model": "cocricot:block/curtain_green_rm", "y": 90 },
        
        "facing=south,vertical=lower,position=right": { "model": "cocricot:block/curtain_green_rl", "y": 180 },
        "facing=west,vertical=lower,position=right": { "model": "cocricot:block/curtain_green_rl", "y": 270 },
        "facing=north,vertical=lower,position=right": { "model": "cocricot:block/curtain_green_rl" },
        "facing=east,vertical=lower,position=right": { "model": "cocricot:block/curtain_green_rl", "y": 90 }
    }
}