{
    "variants": {
        "facing=south,sofa=none": { "model": "cocricot:block/cushion_reindeer" },
        "facing=west,sofa=none": { "model": "cocricot:block/cushion_reindeer", "y": 90 },
        "facing=north,sofa=none": { "model": "cocricot:block/cushion_reindeer", "y": 180 },
        "facing=east,sofa=none": { "model": "cocricot:block/cushion_reindeer", "y": 270 },
        "facing=south,sofa=slipper": { "model": "cocricot:block/cushion_reindeer_slipper" },
        "facing=west,sofa=slipper": { "model": "cocricot:block/cushion_reindeer_slipper", "y": 90 },
        "facing=north,sofa=slipper": { "model": "cocricot:block/cushion_reindeer_slipper", "y": 180 },
        "facing=east,sofa=slipper": { "model": "cocricot:block/cushion_reindeer_slipper", "y": 270 },
        "facing=south,sofa=single_a": { "model": "cocricot:block/cushion_reindeer_single_a" },
        "facing=west,sofa=single_a": { "model": "cocricot:block/cushion_reindeer_single_a", "y": 90 },
        "facing=north,sofa=single_a": { "model": "cocricot:block/cushion_reindeer_single_a", "y": 180 },
        "facing=east,sofa=single_a": { "model": "cocricot:block/cushion_reindeer_single_a", "y": 270 },
        "facing=south,sofa=right_a": { "model": "cocricot:block/cushion_reindeer_right_a" },
        "facing=west,sofa=right_a": { "model": "cocricot:block/cushion_reindeer_right_a", "y": 90 },
        "facing=north,sofa=right_a": { "model": "cocricot:block/cushion_reindeer_right_a", "y": 180 },
        "facing=east,sofa=right_a": { "model": "cocricot:block/cushion_reindeer_right_a", "y": 270 },
        "facing=south,sofa=both_a": { "model": "cocricot:block/cushion_reindeer_single_a" },
        "facing=west,sofa=both_a": { "model": "cocricot:block/cushion_reindeer_single_a", "y": 90 },
        "facing=north,sofa=both_a": { "model": "cocricot:block/cushion_reindeer_single_a", "y": 180 },
        "facing=east,sofa=both_a": { "model": "cocricot:block/cushion_reindeer_single_a", "y": 270 },
        "facing=south,sofa=left_a": { "model": "cocricot:block/cushion_reindeer_left_a" },
        "facing=west,sofa=left_a": { "model": "cocricot:block/cushion_reindeer_left_a", "y": 90 },
        "facing=north,sofa=left_a": { "model": "cocricot:block/cushion_reindeer_left_a", "y": 180 },
        "facing=east,sofa=left_a": { "model": "cocricot:block/cushion_reindeer_left_a", "y": 270 },
        "facing=south,sofa=single_b": { "model": "cocricot:block/cushion_reindeer_single_b" },
        "facing=west,sofa=single_b": { "model": "cocricot:block/cushion_reindeer_single_b", "y": 90 },
        "facing=north,sofa=single_b": { "model": "cocricot:block/cushion_reindeer_single_b", "y": 180 },
        "facing=east,sofa=single_b": { "model": "cocricot:block/cushion_reindeer_single_b", "y": 270 },
        "facing=south,sofa=right_b": { "model": "cocricot:block/cushion_reindeer_right_b" },
        "facing=west,sofa=right_b": { "model": "cocricot:block/cushion_reindeer_right_b", "y": 90 },
        "facing=north,sofa=right_b": { "model": "cocricot:block/cushion_reindeer_right_b", "y": 180 },
        "facing=east,sofa=right_b": { "model": "cocricot:block/cushion_reindeer_right_b", "y": 270 },
        "facing=south,sofa=both_b": { "model": "cocricot:block/cushion_reindeer_both_b" },
        "facing=west,sofa=both_b": { "model": "cocricot:block/cushion_reindeer_both_b", "y": 90 },
        "facing=north,sofa=both_b": { "model": "cocricot:block/cushion_reindeer_both_b", "y": 180 },
        "facing=east,sofa=both_b": { "model": "cocricot:block/cushion_reindeer_both_b", "y": 270 },
        "facing=south,sofa=left_b": { "model": "cocricot:block/cushion_reindeer_left_b" },
        "facing=west,sofa=left_b": { "model": "cocricot:block/cushion_reindeer_left_b", "y": 90 },
        "facing=north,sofa=left_b": { "model": "cocricot:block/cushion_reindeer_left_b", "y": 180 },
        "facing=east,sofa=left_b": { "model": "cocricot:block/cushion_reindeer_left_b", "y": 270 }
    }
}
