{
    "variants": {
        "facing=south,horizontal=single": { "model": "cocricot:block/desk_simple_white", "y": 180 },
        "facing=south,horizontal=left": { "model": "cocricot:block/desk_simple_white_left", "y": 180 },
        "facing=south,horizontal=middle": { "model": "cocricot:block/desk_simple_white_both", "y": 180 },
        "facing=south,horizontal=right": { "model": "cocricot:block/desk_simple_white_right", "y": 180 },
        "facing=east,horizontal=single": { "model": "cocricot:block/desk_simple_white", "y": 90 },
        "facing=east,horizontal=left": { "model": "cocricot:block/desk_simple_white_left", "y": 90 },
        "facing=east,horizontal=middle": { "model": "cocricot:block/desk_simple_white_both", "y": 90 },
        "facing=east,horizontal=right": { "model": "cocricot:block/desk_simple_white_right", "y": 90 },
        "facing=north,horizontal=single": { "model": "cocricot:block/desk_simple_white" },
        "facing=north,horizontal=left": { "model": "cocricot:block/desk_simple_white_left" },
        "facing=north,horizontal=middle": { "model": "cocricot:block/desk_simple_white_both" },
        "facing=north,horizontal=right": { "model": "cocricot:block/desk_simple_white_right" },
        "facing=west,horizontal=single": { "model": "cocricot:block/desk_simple_white", "y": 270 },
        "facing=west,horizontal=left": { "model": "cocricot:block/desk_simple_white_left", "y": 270 },
        "facing=west,horizontal=middle": { "model": "cocricot:block/desk_simple_white_both", "y": 270 },
        "facing=west,horizontal=right": { "model": "cocricot:block/desk_simple_white_right", "y": 270 }
    }
}
