{
    "variants": {
        "facing=south,horizontal=single": { "model": "cocricot:block/desk_simple_brown", "y": 180 },
        "facing=south,horizontal=left": { "model": "cocricot:block/desk_simple_brown_left", "y": 180 },
        "facing=south,horizontal=middle": { "model": "cocricot:block/desk_simple_brown_both", "y": 180 },
        "facing=south,horizontal=right": { "model": "cocricot:block/desk_simple_brown_right", "y": 180 },
        "facing=east,horizontal=single": { "model": "cocricot:block/desk_simple_brown", "y": 90 },
        "facing=east,horizontal=left": { "model": "cocricot:block/desk_simple_brown_left", "y": 90 },
        "facing=east,horizontal=middle": { "model": "cocricot:block/desk_simple_brown_both", "y": 90 },
        "facing=east,horizontal=right": { "model": "cocricot:block/desk_simple_brown_right", "y": 90 },
        "facing=north,horizontal=single": { "model": "cocricot:block/desk_simple_brown" },
        "facing=north,horizontal=left": { "model": "cocricot:block/desk_simple_brown_left" },
        "facing=north,horizontal=middle": { "model": "cocricot:block/desk_simple_brown_both" },
        "facing=north,horizontal=right": { "model": "cocricot:block/desk_simple_brown_right" },
        "facing=west,horizontal=single": { "model": "cocricot:block/desk_simple_brown", "y": 270 },
        "facing=west,horizontal=left": { "model": "cocricot:block/desk_simple_brown_left", "y": 270 },
        "facing=west,horizontal=middle": { "model": "cocricot:block/desk_simple_brown_both", "y": 270 },
        "facing=west,horizontal=right": { "model": "cocricot:block/desk_simple_brown_right", "y": 270 }
    }
}
