{
    "variants": { 
        "facing=east,half=lower,hinge=left,open=false": { "model": "cocricot:block/door_fusuma_tall" },
        "facing=east,half=lower,hinge=left,open=true": { "model": "cocricot:block/door_fusuma_tall_bottom_o", "y": 90 },
        "facing=east,half=lower,hinge=right,open=false": { "model": "cocricot:block/door_fusuma_tall_bottom_rh" },
        "facing=east,half=lower,hinge=right,open=true": { "model": "cocricot:block/door_fusuma_tall_bottom_rh_o", "y": 270 },
        "facing=east,half=upper,hinge=left,open=false": { "model": "cocricot:block/door_fusuma_tall_top" },
        "facing=east,half=upper,hinge=left,open=true": { "model": "cocricot:block/door_fusuma_tall_top_o", "y": 90 },
        "facing=east,half=upper,hinge=right,open=false": { "model": "cocricot:block/door_fusuma_tall_top_rh" },
        "facing=east,half=upper,hinge=right,open=true": { "model": "cocricot:block/door_fusuma_tall_top_rh_o", "y": 270 },
        "facing=north,half=lower,hinge=left,open=false": { "model": "cocricot:block/door_fusuma_tall", "y": 270 },
        "facing=north,half=lower,hinge=left,open=true": { "model": "cocricot:block/door_fusuma_tall_bottom_o" },
        "facing=north,half=lower,hinge=right,open=false": { "model": "cocricot:block/door_fusuma_tall_bottom_rh", "y": 270 },
        "facing=north,half=lower,hinge=right,open=true": { "model": "cocricot:block/door_fusuma_tall_bottom_rh_o", "y": 180 },
        "facing=north,half=upper,hinge=left,open=false": { "model": "cocricot:block/door_fusuma_tall_top", "y": 270 },
        "facing=north,half=upper,hinge=left,open=true": { "model": "cocricot:block/door_fusuma_tall_top_o" },
        "facing=north,half=upper,hinge=right,open=false": { "model": "cocricot:block/door_fusuma_tall_top_rh", "y": 270 },
        "facing=north,half=upper,hinge=right,open=true": { "model": "cocricot:block/door_fusuma_tall_top_rh_o", "y": 180 },
        "facing=south,half=lower,hinge=left,open=false": { "model": "cocricot:block/door_fusuma_tall", "y": 90 },
        "facing=south,half=lower,hinge=left,open=true": { "model": "cocricot:block/door_fusuma_tall_bottom_o", "y": 180 },
        "facing=south,half=lower,hinge=right,open=false": { "model": "cocricot:block/door_fusuma_tall_bottom_rh", "y": 90 },
        "facing=south,half=lower,hinge=right,open=true": { "model": "cocricot:block/door_fusuma_tall_bottom_rh_o" },
        "facing=south,half=upper,hinge=left,open=false": { "model": "cocricot:block/door_fusuma_tall_top", "y": 90 },
        "facing=south,half=upper,hinge=left,open=true": { "model": "cocricot:block/door_fusuma_tall_top_o", "y": 180 },
        "facing=south,half=upper,hinge=right,open=false": { "model": "cocricot:block/door_fusuma_tall_top_rh", "y": 90 },
        "facing=south,half=upper,hinge=right,open=true": { "model": "cocricot:block/door_fusuma_tall_top_rh_o" },
        "facing=west,half=lower,hinge=left,open=false": { "model": "cocricot:block/door_fusuma_tall", "y": 180 },
        "facing=west,half=lower,hinge=left,open=true": { "model": "cocricot:block/door_fusuma_tall_bottom_o", "y": 270 },
        "facing=west,half=lower,hinge=right,open=false": { "model": "cocricot:block/door_fusuma_tall_bottom_rh", "y": 180 },
        "facing=west,half=lower,hinge=right,open=true": { "model": "cocricot:block/door_fusuma_tall_bottom_rh_o", "y": 90 },
        "facing=west,half=upper,hinge=left,open=false": { "model": "cocricot:block/door_fusuma_tall_top", "y": 180 },
        "facing=west,half=upper,hinge=left,open=true": { "model": "cocricot:block/door_fusuma_tall_top_o", "y": 270 },
        "facing=west,half=upper,hinge=right,open=false": { "model": "cocricot:block/door_fusuma_tall_top_rh", "y": 180 },
        "facing=west,half=upper,hinge=right,open=true": { "model": "cocricot:block/door_fusuma_tall_top_rh_o", "y": 90 }
    }
}