{
    "variants":
    {
            "facing=east,half=lower,hinge=left,open=false,powered=true":  { "model": "cocricot:block/door_glass1_clear_tall_bottom_o" },
            "facing=south,half=lower,hinge=left,open=false,powered=true": { "model": "cocricot:block/door_glass1_clear_tall_bottom_o", "y": 90 },
            "facing=west,half=lower,hinge=left,open=false,powered=true":  { "model": "cocricot:block/door_glass1_clear_tall_bottom_o", "y": 180 },
            "facing=north,half=lower,hinge=left,open=false,powered=true": { "model": "cocricot:block/door_glass1_clear_tall_bottom_o", "y": 270 },
            "facing=east,half=lower,hinge=right,open=false,powered=true":  { "model": "cocricot:block/door_glass1_clear_tall_bottom_rh_o" },
            "facing=south,half=lower,hinge=right,open=false,powered=true": { "model": "cocricot:block/door_glass1_clear_tall_bottom_rh_o", "y": 90 },
            "facing=west,half=lower,hinge=right,open=false,powered=true":  { "model": "cocricot:block/door_glass1_clear_tall_bottom_rh_o", "y": 180 },
            "facing=north,half=lower,hinge=right,open=false,powered=true": { "model": "cocricot:block/door_glass1_clear_tall_bottom_rh_o", "y": 270 },
            "facing=east,half=lower,hinge=left,open=true,powered=true":  { "model": "cocricot:block/door_glass1_clear_tall_bottom_rh_o", "y": 90 },
            "facing=south,half=lower,hinge=left,open=true,powered=true": { "model": "cocricot:block/door_glass1_clear_tall_bottom_rh_o", "y": 180 },
            "facing=west,half=lower,hinge=left,open=true,powered=true":  { "model": "cocricot:block/door_glass1_clear_tall_bottom_rh_o", "y": 270 },
            "facing=north,half=lower,hinge=left,open=true,powered=true": { "model": "cocricot:block/door_glass1_clear_tall_bottom_rh_o" },
            "facing=east,half=lower,hinge=right,open=true,powered=true":  { "model": "cocricot:block/door_glass1_clear_tall_bottom_o", "y": 270 },
            "facing=south,half=lower,hinge=right,open=true,powered=true": { "model": "cocricot:block/door_glass1_clear_tall_bottom_o" },
            "facing=west,half=lower,hinge=right,open=true,powered=true":  { "model": "cocricot:block/door_glass1_clear_tall_bottom_o", "y": 90 },
            "facing=north,half=lower,hinge=right,open=true,powered=true": { "model": "cocricot:block/door_glass1_clear_tall_bottom_o", "y": 180 },
            "facing=east,half=upper,hinge=left,open=false,powered=true":  { "model": "cocricot:block/door_glass1_clear_tall_top_o" },
            "facing=south,half=upper,hinge=left,open=false,powered=true": { "model": "cocricot:block/door_glass1_clear_tall_top_o", "y": 90 },
            "facing=west,half=upper,hinge=left,open=false,powered=true":  { "model": "cocricot:block/door_glass1_clear_tall_top_o", "y": 180 },
            "facing=north,half=upper,hinge=left,open=false,powered=true": { "model": "cocricot:block/door_glass1_clear_tall_top_o", "y": 270 },
            "facing=east,half=upper,hinge=right,open=false,powered=true":  { "model": "cocricot:block/door_glass1_clear_tall_top_rh_o" },
            "facing=south,half=upper,hinge=right,open=false,powered=true": { "model": "cocricot:block/door_glass1_clear_tall_top_rh_o", "y": 90 },
            "facing=west,half=upper,hinge=right,open=false,powered=true":  { "model": "cocricot:block/door_glass1_clear_tall_top_rh_o", "y": 180 },
            "facing=north,half=upper,hinge=right,open=false,powered=true": { "model": "cocricot:block/door_glass1_clear_tall_top_rh_o", "y": 270 },
            "facing=east,half=upper,hinge=left,open=true,powered=true":  { "model": "cocricot:block/door_glass1_clear_tall_top_rh_o", "y": 90 },
            "facing=south,half=upper,hinge=left,open=true,powered=true": { "model": "cocricot:block/door_glass1_clear_tall_top_rh_o", "y": 180 },
            "facing=west,half=upper,hinge=left,open=true,powered=true":  { "model": "cocricot:block/door_glass1_clear_tall_top_rh_o", "y": 270 },
            "facing=north,half=upper,hinge=left,open=true,powered=true": { "model": "cocricot:block/door_glass1_clear_tall_top_rh_o" },
            "facing=east,half=upper,hinge=right,open=true,powered=true":  { "model": "cocricot:block/door_glass1_clear_tall_top_o", "y": 270 },
            "facing=south,half=upper,hinge=right,open=true,powered=true": { "model": "cocricot:block/door_glass1_clear_tall_top_o" },
            "facing=west,half=upper,hinge=right,open=true,powered=true":  { "model": "cocricot:block/door_glass1_clear_tall_top_o", "y": 90 },
            "facing=north,half=upper,hinge=right,open=true,powered=true": { "model": "cocricot:block/door_glass1_clear_tall_top_o", "y": 180 },
            "facing=east,half=lower,hinge=left,open=false,powered=false":  { "model": "cocricot:block/door_glass1_clear_tall" },
            "facing=south,half=lower,hinge=left,open=false,powered=false": { "model": "cocricot:block/door_glass1_clear_tall", "y": 90 },
            "facing=west,half=lower,hinge=left,open=false,powered=false":  { "model": "cocricot:block/door_glass1_clear_tall", "y": 180 },
            "facing=north,half=lower,hinge=left,open=false,powered=false": { "model": "cocricot:block/door_glass1_clear_tall", "y": 270 },
            "facing=east,half=lower,hinge=right,open=false,powered=false":  { "model": "cocricot:block/door_glass1_clear_tall_bottom_rh" },
            "facing=south,half=lower,hinge=right,open=false,powered=false": { "model": "cocricot:block/door_glass1_clear_tall_bottom_rh", "y": 90 },
            "facing=west,half=lower,hinge=right,open=false,powered=false":  { "model": "cocricot:block/door_glass1_clear_tall_bottom_rh", "y": 180 },
            "facing=north,half=lower,hinge=right,open=false,powered=false": { "model": "cocricot:block/door_glass1_clear_tall_bottom_rh", "y": 270 },
            "facing=east,half=lower,hinge=left,open=true,powered=false":  { "model": "cocricot:block/door_glass1_clear_tall_bottom_rh_o", "y": 90 },
            "facing=south,half=lower,hinge=left,open=true,powered=false": { "model": "cocricot:block/door_glass1_clear_tall_bottom_rh_o", "y": 180 },
            "facing=west,half=lower,hinge=left,open=true,powered=false":  { "model": "cocricot:block/door_glass1_clear_tall_bottom_rh_o", "y": 270 },
            "facing=north,half=lower,hinge=left,open=true,powered=false": { "model": "cocricot:block/door_glass1_clear_tall_bottom_rh_o" },
            "facing=east,half=lower,hinge=right,open=true,powered=false":  { "model": "cocricot:block/door_glass1_clear_tall_bottom_o", "y": 270 },
            "facing=south,half=lower,hinge=right,open=true,powered=false": { "model": "cocricot:block/door_glass1_clear_tall_bottom_o" },
            "facing=west,half=lower,hinge=right,open=true,powered=false":  { "model": "cocricot:block/door_glass1_clear_tall_bottom_o", "y": 90 },
            "facing=north,half=lower,hinge=right,open=true,powered=false": { "model": "cocricot:block/door_glass1_clear_tall_bottom_o", "y": 180 },
            "facing=east,half=upper,hinge=left,open=false,powered=false":  { "model": "cocricot:block/door_glass1_clear_tall_top" },
            "facing=south,half=upper,hinge=left,open=false,powered=false": { "model": "cocricot:block/door_glass1_clear_tall_top", "y": 90 },
            "facing=west,half=upper,hinge=left,open=false,powered=false":  { "model": "cocricot:block/door_glass1_clear_tall_top", "y": 180 },
            "facing=north,half=upper,hinge=left,open=false,powered=false": { "model": "cocricot:block/door_glass1_clear_tall_top", "y": 270 },
            "facing=east,half=upper,hinge=right,open=false,powered=false":  { "model": "cocricot:block/door_glass1_clear_tall_top_rh" },
            "facing=south,half=upper,hinge=right,open=false,powered=false": { "model": "cocricot:block/door_glass1_clear_tall_top_rh", "y": 90 },
            "facing=west,half=upper,hinge=right,open=false,powered=false":  { "model": "cocricot:block/door_glass1_clear_tall_top_rh", "y": 180 },
            "facing=north,half=upper,hinge=right,open=false,powered=false": { "model": "cocricot:block/door_glass1_clear_tall_top_rh", "y": 270 },
            "facing=east,half=upper,hinge=left,open=true,powered=false":  { "model": "cocricot:block/door_glass1_clear_tall_top_rh_o", "y": 90 },
            "facing=south,half=upper,hinge=left,open=true,powered=false": { "model": "cocricot:block/door_glass1_clear_tall_top_rh_o", "y": 180 },
            "facing=west,half=upper,hinge=left,open=true,powered=false":  { "model": "cocricot:block/door_glass1_clear_tall_top_rh_o", "y": 270 },
            "facing=north,half=upper,hinge=left,open=true,powered=false": { "model": "cocricot:block/door_glass1_clear_tall_top_rh_o" },
            "facing=east,half=upper,hinge=right,open=true,powered=false":  { "model": "cocricot:block/door_glass1_clear_tall_top_o", "y": 270 },
            "facing=south,half=upper,hinge=right,open=true,powered=false": { "model": "cocricot:block/door_glass1_clear_tall_top_o" },
            "facing=west,half=upper,hinge=right,open=true,powered=false":  { "model": "cocricot:block/door_glass1_clear_tall_top_o", "y": 90 },
            "facing=north,half=upper,hinge=right,open=true,powered=false": { "model": "cocricot:block/door_glass1_clear_tall_top_o", "y": 180 }
        }
    }
    