{
	"credit": "Made with Blockbench",
	"textures": {
		"0": "items/arrow",
		"particle": "items/arrow"
	},
	"elements": [
		{
			"from": [7.7, -5, 7.8],
			"to": [8.3, 9.2, 8.2],
			"rotation": {"angle": 0, "axis": "y", "origin": [0, -5, 0]},
			"faces": {
				"north": {"uv": [0, 0, 1, 9], "texture": "#0"},
				"east": {"uv": [1, 0, 2, 9], "texture": "#0"},
				"south": {"uv": [2, 0, 3, 9], "texture": "#0"},
				"west": {"uv": [3, 0, 4, 9], "texture": "#0"},
				"up": {"uv": [5, 7, 4, 6], "texture": "#0"},
				"down": {"uv": [7, 4, 6, 5], "texture": "#0"}
			}
		},
		{
			"from": [8.3, -4.6, 7.9],
			"to": [8.9, -3.2, 8.1],
			"rotation": {"angle": 22.5, "axis": "z", "origin": [8.6, -4.7, 8]},
			"faces": {
				"north": {"uv": [8, 2, 9, 3], "texture": "#0"},
				"east": {"uv": [8, 3, 9, 4], "texture": "#0"},
				"south": {"uv": [4, 8, 5, 9], "texture": "#0"},
				"west": {"uv": [8, 4, 9, 5], "texture": "#0"},
				"up": {"uv": [6, 9, 5, 8], "texture": "#0"},
				"down": {"uv": [9, 5, 8, 6], "texture": "#0"}
			}
		},
		{
			"from": [7.1, -4.6, 7.9],
			"to": [7.7, -3.2, 8.1],
			"rotation": {"angle": -22.5, "axis": "z", "origin": [7.4, -4.7, 8]},
			"faces": {
				"north": {"uv": [6, 8, 7, 9], "texture": "#0"},
				"east": {"uv": [8, 6, 9, 7], "texture": "#0"},
				"south": {"uv": [7, 8, 8, 9], "texture": "#0"},
				"west": {"uv": [8, 7, 9, 8], "texture": "#0"},
				"up": {"uv": [9, 9, 8, 8], "texture": "#0"},
				"down": {"uv": [1, 9, 0, 10], "texture": "#0"}
			}
		},
		{
			"from": [7.6, 9.2, 7.8],
			"to": [8.4, 9.9, 8.2],
			"rotation": {"angle": 0, "axis": "y", "origin": [0, 0.9, 0]},
			"faces": {
				"north": {"uv": [5, 6, 6, 7], "texture": "#0"},
				"east": {"uv": [6, 5, 7, 6], "texture": "#0"},
				"south": {"uv": [6, 6, 7, 7], "texture": "#0"},
				"west": {"uv": [7, 0, 8, 1], "texture": "#0"},
				"up": {"uv": [8, 2, 7, 1], "texture": "#0"},
				"down": {"uv": [8, 2, 7, 3], "texture": "#0"}
			}
		},
		{
			"from": [7.7, 9.9, 7.8],
			"to": [8.3, 11, 8.2],
			"faces": {
				"north": {"uv": [9, 0, 10, 2], "texture": "#0"},
				"east": {"uv": [6, 7, 7, 8], "texture": "#0"},
				"south": {"uv": [9, 0, 10, 2], "texture": "#0"},
				"west": {"uv": [7, 7, 8, 8], "texture": "#0"},
				"up": {"uv": [9, 1, 8, 0], "texture": "#0"},
				"down": {"uv": [9, 1, 8, 2], "texture": "#0"}
			}
		},
		{
			"from": [8.10552, 8.96132, 7.798],
			"to": [8.70552, 10.96132, 8.202],
			"rotation": {"angle": 22.5, "axis": "z", "origin": [8.40552, 9.96132, 8]},
			"faces": {
				"north": {"uv": [4, 0, 5, 2], "texture": "#0"},
				"east": {"uv": [4, 2, 5, 4], "texture": "#0"},
				"south": {"uv": [4, 4, 5, 6], "texture": "#0"},
				"west": {"uv": [5, 0, 6, 2], "texture": "#0"},
				"up": {"uv": [8, 4, 7, 3], "texture": "#0"},
				"down": {"uv": [5, 7, 4, 8], "texture": "#0"}
			}
		},
		{
			"from": [7.14224, 8.19595, 7.799],
			"to": [7.74224, 10.19595, 8.201],
			"rotation": {"angle": -22.5, "axis": "z", "origin": [9.44224, 9.19595, 8]},
			"faces": {
				"north": {"uv": [5, 2, 6, 4], "texture": "#0"},
				"east": {"uv": [5, 4, 6, 6], "texture": "#0"},
				"south": {"uv": [6, 0, 7, 2], "texture": "#0"},
				"west": {"uv": [6, 2, 7, 4], "texture": "#0"},
				"up": {"uv": [8, 5, 7, 4], "texture": "#0"},
				"down": {"uv": [6, 7, 5, 8], "texture": "#0"}
			}
		}
	],
	"display": {
		"thirdperson_righthand": {
			"rotation": [0, 90, 0],
			"translation": [0, 3, 1]
		},
		"firstperson_righthand": {
			"rotation": [0, -88.25, 0],
			"translation": [0, 11.5, 0]
		},
		"ground": {
			"rotation": [-90, 0, 0],
			"translation": [0, 0, -5.25]
		},
		"gui": {
			"rotation": [0, 0, -45],
			"translation": [3.5, 3.5, 0]
		},
		"fixed": {
			"translation": [0, 5, 0]
		}
	}
}