{"textures":{"0":"modelengine:entity/chest_golden"},"elements":[{"from":[6.5,6.0,6.5],"to":[9.5,10.0,9.5],"faces":{"east":{"uv":[1.0,8.75,1.75,9.75],"tintindex":0,"rotation":0,"texture":"#0"},"south":{"uv":[2.0,8.75,2.75,9.75],"tintindex":0,"rotation":0,"texture":"#0"},"north":{"uv":[0.0,8.75,0.75,9.75],"tintindex":0,"rotation":0,"texture":"#0"},"west":{"uv":[3.0,8.75,3.75,9.75],"tintindex":0,"rotation":0,"texture":"#0"},"up":{"uv":[4.75,10.25,4.0,9.5],"tintindex":0,"rotation":0,"texture":"#0"},"down":{"uv":[5.75,9.5,5.0,10.25],"tintindex":0,"rotation":0,"texture":"#0"}}}],"display":{"gui":{"rotation":[30,225,0]}}}