{"textures":{"0":"modelengine:entity/chest_golden"},"elements":[{"from":[0.5,8.0,-3.5],"to":[15.5,14.0,9.5],"faces":{"east":{"uv":[7.5,3.5,10.75,5.0],"tintindex":0,"rotation":0,"texture":"#0"},"south":{"uv":[0.0,7.0,3.75,8.5],"tintindex":0,"rotation":0,"texture":"#0"},"north":{"uv":[4.0,6.0,7.75,7.5],"tintindex":0,"rotation":0,"texture":"#0"},"west":{"uv":[4.0,7.75,7.25,9.25],"tintindex":0,"rotation":0,"texture":"#0"},"up":{"uv":[3.75,3.25,0.0,0.0],"tintindex":0,"rotation":0,"texture":"#0"},"down":{"uv":[3.75,3.5,0.0,6.75],"tintindex":0,"rotation":0,"texture":"#0"}}}],"display":{"gui":{"rotation":[30,225,0]}}}