{"textures":{"0":"modelengine:entity/chest_magma"},"elements":[{"from":[6.5,6.0,6.5],"to":[9.5,10.0,9.5],"faces":{"east":{"uv":[5.25,11.25,6.0,12.25],"tintindex":0,"rotation":0,"texture":"#0"},"south":{"uv":[6.25,11.25,7.0,12.25],"tintindex":0,"rotation":0,"texture":"#0"},"north":{"uv":[4.25,11.25,5.0,12.25],"tintindex":0,"rotation":0,"texture":"#0"},"west":{"uv":[7.25,11.25,8.0,12.25],"tintindex":0,"rotation":0,"texture":"#0"},"up":{"uv":[9.0,12.0,8.25,11.25],"tintindex":0,"rotation":0,"texture":"#0"},"down":{"uv":[10.0,11.25,9.25,12.0],"tintindex":0,"rotation":0,"texture":"#0"}}}],"display":{"gui":{"rotation":[30,225,0]}}}