{"textures":{"0":"modelengine:entity/chest_magma"},"elements":[{"from":[-0.8999996,14.0,1.9749999],"to":[2.1,20.0,4.975],"faces":{"east":{"uv":[0.0,10.5,0.75,12.0],"tintindex":0,"rotation":0,"texture":"#0"},"south":{"uv":[1.0,10.5,1.75,12.0],"tintindex":0,"rotation":0,"texture":"#0"},"north":{"uv":[10.0,9.5,10.75,11.0],"tintindex":0,"rotation":0,"texture":"#0"},"west":{"uv":[2.0,10.5,2.75,12.0],"tintindex":0,"rotation":0,"texture":"#0"},"up":{"uv":[11.0,12.0,10.25,11.25],"tintindex":0,"rotation":0,"texture":"#0"},"down":{"uv":[12.0,11.25,11.25,12.0],"tintindex":0,"rotation":0,"texture":"#0"}},"rotation":{"origin":[2.5,17.0,2.975],"angle":-22.5,"axis":"z"}},{"from":[14.5,13.0,1.0],"to":[18.5,19.0,5.0],"faces":{"east":{"uv":[6.25,9.5,7.25,11.0],"tintindex":0,"rotation":0,"texture":"#0"},"south":{"uv":[7.5,9.5,8.5,11.0],"tintindex":0,"rotation":0,"texture":"#0"},"north":{"uv":[5.0,9.5,6.0,11.0],"tintindex":0,"rotation":0,"texture":"#0"},"west":{"uv":[8.75,9.5,9.75,11.0],"tintindex":0,"rotation":0,"texture":"#0"},"up":{"uv":[12.0,11.0,11.0,10.0],"tintindex":0,"rotation":0,"texture":"#0"},"down":{"uv":[4.0,11.25,3.0,12.25],"tintindex":0,"rotation":0,"texture":"#0"}},"rotation":{"origin":[13.5,17.0,3.5],"angle":-45.0,"axis":"z"}},{"from":[13.9,14.0,1.9749999],"to":[16.9,20.0,4.975],"faces":{"east":{"uv":[11.0,0.0,11.75,1.5],"tintindex":0,"rotation":0,"texture":"#0"},"south":{"uv":[11.0,1.75,11.75,3.25],"tintindex":0,"rotation":0,"texture":"#0"},"north":{"uv":[10.5,7.0,11.25,8.5],"tintindex":0,"rotation":0,"texture":"#0"},"west":{"uv":[11.0,3.5,11.75,5.0],"tintindex":0,"rotation":0,"texture":"#0"},"up":{"uv":[12.25,7.25,11.5,6.5],"tintindex":0,"rotation":0,"texture":"#0"},"down":{"uv":[12.25,7.5,11.5,8.25],"tintindex":0,"rotation":0,"texture":"#0"}},"rotation":{"origin":[13.5,17.0,2.975],"angle":22.5,"axis":"z"}},{"from":[0.5,8.0,-3.5],"to":[15.5,14.0,9.5],"faces":{"east":{"uv":[7.5,3.5,10.75,5.0],"tintindex":0,"rotation":0,"texture":"#0"},"south":{"uv":[0.0,7.0,3.75,8.5],"tintindex":0,"rotation":0,"texture":"#0"},"north":{"uv":[4.0,6.0,7.75,7.5],"tintindex":0,"rotation":0,"texture":"#0"},"west":{"uv":[4.0,7.75,7.25,9.25],"tintindex":0,"rotation":0,"texture":"#0"},"up":{"uv":[3.75,3.25,0.0,0.0],"tintindex":0,"rotation":0,"texture":"#0"},"down":{"uv":[3.75,3.5,0.0,6.75],"tintindex":0,"rotation":0,"texture":"#0"}}},{"from":[-2.5,13.0,1.0],"to":[1.5,19.0,5.0],"faces":{"east":{"uv":[1.25,8.75,2.25,10.25],"tintindex":0,"rotation":0,"texture":"#0"},"south":{"uv":[2.5,8.75,3.5,10.25],"tintindex":0,"rotation":0,"texture":"#0"},"north":{"uv":[0.0,8.75,1.0,10.25],"tintindex":0,"rotation":0,"texture":"#0"},"west":{"uv":[3.75,9.5,4.75,11.0],"tintindex":0,"rotation":0,"texture":"#0"},"up":{"uv":[12.0,6.25,11.0,5.25],"tintindex":0,"rotation":0,"texture":"#0"},"down":{"uv":[12.0,8.75,11.0,9.75],"tintindex":0,"rotation":0,"texture":"#0"}},"rotation":{"origin":[2.5,17.0,3.5],"angle":45.0,"axis":"z"}}],"display":{"gui":{"rotation":[30,225,0]}}}