{
    "parent": "item/generated",
    "textures": {
        "layer0": "item/ink_sac"
	},
	"overrides": [
		{"predicate": {"custom_model_data":75201}, "model": "item/nocsy/nocsy_fairy_drakonin_baby_icon"},
		{"predicate": {"custom_model_data":75202}, "model": "item/nocsy/nocsy_fairy_drakonin_icon"},
		{"predicate": {"custom_model_data":77312}, "model": "item/nocsy/nocsy_otter_icon"},
		{"predicate": {"custom_model_data":77601}, "model": "item/nocsy/capybara/toffy_capybara_icon"},
		{"predicate": {"custom_model_data":77602}, "model": "item/nocsy/fox/nocsy_chibi_fox"},
		{"predicate": {"custom_model_data":77603}, "model": "item/nocsy/death_spirit/nocsy_death_spirit_icon"},
		{"predicate": {"custom_model_data":77604}, "model": "item/nocsy/tofnocsy_phoenix_baby_icon"},
		{"predicate": {"custom_model_data":77611}, "model": "item/nocsy/utah_raptor_icon"},
		{"predicate": {"custom_model_data":77612}, "model": "item/nocsy/fairy_seed_icon"},	
		{"predicate": {"custom_model_data":77615}, "model": "item/nocsy/nocsy_spooky_witch_icon"},
		{"predicate": {"custom_model_data":77635}, "model": "item/nocsy/nocsy_fluffy_ram_icon"},
		{"predicate": {"custom_model_data":77885}, "model": "item/nocsy/nocsy_djinn_dragon_icon"},
		{"predicate": {"custom_model_data":77891}, "model": "item/nocsy/nocsy_chibi_tree_golem_icon"}
		
	]
}