{"overrides":[{"predicate":{"custom_model_data":1},"model":"modelengine:amogus/mob"},{"predicate":{"custom_model_data":2},"model":"modelengine:ballon_cluster/mob"},{"predicate":{"custom_model_data":3},"model":"modelengine:locomotive/mob"},{"predicate":{"custom_model_data":4},"model":"modelengine:locomotive/bucket"},{"predicate":{"custom_model_data":5},"model":"modelengine:locomotive/r"},{"predicate":{"custom_model_data":6},"model":"modelengine:locomotive/l"},{"predicate":{"custom_model_data":7},"model":"modelengine:star_kite/kite"},{"predicate":{"custom_model_data":8},"model":"modelengine:nocsy_otter_v2/body"},{"predicate":{"custom_model_data":9},"model":"modelengine:nocsy_otter_v2/head"},{"predicate":{"custom_model_data":10},"model":"modelengine:nocsy_otter_v2/back_leg_right"},{"predicate":{"custom_model_data":11},"model":"modelengine:nocsy_otter_v2/back_leg_left"},{"predicate":{"custom_model_data":12},"model":"modelengine:nocsy_otter_v2/tail"},{"predicate":{"custom_model_data":13},"model":"modelengine:nocsy_otter_v2/front_leg_right"},{"predicate":{"custom_model_data":14},"model":"modelengine:nocsy_otter_v2/front_leg_left"},{"predicate":{"custom_model_data":15},"model":"modelengine:nocsy_magic_cat/body"},{"predicate":{"custom_model_data":16},"model":"modelengine:nocsy_magic_cat/head"},{"predicate":{"custom_model_data":17},"model":"modelengine:nocsy_magic_cat/back_leg_right"},{"predicate":{"custom_model_data":18},"model":"modelengine:nocsy_magic_cat/back_leg_left"},{"predicate":{"custom_model_data":19},"model":"modelengine:nocsy_magic_cat/front_leg_right"},{"predicate":{"custom_model_data":20},"model":"modelengine:nocsy_magic_cat/front_leg_left"},{"predicate":{"custom_model_data":21},"model":"modelengine:nocsy_magic_cat/head_eyes_closed"},{"predicate":{"custom_model_data":22},"model":"modelengine:nocsy_magic_cat/witch_hat"},{"predicate":{"custom_model_data":23},"model":"modelengine:nocsy_magic_cat/ears"},{"predicate":{"custom_model_data":24},"model":"modelengine:nocsy_magic_cat/tail"},{"predicate":{"custom_model_data":25},"model":"modelengine:nocsy_magic_cat/back_foot_right"},{"predicate":{"custom_model_data":26},"model":"modelengine:nocsy_magic_cat/back_foot_left"},{"predicate":{"custom_model_data":27},"model":"modelengine:nocsy_magic_cat/front_foot_right"},{"predicate":{"custom_model_data":28},"model":"modelengine:nocsy_magic_cat/front_foot_left"},{"predicate":{"custom_model_data":29},"model":"modelengine:nocsy_magic_cat/ears2"},{"predicate":{"custom_model_data":30},"model":"modelengine:nocsy_magic_cat/witch_hat_sleep"},{"predicate":{"custom_model_data":31},"model":"modelengine:nocsy_magic_cat/tail_half"},{"predicate":{"custom_model_data":32},"model":"modelengine:nocsy_magic_cat/tail_end"},{"predicate":{"custom_model_data":33},"model":"modelengine:toffy_yarn/body"},{"predicate":{"custom_model_data":34},"model":"modelengine:nocsy_spooky_chibi_witch/body"},{"predicate":{"custom_model_data":35},"model":"modelengine:nocsy_spooky_chibi_witch/head"},{"predicate":{"custom_model_data":36},"model":"modelengine:nocsy_spooky_chibi_witch/right_arm"},{"predicate":{"custom_model_data":37},"model":"modelengine:nocsy_spooky_chibi_witch/left_arm"},{"predicate":{"custom_model_data":38},"model":"modelengine:nocsy_spooky_chibi_witch/dress_right"},{"predicate":{"custom_model_data":39},"model":"modelengine:nocsy_spooky_chibi_witch/dress_left"},{"predicate":{"custom_model_data":40},"model":"modelengine:nocsy_spooky_chibi_witch/right_hair"},{"predicate":{"custom_model_data":41},"model":"modelengine:nocsy_spooky_chibi_witch/left_hair_mesh"},{"predicate":{"custom_model_data":42},"model":"modelengine:nocsy_spooky_chibi_witch/left_hair"},{"predicate":{"custom_model_data":43},"model":"modelengine:nocsy_spooky_chibi_witch/hair_front"},{"predicate":{"custom_model_data":44},"model":"modelengine:nocsy_spooky_chibi_witch/hat"},{"predicate":{"custom_model_data":45},"model":"modelengine:nocsy_corgi/head"},{"predicate":{"custom_model_data":46},"model":"modelengine:nocsy_corgi/mouth"},{"predicate":{"custom_model_data":47},"model":"modelengine:nocsy_corgi/right_ear"},{"predicate":{"custom_model_data":48},"model":"modelengine:nocsy_corgi/left_ear"},{"predicate":{"custom_model_data":49},"model":"modelengine:nocsy_corgi/left_leg"},{"predicate":{"custom_model_data":50},"model":"modelengine:nocsy_corgi/right_arm"},{"predicate":{"custom_model_data":51},"model":"modelengine:nocsy_corgi/right_leg"},{"predicate":{"custom_model_data":52},"model":"modelengine:nocsy_corgi/left_arm"},{"predicate":{"custom_model_data":53},"model":"modelengine:nocsy_corgi/body_fur"},{"predicate":{"custom_model_data":54},"model":"modelengine:nocsy_corgi/tongue"},{"predicate":{"custom_model_data":55},"model":"modelengine:nocsy_corgi/bone"},{"predicate":{"custom_model_data":56},"model":"modelengine:toffy_toy_bone/bone"},{"predicate":{"custom_model_data":57},"model":"modelengine:nocsy_chibi_djinn_dragon/chest"},{"predicate":{"custom_model_data":58},"model":"modelengine:nocsy_chibi_djinn_dragon/left_backleg"},{"predicate":{"custom_model_data":59},"model":"modelengine:nocsy_chibi_djinn_dragon/head"},{"predicate":{"custom_model_data":60},"model":"modelengine:nocsy_chibi_djinn_dragon/right_frontleg"},{"predicate":{"custom_model_data":61},"model":"modelengine:nocsy_chibi_djinn_dragon/right_wing"},{"predicate":{"custom_model_data":62},"model":"modelengine:nocsy_chibi_djinn_dragon/left_wing"},{"predicate":{"custom_model_data":63},"model":"modelengine:nocsy_chibi_djinn_dragon/tail"},{"predicate":{"custom_model_data":64},"model":"modelengine:nocsy_chibi_djinn_dragon/left_frontleg"},{"predicate":{"custom_model_data":65},"model":"modelengine:nocsy_chibi_djinn_dragon/right_backleg"},{"predicate":{"custom_model_data":66},"model":"modelengine:nocsy_chibi_djinn_dragon/left_foot"},{"predicate":{"custom_model_data":67},"model":"modelengine:nocsy_chibi_djinn_dragon/mouth"},{"predicate":{"custom_model_data":68},"model":"modelengine:nocsy_chibi_djinn_dragon/right_eyebrow"},{"predicate":{"custom_model_data":69},"model":"modelengine:nocsy_chibi_djinn_dragon/horn_right"},{"predicate":{"custom_model_data":70},"model":"modelengine:nocsy_chibi_djinn_dragon/horn_left"},{"predicate":{"custom_model_data":71},"model":"modelengine:nocsy_chibi_djinn_dragon/right_ear"},{"predicate":{"custom_model_data":72},"model":"modelengine:nocsy_chibi_djinn_dragon/left_eyebrow"},{"predicate":{"custom_model_data":73},"model":"modelengine:nocsy_chibi_djinn_dragon/left_ear"},{"predicate":{"custom_model_data":74},"model":"modelengine:nocsy_chibi_djinn_dragon/right_hand"},{"predicate":{"custom_model_data":75},"model":"modelengine:nocsy_chibi_djinn_dragon/tail_mid"},{"predicate":{"custom_model_data":76},"model":"modelengine:nocsy_chibi_djinn_dragon/left_hand"},{"predicate":{"custom_model_data":77},"model":"modelengine:nocsy_chibi_djinn_dragon/right_foot"},{"predicate":{"custom_model_data":78},"model":"modelengine:nocsy_chibi_djinn_dragon/tail_end"},{"predicate":{"custom_model_data":79},"model":"modelengine:nocsy_chibi_djinn_dragon/tail_tip"},{"predicate":{"custom_model_data":80},"model":"modelengine:nocsy_chibi_fox/body"},{"predicate":{"custom_model_data":81},"model":"modelengine:nocsy_chibi_fox/head"},{"predicate":{"custom_model_data":82},"model":"modelengine:nocsy_chibi_fox/back_leg_right"},{"predicate":{"custom_model_data":83},"model":"modelengine:nocsy_chibi_fox/back_leg_left"},{"predicate":{"custom_model_data":84},"model":"modelengine:nocsy_chibi_fox/front_leg_right"},{"predicate":{"custom_model_data":85},"model":"modelengine:nocsy_chibi_fox/front_leg_left"},{"predicate":{"custom_model_data":86},"model":"modelengine:nocsy_chibi_fox/ears"},{"predicate":{"custom_model_data":87},"model":"modelengine:nocsy_chibi_fox/tail"},{"predicate":{"custom_model_data":88},"model":"modelengine:nocsy_chibi_fox/back_foot_right"},{"predicate":{"custom_model_data":89},"model":"modelengine:nocsy_chibi_fox/back_foot_left"},{"predicate":{"custom_model_data":90},"model":"modelengine:nocsy_chibi_fox/front_foot_right"},{"predicate":{"custom_model_data":91},"model":"modelengine:nocsy_chibi_fox/front_foot_left"},{"predicate":{"custom_model_data":92},"model":"modelengine:nocsy_chibi_fox/tail_half"},{"predicate":{"custom_model_data":93},"model":"modelengine:nocsy_chibi_fox/tail_end"},{"predicate":{"custom_model_data":94},"model":"modelengine:nocsy_chibi_salamender/left_backleg"},{"predicate":{"custom_model_data":95},"model":"modelengine:nocsy_chibi_salamender/chest"},{"predicate":{"custom_model_data":96},"model":"modelengine:nocsy_chibi_salamender/right_backleg"},{"predicate":{"custom_model_data":97},"model":"modelengine:nocsy_chibi_salamender/left_fronttibia"},{"predicate":{"custom_model_data":98},"model":"modelengine:nocsy_chibi_salamender/tail"},{"predicate":{"custom_model_data":99},"model":"modelengine:nocsy_chibi_salamender/right_backarm"},{"predicate":{"custom_model_data":100},"model":"modelengine:nocsy_chibi_salamender/left_backarm"},{"predicate":{"custom_model_data":101},"model":"modelengine:nocsy_chibi_salamender/right_fronttibia"},{"predicate":{"custom_model_data":102},"model":"modelengine:nocsy_chibi_salamender/left_frontfoot"},{"predicate":{"custom_model_data":103},"model":"modelengine:nocsy_chibi_salamender/tail_mid"},{"predicate":{"custom_model_data":104},"model":"modelengine:nocsy_chibi_salamender/head"},{"predicate":{"custom_model_data":105},"model":"modelengine:nocsy_chibi_salamender/right_hand"},{"predicate":{"custom_model_data":106},"model":"modelengine:nocsy_chibi_salamender/left_hand"},{"predicate":{"custom_model_data":107},"model":"modelengine:nocsy_chibi_salamender/right_frontfoot"},{"predicate":{"custom_model_data":108},"model":"modelengine:nocsy_chibi_salamender/left_toes"},{"predicate":{"custom_model_data":109},"model":"modelengine:nocsy_chibi_salamender/tail_end"},{"predicate":{"custom_model_data":110},"model":"modelengine:nocsy_chibi_salamender/nose"},{"predicate":{"custom_model_data":111},"model":"modelengine:nocsy_chibi_salamender/right_toes"},{"predicate":{"custom_model_data":112},"model":"modelengine:nocsy_chibi_tree_golem/chest"},{"predicate":{"custom_model_data":113},"model":"modelengine:nocsy_chibi_tree_golem/left_leg"},{"predicate":{"custom_model_data":114},"model":"modelengine:nocsy_chibi_tree_golem/right_leg"},{"predicate":{"custom_model_data":115},"model":"modelengine:nocsy_chibi_tree_golem/head"},{"predicate":{"custom_model_data":116},"model":"modelengine:nocsy_chibi_tree_golem/right_arm"},{"predicate":{"custom_model_data":117},"model":"modelengine:nocsy_chibi_tree_golem/sphere"},{"predicate":{"custom_model_data":118},"model":"modelengine:nocsy_chibi_tree_golem/left_arm"},{"predicate":{"custom_model_data":119},"model":"modelengine:nocsy_chibi_tree_golem/tail"},{"predicate":{"custom_model_data":120},"model":"modelengine:nocsy_chibi_tree_golem/wand"},{"predicate":{"custom_model_data":121},"model":"modelengine:nocsy_chibi_tree_golem/tail_tip"},{"predicate":{"custom_model_data":122},"model":"modelengine:nocsy_death_spirit_ball/anchor_body"},{"predicate":{"custom_model_data":123},"model":"modelengine:nocsy_fluffy_ram/right_front_leg"},{"predicate":{"custom_model_data":124},"model":"modelengine:nocsy_fluffy_ram/chest"},{"predicate":{"custom_model_data":125},"model":"modelengine:nocsy_fluffy_ram/left_back_leg"},{"predicate":{"custom_model_data":126},"model":"modelengine:nocsy_fluffy_ram/right_back_leg"},{"predicate":{"custom_model_data":127},"model":"modelengine:nocsy_fluffy_ram/left_front_leg"},{"predicate":{"custom_model_data":128},"model":"modelengine:nocsy_fluffy_ram/head"},{"predicate":{"custom_model_data":129},"model":"modelengine:nocsy_fluffy_ram/tail"},{"predicate":{"custom_model_data":130},"model":"modelengine:nocsy_fluffy_ram/horn_right"},{"predicate":{"custom_model_data":131},"model":"modelengine:nocsy_fluffy_ram/horn_left"},{"predicate":{"custom_model_data":132},"model":"modelengine:nocsy_fluffy_ram/tail_mid"},{"predicate":{"custom_model_data":133},"model":"modelengine:nocsy_fluffy_ram/tail_end"},{"predicate":{"custom_model_data":134},"model":"modelengine:toffy_death_spirit/body"},{"predicate":{"custom_model_data":135},"model":"modelengine:toffy_death_spirit/leg_right"},{"predicate":{"custom_model_data":136},"model":"modelengine:toffy_death_spirit/chest"},{"predicate":{"custom_model_data":137},"model":"modelengine:toffy_death_spirit/tail"},{"predicate":{"custom_model_data":138},"model":"modelengine:toffy_death_spirit/leg_left"},{"predicate":{"custom_model_data":139},"model":"modelengine:toffy_death_spirit/foot_right"},{"predicate":{"custom_model_data":140},"model":"modelengine:toffy_death_spirit/head"},{"predicate":{"custom_model_data":141},"model":"modelengine:toffy_death_spirit/arm_right"},{"predicate":{"custom_model_data":142},"model":"modelengine:toffy_death_spirit/arm_left"},{"predicate":{"custom_model_data":143},"model":"modelengine:toffy_death_spirit/tail_end"},{"predicate":{"custom_model_data":144},"model":"modelengine:toffy_death_spirit/foot_left"},{"predicate":{"custom_model_data":145},"model":"modelengine:toffy_death_spirit/ear_left"},{"predicate":{"custom_model_data":146},"model":"modelengine:toffy_death_spirit/ear_right"},{"predicate":{"custom_model_data":147},"model":"modelengine:tofnocsy_phoenix_baby/leg_right"},{"predicate":{"custom_model_data":148},"model":"modelengine:tofnocsy_phoenix_baby/torso"},{"predicate":{"custom_model_data":149},"model":"modelengine:tofnocsy_phoenix_baby/leg_left"},{"predicate":{"custom_model_data":150},"model":"modelengine:tofnocsy_phoenix_baby/head"},{"predicate":{"custom_model_data":151},"model":"modelengine:tofnocsy_phoenix_baby/wing_left"},{"predicate":{"custom_model_data":152},"model":"modelengine:tofnocsy_phoenix_baby/wing_right"},{"predicate":{"custom_model_data":153},"model":"modelengine:tofnocsy_phoenix_baby/tail"},{"predicate":{"custom_model_data":154},"model":"modelengine:tofnocsy_phoenix_baby/tail_end"},{"predicate":{"custom_model_data":155},"model":"modelengine:nocsy_fairy_drakonin_baby/body"},{"predicate":{"custom_model_data":156},"model":"modelengine:nocsy_fairy_drakonin_baby/left_backleg"},{"predicate":{"custom_model_data":157},"model":"modelengine:nocsy_fairy_drakonin_baby/left_leg"},{"predicate":{"custom_model_data":158},"model":"modelengine:nocsy_fairy_drakonin_baby/right_wing"},{"predicate":{"custom_model_data":159},"model":"modelengine:nocsy_fairy_drakonin_baby/right_leg"},{"predicate":{"custom_model_data":160},"model":"modelengine:nocsy_fairy_drakonin_baby/left_wing"},{"predicate":{"custom_model_data":161},"model":"modelengine:nocsy_fairy_drakonin_baby/tail"},{"predicate":{"custom_model_data":162},"model":"modelengine:nocsy_fairy_drakonin_baby/right_backleg"},{"predicate":{"custom_model_data":163},"model":"modelengine:nocsy_fairy_drakonin_baby/neck"},{"predicate":{"custom_model_data":164},"model":"modelengine:nocsy_fairy_drakonin_baby/left_backtibia"},{"predicate":{"custom_model_data":165},"model":"modelengine:nocsy_fairy_drakonin_baby/left_tibia"},{"predicate":{"custom_model_data":166},"model":"modelengine:nocsy_fairy_drakonin_baby/right_wing_end"},{"predicate":{"custom_model_data":167},"model":"modelengine:nocsy_fairy_drakonin_baby/right_tibia"},{"predicate":{"custom_model_data":168},"model":"modelengine:nocsy_fairy_drakonin_baby/left_wing_end"},{"predicate":{"custom_model_data":169},"model":"modelengine:nocsy_fairy_drakonin_baby/right_backtibia"},{"predicate":{"custom_model_data":170},"model":"modelengine:nocsy_fairy_drakonin_baby/head"},{"predicate":{"custom_model_data":171},"model":"modelengine:nocsy_fairy_drakonin_baby/left_backfoot"},{"predicate":{"custom_model_data":172},"model":"modelengine:nocsy_fairy_drakonin_baby/left_foot"},{"predicate":{"custom_model_data":173},"model":"modelengine:nocsy_fairy_drakonin_baby/right_foot"},{"predicate":{"custom_model_data":174},"model":"modelengine:nocsy_fairy_drakonin_baby/right_backfoot"},{"predicate":{"custom_model_data":175},"model":"modelengine:nocsy_fairy_drakonin_baby/horn_right"},{"predicate":{"custom_model_data":176},"model":"modelengine:nocsy_fairy_drakonin_baby/horn_left"},{"predicate":{"custom_model_data":177},"model":"modelengine:nocsy_fall_drakonin_baby/body"},{"predicate":{"custom_model_data":178},"model":"modelengine:nocsy_fall_drakonin_baby/left_backleg"},{"predicate":{"custom_model_data":179},"model":"modelengine:nocsy_fall_drakonin_baby/left_leg"},{"predicate":{"custom_model_data":180},"model":"modelengine:nocsy_fall_drakonin_baby/right_wing"},{"predicate":{"custom_model_data":181},"model":"modelengine:nocsy_fall_drakonin_baby/right_leg"},{"predicate":{"custom_model_data":182},"model":"modelengine:nocsy_fall_drakonin_baby/left_wing"},{"predicate":{"custom_model_data":183},"model":"modelengine:nocsy_fall_drakonin_baby/tail"},{"predicate":{"custom_model_data":184},"model":"modelengine:nocsy_fall_drakonin_baby/right_backleg"},{"predicate":{"custom_model_data":185},"model":"modelengine:nocsy_fall_drakonin_baby/neck"},{"predicate":{"custom_model_data":186},"model":"modelengine:nocsy_fall_drakonin_baby/left_backtibia"},{"predicate":{"custom_model_data":187},"model":"modelengine:nocsy_fall_drakonin_baby/left_tibia"},{"predicate":{"custom_model_data":188},"model":"modelengine:nocsy_fall_drakonin_baby/right_wing_end"},{"predicate":{"custom_model_data":189},"model":"modelengine:nocsy_fall_drakonin_baby/right_tibia"},{"predicate":{"custom_model_data":190},"model":"modelengine:nocsy_fall_drakonin_baby/left_wing_end"},{"predicate":{"custom_model_data":191},"model":"modelengine:nocsy_fall_drakonin_baby/right_backtibia"},{"predicate":{"custom_model_data":192},"model":"modelengine:nocsy_fall_drakonin_baby/head"},{"predicate":{"custom_model_data":193},"model":"modelengine:nocsy_fall_drakonin_baby/left_backfoot"},{"predicate":{"custom_model_data":194},"model":"modelengine:nocsy_fall_drakonin_baby/left_foot"},{"predicate":{"custom_model_data":195},"model":"modelengine:nocsy_fall_drakonin_baby/right_foot"},{"predicate":{"custom_model_data":196},"model":"modelengine:nocsy_fall_drakonin_baby/right_backfoot"},{"predicate":{"custom_model_data":197},"model":"modelengine:nocsy_fall_drakonin_baby/horn_right"},{"predicate":{"custom_model_data":198},"model":"modelengine:nocsy_fall_drakonin_baby/horn_left"},{"predicate":{"custom_model_data":199},"model":"modelengine:nocsy_fairy_drakonin_egg/egg"},{"predicate":{"custom_model_data":200},"model":"modelengine:nocsy_fairy_drakonin_egg/shell"},{"predicate":{"custom_model_data":201},"model":"modelengine:nocsy_fall_drakonin_egg/egg"},{"predicate":{"custom_model_data":202},"model":"modelengine:nocsy_fall_drakonin_egg/shell"},{"predicate":{"custom_model_data":203},"model":"modelengine:fairy_seed/head"},{"predicate":{"custom_model_data":204},"model":"modelengine:fairy_seed/lower_front"},{"predicate":{"custom_model_data":205},"model":"modelengine:fairy_seed/tail"},{"predicate":{"custom_model_data":206},"model":"modelengine:fairy_seed/lower_right"},{"predicate":{"custom_model_data":207},"model":"modelengine:fairy_seed/lower_left"},{"predicate":{"custom_model_data":208},"model":"modelengine:fairy_seed/leaf"},{"predicate":{"custom_model_data":209},"model":"modelengine:fairy_seed/lower_back"},{"predicate":{"custom_model_data":210},"model":"modelengine:fairy_seed/tail_lower"},{"predicate":{"custom_model_data":211},"model":"modelengine:toffy_capybara/torso"},{"predicate":{"custom_model_data":212},"model":"modelengine:toffy_capybara/head"},{"predicate":{"custom_model_data":213},"model":"modelengine:toffy_capybara/leg_front_right"},{"predicate":{"custom_model_data":214},"model":"modelengine:toffy_capybara/leg_front_left"},{"predicate":{"custom_model_data":215},"model":"modelengine:toffy_capybara/leg_back_right"},{"predicate":{"custom_model_data":216},"model":"modelengine:toffy_capybara/leg_back_left"},{"predicate":{"custom_model_data":217},"model":"modelengine:utahraptor/torso"},{"predicate":{"custom_model_data":218},"model":"modelengine:utahraptor/leg_right"},{"predicate":{"custom_model_data":219},"model":"modelengine:utahraptor/tail"},{"predicate":{"custom_model_data":220},"model":"modelengine:utahraptor/arm_right"},{"predicate":{"custom_model_data":221},"model":"modelengine:utahraptor/neck"},{"predicate":{"custom_model_data":222},"model":"modelengine:utahraptor/leg_left"},{"predicate":{"custom_model_data":223},"model":"modelengine:utahraptor/arm_left"},{"predicate":{"custom_model_data":224},"model":"modelengine:utahraptor/foot_right"},{"predicate":{"custom_model_data":225},"model":"modelengine:utahraptor/forearm_right"},{"predicate":{"custom_model_data":226},"model":"modelengine:utahraptor/head"},{"predicate":{"custom_model_data":227},"model":"modelengine:utahraptor/foot_left"},{"predicate":{"custom_model_data":228},"model":"modelengine:utahraptor/forearm_left"},{"predicate":{"custom_model_data":229},"model":"modelengine:arcane_magic_circle/middle"},{"predicate":{"custom_model_data":230},"model":"modelengine:arcane_magic_circle/outer"},{"predicate":{"custom_model_data":231},"model":"modelengine:arcane_magic_circle/letters"},{"predicate":{"custom_model_data":232},"model":"modelengine:arctic_colossus/upper_body"},{"predicate":{"custom_model_data":233},"model":"modelengine:arctic_colossus/left_thigh"},{"predicate":{"custom_model_data":234},"model":"modelengine:arctic_colossus/right_thigh"},{"predicate":{"custom_model_data":235},"model":"modelengine:arctic_colossus/tail"},{"predicate":{"custom_model_data":236},"model":"modelengine:arctic_colossus/stomach"},{"predicate":{"custom_model_data":237},"model":"modelengine:arctic_colossus/left_leg"},{"predicate":{"custom_model_data":238},"model":"modelengine:arctic_colossus/right_leg"},{"predicate":{"custom_model_data":239},"model":"modelengine:arctic_colossus/tail_mid"},{"predicate":{"custom_model_data":240},"model":"modelengine:arctic_colossus/chest"},{"predicate":{"custom_model_data":241},"model":"modelengine:arctic_colossus/left_ankle"},{"predicate":{"custom_model_data":242},"model":"modelengine:arctic_colossus/right_ankle"},{"predicate":{"custom_model_data":243},"model":"modelengine:arctic_colossus/tail_end"},{"predicate":{"custom_model_data":244},"model":"modelengine:arctic_colossus/right_arm"},{"predicate":{"custom_model_data":245},"model":"modelengine:arctic_colossus/left_arm"},{"predicate":{"custom_model_data":246},"model":"modelengine:arctic_colossus/neck"},{"predicate":{"custom_model_data":247},"model":"modelengine:arctic_colossus/left_foot"},{"predicate":{"custom_model_data":248},"model":"modelengine:arctic_colossus/right_foot"},{"predicate":{"custom_model_data":249},"model":"modelengine:arctic_colossus/right_wrist"},{"predicate":{"custom_model_data":250},"model":"modelengine:arctic_colossus/left_wrist"},{"predicate":{"custom_model_data":251},"model":"modelengine:arctic_colossus/head"},{"predicate":{"custom_model_data":252},"model":"modelengine:arctic_colossus/right_hand"},{"predicate":{"custom_model_data":253},"model":"modelengine:arctic_colossus/left_hand"},{"predicate":{"custom_model_data":254},"model":"modelengine:arctic_colossus/jaw"},{"predicate":{"custom_model_data":255},"model":"modelengine:arctic_colossus/fronthead"},{"predicate":{"custom_model_data":256},"model":"modelengine:aurorafowl/left_leg"},{"predicate":{"custom_model_data":257},"model":"modelengine:aurorafowl/upper_body"},{"predicate":{"custom_model_data":258},"model":"modelengine:aurorafowl/right_leg"},{"predicate":{"custom_model_data":259},"model":"modelengine:aurorafowl/left_ankle"},{"predicate":{"custom_model_data":260},"model":"modelengine:aurorafowl/right_wing"},{"predicate":{"custom_model_data":261},"model":"modelengine:aurorafowl/tail"},{"predicate":{"custom_model_data":262},"model":"modelengine:aurorafowl/left_wing"},{"predicate":{"custom_model_data":263},"model":"modelengine:aurorafowl/neck"},{"predicate":{"custom_model_data":264},"model":"modelengine:aurorafowl/right_ankle"},{"predicate":{"custom_model_data":265},"model":"modelengine:aurorafowl/left_foot"},{"predicate":{"custom_model_data":266},"model":"modelengine:aurorafowl/right_wing_end"},{"predicate":{"custom_model_data":267},"model":"modelengine:aurorafowl/tail_mid"},{"predicate":{"custom_model_data":268},"model":"modelengine:aurorafowl/left_wing_end"},{"predicate":{"custom_model_data":269},"model":"modelengine:aurorafowl/neck_2"},{"predicate":{"custom_model_data":270},"model":"modelengine:aurorafowl/right_foot"},{"predicate":{"custom_model_data":271},"model":"modelengine:aurorafowl/tail_end"},{"predicate":{"custom_model_data":272},"model":"modelengine:aurorafowl/neck_3"},{"predicate":{"custom_model_data":273},"model":"modelengine:aurorafowl/head"},{"predicate":{"custom_model_data":274},"model":"modelengine:aurorafowl/jaw"},{"predicate":{"custom_model_data":275},"model":"modelengine:awakened_shrub/upper_body"},{"predicate":{"custom_model_data":276},"model":"modelengine:awakened_shrub/left_leg"},{"predicate":{"custom_model_data":277},"model":"modelengine:awakened_shrub/right_leg"},{"predicate":{"custom_model_data":278},"model":"modelengine:awakened_shrub/head"},{"predicate":{"custom_model_data":279},"model":"modelengine:barrel_explosive/body"},{"predicate":{"custom_model_data":280},"model":"modelengine:barrel_poison/body"},{"predicate":{"custom_model_data":281},"model":"modelengine:boulder/body"},{"predicate":{"custom_model_data":282},"model":"modelengine:bug_swarm/body"},{"predicate":{"custom_model_data":283},"model":"modelengine:bug_swarm/head"},{"predicate":{"custom_model_data":284},"model":"modelengine:bug_swarm/left_leg"},{"predicate":{"custom_model_data":285},"model":"modelengine:bug_swarm/right_wing"},{"predicate":{"custom_model_data":286},"model":"modelengine:bug_swarm/right_leg"},{"predicate":{"custom_model_data":287},"model":"modelengine:bug_swarm/left_wing"},{"predicate":{"custom_model_data":288},"model":"modelengine:bug_swarm/tail"},{"predicate":{"custom_model_data":289},"model":"modelengine:celestial_thunderlord/upper_body"},{"predicate":{"custom_model_data":290},"model":"modelengine:celestial_thunderlord/left_thigh"},{"predicate":{"custom_model_data":291},"model":"modelengine:celestial_thunderlord/right_thigh"},{"predicate":{"custom_model_data":292},"model":"modelengine:celestial_thunderlord/tail"},{"predicate":{"custom_model_data":293},"model":"modelengine:celestial_thunderlord/stomach"},{"predicate":{"custom_model_data":294},"model":"modelengine:celestial_thunderlord/left_leg"},{"predicate":{"custom_model_data":295},"model":"modelengine:celestial_thunderlord/right_leg"},{"predicate":{"custom_model_data":296},"model":"modelengine:celestial_thunderlord/tail_2"},{"predicate":{"custom_model_data":297},"model":"modelengine:celestial_thunderlord/chest"},{"predicate":{"custom_model_data":298},"model":"modelengine:celestial_thunderlord/right_arm"},{"predicate":{"custom_model_data":299},"model":"modelengine:celestial_thunderlord/right_wing"},{"predicate":{"custom_model_data":300},"model":"modelengine:celestial_thunderlord/left_arm"},{"predicate":{"custom_model_data":301},"model":"modelengine:celestial_thunderlord/left_wing"},{"predicate":{"custom_model_data":302},"model":"modelengine:celestial_thunderlord/left_ankle"},{"predicate":{"custom_model_data":303},"model":"modelengine:celestial_thunderlord/right_ankle"},{"predicate":{"custom_model_data":304},"model":"modelengine:celestial_thunderlord/tail_3"},{"predicate":{"custom_model_data":305},"model":"modelengine:celestial_thunderlord/neck_left"},{"predicate":{"custom_model_data":306},"model":"modelengine:celestial_thunderlord/neck_right"},{"predicate":{"custom_model_data":307},"model":"modelengine:celestial_thunderlord/right_wrist"},{"predicate":{"custom_model_data":308},"model":"modelengine:celestial_thunderlord/right_wing_mid"},{"predicate":{"custom_model_data":309},"model":"modelengine:celestial_thunderlord/left_wrist"},{"predicate":{"custom_model_data":310},"model":"modelengine:celestial_thunderlord/left_wing_mid"},{"predicate":{"custom_model_data":311},"model":"modelengine:celestial_thunderlord/left_foot"},{"predicate":{"custom_model_data":312},"model":"modelengine:celestial_thunderlord/right_foot"},{"predicate":{"custom_model_data":313},"model":"modelengine:celestial_thunderlord/tail_end"},{"predicate":{"custom_model_data":314},"model":"modelengine:celestial_thunderlord/upper_neck_left"},{"predicate":{"custom_model_data":315},"model":"modelengine:celestial_thunderlord/upper_neck_right"},{"predicate":{"custom_model_data":316},"model":"modelengine:celestial_thunderlord/right_hand"},{"predicate":{"custom_model_data":317},"model":"modelengine:celestial_thunderlord/right_wing_end"},{"predicate":{"custom_model_data":318},"model":"modelengine:celestial_thunderlord/left_hand"},{"predicate":{"custom_model_data":319},"model":"modelengine:celestial_thunderlord/left_wing_end"},{"predicate":{"custom_model_data":320},"model":"modelengine:celestial_thunderlord/left_toe"},{"predicate":{"custom_model_data":321},"model":"modelengine:celestial_thunderlord/right_toe"},{"predicate":{"custom_model_data":322},"model":"modelengine:celestial_thunderlord/head_left"},{"predicate":{"custom_model_data":323},"model":"modelengine:celestial_thunderlord/head_right"},{"predicate":{"custom_model_data":324},"model":"modelengine:celestial_thunderlord/right_thumb"},{"predicate":{"custom_model_data":325},"model":"modelengine:celestial_thunderlord/left_thumb"},{"predicate":{"custom_model_data":326},"model":"modelengine:celestial_thunderlord/jaw_left"},{"predicate":{"custom_model_data":327},"model":"modelengine:celestial_thunderlord/jaw_right"},{"predicate":{"custom_model_data":328},"model":"modelengine:celestial_thunderlord/claw3"},{"predicate":{"custom_model_data":329},"model":"modelengine:celestial_thunderlord/claw2"},{"predicate":{"custom_model_data":330},"model":"modelengine:celestial_thunderlord/claw1"},{"predicate":{"custom_model_data":331},"model":"modelengine:celestial_thunderlord/claw4"},{"predicate":{"custom_model_data":332},"model":"modelengine:celestial_thunderlord/claw6"},{"predicate":{"custom_model_data":333},"model":"modelengine:celestial_thunderlord/claw5"},{"predicate":{"custom_model_data":334},"model":"modelengine:chest_aqua/body"},{"predicate":{"custom_model_data":335},"model":"modelengine:chest_aqua/cover"},{"predicate":{"custom_model_data":336},"model":"modelengine:chest_aqua/button"},{"predicate":{"custom_model_data":337},"model":"modelengine:chest_bone/body"},{"predicate":{"custom_model_data":338},"model":"modelengine:chest_bone/cover"},{"predicate":{"custom_model_data":339},"model":"modelengine:chest_bone/button"},{"predicate":{"custom_model_data":340},"model":"modelengine:chest_forest/body"},{"predicate":{"custom_model_data":341},"model":"modelengine:chest_forest/cover"},{"predicate":{"custom_model_data":342},"model":"modelengine:chest_forest/button"},{"predicate":{"custom_model_data":343},"model":"modelengine:chest_golden/body"},{"predicate":{"custom_model_data":344},"model":"modelengine:chest_golden/cover"},{"predicate":{"custom_model_data":345},"model":"modelengine:chest_golden/button"},{"predicate":{"custom_model_data":346},"model":"modelengine:chest_ice/body"},{"predicate":{"custom_model_data":347},"model":"modelengine:chest_ice/cover"},{"predicate":{"custom_model_data":348},"model":"modelengine:chest_ice/button"},{"predicate":{"custom_model_data":349},"model":"modelengine:chest_light/body"},{"predicate":{"custom_model_data":350},"model":"modelengine:chest_light/cover"},{"predicate":{"custom_model_data":351},"model":"modelengine:chest_light/button"},{"predicate":{"custom_model_data":352},"model":"modelengine:chest_magma/body"},{"predicate":{"custom_model_data":353},"model":"modelengine:chest_magma/cover"},{"predicate":{"custom_model_data":354},"model":"modelengine:chest_magma/button"},{"predicate":{"custom_model_data":355},"model":"modelengine:chest_shadow/body"},{"predicate":{"custom_model_data":356},"model":"modelengine:chest_shadow/cover"},{"predicate":{"custom_model_data":357},"model":"modelengine:chest_shadow/button"},{"predicate":{"custom_model_data":358},"model":"modelengine:chest_wind/body"},{"predicate":{"custom_model_data":359},"model":"modelengine:chest_wind/cover"},{"predicate":{"custom_model_data":360},"model":"modelengine:chest_wind/button"},{"predicate":{"custom_model_data":361},"model":"modelengine:chest_wooden/body"},{"predicate":{"custom_model_data":362},"model":"modelengine:chest_wooden/cover"},{"predicate":{"custom_model_data":363},"model":"modelengine:chest_wooden/button"},{"predicate":{"custom_model_data":364},"model":"modelengine:cryonic_crab/upper_body"},{"predicate":{"custom_model_data":365},"model":"modelengine:cryonic_crab/left_back_leg"},{"predicate":{"custom_model_data":366},"model":"modelengine:cryonic_crab/right_back_leg"},{"predicate":{"custom_model_data":367},"model":"modelengine:cryonic_crab/head"},{"predicate":{"custom_model_data":368},"model":"modelengine:cryonic_crab/left_back_ankle"},{"predicate":{"custom_model_data":369},"model":"modelengine:cryonic_crab/right_back_ankle"},{"predicate":{"custom_model_data":370},"model":"modelengine:cryonic_crab/right_front_leg"},{"predicate":{"custom_model_data":371},"model":"modelengine:cryonic_crab/right_arm"},{"predicate":{"custom_model_data":372},"model":"modelengine:cryonic_crab/left_arm"},{"predicate":{"custom_model_data":373},"model":"modelengine:cryonic_crab/right_mid_leg"},{"predicate":{"custom_model_data":374},"model":"modelengine:cryonic_crab/left_mid_leg"},{"predicate":{"custom_model_data":375},"model":"modelengine:cryonic_crab/left_front_leg"},{"predicate":{"custom_model_data":376},"model":"modelengine:cryonic_crab/right_front_ankle"},{"predicate":{"custom_model_data":377},"model":"modelengine:cryonic_crab/right_claw"},{"predicate":{"custom_model_data":378},"model":"modelengine:cryonic_crab/left_claw"},{"predicate":{"custom_model_data":379},"model":"modelengine:cryonic_crab/right_mid_ankle"},{"predicate":{"custom_model_data":380},"model":"modelengine:cryonic_crab/left_mid_ankle"},{"predicate":{"custom_model_data":381},"model":"modelengine:cryonic_crab/left_front_ankle"},{"predicate":{"custom_model_data":382},"model":"modelengine:cryonic_crab/right_lower_claw"},{"predicate":{"custom_model_data":383},"model":"modelengine:cryonic_crab/right_upper_claw"},{"predicate":{"custom_model_data":384},"model":"modelengine:cryonic_crab/left_upper_claw"},{"predicate":{"custom_model_data":385},"model":"modelengine:cryonic_crab/left_lower_claw"},{"predicate":{"custom_model_data":386},"model":"modelengine:dawnbringer_angel/body"},{"predicate":{"custom_model_data":387},"model":"modelengine:dawnbringer_angel/head"},{"predicate":{"custom_model_data":388},"model":"modelengine:dawnbringer_angel/right_arm"},{"predicate":{"custom_model_data":389},"model":"modelengine:dawnbringer_angel/left_leg"},{"predicate":{"custom_model_data":390},"model":"modelengine:dawnbringer_angel/right_wing"},{"predicate":{"custom_model_data":391},"model":"modelengine:dawnbringer_angel/left_arm"},{"predicate":{"custom_model_data":392},"model":"modelengine:dawnbringer_angel/right_leg"},{"predicate":{"custom_model_data":393},"model":"modelengine:dawnbringer_angel/left_wing"},{"predicate":{"custom_model_data":394},"model":"modelengine:divine_cross/body"},{"predicate":{"custom_model_data":395},"model":"modelengine:dummy/dummy"},{"predicate":{"custom_model_data":396},"model":"modelengine:dummy/upper_body"},{"predicate":{"custom_model_data":397},"model":"modelengine:dwarf_blacksmith/anvil"},{"predicate":{"custom_model_data":398},"model":"modelengine:dwarf_blacksmith/upper_body"},{"predicate":{"custom_model_data":399},"model":"modelengine:dwarf_blacksmith/left_leg"},{"predicate":{"custom_model_data":400},"model":"modelengine:dwarf_blacksmith/right_leg"},{"predicate":{"custom_model_data":401},"model":"modelengine:dwarf_blacksmith/chest"},{"predicate":{"custom_model_data":402},"model":"modelengine:dwarf_blacksmith/left_ankle"},{"predicate":{"custom_model_data":403},"model":"modelengine:dwarf_blacksmith/right_ankle"},{"predicate":{"custom_model_data":404},"model":"modelengine:dwarf_blacksmith/head"},{"predicate":{"custom_model_data":405},"model":"modelengine:dwarf_blacksmith/right_arm"},{"predicate":{"custom_model_data":406},"model":"modelengine:dwarf_blacksmith/left_arm"},{"predicate":{"custom_model_data":407},"model":"modelengine:dwarf_blacksmith/left_foot"},{"predicate":{"custom_model_data":408},"model":"modelengine:dwarf_blacksmith/right_foot"},{"predicate":{"custom_model_data":409},"model":"modelengine:dwarf_blacksmith/right_beard"},{"predicate":{"custom_model_data":410},"model":"modelengine:dwarf_blacksmith/beard"},{"predicate":{"custom_model_data":411},"model":"modelengine:dwarf_blacksmith/left_beard"},{"predicate":{"custom_model_data":412},"model":"modelengine:dwarf_blacksmith/right_wrist"},{"predicate":{"custom_model_data":413},"model":"modelengine:dwarf_blacksmith/left_wrist"},{"predicate":{"custom_model_data":414},"model":"modelengine:dwarf_blacksmith/right_beard_end"},{"predicate":{"custom_model_data":415},"model":"modelengine:dwarf_blacksmith/beard_mid"},{"predicate":{"custom_model_data":416},"model":"modelengine:dwarf_blacksmith/left_beard_end"},{"predicate":{"custom_model_data":417},"model":"modelengine:dwarf_blacksmith/shield"},{"predicate":{"custom_model_data":418},"model":"modelengine:dwarf_blacksmith/spear"},{"predicate":{"custom_model_data":419},"model":"modelengine:dwarf_blacksmith/sword"},{"predicate":{"custom_model_data":420},"model":"modelengine:dwarf_blacksmith/iron"},{"predicate":{"custom_model_data":421},"model":"modelengine:dwarf_blacksmith/weapon"},{"predicate":{"custom_model_data":422},"model":"modelengine:dwarf_blacksmith/beard_end"},{"predicate":{"custom_model_data":423},"model":"modelengine:dwarf_cleric/left_leg"},{"predicate":{"custom_model_data":424},"model":"modelengine:dwarf_cleric/upper_body"},{"predicate":{"custom_model_data":425},"model":"modelengine:dwarf_cleric/right_leg"},{"predicate":{"custom_model_data":426},"model":"modelengine:dwarf_cleric/left_ankle"},{"predicate":{"custom_model_data":427},"model":"modelengine:dwarf_cleric/chest"},{"predicate":{"custom_model_data":428},"model":"modelengine:dwarf_cleric/back_cape"},{"predicate":{"custom_model_data":429},"model":"modelengine:dwarf_cleric/front_cape"},{"predicate":{"custom_model_data":430},"model":"modelengine:dwarf_cleric/right_ankle"},{"predicate":{"custom_model_data":431},"model":"modelengine:dwarf_cleric/head"},{"predicate":{"custom_model_data":432},"model":"modelengine:dwarf_cleric/right_arm"},{"predicate":{"custom_model_data":433},"model":"modelengine:dwarf_cleric/left_arm"},{"predicate":{"custom_model_data":434},"model":"modelengine:dwarf_cleric/right_beard"},{"predicate":{"custom_model_data":435},"model":"modelengine:dwarf_cleric/beard"},{"predicate":{"custom_model_data":436},"model":"modelengine:dwarf_cleric/left_beard"},{"predicate":{"custom_model_data":437},"model":"modelengine:dwarf_cleric/right_wrist"},{"predicate":{"custom_model_data":438},"model":"modelengine:dwarf_cleric/left_wrist"},{"predicate":{"custom_model_data":439},"model":"modelengine:dwarf_cleric/page"},{"predicate":{"custom_model_data":440},"model":"modelengine:dwarf_huntsman/left_leg"},{"predicate":{"custom_model_data":441},"model":"modelengine:dwarf_huntsman/upper_body"},{"predicate":{"custom_model_data":442},"model":"modelengine:dwarf_huntsman/right_leg"},{"predicate":{"custom_model_data":443},"model":"modelengine:dwarf_huntsman/left_ankle"},{"predicate":{"custom_model_data":444},"model":"modelengine:dwarf_huntsman/chest"},{"predicate":{"custom_model_data":445},"model":"modelengine:dwarf_huntsman/right_ankle"},{"predicate":{"custom_model_data":446},"model":"modelengine:dwarf_huntsman/head"},{"predicate":{"custom_model_data":447},"model":"modelengine:dwarf_huntsman/right_arm"},{"predicate":{"custom_model_data":448},"model":"modelengine:dwarf_huntsman/left_arm"},{"predicate":{"custom_model_data":449},"model":"modelengine:dwarf_huntsman/cape"},{"predicate":{"custom_model_data":450},"model":"modelengine:dwarf_huntsman/right_beard"},{"predicate":{"custom_model_data":451},"model":"modelengine:dwarf_huntsman/beard"},{"predicate":{"custom_model_data":452},"model":"modelengine:dwarf_huntsman/left_beard"},{"predicate":{"custom_model_data":453},"model":"modelengine:dwarf_huntsman/right_wrist"},{"predicate":{"custom_model_data":454},"model":"modelengine:dwarf_huntsman/left_wrist"},{"predicate":{"custom_model_data":455},"model":"modelengine:dwarf_huntsman/cape_end"},{"predicate":{"custom_model_data":456},"model":"modelengine:dwarf_knight/left_leg"},{"predicate":{"custom_model_data":457},"model":"modelengine:dwarf_knight/upper_body"},{"predicate":{"custom_model_data":458},"model":"modelengine:dwarf_knight/right_leg"},{"predicate":{"custom_model_data":459},"model":"modelengine:dwarf_knight/left_ankle"},{"predicate":{"custom_model_data":460},"model":"modelengine:dwarf_knight/chest"},{"predicate":{"custom_model_data":461},"model":"modelengine:dwarf_knight/right_ankle"},{"predicate":{"custom_model_data":462},"model":"modelengine:dwarf_knight/head"},{"predicate":{"custom_model_data":463},"model":"modelengine:dwarf_knight/right_arm"},{"predicate":{"custom_model_data":464},"model":"modelengine:dwarf_knight/left_arm"},{"predicate":{"custom_model_data":465},"model":"modelengine:dwarf_knight/right_beard"},{"predicate":{"custom_model_data":466},"model":"modelengine:dwarf_knight/beard"},{"predicate":{"custom_model_data":467},"model":"modelengine:dwarf_knight/left_beard"},{"predicate":{"custom_model_data":468},"model":"modelengine:dwarf_knight/right_wrist"},{"predicate":{"custom_model_data":469},"model":"modelengine:dwarf_knight/left_wrist"},{"predicate":{"custom_model_data":470},"model":"modelengine:explosive_seed/bone"},{"predicate":{"custom_model_data":471},"model":"modelengine:flarewing_dragon/upper_body"},{"predicate":{"custom_model_data":472},"model":"modelengine:flarewing_dragon/left_thigh"},{"predicate":{"custom_model_data":473},"model":"modelengine:flarewing_dragon/right_thigh"},{"predicate":{"custom_model_data":474},"model":"modelengine:flarewing_dragon/tail"},{"predicate":{"custom_model_data":475},"model":"modelengine:flarewing_dragon/stomach"},{"predicate":{"custom_model_data":476},"model":"modelengine:flarewing_dragon/left_leg"},{"predicate":{"custom_model_data":477},"model":"modelengine:flarewing_dragon/right_leg"},{"predicate":{"custom_model_data":478},"model":"modelengine:flarewing_dragon/tail_2"},{"predicate":{"custom_model_data":479},"model":"modelengine:flarewing_dragon/chest"},{"predicate":{"custom_model_data":480},"model":"modelengine:flarewing_dragon/right_arm"},{"predicate":{"custom_model_data":481},"model":"modelengine:flarewing_dragon/right_wing"},{"predicate":{"custom_model_data":482},"model":"modelengine:flarewing_dragon/left_arm"},{"predicate":{"custom_model_data":483},"model":"modelengine:flarewing_dragon/left_wing"},{"predicate":{"custom_model_data":484},"model":"modelengine:flarewing_dragon/left_ankle"},{"predicate":{"custom_model_data":485},"model":"modelengine:flarewing_dragon/right_ankle"},{"predicate":{"custom_model_data":486},"model":"modelengine:flarewing_dragon/tail_3"},{"predicate":{"custom_model_data":487},"model":"modelengine:flarewing_dragon/neck"},{"predicate":{"custom_model_data":488},"model":"modelengine:flarewing_dragon/right_wrist"},{"predicate":{"custom_model_data":489},"model":"modelengine:flarewing_dragon/right_wing_mid"},{"predicate":{"custom_model_data":490},"model":"modelengine:flarewing_dragon/left_wrist"},{"predicate":{"custom_model_data":491},"model":"modelengine:flarewing_dragon/left_wing_mid"},{"predicate":{"custom_model_data":492},"model":"modelengine:flarewing_dragon/left_foot"},{"predicate":{"custom_model_data":493},"model":"modelengine:flarewing_dragon/right_foot"},{"predicate":{"custom_model_data":494},"model":"modelengine:flarewing_dragon/tail_end"},{"predicate":{"custom_model_data":495},"model":"modelengine:flarewing_dragon/upper_neck"},{"predicate":{"custom_model_data":496},"model":"modelengine:flarewing_dragon/right_hand"},{"predicate":{"custom_model_data":497},"model":"modelengine:flarewing_dragon/right_wing_end"},{"predicate":{"custom_model_data":498},"model":"modelengine:flarewing_dragon/left_hand"},{"predicate":{"custom_model_data":499},"model":"modelengine:flarewing_dragon/left_wing_end"},{"predicate":{"custom_model_data":500},"model":"modelengine:flarewing_dragon/head"},{"predicate":{"custom_model_data":501},"model":"modelengine:flarewing_dragon/jaw"},{"predicate":{"custom_model_data":502},"model":"modelengine:frost_shield_shield/shield"},{"predicate":{"custom_model_data":503},"model":"modelengine:fx_arctic_charge/body"},{"predicate":{"custom_model_data":504},"model":"modelengine:fx_freeze/bone"},{"predicate":{"custom_model_data":505},"model":"modelengine:fx_freeze/bone2"},{"predicate":{"custom_model_data":506},"model":"modelengine:fx_frost_shield/body"},{"predicate":{"custom_model_data":507},"model":"modelengine:fx_frost_strike_1/body"},{"predicate":{"custom_model_data":508},"model":"modelengine:fx_frost_strike_2/body"},{"predicate":{"custom_model_data":509},"model":"modelengine:fx_frost_strike_3/body"},{"predicate":{"custom_model_data":510},"model":"modelengine:fx_frost_strike_4/body"},{"predicate":{"custom_model_data":511},"model":"modelengine:fx_frost_strike_5/body"},{"predicate":{"custom_model_data":512},"model":"modelengine:fx_frost_strike_6/body"},{"predicate":{"custom_model_data":513},"model":"modelengine:fx_frost_strike_7/body"},{"predicate":{"custom_model_data":514},"model":"modelengine:fx_frostbite/lower"},{"predicate":{"custom_model_data":515},"model":"modelengine:fx_frostbite/upper"},{"predicate":{"custom_model_data":516},"model":"modelengine:fx_ice_crater_big/stone_4"},{"predicate":{"custom_model_data":517},"model":"modelengine:fx_ice_crater_big/stone_5"},{"predicate":{"custom_model_data":518},"model":"modelengine:fx_ice_crater_big/stone_2"},{"predicate":{"custom_model_data":519},"model":"modelengine:fx_ice_crater_big/stone_3"},{"predicate":{"custom_model_data":520},"model":"modelengine:fx_ice_crater_big/body2"},{"predicate":{"custom_model_data":521},"model":"modelengine:fx_ice_crater_big/body3"},{"predicate":{"custom_model_data":522},"model":"modelengine:fx_ice_crater_big/stone_1"},{"predicate":{"custom_model_data":523},"model":"modelengine:fx_ice_crater_big/body4"},{"predicate":{"custom_model_data":524},"model":"modelengine:fx_ice_crater_big/body"},{"predicate":{"custom_model_data":525},"model":"modelengine:fx_ice_crater_small/stone_4"},{"predicate":{"custom_model_data":526},"model":"modelengine:fx_ice_crater_small/stone_5"},{"predicate":{"custom_model_data":527},"model":"modelengine:fx_ice_crater_small/stone_2"},{"predicate":{"custom_model_data":528},"model":"modelengine:fx_ice_crater_small/stone_3"},{"predicate":{"custom_model_data":529},"model":"modelengine:fx_ice_crater_small/body2"},{"predicate":{"custom_model_data":530},"model":"modelengine:fx_ice_crater_small/stone_1"},{"predicate":{"custom_model_data":531},"model":"modelengine:fx_ice_crater_small/body"},{"predicate":{"custom_model_data":532},"model":"modelengine:fx_ice_crystal/body"},{"predicate":{"custom_model_data":533},"model":"modelengine:fx_permafrost_lance/body"},{"predicate":{"custom_model_data":534},"model":"modelengine:fx_snowflake/body"},{"predicate":{"custom_model_data":535},"model":"modelengine:fx_snowflake/bone2"},{"predicate":{"custom_model_data":536},"model":"modelengine:fx_snowflake/bone"},{"predicate":{"custom_model_data":537},"model":"modelengine:god_embodiment/high"},{"predicate":{"custom_model_data":538},"model":"modelengine:god_embodiment/low"},{"predicate":{"custom_model_data":539},"model":"modelengine:god_embodiment/bottom"},{"predicate":{"custom_model_data":540},"model":"modelengine:god_embodiment/mid"},{"predicate":{"custom_model_data":541},"model":"modelengine:god_embodiment/upper_body"},{"predicate":{"custom_model_data":542},"model":"modelengine:god_embodiment/left_leg"},{"predicate":{"custom_model_data":543},"model":"modelengine:god_embodiment/right_leg"},{"predicate":{"custom_model_data":544},"model":"modelengine:god_embodiment/left_back"},{"predicate":{"custom_model_data":545},"model":"modelengine:god_embodiment/left_front"},{"predicate":{"custom_model_data":546},"model":"modelengine:god_embodiment/right_back"},{"predicate":{"custom_model_data":547},"model":"modelengine:god_embodiment/right_front"},{"predicate":{"custom_model_data":548},"model":"modelengine:god_embodiment/head"},{"predicate":{"custom_model_data":549},"model":"modelengine:god_embodiment/right_arm"},{"predicate":{"custom_model_data":550},"model":"modelengine:god_embodiment/left_arm"},{"predicate":{"custom_model_data":551},"model":"modelengine:god_embodiment/left_ankle"},{"predicate":{"custom_model_data":552},"model":"modelengine:god_embodiment/right_ankle"},{"predicate":{"custom_model_data":553},"model":"modelengine:god_embodiment/right_wrist"},{"predicate":{"custom_model_data":554},"model":"modelengine:god_embodiment/left_wrist"},{"predicate":{"custom_model_data":555},"model":"modelengine:hastur/upper_body"},{"predicate":{"custom_model_data":556},"model":"modelengine:hastur/stomach"},{"predicate":{"custom_model_data":557},"model":"modelengine:hastur/chest"},{"predicate":{"custom_model_data":558},"model":"modelengine:hastur/left_chains"},{"predicate":{"custom_model_data":559},"model":"modelengine:hastur/right_chains"},{"predicate":{"custom_model_data":560},"model":"modelengine:hastur/right_arm"},{"predicate":{"custom_model_data":561},"model":"modelengine:hastur/cloak"},{"predicate":{"custom_model_data":562},"model":"modelengine:hastur/left_arm"},{"predicate":{"custom_model_data":563},"model":"modelengine:hastur/left_chains_end"},{"predicate":{"custom_model_data":564},"model":"modelengine:hastur/right_chains_end"},{"predicate":{"custom_model_data":565},"model":"modelengine:hastur/right_wrist"},{"predicate":{"custom_model_data":566},"model":"modelengine:hastur/cloak_end"},{"predicate":{"custom_model_data":567},"model":"modelengine:hastur/left_wrist"},{"predicate":{"custom_model_data":568},"model":"modelengine:holy_lantern/body"},{"predicate":{"custom_model_data":569},"model":"modelengine:holy_spear/bone"},{"predicate":{"custom_model_data":570},"model":"modelengine:lich_king/upper_body"},{"predicate":{"custom_model_data":571},"model":"modelengine:lich_king/chest"},{"predicate":{"custom_model_data":572},"model":"modelengine:lich_king/right_cape"},{"predicate":{"custom_model_data":573},"model":"modelengine:lich_king/back_cape"},{"predicate":{"custom_model_data":574},"model":"modelengine:lich_king/left_cape"},{"predicate":{"custom_model_data":575},"model":"modelengine:lich_king/front_cape"},{"predicate":{"custom_model_data":576},"model":"modelengine:lich_king/head"},{"predicate":{"custom_model_data":577},"model":"modelengine:lich_king/right_arm"},{"predicate":{"custom_model_data":578},"model":"modelengine:lich_king/left_arm"},{"predicate":{"custom_model_data":579},"model":"modelengine:lich_king/right_cape_end"},{"predicate":{"custom_model_data":580},"model":"modelengine:lich_king/back_cape_end"},{"predicate":{"custom_model_data":581},"model":"modelengine:lich_king/left_cape_end"},{"predicate":{"custom_model_data":582},"model":"modelengine:lich_king/front_cape_end"},{"predicate":{"custom_model_data":583},"model":"modelengine:lich_king/jaw"},{"predicate":{"custom_model_data":584},"model":"modelengine:lich_king/right_string"},{"predicate":{"custom_model_data":585},"model":"modelengine:lich_king/right_wrist"},{"predicate":{"custom_model_data":586},"model":"modelengine:lich_king/left_wrist"},{"predicate":{"custom_model_data":587},"model":"modelengine:lich_king/left_string"},{"predicate":{"custom_model_data":588},"model":"modelengine:lich_king/right_string_end"},{"predicate":{"custom_model_data":589},"model":"modelengine:lich_king/right_hand"},{"predicate":{"custom_model_data":590},"model":"modelengine:lich_king/left_hand"},{"predicate":{"custom_model_data":591},"model":"modelengine:lich_king/left_string_end"},{"predicate":{"custom_model_data":592},"model":"modelengine:lich_king/scythe"},{"predicate":{"custom_model_data":593},"model":"modelengine:lich_king_scythe/scythe"},{"predicate":{"custom_model_data":594},"model":"modelengine:log/body"},{"predicate":{"custom_model_data":595},"model":"modelengine:meteor_storm_magic_circle/middle"},{"predicate":{"custom_model_data":596},"model":"modelengine:meteor_storm_magic_circle/outer"},{"predicate":{"custom_model_data":597},"model":"modelengine:meteor_storm_magic_circle/letters"},{"predicate":{"custom_model_data":598},"model":"modelengine:meteor_storm_meteor/body"},{"predicate":{"custom_model_data":599},"model":"modelengine:mutant_flower/left_leg"},{"predicate":{"custom_model_data":600},"model":"modelengine:mutant_flower/upper_body"},{"predicate":{"custom_model_data":601},"model":"modelengine:mutant_flower/right_leg"},{"predicate":{"custom_model_data":602},"model":"modelengine:mutant_flower/back_leg"},{"predicate":{"custom_model_data":603},"model":"modelengine:mutant_flower/front_leg"},{"predicate":{"custom_model_data":604},"model":"modelengine:mutant_flower/back_right_leaf"},{"predicate":{"custom_model_data":605},"model":"modelengine:mutant_flower/chest"},{"predicate":{"custom_model_data":606},"model":"modelengine:mutant_flower/front_left_leaf"},{"predicate":{"custom_model_data":607},"model":"modelengine:mutant_flower/back_left_leaf"},{"predicate":{"custom_model_data":608},"model":"modelengine:mutant_flower/front_right_leaf"},{"predicate":{"custom_model_data":609},"model":"modelengine:mutant_flower/head"},{"predicate":{"custom_model_data":610},"model":"modelengine:mutant_flower/back_petal"},{"predicate":{"custom_model_data":611},"model":"modelengine:mutant_flower/right_petal"},{"predicate":{"custom_model_data":612},"model":"modelengine:mutant_flower/front_petal"},{"predicate":{"custom_model_data":613},"model":"modelengine:mutant_flower/left_petal"},{"predicate":{"custom_model_data":614},"model":"modelengine:mutant_flower/back_mouth"},{"predicate":{"custom_model_data":615},"model":"modelengine:mutant_flower/front_mouth"},{"predicate":{"custom_model_data":616},"model":"modelengine:mutant_flower/right_mouth"},{"predicate":{"custom_model_data":617},"model":"modelengine:mutant_flower/left_mouth"},{"predicate":{"custom_model_data":618},"model":"modelengine:mutant_flower/back_petal_end"},{"predicate":{"custom_model_data":619},"model":"modelengine:mutant_flower/right_petal_end"},{"predicate":{"custom_model_data":620},"model":"modelengine:mutant_flower/front_petal_end"},{"predicate":{"custom_model_data":621},"model":"modelengine:mutant_flower/left_petal_end"},{"predicate":{"custom_model_data":622},"model":"modelengine:mutant_flower_vine/body"},{"predicate":{"custom_model_data":623},"model":"modelengine:mutant_flower_vine/middle"},{"predicate":{"custom_model_data":624},"model":"modelengine:mutant_flower_vine/top"},{"predicate":{"custom_model_data":625},"model":"modelengine:ore_copper/body"},{"predicate":{"custom_model_data":626},"model":"modelengine:ore_diamond/body"},{"predicate":{"custom_model_data":627},"model":"modelengine:ore_dragonite/body"},{"predicate":{"custom_model_data":628},"model":"modelengine:ore_emerald/body"},{"predicate":{"custom_model_data":629},"model":"modelengine:ore_gold/body"},{"predicate":{"custom_model_data":630},"model":"modelengine:ore_iron/body"},{"predicate":{"custom_model_data":631},"model":"modelengine:ore_ruby/body"},{"predicate":{"custom_model_data":632},"model":"modelengine:ore_sapphire/body"},{"predicate":{"custom_model_data":633},"model":"modelengine:ore_topaz/body"},{"predicate":{"custom_model_data":634},"model":"modelengine:paladin_hammer_fx/bone"},{"predicate":{"custom_model_data":635},"model":"modelengine:pebbles_1/body"},{"predicate":{"custom_model_data":636},"model":"modelengine:pebbles_2/body"},{"predicate":{"custom_model_data":637},"model":"modelengine:permafrost_sentinel/head"},{"predicate":{"custom_model_data":638},"model":"modelengine:permafrost_sentinel/upper_body"},{"predicate":{"custom_model_data":639},"model":"modelengine:permafrost_sentinel/right_arm"},{"predicate":{"custom_model_data":640},"model":"modelengine:permafrost_sentinel/left_arm"},{"predicate":{"custom_model_data":641},"model":"modelengine:permafrost_sentinel/stomach"},{"predicate":{"custom_model_data":642},"model":"modelengine:permafrost_sentinel/right_hand"},{"predicate":{"custom_model_data":643},"model":"modelengine:permafrost_sentinel/left_hand"},{"predicate":{"custom_model_data":644},"model":"modelengine:permafrost_sentinel/chest"},{"predicate":{"custom_model_data":645},"model":"modelengine:permafrost_sentinel_death/head"},{"predicate":{"custom_model_data":646},"model":"modelengine:permafrost_sentinel_death/upper_body"},{"predicate":{"custom_model_data":647},"model":"modelengine:permafrost_sentinel_death/right_arm"},{"predicate":{"custom_model_data":648},"model":"modelengine:permafrost_sentinel_death/left_arm"},{"predicate":{"custom_model_data":649},"model":"modelengine:permafrost_sentinel_death/right_hand"},{"predicate":{"custom_model_data":650},"model":"modelengine:permafrost_sentinel_death/left_hand"},{"predicate":{"custom_model_data":651},"model":"modelengine:permafrost_sentinel_death/stomach"},{"predicate":{"custom_model_data":652},"model":"modelengine:permafrost_sentinel_death/chest"},{"predicate":{"custom_model_data":653},"model":"modelengine:runestone_heal/magic"},{"predicate":{"custom_model_data":654},"model":"modelengine:runestone_heal/left_stone"},{"predicate":{"custom_model_data":655},"model":"modelengine:runestone_heal/right_stone"},{"predicate":{"custom_model_data":656},"model":"modelengine:runestone_heal/stone"},{"predicate":{"custom_model_data":657},"model":"modelengine:runestone_resistance/magic"},{"predicate":{"custom_model_data":658},"model":"modelengine:runestone_resistance/left_stone"},{"predicate":{"custom_model_data":659},"model":"modelengine:runestone_resistance/right_stone"},{"predicate":{"custom_model_data":660},"model":"modelengine:runestone_resistance/stone"},{"predicate":{"custom_model_data":661},"model":"modelengine:runestone_speed/magic"},{"predicate":{"custom_model_data":662},"model":"modelengine:runestone_speed/left_stone"},{"predicate":{"custom_model_data":663},"model":"modelengine:runestone_speed/right_stone"},{"predicate":{"custom_model_data":664},"model":"modelengine:runestone_speed/stone"},{"predicate":{"custom_model_data":665},"model":"modelengine:runestone_strength/magic"},{"predicate":{"custom_model_data":666},"model":"modelengine:runestone_strength/left_stone"},{"predicate":{"custom_model_data":667},"model":"modelengine:runestone_strength/right_stone"},{"predicate":{"custom_model_data":668},"model":"modelengine:runestone_strength/stone"},{"predicate":{"custom_model_data":669},"model":"modelengine:shadow_archer/upper_body"},{"predicate":{"custom_model_data":670},"model":"modelengine:shadow_archer/left_leg"},{"predicate":{"custom_model_data":671},"model":"modelengine:shadow_archer/right_leg"},{"predicate":{"custom_model_data":672},"model":"modelengine:shadow_archer/chest"},{"predicate":{"custom_model_data":673},"model":"modelengine:shadow_archer/left_ankle"},{"predicate":{"custom_model_data":674},"model":"modelengine:shadow_archer/right_ankle"},{"predicate":{"custom_model_data":675},"model":"modelengine:shadow_archer/head"},{"predicate":{"custom_model_data":676},"model":"modelengine:shadow_archer/right_arm"},{"predicate":{"custom_model_data":677},"model":"modelengine:shadow_archer/left_arm"},{"predicate":{"custom_model_data":678},"model":"modelengine:shadow_archer/cape"},{"predicate":{"custom_model_data":679},"model":"modelengine:shadow_archer/right_wrist"},{"predicate":{"custom_model_data":680},"model":"modelengine:shadow_archer/left_wrist"},{"predicate":{"custom_model_data":681},"model":"modelengine:shadow_archer/cape_end"},{"predicate":{"custom_model_data":682},"model":"modelengine:shadow_archer/weapon"},{"predicate":{"custom_model_data":683},"model":"modelengine:shadow_arrow/body"},{"predicate":{"custom_model_data":684},"model":"modelengine:shadow_blade/body"},{"predicate":{"custom_model_data":685},"model":"modelengine:shadow_dragon/upper_body"},{"predicate":{"custom_model_data":686},"model":"modelengine:shadow_dragon/left_thigh"},{"predicate":{"custom_model_data":687},"model":"modelengine:shadow_dragon/right_thigh"},{"predicate":{"custom_model_data":688},"model":"modelengine:shadow_dragon/tail"},{"predicate":{"custom_model_data":689},"model":"modelengine:shadow_dragon/stomach"},{"predicate":{"custom_model_data":690},"model":"modelengine:shadow_dragon/left_leg"},{"predicate":{"custom_model_data":691},"model":"modelengine:shadow_dragon/right_leg"},{"predicate":{"custom_model_data":692},"model":"modelengine:shadow_dragon/tail_2"},{"predicate":{"custom_model_data":693},"model":"modelengine:shadow_dragon/chest"},{"predicate":{"custom_model_data":694},"model":"modelengine:shadow_dragon/right_arm"},{"predicate":{"custom_model_data":695},"model":"modelengine:shadow_dragon/right_wing"},{"predicate":{"custom_model_data":696},"model":"modelengine:shadow_dragon/left_arm"},{"predicate":{"custom_model_data":697},"model":"modelengine:shadow_dragon/left_wing"},{"predicate":{"custom_model_data":698},"model":"modelengine:shadow_dragon/left_ankle"},{"predicate":{"custom_model_data":699},"model":"modelengine:shadow_dragon/right_ankle"},{"predicate":{"custom_model_data":700},"model":"modelengine:shadow_dragon/tail_3"},{"predicate":{"custom_model_data":701},"model":"modelengine:shadow_dragon/neck"},{"predicate":{"custom_model_data":702},"model":"modelengine:shadow_dragon/right_wrist"},{"predicate":{"custom_model_data":703},"model":"modelengine:shadow_dragon/right_wing_mid"},{"predicate":{"custom_model_data":704},"model":"modelengine:shadow_dragon/left_wrist"},{"predicate":{"custom_model_data":705},"model":"modelengine:shadow_dragon/left_wing_mid"},{"predicate":{"custom_model_data":706},"model":"modelengine:shadow_dragon/left_foot"},{"predicate":{"custom_model_data":707},"model":"modelengine:shadow_dragon/right_foot"},{"predicate":{"custom_model_data":708},"model":"modelengine:shadow_dragon/tail_end"},{"predicate":{"custom_model_data":709},"model":"modelengine:shadow_dragon/upper_neck"},{"predicate":{"custom_model_data":710},"model":"modelengine:shadow_dragon/right_hand"},{"predicate":{"custom_model_data":711},"model":"modelengine:shadow_dragon/right_wing_end"},{"predicate":{"custom_model_data":712},"model":"modelengine:shadow_dragon/left_hand"},{"predicate":{"custom_model_data":713},"model":"modelengine:shadow_dragon/left_wing_end"},{"predicate":{"custom_model_data":714},"model":"modelengine:shadow_dragon/head"},{"predicate":{"custom_model_data":715},"model":"modelengine:shadow_dragon/jaw"},{"predicate":{"custom_model_data":716},"model":"modelengine:shadow_fx/upper"},{"predicate":{"custom_model_data":717},"model":"modelengine:shadow_fx/lower"},{"predicate":{"custom_model_data":718},"model":"modelengine:shadow_knight/upper_body"},{"predicate":{"custom_model_data":719},"model":"modelengine:shadow_knight/left_leg"},{"predicate":{"custom_model_data":720},"model":"modelengine:shadow_knight/right_leg"},{"predicate":{"custom_model_data":721},"model":"modelengine:shadow_knight/chest"},{"predicate":{"custom_model_data":722},"model":"modelengine:shadow_knight/left_ankle"},{"predicate":{"custom_model_data":723},"model":"modelengine:shadow_knight/right_ankle"},{"predicate":{"custom_model_data":724},"model":"modelengine:shadow_knight/head"},{"predicate":{"custom_model_data":725},"model":"modelengine:shadow_knight/right_arm"},{"predicate":{"custom_model_data":726},"model":"modelengine:shadow_knight/left_arm"},{"predicate":{"custom_model_data":727},"model":"modelengine:shadow_knight/right_wrist"},{"predicate":{"custom_model_data":728},"model":"modelengine:shadow_knight/left_wrist"},{"predicate":{"custom_model_data":729},"model":"modelengine:shadow_knight/weapon"},{"predicate":{"custom_model_data":730},"model":"modelengine:shadow_spirit/head"},{"predicate":{"custom_model_data":731},"model":"modelengine:shadow_spirit/chest"},{"predicate":{"custom_model_data":732},"model":"modelengine:shadow_spirit/lower_body"},{"predicate":{"custom_model_data":733},"model":"modelengine:skeleton_archer/left_leg"},{"predicate":{"custom_model_data":734},"model":"modelengine:skeleton_archer/upper_body"},{"predicate":{"custom_model_data":735},"model":"modelengine:skeleton_archer/right_leg"},{"predicate":{"custom_model_data":736},"model":"modelengine:skeleton_archer/left_ankle"},{"predicate":{"custom_model_data":737},"model":"modelengine:skeleton_archer/chest"},{"predicate":{"custom_model_data":738},"model":"modelengine:skeleton_archer/back_cape"},{"predicate":{"custom_model_data":739},"model":"modelengine:skeleton_archer/front_cape"},{"predicate":{"custom_model_data":740},"model":"modelengine:skeleton_archer/right_ankle"},{"predicate":{"custom_model_data":741},"model":"modelengine:skeleton_archer/left_foot"},{"predicate":{"custom_model_data":742},"model":"modelengine:skeleton_archer/head"},{"predicate":{"custom_model_data":743},"model":"modelengine:skeleton_archer/right_arm"},{"predicate":{"custom_model_data":744},"model":"modelengine:skeleton_archer/left_arm"},{"predicate":{"custom_model_data":745},"model":"modelengine:skeleton_archer/back_cape_end"},{"predicate":{"custom_model_data":746},"model":"modelengine:skeleton_archer/front_cape_end"},{"predicate":{"custom_model_data":747},"model":"modelengine:skeleton_archer/right_foot"},{"predicate":{"custom_model_data":748},"model":"modelengine:skeleton_archer/jaw"},{"predicate":{"custom_model_data":749},"model":"modelengine:skeleton_archer/right_wrist"},{"predicate":{"custom_model_data":750},"model":"modelengine:skeleton_archer/left_wrist"},{"predicate":{"custom_model_data":751},"model":"modelengine:skeleton_archer/right_hand"},{"predicate":{"custom_model_data":752},"model":"modelengine:skeleton_archer/left_hand"},{"predicate":{"custom_model_data":753},"model":"modelengine:skeleton_archer/bow"},{"predicate":{"custom_model_data":754},"model":"modelengine:skeleton_shaman/left_leg"},{"predicate":{"custom_model_data":755},"model":"modelengine:skeleton_shaman/upper_body"},{"predicate":{"custom_model_data":756},"model":"modelengine:skeleton_shaman/right_leg"},{"predicate":{"custom_model_data":757},"model":"modelengine:skeleton_shaman/left_ankle"},{"predicate":{"custom_model_data":758},"model":"modelengine:skeleton_shaman/chest"},{"predicate":{"custom_model_data":759},"model":"modelengine:skeleton_shaman/back_cape"},{"predicate":{"custom_model_data":760},"model":"modelengine:skeleton_shaman/front_cape"},{"predicate":{"custom_model_data":761},"model":"modelengine:skeleton_shaman/right_ankle"},{"predicate":{"custom_model_data":762},"model":"modelengine:skeleton_shaman/left_foot"},{"predicate":{"custom_model_data":763},"model":"modelengine:skeleton_shaman/head"},{"predicate":{"custom_model_data":764},"model":"modelengine:skeleton_shaman/right_arm"},{"predicate":{"custom_model_data":765},"model":"modelengine:skeleton_shaman/left_arm"},{"predicate":{"custom_model_data":766},"model":"modelengine:skeleton_shaman/back_cape_end"},{"predicate":{"custom_model_data":767},"model":"modelengine:skeleton_shaman/front_cape_end"},{"predicate":{"custom_model_data":768},"model":"modelengine:skeleton_shaman/right_foot"},{"predicate":{"custom_model_data":769},"model":"modelengine:skeleton_shaman/jaw"},{"predicate":{"custom_model_data":770},"model":"modelengine:skeleton_shaman/right_wrist"},{"predicate":{"custom_model_data":771},"model":"modelengine:skeleton_shaman/left_wrist"},{"predicate":{"custom_model_data":772},"model":"modelengine:skeleton_shaman/right_hand"},{"predicate":{"custom_model_data":773},"model":"modelengine:skeleton_shaman/left_hand"},{"predicate":{"custom_model_data":774},"model":"modelengine:skeleton_warrior/left_leg"},{"predicate":{"custom_model_data":775},"model":"modelengine:skeleton_warrior/upper_body"},{"predicate":{"custom_model_data":776},"model":"modelengine:skeleton_warrior/right_leg"},{"predicate":{"custom_model_data":777},"model":"modelengine:skeleton_warrior/left_ankle"},{"predicate":{"custom_model_data":778},"model":"modelengine:skeleton_warrior/chest"},{"predicate":{"custom_model_data":779},"model":"modelengine:skeleton_warrior/back_cape"},{"predicate":{"custom_model_data":780},"model":"modelengine:skeleton_warrior/front_cape"},{"predicate":{"custom_model_data":781},"model":"modelengine:skeleton_warrior/right_ankle"},{"predicate":{"custom_model_data":782},"model":"modelengine:skeleton_warrior/left_foot"},{"predicate":{"custom_model_data":783},"model":"modelengine:skeleton_warrior/head"},{"predicate":{"custom_model_data":784},"model":"modelengine:skeleton_warrior/right_arm"},{"predicate":{"custom_model_data":785},"model":"modelengine:skeleton_warrior/left_arm"},{"predicate":{"custom_model_data":786},"model":"modelengine:skeleton_warrior/back_cape_end"},{"predicate":{"custom_model_data":787},"model":"modelengine:skeleton_warrior/front_cape_end"},{"predicate":{"custom_model_data":788},"model":"modelengine:skeleton_warrior/right_foot"},{"predicate":{"custom_model_data":789},"model":"modelengine:skeleton_warrior/jaw"},{"predicate":{"custom_model_data":790},"model":"modelengine:skeleton_warrior/right_wrist"},{"predicate":{"custom_model_data":791},"model":"modelengine:skeleton_warrior/left_wrist"},{"predicate":{"custom_model_data":792},"model":"modelengine:skeleton_warrior/right_hand"},{"predicate":{"custom_model_data":793},"model":"modelengine:skeleton_warrior/left_hand"},{"predicate":{"custom_model_data":794},"model":"modelengine:skywhisper_wyvern/upper_body"},{"predicate":{"custom_model_data":795},"model":"modelengine:skywhisper_wyvern/left_thigh"},{"predicate":{"custom_model_data":796},"model":"modelengine:skywhisper_wyvern/right_thigh"},{"predicate":{"custom_model_data":797},"model":"modelengine:skywhisper_wyvern/chest"},{"predicate":{"custom_model_data":798},"model":"modelengine:skywhisper_wyvern/tail"},{"predicate":{"custom_model_data":799},"model":"modelengine:skywhisper_wyvern/left_leg"},{"predicate":{"custom_model_data":800},"model":"modelengine:skywhisper_wyvern/right_leg"},{"predicate":{"custom_model_data":801},"model":"modelengine:skywhisper_wyvern/right_wing"},{"predicate":{"custom_model_data":802},"model":"modelengine:skywhisper_wyvern/left_wing"},{"predicate":{"custom_model_data":803},"model":"modelengine:skywhisper_wyvern/neck"},{"predicate":{"custom_model_data":804},"model":"modelengine:skywhisper_wyvern/tail_mid"},{"predicate":{"custom_model_data":805},"model":"modelengine:skywhisper_wyvern/left_ankle"},{"predicate":{"custom_model_data":806},"model":"modelengine:skywhisper_wyvern/right_ankle"},{"predicate":{"custom_model_data":807},"model":"modelengine:skywhisper_wyvern/right_wing_mid"},{"predicate":{"custom_model_data":808},"model":"modelengine:skywhisper_wyvern/left_wing_mid"},{"predicate":{"custom_model_data":809},"model":"modelengine:skywhisper_wyvern/neck_mid"},{"predicate":{"custom_model_data":810},"model":"modelengine:skywhisper_wyvern/tail_end"},{"predicate":{"custom_model_data":811},"model":"modelengine:skywhisper_wyvern/left_foot"},{"predicate":{"custom_model_data":812},"model":"modelengine:skywhisper_wyvern/right_foot"},{"predicate":{"custom_model_data":813},"model":"modelengine:skywhisper_wyvern/right_wing_end"},{"predicate":{"custom_model_data":814},"model":"modelengine:skywhisper_wyvern/left_wing_end"},{"predicate":{"custom_model_data":815},"model":"modelengine:skywhisper_wyvern/neck_end"},{"predicate":{"custom_model_data":816},"model":"modelengine:skywhisper_wyvern/head"},{"predicate":{"custom_model_data":817},"model":"modelengine:skywhisper_wyvern/jaw"},{"predicate":{"custom_model_data":818},"model":"modelengine:tear_of_god/body"},{"predicate":{"custom_model_data":819},"model":"modelengine:terravore_drake/upper_body"},{"predicate":{"custom_model_data":820},"model":"modelengine:terravore_drake/left_thigh"},{"predicate":{"custom_model_data":821},"model":"modelengine:terravore_drake/right_thigh"},{"predicate":{"custom_model_data":822},"model":"modelengine:terravore_drake/right_arm"},{"predicate":{"custom_model_data":823},"model":"modelengine:terravore_drake/left_arm"},{"predicate":{"custom_model_data":824},"model":"modelengine:terravore_drake/tail"},{"predicate":{"custom_model_data":825},"model":"modelengine:terravore_drake/neck"},{"predicate":{"custom_model_data":826},"model":"modelengine:terravore_drake/left_leg"},{"predicate":{"custom_model_data":827},"model":"modelengine:terravore_drake/right_leg"},{"predicate":{"custom_model_data":828},"model":"modelengine:terravore_drake/right_wrist"},{"predicate":{"custom_model_data":829},"model":"modelengine:terravore_drake/left_wrist"},{"predicate":{"custom_model_data":830},"model":"modelengine:terravore_drake/tail_mid"},{"predicate":{"custom_model_data":831},"model":"modelengine:terravore_drake/upper_neck"},{"predicate":{"custom_model_data":832},"model":"modelengine:terravore_drake/left_ankle"},{"predicate":{"custom_model_data":833},"model":"modelengine:terravore_drake/right_ankle"},{"predicate":{"custom_model_data":834},"model":"modelengine:terravore_drake/right_hand"},{"predicate":{"custom_model_data":835},"model":"modelengine:terravore_drake/left_hand"},{"predicate":{"custom_model_data":836},"model":"modelengine:terravore_drake/tail_end"},{"predicate":{"custom_model_data":837},"model":"modelengine:terravore_drake/head"},{"predicate":{"custom_model_data":838},"model":"modelengine:terravore_drake/left_foot"},{"predicate":{"custom_model_data":839},"model":"modelengine:terravore_drake/right_foot"},{"predicate":{"custom_model_data":840},"model":"modelengine:terravore_drake/tail_end_end"},{"predicate":{"custom_model_data":841},"model":"modelengine:terravore_drake/jaw"},{"predicate":{"custom_model_data":842},"model":"modelengine:thorn_spitter/body"},{"predicate":{"custom_model_data":843},"model":"modelengine:thorn_spitter/upper_body"},{"predicate":{"custom_model_data":844},"model":"modelengine:thorn_spitter/back_petal"},{"predicate":{"custom_model_data":845},"model":"modelengine:thorn_spitter/right_petal"},{"predicate":{"custom_model_data":846},"model":"modelengine:thorn_spitter/stomach"},{"predicate":{"custom_model_data":847},"model":"modelengine:thorn_spitter/front_petal"},{"predicate":{"custom_model_data":848},"model":"modelengine:thorn_spitter/left_petal"},{"predicate":{"custom_model_data":849},"model":"modelengine:thorn_spitter/chest"},{"predicate":{"custom_model_data":850},"model":"modelengine:thorn_spitter/head"},{"predicate":{"custom_model_data":851},"model":"modelengine:thorn_spitter/right_down_jaw"},{"predicate":{"custom_model_data":852},"model":"modelengine:thorn_spitter/left_down_jaw"},{"predicate":{"custom_model_data":853},"model":"modelengine:thorn_spitter/right_up_jaw"},{"predicate":{"custom_model_data":854},"model":"modelengine:thorn_spitter/left_up_jaw"},{"predicate":{"custom_model_data":855},"model":"modelengine:vase_common/body"},{"predicate":{"custom_model_data":856},"model":"modelengine:vase_small/body"},{"predicate":{"custom_model_data":857},"model":"modelengine:vase_tall/body"},{"predicate":{"custom_model_data":858},"model":"modelengine:vfx_air_pulse/body"},{"predicate":{"custom_model_data":859},"model":"modelengine:vfx_dragon_totem/body"},{"predicate":{"custom_model_data":860},"model":"modelengine:vine_guardian/upper_body"},{"predicate":{"custom_model_data":861},"model":"modelengine:vine_guardian/left_leg"},{"predicate":{"custom_model_data":862},"model":"modelengine:vine_guardian/right_leg"},{"predicate":{"custom_model_data":863},"model":"modelengine:vine_guardian/head"},{"predicate":{"custom_model_data":864},"model":"modelengine:vine_guardian/right_arm"},{"predicate":{"custom_model_data":865},"model":"modelengine:vine_guardian/left_arm"},{"predicate":{"custom_model_data":866},"model":"modelengine:vine_guardian/left_ankle"},{"predicate":{"custom_model_data":867},"model":"modelengine:vine_guardian/right_ankle"},{"predicate":{"custom_model_data":868},"model":"modelengine:vine_guardian/jaw"},{"predicate":{"custom_model_data":869},"model":"modelengine:vine_guardian/right_wrist"},{"predicate":{"custom_model_data":870},"model":"modelengine:vine_guardian/left_wrist"},{"predicate":{"custom_model_data":871},"model":"modelengine:vine_guardian/left_foot"},{"predicate":{"custom_model_data":872},"model":"modelengine:vine_guardian/right_foot"},{"predicate":{"custom_model_data":873},"model":"modelengine:vine_root/vine2"},{"predicate":{"custom_model_data":874},"model":"modelengine:vine_root/vine"},{"predicate":{"custom_model_data":875},"model":"modelengine:void_chains/chain_6"},{"predicate":{"custom_model_data":876},"model":"modelengine:void_chains/chain_5"},{"predicate":{"custom_model_data":877},"model":"modelengine:void_chains/chain_4"},{"predicate":{"custom_model_data":878},"model":"modelengine:void_chains/chain_3"},{"predicate":{"custom_model_data":879},"model":"modelengine:void_chains/chain_2"},{"predicate":{"custom_model_data":880},"model":"modelengine:void_chains/chain_1"},{"predicate":{"custom_model_data":881},"model":"modelengine:void_chains/chain_end"}],"parent":"minecraft:item/generated","textures":{"layer0":"minecraft:item/leather_horse_armor"}}