{
    "parent": "minecraft:item/generated",
    "textures": {
        "layer0": "minecraft:item/paper"
    },
    "overrides": [
        {"predicate": { "custom_model_data": 12000 }, "model": "hq_upgrade/item/scrollprotect"},
        {"predicate": { "custom_model_data": 12001 }, "model": "hq_upgrade/item/honinggem"},
        {"predicate": { "custom_model_data": 12002 }, "model": "hq_upgrade/item/honinggem2"},
        {"predicate": { "custom_model_data": 12100 }, "model": "hq_upgrade/item/resetscroll"}
    ]
}