{"textures":{"0":"modelengine:entity/barrel_poison"},"elements":[{"from":[1.0,9.525,1.0],"to":[15.0,11.525,15.0],"faces":{"east":{"uv":[3.5,6.875,5.25,7.125],"tintindex":0,"rotation":0,"texture":"#0"},"south":{"uv":[3.5,6.875,5.25,7.125],"tintindex":0,"rotation":0,"texture":"#0"},"north":{"uv":[3.5,6.875,5.25,7.125],"tintindex":0,"rotation":0,"texture":"#0"},"west":{"uv":[3.5,6.875,5.25,7.125],"tintindex":0,"rotation":0,"texture":"#0"},"up":{"uv":[3.625,1.75,1.875,0.0],"tintindex":0,"rotation":0,"texture":"#0"},"down":{"uv":[3.625,1.875,1.875,3.625],"tintindex":0,"rotation":0,"texture":"#0"}}},{"from":[1.0,19.525,1.0],"to":[15.0,21.525,15.0],"faces":{"east":{"uv":[3.5,6.875,5.25,7.125],"tintindex":0,"rotation":0,"texture":"#0"},"south":{"uv":[3.5,6.875,5.25,7.125],"tintindex":0,"rotation":0,"texture":"#0"},"north":{"uv":[3.5,6.875,5.25,7.125],"tintindex":0,"rotation":0,"texture":"#0"},"west":{"uv":[3.5,6.875,5.25,7.125],"tintindex":0,"rotation":0,"texture":"#0"},"up":{"uv":[3.625,1.75,1.875,0.0],"tintindex":0,"rotation":0,"texture":"#0"},"down":{"uv":[3.625,1.875,1.875,3.625],"tintindex":0,"rotation":0,"texture":"#0"}}},{"from":[1.5,8.025,1.5],"to":[14.5,23.025,14.5],"faces":{"east":{"uv":[3.75,3.75,5.375,5.625],"tintindex":0,"rotation":0,"texture":"#0"},"south":{"uv":[3.75,3.75,5.375,5.625],"tintindex":0,"rotation":0,"texture":"#0"},"north":{"uv":[3.75,3.75,5.375,5.625],"tintindex":0,"rotation":0,"texture":"#0"},"west":{"uv":[3.75,3.75,5.375,5.625],"tintindex":0,"rotation":0,"texture":"#0"},"up":{"uv":[3.375,7.25,1.75,5.625],"tintindex":0,"rotation":0,"texture":"#0"},"down":{"uv":[3.375,7.25,1.75,5.625],"tintindex":0,"rotation":0,"texture":"#0"}}}],"display":{"gui":{"rotation":[30,225,0]}}}