{"textures":{"0":"modelengine:entity/aurorafowl"},"elements":[{"from":[5.45,7.9413643,1.9522009],"to":[10.55,12.941364,8.952201],"faces":{"east":{"uv":[6.125,8.5,7.0,9.125],"tintindex":0,"rotation":0,"texture":"#0"},"south":{"uv":[11.375,0.0,12.0,0.625],"tintindex":0,"rotation":0,"texture":"#0"},"north":{"uv":[10.875,11.25,11.5,11.875],"tintindex":0,"rotation":0,"texture":"#0"},"west":{"uv":[10.75,1.25,11.625,1.875],"tintindex":0,"rotation":0,"texture":"#0"},"up":{"uv":[3.5,11.625,2.875,10.75],"tintindex":0,"rotation":0,"texture":"#0"},"down":{"uv":[8.875,10.75,8.25,11.625],"tintindex":0,"rotation":0,"texture":"#0"}},"rotation":{"origin":[7.95,8.441364,9.952201],"angle":-22.5,"axis":"x"}},{"from":[7.0,8.941364,-2.047799],"to":[9.0,10.941364,1.9522009],"faces":{"east":{"uv":[11.625,6.0,12.125,6.25],"tintindex":0,"rotation":0,"texture":"#0"},"south":{"uv":[2.25,10.375,2.5,10.625],"tintindex":0,"rotation":0,"texture":"#0"},"north":{"uv":[5.75,9.75,6.0,10.0],"tintindex":0,"rotation":0,"texture":"#0"},"west":{"uv":[12.0,5.125,12.5,5.375],"tintindex":0,"rotation":0,"texture":"#0"},"up":{"uv":[12.5,11.125,12.25,10.625],"tintindex":0,"rotation":0,"texture":"#0"},"down":{"uv":[12.125,12.25,11.875,12.75],"tintindex":0,"rotation":0,"texture":"#0"}},"rotation":{"origin":[7.5,8.441364,9.952201],"angle":-22.5,"axis":"x"}},{"from":[7.5,2.158863,-2.0910616],"to":[8.5,6.158863,-1.0910616],"faces":{"east":{"uv":[10.125,2.125,10.25,2.625],"tintindex":0,"rotation":0,"texture":"#0"},"south":{"uv":[8.25,12.25,8.375,12.75],"tintindex":0,"rotation":0,"texture":"#0"},"north":{"uv":[9.875,7.375,10.0,7.875],"tintindex":0,"rotation":0,"texture":"#0"},"west":{"uv":[0.75,12.625,0.875,13.125],"tintindex":0,"rotation":0,"texture":"#0"},"up":{"uv":[7.5,5.125,7.375,5.0],"tintindex":0,"rotation":0,"texture":"#0"},"down":{"uv":[4.75,8.25,4.625,8.375],"tintindex":0,"rotation":0,"texture":"#0"}}},{"from":[10.0,12.941364,1.9522009],"to":[10.0,18.941366,12.9522],"faces":{"east":{"uv":[6.125,9.25,7.5,10.0],"tintindex":0,"rotation":0,"texture":"#0"},"west":{"uv":[1.25,9.5,2.625,10.25],"tintindex":0,"rotation":0,"texture":"#0"}},"rotation":{"origin":[5.5,8.441364,9.952201],"angle":-22.5,"axis":"x"}},{"from":[5.525,10.143154,7.4256573],"to":[5.525,19.143156,11.425657],"faces":{"east":{"uv":[10.625,9.5,11.125,10.625],"tintindex":0,"rotation":0,"texture":"#0"},"west":{"uv":[9.625,10.625,10.125,11.75],"tintindex":0,"rotation":0,"texture":"#0"}},"rotation":{"origin":[5.5,15.143156,7.4256573],"angle":22.5,"axis":"x"}},{"from":[10.475,10.143154,7.4256573],"to":[10.475,19.143156,11.425657],"faces":{"east":{"uv":[10.75,0.0,11.25,1.125],"tintindex":0,"rotation":0,"texture":"#0"},"west":{"uv":[2.25,10.75,2.75,11.875],"tintindex":0,"rotation":0,"texture":"#0"}},"rotation":{"origin":[10.5,15.143156,7.4256573],"angle":22.5,"axis":"x"}},{"from":[6.0,12.941364,1.9522009],"to":[6.0,18.941366,12.9522],"faces":{"east":{"uv":[9.0,6.5,10.375,7.25],"tintindex":0,"rotation":0,"texture":"#0"},"west":{"uv":[9.25,1.25,10.625,2.0],"tintindex":0,"rotation":0,"texture":"#0"}},"rotation":{"origin":[10.5,8.441364,9.952201],"angle":-22.5,"axis":"x"}}],"display":{"gui":{"rotation":[30,225,0]}}}