{"textures":{"0":"modelengine:entity/aurorafowl"},"elements":[{"from":[7.0,10.326834,3.7387962],"to":[9.0,11.326834,7.738796],"faces":{"east":{"uv":[5.75,5.0,6.25,5.125],"tintindex":0,"rotation":0,"texture":"#0"},"south":{"uv":[8.125,1.25,8.375,1.375],"tintindex":0,"rotation":0,"texture":"#0"},"north":{"uv":[7.0,5.0,7.25,5.125],"tintindex":0,"rotation":0,"texture":"#0"},"west":{"uv":[6.375,5.0,6.875,5.125],"tintindex":0,"rotation":0,"texture":"#0"},"up":{"uv":[12.625,4.25,12.375,3.75],"tintindex":0,"rotation":0,"texture":"#0"},"down":{"uv":[12.625,4.375,12.375,4.875],"tintindex":0,"rotation":0,"texture":"#0"}},"rotation":{"origin":[7.5,10.826834,15.738796],"angle":-22.5,"axis":"x"}}],"display":{"gui":{"rotation":[30,225,0]}}}