{"textures":{"0":"modelengine:entity/aurorafowl"},"elements":[{"from":[6.831412,5.241667,-0.22192383],"to":[6.831412,8.241667,3.7780766],"faces":{"east":{"uv":[8.875,11.875,9.375,12.25],"tintindex":0,"rotation":0,"texture":"#0"},"west":{"uv":[9.5,11.875,10.0,12.25],"tintindex":0,"rotation":0,"texture":"#0"}},"rotation":{"origin":[5.831412,6.741667,6.7780766],"angle":22.5,"axis":"y"}},{"from":[7.831412,5.241667,2.1530771],"to":[9.831411,8.241667,8.153077],"faces":{"east":{"uv":[11.375,0.75,12.125,1.125],"tintindex":0,"rotation":0,"texture":"#0"},"south":{"uv":[9.625,12.375,9.875,12.75],"tintindex":0,"rotation":0,"texture":"#0"},"north":{"uv":[12.375,9.375,12.625,9.75],"tintindex":0,"rotation":0,"texture":"#0"},"west":{"uv":[11.625,5.5,12.375,5.875],"tintindex":0,"rotation":0,"texture":"#0"},"up":{"uv":[3.875,12.75,3.625,12.0],"tintindex":0,"rotation":0,"texture":"#0"},"down":{"uv":[4.25,12.0,4.0,12.75],"tintindex":0,"rotation":0,"texture":"#0"}},"rotation":{"origin":[5.831412,6.741667,6.7780766],"angle":-22.5,"axis":"y"}},{"from":[9.127512,5.241667,-0.22192383],"to":[9.127512,8.241667,3.7780766],"faces":{"east":{"uv":[10.125,11.875,10.625,12.25],"tintindex":0,"rotation":0,"texture":"#0"},"west":{"uv":[2.125,12.0,2.625,12.375],"tintindex":0,"rotation":0,"texture":"#0"}},"rotation":{"origin":[10.127512,6.741667,6.7780766],"angle":-22.5,"axis":"y"}},{"from":[7.081412,5.2666664,2.5780768],"to":[9.081411,8.266666,8.578077],"faces":{"east":{"uv":[11.625,8.375,12.375,8.75],"tintindex":0,"rotation":0,"texture":"#0"},"south":{"uv":[10.0,12.375,10.25,12.75],"tintindex":0,"rotation":0,"texture":"#0"},"north":{"uv":[12.375,9.875,12.625,10.25],"tintindex":0,"rotation":0,"texture":"#0"},"west":{"uv":[11.625,11.25,12.375,11.625],"tintindex":0,"rotation":0,"texture":"#0"},"up":{"uv":[12.25,5.0,12.0,4.25],"tintindex":0,"rotation":0,"texture":"#0"},"down":{"uv":[4.625,12.0,4.375,12.75],"tintindex":0,"rotation":0,"texture":"#0"}}},{"from":[5.831412,5.241667,3.7780766],"to":[7.831412,8.241667,9.778076],"faces":{"east":{"uv":[9.0,7.375,9.75,7.75],"tintindex":0,"rotation":0,"texture":"#0"},"south":{"uv":[9.25,12.375,9.5,12.75],"tintindex":0,"rotation":0,"texture":"#0"},"north":{"uv":[12.375,8.875,12.625,9.25],"tintindex":0,"rotation":0,"texture":"#0"},"west":{"uv":[9.25,2.125,10.0,2.5],"tintindex":0,"rotation":0,"texture":"#0"},"up":{"uv":[8.875,6.5,8.625,5.75],"tintindex":0,"rotation":0,"texture":"#0"},"down":{"uv":[8.75,11.75,8.5,12.5],"tintindex":0,"rotation":0,"texture":"#0"}},"rotation":{"origin":[5.831412,6.741667,6.7780766],"angle":22.5,"axis":"y"}},{"from":[7.979462,5.2666664,-1.450285],"to":[7.979462,8.266666,2.549715],"faces":{"east":{"uv":[11.75,7.875,12.25,8.25],"tintindex":0,"rotation":0,"texture":"#0"},"west":{"uv":[11.625,11.75,12.125,12.125],"tintindex":0,"rotation":0,"texture":"#0"}}}],"display":{"gui":{"rotation":[30,225,0]}}}