{"textures":{"0":"modelengine:entity/aurorafowl"},"elements":[{"from":[7.4875,4.5768623,9.459871],"to":[9.4875,13.576862,21.459871],"faces":{"east":{"uv":[7.25,8.0,8.75,9.125],"tintindex":0,"rotation":0,"texture":"#0"},"south":{"uv":[1.75,11.5,2.0,12.625],"tintindex":0,"rotation":0,"texture":"#0"},"north":{"uv":[1.375,11.5,1.625,12.625],"tintindex":0,"rotation":0,"texture":"#0"},"west":{"uv":[8.125,0.0,9.625,1.125],"tintindex":0,"rotation":0,"texture":"#0"},"up":{"uv":[6.375,12.875,6.125,11.375],"tintindex":0,"rotation":0,"texture":"#0"},"down":{"uv":[6.75,11.375,6.5,12.875],"tintindex":0,"rotation":0,"texture":"#0"}},"rotation":{"origin":[13.9875,2.5768623,10.959871],"angle":-22.5,"axis":"x"}}],"display":{"gui":{"rotation":[30,225,0]}}}