{"textures":{"0":"modelengine:entity/aurorafowl"},"elements":[{"from":[6.982396,0.34999943,6.4140415],"to":[8.982396,8.349999,9.4140415],"faces":{"east":{"uv":[2.375,5.5,2.75,6.5],"tintindex":0,"rotation":0,"texture":"#0"},"south":{"uv":[3.25,11.75,3.5,12.75],"tintindex":0,"rotation":0,"texture":"#0"},"north":{"uv":[2.875,11.75,3.125,12.75],"tintindex":0,"rotation":0,"texture":"#0"},"west":{"uv":[5.625,11.375,6.0,12.375],"tintindex":0,"rotation":0,"texture":"#0"},"up":{"uv":[12.625,8.25,12.375,7.875],"tintindex":0,"rotation":0,"texture":"#0"},"down":{"uv":[9.125,12.375,8.875,12.75],"tintindex":0,"rotation":0,"texture":"#0"}}}],"display":{"gui":{"rotation":[30,225,0]}}}