{"textures":{"0":"modelengine:entity/aurorafowl"},"elements":[{"from":[5.9845963,1.6426682,5.848154],"to":[9.984596,9.642668,12.848154],"faces":{"east":{"uv":[9.625,9.5,10.5,10.5],"tintindex":0,"rotation":0,"texture":"#0"},"south":{"uv":[10.25,10.75,10.75,11.75],"tintindex":0,"rotation":0,"texture":"#0"},"north":{"uv":[9.0,10.75,9.5,11.75],"tintindex":0,"rotation":0,"texture":"#0"},"west":{"uv":[9.75,0.0,10.625,1.0],"tintindex":0,"rotation":0,"texture":"#0"},"up":{"uv":[11.5,5.125,11.0,4.25],"tintindex":0,"rotation":0,"texture":"#0"},"down":{"uv":[11.5,5.25,11.0,6.125],"tintindex":0,"rotation":0,"texture":"#0"}},"rotation":{"origin":[8.484596,5.642668,9.848154],"angle":-22.5,"axis":"x"}}],"display":{"gui":{"rotation":[30,225,0]}}}