{"textures":{"0":"modelengine:entity/aurorafowl"},"elements":[{"from":[4.5,6.81289,0.6731949],"to":[11.5,15.81289,7.673195],"faces":{"east":{"uv":[7.625,9.25,8.5,10.375],"tintindex":0,"rotation":0,"texture":"#0"},"south":{"uv":[2.75,9.5,3.625,10.625],"tintindex":0,"rotation":0,"texture":"#0"},"north":{"uv":[1.375,7.0,2.25,8.125],"tintindex":0,"rotation":0,"texture":"#0"},"west":{"uv":[8.625,9.5,9.5,10.625],"tintindex":0,"rotation":0,"texture":"#0"},"up":{"uv":[8.5,6.625,7.625,5.75],"tintindex":0,"rotation":0,"texture":"#0"},"down":{"uv":[11.0,7.375,10.125,8.25],"tintindex":0,"rotation":0,"texture":"#0"}},"rotation":{"origin":[8.0,13.050883,5.602005],"angle":-45.0,"axis":"x"}}],"display":{"gui":{"rotation":[30,225,0]}}}