{"textures":{"0":"modelengine:entity/aurorafowl"},"elements":[{"from":[5.525,7.191119,6.035098],"to":[10.475,16.19112,12.035099],"faces":{"east":{"uv":[5.75,10.125,6.5,11.25],"tintindex":0,"rotation":0,"texture":"#0"},"south":{"uv":[10.25,4.0,10.875,5.125],"tintindex":0,"rotation":0,"texture":"#0"},"north":{"uv":[0.0,10.25,0.625,11.375],"tintindex":0,"rotation":0,"texture":"#0"},"west":{"uv":[6.625,10.125,7.375,11.25],"tintindex":0,"rotation":0,"texture":"#0"},"up":{"uv":[5.5,11.625,4.875,10.875],"tintindex":0,"rotation":0,"texture":"#0"},"down":{"uv":[11.5,8.375,10.875,9.125],"tintindex":0,"rotation":0,"texture":"#0"}},"rotation":{"origin":[8.025,11.69112,9.035098],"angle":22.5,"axis":"x"}}],"display":{"gui":{"rotation":[30,225,0]}}}