{"textures":{"0":"modelengine:entity/aurorafowl"},"elements":[{"from":[6.8724875,5.241667,-0.22192383],"to":[6.8724875,8.241667,3.7780766],"faces":{"east":{"uv":[2.625,12.0,2.125,12.375],"tintindex":0,"rotation":0,"texture":"#0"},"west":{"uv":[10.625,11.875,10.125,12.25],"tintindex":0,"rotation":0,"texture":"#0"}},"rotation":{"origin":[5.8724875,6.741667,6.7780766],"angle":22.5,"axis":"y"}},{"from":[6.918588,5.2666664,2.5780768],"to":[8.918589,8.266666,8.578077],"faces":{"east":{"uv":[12.375,11.25,11.625,11.625],"tintindex":0,"rotation":0,"texture":"#0"},"south":{"uv":[10.25,12.375,10.0,12.75],"tintindex":0,"rotation":0,"texture":"#0"},"north":{"uv":[12.625,9.875,12.375,10.25],"tintindex":0,"rotation":0,"texture":"#0"},"west":{"uv":[12.375,8.375,11.625,8.75],"tintindex":0,"rotation":0,"texture":"#0"},"up":{"uv":[12.0,5.0,12.25,4.25],"tintindex":0,"rotation":0,"texture":"#0"},"down":{"uv":[4.375,12.0,4.625,12.75],"tintindex":0,"rotation":0,"texture":"#0"}}},{"from":[9.168589,5.241667,-0.22192383],"to":[9.168589,8.241667,3.7780766],"faces":{"east":{"uv":[10.0,11.875,9.5,12.25],"tintindex":0,"rotation":0,"texture":"#0"},"west":{"uv":[9.375,11.875,8.875,12.25],"tintindex":0,"rotation":0,"texture":"#0"}},"rotation":{"origin":[10.168589,6.741667,6.7780766],"angle":-22.5,"axis":"y"}},{"from":[8.168589,5.241667,3.7780766],"to":[10.168589,8.241667,9.778076],"faces":{"east":{"uv":[10.0,2.125,9.25,2.5],"tintindex":0,"rotation":0,"texture":"#0"},"south":{"uv":[9.5,12.375,9.25,12.75],"tintindex":0,"rotation":0,"texture":"#0"},"north":{"uv":[12.625,8.875,12.375,9.25],"tintindex":0,"rotation":0,"texture":"#0"},"west":{"uv":[9.75,7.375,9.0,7.75],"tintindex":0,"rotation":0,"texture":"#0"},"up":{"uv":[8.625,6.5,8.875,5.75],"tintindex":0,"rotation":0,"texture":"#0"},"down":{"uv":[8.5,11.75,8.75,12.5],"tintindex":0,"rotation":0,"texture":"#0"}},"rotation":{"origin":[10.168589,6.741667,6.7780766],"angle":-22.5,"axis":"y"}},{"from":[8.020538,5.2666664,-1.450285],"to":[8.020538,8.266666,2.549715],"faces":{"east":{"uv":[12.125,11.75,11.625,12.125],"tintindex":0,"rotation":0,"texture":"#0"},"west":{"uv":[12.25,7.875,11.75,8.25],"tintindex":0,"rotation":0,"texture":"#0"}}},{"from":[6.168588,5.241667,2.1530771],"to":[8.168589,8.241667,8.153077],"faces":{"east":{"uv":[12.375,5.5,11.625,5.875],"tintindex":0,"rotation":0,"texture":"#0"},"south":{"uv":[9.875,12.375,9.625,12.75],"tintindex":0,"rotation":0,"texture":"#0"},"north":{"uv":[12.625,9.375,12.375,9.75],"tintindex":0,"rotation":0,"texture":"#0"},"west":{"uv":[12.125,0.75,11.375,1.125],"tintindex":0,"rotation":0,"texture":"#0"},"up":{"uv":[3.625,12.75,3.875,12.0],"tintindex":0,"rotation":0,"texture":"#0"},"down":{"uv":[4.0,12.0,4.25,12.75],"tintindex":0,"rotation":0,"texture":"#0"}},"rotation":{"origin":[10.168589,6.741667,6.7780766],"angle":22.5,"axis":"y"}}],"display":{"gui":{"rotation":[30,225,0]}}}