{"textures":{"0":"modelengine:entity/aurorafowl"},"elements":[{"from":[6.5125,4.5768623,9.459871],"to":[8.5125,13.576862,21.459871],"faces":{"east":{"uv":[9.625,0.0,8.125,1.125],"tintindex":0,"rotation":0,"texture":"#0"},"south":{"uv":[2.0,11.5,1.75,12.625],"tintindex":0,"rotation":0,"texture":"#0"},"north":{"uv":[1.625,11.5,1.375,12.625],"tintindex":0,"rotation":0,"texture":"#0"},"west":{"uv":[8.75,8.0,7.25,9.125],"tintindex":0,"rotation":0,"texture":"#0"},"up":{"uv":[6.125,12.875,6.375,11.375],"tintindex":0,"rotation":0,"texture":"#0"},"down":{"uv":[6.5,11.375,6.75,12.875],"tintindex":0,"rotation":0,"texture":"#0"}},"rotation":{"origin":[2.0124998,2.5768623,10.959871],"angle":-22.5,"axis":"x"}}],"display":{"gui":{"rotation":[30,225,0]}}}