{"textures":{"0":"modelengine:entity/aurorafowl"},"elements":[{"from":[6.0154037,1.6426682,5.848154],"to":[10.015404,9.642668,12.848154],"faces":{"east":{"uv":[10.625,0.0,9.75,1.0],"tintindex":0,"rotation":0,"texture":"#0"},"south":{"uv":[10.75,10.75,10.25,11.75],"tintindex":0,"rotation":0,"texture":"#0"},"north":{"uv":[9.5,10.75,9.0,11.75],"tintindex":0,"rotation":0,"texture":"#0"},"west":{"uv":[10.5,9.5,9.625,10.5],"tintindex":0,"rotation":0,"texture":"#0"},"up":{"uv":[11.0,5.125,11.5,4.25],"tintindex":0,"rotation":0,"texture":"#0"},"down":{"uv":[11.0,5.25,11.5,6.125],"tintindex":0,"rotation":0,"texture":"#0"}},"rotation":{"origin":[7.5154037,5.642668,9.848154],"angle":-22.5,"axis":"x"}}],"display":{"gui":{"rotation":[30,225,0]}}}