{"textures":{"0":"modelengine:entity/aurorafowl"},"elements":[{"from":[7.017604,0.34999943,6.4140415],"to":[9.017604,8.349999,9.4140415],"faces":{"east":{"uv":[6.0,11.375,5.625,12.375],"tintindex":0,"rotation":0,"texture":"#0"},"south":{"uv":[3.5,11.75,3.25,12.75],"tintindex":0,"rotation":0,"texture":"#0"},"north":{"uv":[3.125,11.75,2.875,12.75],"tintindex":0,"rotation":0,"texture":"#0"},"west":{"uv":[2.75,5.5,2.375,6.5],"tintindex":0,"rotation":0,"texture":"#0"},"up":{"uv":[12.375,8.25,12.625,7.875],"tintindex":0,"rotation":0,"texture":"#0"},"down":{"uv":[8.875,12.375,9.125,12.75],"tintindex":0,"rotation":0,"texture":"#0"}}}],"display":{"gui":{"rotation":[30,225,0]}}}