{"textures":{"0":"modelengine:entity/aurorafowl"},"elements":[{"from":[3.0,9.786943,1.5158477],"to":[12.0,18.786943,12.515847],"faces":{"east":{"uv":[4.625,8.5,6.0,9.625],"tintindex":0,"rotation":0,"texture":"#0"},"south":{"uv":[9.0,5.25,10.125,6.375],"tintindex":0,"rotation":0,"texture":"#0"},"north":{"uv":[9.0,4.0,10.125,5.125],"tintindex":0,"rotation":0,"texture":"#0"},"west":{"uv":[8.875,2.75,10.25,3.875],"tintindex":0,"rotation":0,"texture":"#0"},"up":{"uv":[1.125,10.125,0.0,8.75],"tintindex":0,"rotation":0,"texture":"#0"},"down":{"uv":[10.0,8.0,8.875,9.375],"tintindex":0,"rotation":0,"texture":"#0"}},"rotation":{"origin":[8.5,6.2869434,2.0158477],"angle":22.5,"axis":"x"}},{"from":[2.5,6.2869434,-2.4841528],"to":[12.5,17.286943,10.515847],"faces":{"east":{"uv":[5.75,1.5,7.375,2.875],"tintindex":0,"rotation":0,"texture":"#0"},"south":{"uv":[7.625,4.25,8.875,5.625],"tintindex":0,"rotation":0,"texture":"#0"},"north":{"uv":[7.5,2.75,8.75,4.125],"tintindex":0,"rotation":0,"texture":"#0"},"west":{"uv":[5.75,3.0,7.375,4.375],"tintindex":0,"rotation":0,"texture":"#0"},"up":{"uv":[7.125,8.375,5.875,6.75],"tintindex":0,"rotation":0,"texture":"#0"},"down":{"uv":[1.25,7.0,0.0,8.625],"tintindex":0,"rotation":0,"texture":"#0"}},"rotation":{"origin":[7.0,6.2869434,2.0158477],"angle":-22.5,"axis":"x"}},{"from":[12.5,3.2869434,-2.4841528],"to":[12.5,6.2869434,10.515847],"faces":{"east":{"uv":[10.5,6.375,12.125,6.75],"tintindex":0,"rotation":0,"texture":"#0"},"west":{"uv":[10.5,6.875,12.125,7.25],"tintindex":0,"rotation":0,"texture":"#0"}},"rotation":{"origin":[8.0,6.2869434,2.0158477],"angle":-22.5,"axis":"x"}},{"from":[7.5,18.786943,0.5158472],"to":[7.5,27.786943,13.515847],"faces":{"east":{"uv":[7.25,6.75,8.875,7.875],"tintindex":0,"rotation":0,"texture":"#0"},"west":{"uv":[7.5,1.5,9.125,2.625],"tintindex":0,"rotation":0,"texture":"#0"}},"rotation":{"origin":[12.0,6.2869434,2.0158477],"angle":22.5,"axis":"x"}},{"from":[2.5,3.2869434,-2.4841528],"to":[2.5,6.2869434,10.515847],"faces":{"east":{"uv":[5.75,4.5,7.375,4.875],"tintindex":0,"rotation":0,"texture":"#0"},"west":{"uv":[10.375,3.25,12.0,3.625],"tintindex":0,"rotation":0,"texture":"#0"}},"rotation":{"origin":[7.0,6.2869434,2.0158477],"angle":-22.5,"axis":"x"}},{"from":[2.5,3.2869434,-2.4841528],"to":[12.5,6.2869434,-2.4841528],"faces":{"south":{"uv":[11.0,3.75,12.25,4.125],"tintindex":0,"rotation":0,"texture":"#0"},"north":{"uv":[10.875,10.75,12.125,11.125],"tintindex":0,"rotation":0,"texture":"#0"}},"rotation":{"origin":[7.0,6.2869434,2.0158477],"angle":-22.5,"axis":"x"}},{"from":[7.5,14.096614,-5.413665],"to":[7.5,25.096613,7.5863357],"faces":{"east":{"uv":[2.375,6.75,4.0,8.125],"tintindex":0,"rotation":0,"texture":"#0"},"west":{"uv":[4.125,6.75,5.75,8.125],"tintindex":0,"rotation":0,"texture":"#0"}}}],"display":{"gui":{"rotation":[30,225,0]}}}