{
    "parent":"minecraft:item/handheld",
    "textures":{
        "layer0":"minecraft:item/stick"
    },
    "overrides":[
        {
            "predicate":{
                "custom_model_data":1
            },
        "model":"custom/1"
        },
        {
            "predicate":{
                "custom_model_data":2
            },
        "model":"custom/2"
        },
        {
            "predicate":{
                "custom_model_data":3
            },
        "model":"custom/3"
        },
        {
            "predicate":{
                "custom_model_data":4
            },
        "model":"custom/4"
        },
        {
            "predicate":{
                "custom_model_data":5
            },
        "model":"custom/5"
        },
        {
            "predicate":{
                "custom_model_data":6
            },
        "model":"custom/6"
        },
        {
            "predicate":{
                "custom_model_data":7
            },
        "model":"custom/7"
        },
        {
            "predicate":{
                "custom_model_data":8
            },
        "model":"custom/8"
        },
        {
            "predicate":{
                "custom_model_data":9
            },
        "model":"custom/9"
        },
        {
            "predicate":{
                "custom_model_data":10
            },
        "model":"custom/10"
        },
        {
            "predicate":{
                "custom_model_data":11
            },
        "model":"custom/11"
        },
        {
            "predicate":{
                "custom_model_data":12
            },
        "model":"custom/12"
        },
        {
            "predicate":{
                "custom_model_data":13
            },
        "model":"custom/13"
        },
        {
            "predicate":{
                "custom_model_data":14
            },
        "model":"custom/14"
        },
        {
            "predicate":{
                "custom_model_data":15
            },
        "model":"custom/15"
        }
    ]
}