{
	"credit": "Made with Blockbench",
	"parent": "item/generated",
	"textures": {
		"particle": "bar/card3",
		"layer0": "bar/card3"
	},
	"display": {
		"thirdperson_righthand": {
			"rotation": [31, 93, 0],
			"scale": [0.5, 0.5, 0.2]
		},
		"thirdperson_lefthand": {
			"rotation": [31, 93, 0],
			"scale": [0.5, 0.5, 0.2]
		},
		"firstperson_righthand": {
			"rotation": [-17, -43, 0],
			"translation": [0, 3.5, 0],
			"scale": [0.59, 0.7, 0.2]
		},
		"firstperson_lefthand": {
			"rotation": [-17, -43, 0],
			"translation": [0, 3.5, 0],
			"scale": [0.59, 0.7, 0.2]
		},
		"ground": {
			"rotation": [32, 19, 0],
			"translation": [0, 11.25, 0],
			"scale": [2, 2, 0.31]
		},
		"gui": {
			"translation": [0, 1, 0],
			"scale": [2.5, 2.5, 2.5]
		},
		"head": {
			"rotation": [180, 0, 180],
			"translation": [0, 4.5, 0],
			"scale": [2.63, 1.87, 0.43]
		},
		"fixed": {
			"scale": [3, 3, 1]
		}
	}
}