{
	"credit": "Made with Blockbench",
	"parent": "item/generated",
	"textures": {
		"1": "items/coal",
		"particle": "items/coal",
		"layer0": "items/food5"
	},
	"display": {
		"thirdperson_righthand": {
			"scale": [0, 0, 0]
		},
		"thirdperson_lefthand": {
			"scale": [0, 0, 0]
		},
		"firstperson_righthand": {
			"scale": [0, 0, 0]
		},
		"firstperson_lefthand": {
			"scale": [0, 0, 0]
		},
		"gui": {
			"scale": [0, 0, 0]
		},
		"head": {
			"rotation": [180, 0, 180],
			"translation": [0, 4.5, 0],
			"scale": [2.63, 1.87, 0.43]
		}
	}
}