{
	"credit": "Made with Blockbench",
	"texture_size": [64, 64],
	"textures": {
		"main": "items/pet19_a"
	},
	"elements": [
		{
			"from": [1, 7, 10],
			"to": [15, 18, 30],
			"rotation": {"angle": 0, "axis": "y", "origin": [9, 15, 18]},
			"faces": {
				"north": {"uv": [4, 1.25, 4.875, 1.9375], "texture": "#main"},
				"east": {"uv": [4.875, 0, 6.125, 0.6875], "texture": "#main"},
				"south": {"uv": [5.75, 0.6875, 6.625, 1.375], "texture": "#main"},
				"west": {"uv": [5.75, 1.75, 7, 2.4375], "texture": "#main"},
				"up": {"uv": [4.875, 1.25, 4, 0], "texture": "#main"},
				"down": {"uv": [5.75, 0.875, 4.875, 2.125], "texture": "#main"}
			}
		},
		{
			"from": [10.5, 15, 6],
			"to": [14.5, 19, 7],
			"rotation": {"angle": 0, "axis": "y", "origin": [6.5, 23, 14]},
			"faces": {
				"north": {"uv": [4.3125, 3.125, 4.5625, 3.375], "texture": "#main"},
				"east": {"uv": [4.8125, 3.125, 4.875, 3.375], "texture": "#main"},
				"south": {"uv": [4.5625, 3.125, 4.8125, 3.375], "texture": "#main"},
				"west": {"uv": [4.875, 3.125, 4.9375, 3.375], "texture": "#main"},
				"up": {"uv": [5.75, 0.875, 5.5, 0.8125], "texture": "#main"},
				"down": {"uv": [6, 1.6875, 5.75, 1.75], "texture": "#main"}
			}
		},
		{
			"from": [3.5, 8, 3],
			"to": [12.5, 17, 10],
			"rotation": {"angle": 0, "axis": "y", "origin": [11.5, 16, 11]},
			"faces": {
				"north": {"uv": [4, 1.9375, 4.5625, 2.5], "texture": "#main"},
				"east": {"uv": [5.125, 2.125, 5.5625, 2.6875], "texture": "#main"},
				"south": {"uv": [4.5625, 2.125, 5.125, 2.6875], "texture": "#main"},
				"west": {"uv": [6.125, 0, 6.5625, 0.5625], "texture": "#main"},
				"up": {"uv": [6.125, 2.875, 5.5625, 2.4375], "texture": "#main"},
				"down": {"uv": [6.6875, 2.4375, 6.125, 2.875], "texture": "#main"}
			}
		},
		{
			"from": [5.5, 8, 0],
			"to": [10.5, 12, 3],
			"rotation": {"angle": 0, "axis": "y", "origin": [13.5, 16, 8]},
			"faces": {
				"north": {"uv": [6.6875, 2.4375, 7, 2.6875], "texture": "#main"},
				"east": {"uv": [5.5625, 2.125, 5.75, 2.375], "texture": "#main"},
				"south": {"uv": [7, 2.4375, 7.3125, 2.6875], "texture": "#main"},
				"west": {"uv": [6.5, 2.875, 6.6875, 3.125], "texture": "#main"},
				"up": {"uv": [5.1875, 0.875, 4.875, 0.6875], "texture": "#main"},
				"down": {"uv": [5.5, 0.6875, 5.1875, 0.875], "texture": "#main"}
			}
		},
		{
			"from": [1.5, 15, 6],
			"to": [5.5, 19, 7],
			"rotation": {"angle": 0, "axis": "y", "origin": [9.5, 23, 14]},
			"faces": {
				"north": {"uv": [6.375, 1.375, 6.625, 1.625], "texture": "#main"},
				"east": {"uv": [6.5625, 0.4375, 6.625, 0.6875], "texture": "#main"},
				"south": {"uv": [7, 2.6875, 7.25, 2.9375], "texture": "#main"},
				"west": {"uv": [6.9375, 1.5, 7, 1.75], "texture": "#main"},
				"up": {"uv": [5.75, 0.75, 5.5, 0.6875], "texture": "#main"},
				"down": {"uv": [5.75, 0.75, 5.5, 0.8125], "texture": "#main"}
			}
		},
		{
			"from": [9.375, 0, 9.375],
			"to": [14.375, 8.5, 14.375],
			"rotation": {"angle": 22.5, "axis": "x", "origin": [11.875, 3.5, 11.875]},
			"faces": {
				"north": {"uv": [6.625, 1.3125, 6.9375, 1.75], "texture": "#main"},
				"east": {"uv": [4.3125, 2.6875, 4.625, 3.125], "texture": "#main"},
				"south": {"uv": [4.625, 2.6875, 4.9375, 3.125], "texture": "#main"},
				"west": {"uv": [4.9375, 2.6875, 5.25, 3.125], "texture": "#main"},
				"up": {"uv": [7.25, 1.1875, 6.9375, 0.875], "texture": "#main"},
				"down": {"uv": [7.25, 1.1875, 6.9375, 1.5], "texture": "#main"}
			}
		},
		{
			"from": [1.625, 0, 11.25],
			"to": [6.625, 7, 16.25],
			"rotation": {"angle": 0, "axis": "y", "origin": [9.625, 8, 19.25]},
			"faces": {
				"north": {"uv": [4, 2.5, 4.3125, 2.9375], "texture": "#main"},
				"east": {"uv": [6.5625, 0, 6.875, 0.4375], "texture": "#main"},
				"south": {"uv": [6.625, 0.4375, 6.9375, 0.875], "texture": "#main"},
				"west": {"uv": [6.625, 0.875, 6.9375, 1.3125], "texture": "#main"},
				"up": {"uv": [6.0625, 1.6875, 5.75, 1.375], "texture": "#main"},
				"down": {"uv": [6.375, 1.375, 6.0625, 1.6875], "texture": "#main"}
			}
		},
		{
			"from": [9.375, 0, 22.75],
			"to": [14.375, 8.5, 27.75],
			"rotation": {"angle": 22.5, "axis": "x", "origin": [11.875, 4.25, 25.25]},
			"faces": {
				"north": {"uv": [5.25, 2.6875, 5.5625, 3.125], "texture": "#main"},
				"east": {"uv": [6.6875, 2.6875, 7, 3.125], "texture": "#main"},
				"south": {"uv": [5.5625, 2.875, 5.875, 3.3125], "texture": "#main"},
				"west": {"uv": [5.875, 2.875, 6.1875, 3.3125], "texture": "#main"},
				"up": {"uv": [7.3125, 3.3125, 7, 3], "texture": "#main"},
				"down": {"uv": [7.3125, 1.5, 7, 1.8125], "texture": "#main"}
			}
		},
		{
			"from": [1.625, 0, 23.75],
			"to": [6.625, 7, 28.75],
			"rotation": {"angle": 0, "axis": "y", "origin": [9.625, 8, 31.75]},
			"faces": {
				"north": {"uv": [6.1875, 2.875, 6.5, 3.3125], "texture": "#main"},
				"east": {"uv": [6.875, 0, 7.1875, 0.4375], "texture": "#main"},
				"south": {"uv": [4, 2.9375, 4.3125, 3.375], "texture": "#main"},
				"west": {"uv": [6.9375, 0.4375, 7.25, 0.875], "texture": "#main"},
				"up": {"uv": [7.3125, 2.125, 7, 1.8125], "texture": "#main"},
				"down": {"uv": [7.3125, 2.125, 7, 2.4375], "texture": "#main"}
			}
		},
		{
			"from": [1, 7, 10],
			"to": [15, 18, 30],
			"rotation": {"angle": 0, "axis": "y", "origin": [9, 15, 18]},
			"faces": {
				"north": {"uv": [8, 1.25, 8.875, 1.9375], "texture": "#main"},
				"east": {"uv": [8.875, 0, 10.125, 0.6875], "texture": "#main"},
				"south": {"uv": [9.75, 0.6875, 10.625, 1.375], "texture": "#main"},
				"west": {"uv": [9.75, 1.75, 11, 2.4375], "texture": "#main"},
				"up": {"uv": [8.875, 1.25, 8, 0], "texture": "#main"},
				"down": {"uv": [9.75, 0.875, 8.875, 2.125], "texture": "#main"}
			}
		},
		{
			"from": [10.5, 15, 6],
			"to": [14.5, 19, 7],
			"rotation": {"angle": 0, "axis": "y", "origin": [6.5, 23, 14]},
			"faces": {
				"north": {"uv": [8.3125, 3.125, 8.5625, 3.375], "texture": "#main"},
				"east": {"uv": [8.8125, 3.125, 8.875, 3.375], "texture": "#main"},
				"south": {"uv": [8.5625, 3.125, 8.8125, 3.375], "texture": "#main"},
				"west": {"uv": [8.875, 3.125, 8.9375, 3.375], "texture": "#main"},
				"up": {"uv": [9.75, 0.875, 9.5, 0.8125], "texture": "#main"},
				"down": {"uv": [10, 1.6875, 9.75, 1.75], "texture": "#main"}
			}
		},
		{
			"from": [3.5, 8, 3],
			"to": [12.5, 17, 10],
			"rotation": {"angle": 0, "axis": "y", "origin": [11.5, 16, 11]},
			"faces": {
				"north": {"uv": [8, 1.9375, 8.5625, 2.5], "texture": "#main"},
				"east": {"uv": [9.125, 2.125, 9.5625, 2.6875], "texture": "#main"},
				"south": {"uv": [8.5625, 2.125, 9.125, 2.6875], "texture": "#main"},
				"west": {"uv": [10.125, 0, 10.5625, 0.5625], "texture": "#main"},
				"up": {"uv": [10.125, 2.875, 9.5625, 2.4375], "texture": "#main"},
				"down": {"uv": [10.6875, 2.4375, 10.125, 2.875], "texture": "#main"}
			}
		},
		{
			"from": [5.5, 8, 0],
			"to": [10.5, 12, 3],
			"rotation": {"angle": 0, "axis": "y", "origin": [13.5, 16, 8]},
			"faces": {
				"north": {"uv": [10.6875, 2.4375, 11, 2.6875], "texture": "#main"},
				"east": {"uv": [9.5625, 2.125, 9.75, 2.375], "texture": "#main"},
				"south": {"uv": [11, 2.4375, 11.3125, 2.6875], "texture": "#main"},
				"west": {"uv": [10.5, 2.875, 10.6875, 3.125], "texture": "#main"},
				"up": {"uv": [9.1875, 0.875, 8.875, 0.6875], "texture": "#main"},
				"down": {"uv": [9.5, 0.6875, 9.1875, 0.875], "texture": "#main"}
			}
		},
		{
			"from": [1.5, 15, 6],
			"to": [5.5, 19, 7],
			"rotation": {"angle": 0, "axis": "y", "origin": [9.5, 23, 14]},
			"faces": {
				"north": {"uv": [10.375, 1.375, 10.625, 1.625], "texture": "#main"},
				"east": {"uv": [10.5625, 0.4375, 10.625, 0.6875], "texture": "#main"},
				"south": {"uv": [11, 2.6875, 11.25, 2.9375], "texture": "#main"},
				"west": {"uv": [10.9375, 1.5, 11, 1.75], "texture": "#main"},
				"up": {"uv": [9.75, 0.75, 9.5, 0.6875], "texture": "#main"},
				"down": {"uv": [9.75, 0.75, 9.5, 0.8125], "texture": "#main"}
			}
		},
		{
			"from": [9.375, 0, 9.375],
			"to": [14.375, 8.5, 14.375],
			"rotation": {"angle": 22.5, "axis": "x", "origin": [11.875, 3.5, 11.875]},
			"faces": {
				"north": {"uv": [10.625, 1.3125, 10.9375, 1.75], "texture": "#main"},
				"east": {"uv": [8.3125, 2.6875, 8.625, 3.125], "texture": "#main"},
				"south": {"uv": [8.625, 2.6875, 8.9375, 3.125], "texture": "#main"},
				"west": {"uv": [8.9375, 2.6875, 9.25, 3.125], "texture": "#main"},
				"up": {"uv": [11.25, 1.1875, 10.9375, 0.875], "texture": "#main"},
				"down": {"uv": [11.25, 1.1875, 10.9375, 1.5], "texture": "#main"}
			}
		},
		{
			"from": [1.625, 0, 12.375],
			"to": [6.625, 8.5, 17.375],
			"rotation": {"angle": -22.5, "axis": "x", "origin": [4.125, 4.25, 14.875]},
			"faces": {
				"north": {"uv": [8, 2.5, 8.3125, 2.9375], "texture": "#main"},
				"east": {"uv": [10.5625, 0, 10.875, 0.4375], "texture": "#main"},
				"south": {"uv": [10.625, 0.4375, 10.9375, 0.875], "texture": "#main"},
				"west": {"uv": [10.625, 0.875, 10.9375, 1.3125], "texture": "#main"},
				"up": {"uv": [10.0625, 1.6875, 9.75, 1.375], "texture": "#main"},
				"down": {"uv": [10.375, 1.375, 10.0625, 1.6875], "texture": "#main"}
			}
		},
		{
			"from": [9.375, 0, 22.75],
			"to": [14.375, 8.5, 27.75],
			"rotation": {"angle": 22.5, "axis": "x", "origin": [11.875, 4.25, 25.25]},
			"faces": {
				"north": {"uv": [9.25, 2.6875, 9.5625, 3.125], "texture": "#main"},
				"east": {"uv": [10.6875, 2.6875, 11, 3.125], "texture": "#main"},
				"south": {"uv": [9.5625, 2.875, 9.875, 3.3125], "texture": "#main"},
				"west": {"uv": [9.875, 2.875, 10.1875, 3.3125], "texture": "#main"},
				"up": {"uv": [11.3125, 3.3125, 11, 3], "texture": "#main"},
				"down": {"uv": [11.3125, 1.5, 11, 1.8125], "texture": "#main"}
			}
		},
		{
			"from": [1.625, 0, 25.375],
			"to": [6.625, 8.5, 30.375],
			"rotation": {"angle": -22.5, "axis": "x", "origin": [4.125, 4.25, 27.875]},
			"faces": {
				"north": {"uv": [10.1875, 2.875, 10.5, 3.3125], "texture": "#main"},
				"east": {"uv": [10.875, 0, 11.1875, 0.4375], "texture": "#main"},
				"south": {"uv": [8, 2.9375, 8.3125, 3.375], "texture": "#main"},
				"west": {"uv": [10.9375, 0.4375, 11.25, 0.875], "texture": "#main"},
				"up": {"uv": [11.3125, 2.125, 11, 1.8125], "texture": "#main"},
				"down": {"uv": [11.3125, 2.125, 11, 2.4375], "texture": "#main"}
			}
		},
		{
			"from": [1, 7, 10],
			"to": [15, 18, 30],
			"rotation": {"angle": 0, "axis": "y", "origin": [9, 15, 18]},
			"faces": {
				"north": {"uv": [12, 1.25, 12.875, 1.9375], "texture": "#main"},
				"east": {"uv": [12.875, 0, 14.125, 0.6875], "texture": "#main"},
				"south": {"uv": [13.75, 0.6875, 14.625, 1.375], "texture": "#main"},
				"west": {"uv": [13.75, 1.75, 15, 2.4375], "texture": "#main"},
				"up": {"uv": [12.875, 1.25, 12, 0], "texture": "#main"},
				"down": {"uv": [13.75, 0.875, 12.875, 2.125], "texture": "#main"}
			}
		},
		{
			"from": [10.5, 15, 6],
			"to": [14.5, 19, 7],
			"rotation": {"angle": 0, "axis": "y", "origin": [6.5, 23, 14]},
			"faces": {
				"north": {"uv": [12.3125, 3.125, 12.5625, 3.375], "texture": "#main"},
				"east": {"uv": [12.8125, 3.125, 12.875, 3.375], "texture": "#main"},
				"south": {"uv": [12.5625, 3.125, 12.8125, 3.375], "texture": "#main"},
				"west": {"uv": [12.875, 3.125, 12.9375, 3.375], "texture": "#main"},
				"up": {"uv": [13.75, 0.875, 13.5, 0.8125], "texture": "#main"},
				"down": {"uv": [14, 1.6875, 13.75, 1.75], "texture": "#main"}
			}
		},
		{
			"from": [3.5, 8, 3],
			"to": [12.5, 17, 10],
			"rotation": {"angle": 0, "axis": "y", "origin": [11.5, 16, 11]},
			"faces": {
				"north": {"uv": [12, 1.9375, 12.5625, 2.5], "texture": "#main"},
				"east": {"uv": [13.125, 2.125, 13.5625, 2.6875], "texture": "#main"},
				"south": {"uv": [12.5625, 2.125, 13.125, 2.6875], "texture": "#main"},
				"west": {"uv": [14.125, 0, 14.5625, 0.5625], "texture": "#main"},
				"up": {"uv": [14.125, 2.875, 13.5625, 2.4375], "texture": "#main"},
				"down": {"uv": [14.6875, 2.4375, 14.125, 2.875], "texture": "#main"}
			}
		},
		{
			"from": [5.5, 8, 0],
			"to": [10.5, 12, 3],
			"rotation": {"angle": 0, "axis": "y", "origin": [13.5, 16, 8]},
			"faces": {
				"north": {"uv": [14.6875, 2.4375, 15, 2.6875], "texture": "#main"},
				"east": {"uv": [13.5625, 2.125, 13.75, 2.375], "texture": "#main"},
				"south": {"uv": [15, 2.4375, 15.3125, 2.6875], "texture": "#main"},
				"west": {"uv": [14.5, 2.875, 14.6875, 3.125], "texture": "#main"},
				"up": {"uv": [13.1875, 0.875, 12.875, 0.6875], "texture": "#main"},
				"down": {"uv": [13.5, 0.6875, 13.1875, 0.875], "texture": "#main"}
			}
		},
		{
			"from": [1.5, 15, 6],
			"to": [5.5, 19, 7],
			"rotation": {"angle": 0, "axis": "y", "origin": [9.5, 23, 14]},
			"faces": {
				"north": {"uv": [14.375, 1.375, 14.625, 1.625], "texture": "#main"},
				"east": {"uv": [14.5625, 0.4375, 14.625, 0.6875], "texture": "#main"},
				"south": {"uv": [15, 2.6875, 15.25, 2.9375], "texture": "#main"},
				"west": {"uv": [14.9375, 1.5, 15, 1.75], "texture": "#main"},
				"up": {"uv": [13.75, 0.75, 13.5, 0.6875], "texture": "#main"},
				"down": {"uv": [13.75, 0.75, 13.5, 0.8125], "texture": "#main"}
			}
		},
		{
			"from": [9.375, 0, 11.25],
			"to": [14.375, 7, 16.25],
			"rotation": {"angle": 0, "axis": "y", "origin": [17.375, 8, 19.25]},
			"faces": {
				"north": {"uv": [14.625, 1.3125, 14.9375, 1.75], "texture": "#main"},
				"east": {"uv": [12.3125, 2.6875, 12.625, 3.125], "texture": "#main"},
				"south": {"uv": [12.625, 2.6875, 12.9375, 3.125], "texture": "#main"},
				"west": {"uv": [12.9375, 2.6875, 13.25, 3.125], "texture": "#main"},
				"up": {"uv": [15.25, 1.1875, 14.9375, 0.875], "texture": "#main"},
				"down": {"uv": [15.25, 1.1875, 14.9375, 1.5], "texture": "#main"}
			}
		},
		{
			"from": [1.625, 0, 11.25],
			"to": [6.625, 7, 16.25],
			"rotation": {"angle": 0, "axis": "y", "origin": [9.625, 8, 19.25]},
			"faces": {
				"north": {"uv": [12, 2.5, 12.3125, 2.9375], "texture": "#main"},
				"east": {"uv": [14.5625, 0, 14.875, 0.4375], "texture": "#main"},
				"south": {"uv": [14.625, 0.4375, 14.9375, 0.875], "texture": "#main"},
				"west": {"uv": [14.625, 0.875, 14.9375, 1.3125], "texture": "#main"},
				"up": {"uv": [14.0625, 1.6875, 13.75, 1.375], "texture": "#main"},
				"down": {"uv": [14.375, 1.375, 14.0625, 1.6875], "texture": "#main"}
			}
		},
		{
			"from": [9.375, 0, 23.75],
			"to": [14.375, 7, 28.75],
			"rotation": {"angle": 0, "axis": "y", "origin": [17.375, 8, 31.75]},
			"faces": {
				"north": {"uv": [13.25, 2.6875, 13.5625, 3.125], "texture": "#main"},
				"east": {"uv": [14.6875, 2.6875, 15, 3.125], "texture": "#main"},
				"south": {"uv": [13.5625, 2.875, 13.875, 3.3125], "texture": "#main"},
				"west": {"uv": [13.875, 2.875, 14.1875, 3.3125], "texture": "#main"},
				"up": {"uv": [15.3125, 3.3125, 15, 3], "texture": "#main"},
				"down": {"uv": [15.3125, 1.5, 15, 1.8125], "texture": "#main"}
			}
		},
		{
			"from": [1.625, 0, 23.75],
			"to": [6.625, 7, 28.75],
			"rotation": {"angle": 0, "axis": "y", "origin": [9.625, 8, 31.75]},
			"faces": {
				"north": {"uv": [14.1875, 2.875, 14.5, 3.3125], "texture": "#main"},
				"east": {"uv": [14.875, 0, 15.1875, 0.4375], "texture": "#main"},
				"south": {"uv": [12, 2.9375, 12.3125, 3.375], "texture": "#main"},
				"west": {"uv": [14.9375, 0.4375, 15.25, 0.875], "texture": "#main"},
				"up": {"uv": [15.3125, 2.125, 15, 1.8125], "texture": "#main"},
				"down": {"uv": [15.3125, 2.125, 15, 2.4375], "texture": "#main"}
			}
		},
		{
			"from": [1, 7, 10],
			"to": [15, 18, 30],
			"rotation": {"angle": 0, "axis": "y", "origin": [9, 15, 18]},
			"faces": {
				"north": {"uv": [0, 5.25, 0.875, 5.9375], "texture": "#main"},
				"east": {"uv": [0.875, 4, 2.125, 4.6875], "texture": "#main"},
				"south": {"uv": [1.75, 4.6875, 2.625, 5.375], "texture": "#main"},
				"west": {"uv": [1.75, 5.75, 3, 6.4375], "texture": "#main"},
				"up": {"uv": [0.875, 5.25, 0, 4], "texture": "#main"},
				"down": {"uv": [1.75, 4.875, 0.875, 6.125], "texture": "#main"}
			}
		},
		{
			"from": [10.5, 15, 6],
			"to": [14.5, 19, 7],
			"rotation": {"angle": 0, "axis": "y", "origin": [6.5, 23, 14]},
			"faces": {
				"north": {"uv": [0.3125, 7.125, 0.5625, 7.375], "texture": "#main"},
				"east": {"uv": [0.8125, 7.125, 0.875, 7.375], "texture": "#main"},
				"south": {"uv": [0.5625, 7.125, 0.8125, 7.375], "texture": "#main"},
				"west": {"uv": [0.875, 7.125, 0.9375, 7.375], "texture": "#main"},
				"up": {"uv": [1.75, 4.875, 1.5, 4.8125], "texture": "#main"},
				"down": {"uv": [2, 5.6875, 1.75, 5.75], "texture": "#main"}
			}
		},
		{
			"from": [3.5, 8, 3],
			"to": [12.5, 17, 10],
			"rotation": {"angle": 0, "axis": "y", "origin": [11.5, 16, 11]},
			"faces": {
				"north": {"uv": [0, 5.9375, 0.5625, 6.5], "texture": "#main"},
				"east": {"uv": [1.125, 6.125, 1.5625, 6.6875], "texture": "#main"},
				"south": {"uv": [0.5625, 6.125, 1.125, 6.6875], "texture": "#main"},
				"west": {"uv": [2.125, 4, 2.5625, 4.5625], "texture": "#main"},
				"up": {"uv": [2.125, 6.875, 1.5625, 6.4375], "texture": "#main"},
				"down": {"uv": [2.6875, 6.4375, 2.125, 6.875], "texture": "#main"}
			}
		},
		{
			"from": [5.5, 8, 0],
			"to": [10.5, 12, 3],
			"rotation": {"angle": 0, "axis": "y", "origin": [13.5, 16, 8]},
			"faces": {
				"north": {"uv": [2.6875, 6.4375, 3, 6.6875], "texture": "#main"},
				"east": {"uv": [1.5625, 6.125, 1.75, 6.375], "texture": "#main"},
				"south": {"uv": [3, 6.4375, 3.3125, 6.6875], "texture": "#main"},
				"west": {"uv": [2.5, 6.875, 2.6875, 7.125], "texture": "#main"},
				"up": {"uv": [1.1875, 4.875, 0.875, 4.6875], "texture": "#main"},
				"down": {"uv": [1.5, 4.6875, 1.1875, 4.875], "texture": "#main"}
			}
		},
		{
			"from": [1.5, 15, 6],
			"to": [5.5, 19, 7],
			"rotation": {"angle": 0, "axis": "y", "origin": [9.5, 23, 14]},
			"faces": {
				"north": {"uv": [2.375, 5.375, 2.625, 5.625], "texture": "#main"},
				"east": {"uv": [2.5625, 4.4375, 2.625, 4.6875], "texture": "#main"},
				"south": {"uv": [3, 6.6875, 3.25, 6.9375], "texture": "#main"},
				"west": {"uv": [2.9375, 5.5, 3, 5.75], "texture": "#main"},
				"up": {"uv": [1.75, 4.75, 1.5, 4.6875], "texture": "#main"},
				"down": {"uv": [1.75, 4.75, 1.5, 4.8125], "texture": "#main"}
			}
		},
		{
			"from": [1.625, 0, 9.375],
			"to": [6.625, 8.5, 14.375],
			"rotation": {"angle": 22.5, "axis": "x", "origin": [4.125, 3.5, 11.875]},
			"faces": {
				"north": {"uv": [2.9375, 5.3125, 2.625, 5.75], "texture": "#main"},
				"east": {"uv": [1.25, 6.6875, 0.9375, 7.125], "texture": "#main"},
				"south": {"uv": [0.9375, 6.6875, 0.625, 7.125], "texture": "#main"},
				"west": {"uv": [0.625, 6.6875, 0.3125, 7.125], "texture": "#main"},
				"up": {"uv": [2.9375, 5.1875, 3.25, 4.875], "texture": "#main"},
				"down": {"uv": [2.9375, 5.1875, 3.25, 5.5], "texture": "#main"}
			}
		},
		{
			"from": [9.375, 0, 11.25],
			"to": [14.375, 7, 16.25],
			"rotation": {"angle": 0, "axis": "y", "origin": [6.375, 8, 19.25]},
			"faces": {
				"north": {"uv": [0.3125, 6.5, 0, 6.9375], "texture": "#main"},
				"east": {"uv": [2.9375, 4.875, 2.625, 5.3125], "texture": "#main"},
				"south": {"uv": [2.9375, 4.4375, 2.625, 4.875], "texture": "#main"},
				"west": {"uv": [2.875, 4, 2.5625, 4.4375], "texture": "#main"},
				"up": {"uv": [1.75, 5.6875, 2.0625, 5.375], "texture": "#main"},
				"down": {"uv": [2.0625, 5.375, 2.375, 5.6875], "texture": "#main"}
			}
		},
		{
			"from": [1.625, 0, 22.75],
			"to": [6.625, 8.5, 27.75],
			"rotation": {"angle": 22.5, "axis": "x", "origin": [4.125, 4.25, 25.25]},
			"faces": {
				"north": {"uv": [1.5625, 6.6875, 1.25, 7.125], "texture": "#main"},
				"east": {"uv": [2.1875, 6.875, 1.875, 7.3125], "texture": "#main"},
				"south": {"uv": [1.875, 6.875, 1.5625, 7.3125], "texture": "#main"},
				"west": {"uv": [3, 6.6875, 2.6875, 7.125], "texture": "#main"},
				"up": {"uv": [3, 7.3125, 3.3125, 7], "texture": "#main"},
				"down": {"uv": [3, 5.5, 3.3125, 5.8125], "texture": "#main"}
			}
		},
		{
			"from": [9.375, 0, 23.75],
			"to": [14.375, 7, 28.75],
			"rotation": {"angle": 0, "axis": "y", "origin": [6.375, 8, 31.75]},
			"faces": {
				"north": {"uv": [2.5, 6.875, 2.1875, 7.3125], "texture": "#main"},
				"east": {"uv": [3.25, 4.4375, 2.9375, 4.875], "texture": "#main"},
				"south": {"uv": [0.3125, 6.9375, 0, 7.375], "texture": "#main"},
				"west": {"uv": [3.1875, 4, 2.875, 4.4375], "texture": "#main"},
				"up": {"uv": [3, 6.125, 3.3125, 5.8125], "texture": "#main"},
				"down": {"uv": [3, 6.125, 3.3125, 6.4375], "texture": "#main"}
			}
		},
		{
			"from": [1, 7, 10],
			"to": [15, 18, 30],
			"rotation": {"angle": 0, "axis": "y", "origin": [9, 15, 18]},
			"faces": {
				"north": {"uv": [4, 5.25, 4.875, 5.9375], "texture": "#main"},
				"east": {"uv": [4.875, 4, 6.125, 4.6875], "texture": "#main"},
				"south": {"uv": [5.75, 4.6875, 6.625, 5.375], "texture": "#main"},
				"west": {"uv": [5.75, 5.75, 7, 6.4375], "texture": "#main"},
				"up": {"uv": [4.875, 5.25, 4, 4], "texture": "#main"},
				"down": {"uv": [5.75, 4.875, 4.875, 6.125], "texture": "#main"}
			}
		},
		{
			"from": [10.5, 15, 6],
			"to": [14.5, 19, 7],
			"rotation": {"angle": 0, "axis": "y", "origin": [6.5, 23, 14]},
			"faces": {
				"north": {"uv": [4.3125, 7.125, 4.5625, 7.375], "texture": "#main"},
				"east": {"uv": [4.8125, 7.125, 4.875, 7.375], "texture": "#main"},
				"south": {"uv": [4.5625, 7.125, 4.8125, 7.375], "texture": "#main"},
				"west": {"uv": [4.875, 7.125, 4.9375, 7.375], "texture": "#main"},
				"up": {"uv": [5.75, 4.875, 5.5, 4.8125], "texture": "#main"},
				"down": {"uv": [6, 5.6875, 5.75, 5.75], "texture": "#main"}
			}
		},
		{
			"from": [3.5, 8, 3],
			"to": [12.5, 17, 10],
			"rotation": {"angle": 0, "axis": "y", "origin": [11.5, 16, 11]},
			"faces": {
				"north": {"uv": [4, 5.9375, 4.5625, 6.5], "texture": "#main"},
				"east": {"uv": [5.125, 6.125, 5.5625, 6.6875], "texture": "#main"},
				"south": {"uv": [4.5625, 6.125, 5.125, 6.6875], "texture": "#main"},
				"west": {"uv": [6.125, 4, 6.5625, 4.5625], "texture": "#main"},
				"up": {"uv": [6.125, 6.875, 5.5625, 6.4375], "texture": "#main"},
				"down": {"uv": [6.6875, 6.4375, 6.125, 6.875], "texture": "#main"}
			}
		},
		{
			"from": [5.5, 8, 0],
			"to": [10.5, 12, 3],
			"rotation": {"angle": 0, "axis": "y", "origin": [13.5, 16, 8]},
			"faces": {
				"north": {"uv": [6.6875, 6.4375, 7, 6.6875], "texture": "#main"},
				"east": {"uv": [5.5625, 6.125, 5.75, 6.375], "texture": "#main"},
				"south": {"uv": [7, 6.4375, 7.3125, 6.6875], "texture": "#main"},
				"west": {"uv": [6.5, 6.875, 6.6875, 7.125], "texture": "#main"},
				"up": {"uv": [5.1875, 4.875, 4.875, 4.6875], "texture": "#main"},
				"down": {"uv": [5.5, 4.6875, 5.1875, 4.875], "texture": "#main"}
			}
		},
		{
			"from": [1.5, 15, 6],
			"to": [5.5, 19, 7],
			"rotation": {"angle": 0, "axis": "y", "origin": [9.5, 23, 14]},
			"faces": {
				"north": {"uv": [6.375, 5.375, 6.625, 5.625], "texture": "#main"},
				"east": {"uv": [6.5625, 4.4375, 6.625, 4.6875], "texture": "#main"},
				"south": {"uv": [7, 6.6875, 7.25, 6.9375], "texture": "#main"},
				"west": {"uv": [6.9375, 5.5, 7, 5.75], "texture": "#main"},
				"up": {"uv": [5.75, 4.75, 5.5, 4.6875], "texture": "#main"},
				"down": {"uv": [5.75, 4.75, 5.5, 4.8125], "texture": "#main"}
			}
		},
		{
			"from": [1.625, 0, 9.375],
			"to": [6.625, 8.5, 14.375],
			"rotation": {"angle": 22.5, "axis": "x", "origin": [4.125, 3.5, 11.875]},
			"faces": {
				"north": {"uv": [6.9375, 5.3125, 6.625, 5.75], "texture": "#main"},
				"east": {"uv": [5.25, 6.6875, 4.9375, 7.125], "texture": "#main"},
				"south": {"uv": [4.9375, 6.6875, 4.625, 7.125], "texture": "#main"},
				"west": {"uv": [4.625, 6.6875, 4.3125, 7.125], "texture": "#main"},
				"up": {"uv": [6.9375, 5.1875, 7.25, 4.875], "texture": "#main"},
				"down": {"uv": [6.9375, 5.1875, 7.25, 5.5], "texture": "#main"}
			}
		},
		{
			"from": [9.375, 0, 12.375],
			"to": [14.375, 8.5, 17.375],
			"rotation": {"angle": -22.5, "axis": "x", "origin": [11.875, 4.25, 14.875]},
			"faces": {
				"north": {"uv": [4.3125, 6.5, 4, 6.9375], "texture": "#main"},
				"east": {"uv": [6.9375, 4.875, 6.625, 5.3125], "texture": "#main"},
				"south": {"uv": [6.9375, 4.4375, 6.625, 4.875], "texture": "#main"},
				"west": {"uv": [6.875, 4, 6.5625, 4.4375], "texture": "#main"},
				"up": {"uv": [5.75, 5.6875, 6.0625, 5.375], "texture": "#main"},
				"down": {"uv": [6.0625, 5.375, 6.375, 5.6875], "texture": "#main"}
			}
		},
		{
			"from": [1.625, 0, 22.75],
			"to": [6.625, 8.5, 27.75],
			"rotation": {"angle": 22.5, "axis": "x", "origin": [4.125, 4.25, 25.25]},
			"faces": {
				"north": {"uv": [5.5625, 6.6875, 5.25, 7.125], "texture": "#main"},
				"east": {"uv": [6.1875, 6.875, 5.875, 7.3125], "texture": "#main"},
				"south": {"uv": [5.875, 6.875, 5.5625, 7.3125], "texture": "#main"},
				"west": {"uv": [7, 6.6875, 6.6875, 7.125], "texture": "#main"},
				"up": {"uv": [7, 7.3125, 7.3125, 7], "texture": "#main"},
				"down": {"uv": [7, 5.5, 7.3125, 5.8125], "texture": "#main"}
			}
		},
		{
			"from": [9.375, 0, 25.375],
			"to": [14.375, 8.5, 30.375],
			"rotation": {"angle": -22.5, "axis": "x", "origin": [11.875, 4.25, 27.875]},
			"faces": {
				"north": {"uv": [6.5, 6.875, 6.1875, 7.3125], "texture": "#main"},
				"east": {"uv": [7.25, 4.4375, 6.9375, 4.875], "texture": "#main"},
				"south": {"uv": [4.3125, 6.9375, 4, 7.375], "texture": "#main"},
				"west": {"uv": [7.1875, 4, 6.875, 4.4375], "texture": "#main"},
				"up": {"uv": [7, 6.125, 7.3125, 5.8125], "texture": "#main"},
				"down": {"uv": [7, 6.125, 7.3125, 6.4375], "texture": "#main"}
			}
		},
		{
			"from": [1, 7, 10],
			"to": [15, 18, 30],
			"rotation": {"angle": 0, "axis": "y", "origin": [9, 15, 18]},
			"faces": {
				"north": {"uv": [0, 1.25, 0.875, 1.9375], "texture": "#main"},
				"east": {"uv": [0.875, 0, 2.125, 0.6875], "texture": "#main"},
				"south": {"uv": [1.75, 0.6875, 2.625, 1.375], "texture": "#main"},
				"west": {"uv": [1.75, 1.75, 3, 2.4375], "texture": "#main"},
				"up": {"uv": [0.875, 1.25, 0, 0], "texture": "#main"},
				"down": {"uv": [1.75, 0.875, 0.875, 2.125], "texture": "#main"}
			}
		},
		{
			"from": [10.5, 15, 6],
			"to": [14.5, 19, 7],
			"rotation": {"angle": 0, "axis": "y", "origin": [6.5, 23, 14]},
			"faces": {
				"north": {"uv": [0.3125, 3.125, 0.5625, 3.375], "texture": "#main"},
				"east": {"uv": [0.8125, 3.125, 0.875, 3.375], "texture": "#main"},
				"south": {"uv": [0.5625, 3.125, 0.8125, 3.375], "texture": "#main"},
				"west": {"uv": [0.875, 3.125, 0.9375, 3.375], "texture": "#main"},
				"up": {"uv": [1.75, 0.875, 1.5, 0.8125], "texture": "#main"},
				"down": {"uv": [2, 1.6875, 1.75, 1.75], "texture": "#main"}
			}
		},
		{
			"from": [3.5, 8, 3],
			"to": [12.5, 17, 10],
			"rotation": {"angle": 0, "axis": "y", "origin": [11.5, 16, 11]},
			"faces": {
				"north": {"uv": [0, 1.9375, 0.5625, 2.5], "texture": "#main"},
				"east": {"uv": [1.125, 2.125, 1.5625, 2.6875], "texture": "#main"},
				"south": {"uv": [0.5625, 2.125, 1.125, 2.6875], "texture": "#main"},
				"west": {"uv": [2.125, 0, 2.5625, 0.5625], "texture": "#main"},
				"up": {"uv": [2.125, 2.875, 1.5625, 2.4375], "texture": "#main"},
				"down": {"uv": [2.6875, 2.4375, 2.125, 2.875], "texture": "#main"}
			}
		},
		{
			"from": [5.5, 8, 0],
			"to": [10.5, 12, 3],
			"rotation": {"angle": 0, "axis": "y", "origin": [13.5, 16, 8]},
			"faces": {
				"north": {"uv": [2.6875, 2.4375, 3, 2.6875], "texture": "#main"},
				"east": {"uv": [1.5625, 2.125, 1.75, 2.375], "texture": "#main"},
				"south": {"uv": [3, 2.4375, 3.3125, 2.6875], "texture": "#main"},
				"west": {"uv": [2.5, 2.875, 2.6875, 3.125], "texture": "#main"},
				"up": {"uv": [1.1875, 0.875, 0.875, 0.6875], "texture": "#main"},
				"down": {"uv": [1.5, 0.6875, 1.1875, 0.875], "texture": "#main"}
			}
		},
		{
			"from": [1.5, 15, 6],
			"to": [5.5, 19, 7],
			"rotation": {"angle": 0, "axis": "y", "origin": [9.5, 23, 14]},
			"faces": {
				"north": {"uv": [2.375, 1.375, 2.625, 1.625], "texture": "#main"},
				"east": {"uv": [2.5625, 0.4375, 2.625, 0.6875], "texture": "#main"},
				"south": {"uv": [3, 2.6875, 3.25, 2.9375], "texture": "#main"},
				"west": {"uv": [2.9375, 1.5, 3, 1.75], "texture": "#main"},
				"up": {"uv": [1.75, 0.75, 1.5, 0.6875], "texture": "#main"},
				"down": {"uv": [1.75, 0.75, 1.5, 0.8125], "texture": "#main"}
			}
		},
		{
			"from": [9.375, 0, 11.25],
			"to": [14.375, 7, 16.25],
			"rotation": {"angle": 0, "axis": "y", "origin": [17.375, 8, 19.25]},
			"faces": {
				"north": {"uv": [2.625, 1.3125, 2.9375, 1.75], "texture": "#main"},
				"east": {"uv": [0.3125, 2.6875, 0.625, 3.125], "texture": "#main"},
				"south": {"uv": [0.625, 2.6875, 0.9375, 3.125], "texture": "#main"},
				"west": {"uv": [0.9375, 2.6875, 1.25, 3.125], "texture": "#main"},
				"up": {"uv": [3.25, 1.1875, 2.9375, 0.875], "texture": "#main"},
				"down": {"uv": [3.25, 1.1875, 2.9375, 1.5], "texture": "#main"}
			}
		},
		{
			"from": [1.625, 0, 11.25],
			"to": [6.625, 7, 16.25],
			"rotation": {"angle": 0, "axis": "y", "origin": [9.625, 8, 19.25]},
			"faces": {
				"north": {"uv": [0, 2.5, 0.3125, 2.9375], "texture": "#main"},
				"east": {"uv": [2.5625, 0, 2.875, 0.4375], "texture": "#main"},
				"south": {"uv": [2.625, 0.4375, 2.9375, 0.875], "texture": "#main"},
				"west": {"uv": [2.625, 0.875, 2.9375, 1.3125], "texture": "#main"},
				"up": {"uv": [2.0625, 1.6875, 1.75, 1.375], "texture": "#main"},
				"down": {"uv": [2.375, 1.375, 2.0625, 1.6875], "texture": "#main"}
			}
		},
		{
			"from": [9.375, 0, 23.75],
			"to": [14.375, 7, 28.75],
			"rotation": {"angle": 0, "axis": "y", "origin": [17.375, 8, 31.75]},
			"faces": {
				"north": {"uv": [1.25, 2.6875, 1.5625, 3.125], "texture": "#main"},
				"east": {"uv": [2.6875, 2.6875, 3, 3.125], "texture": "#main"},
				"south": {"uv": [1.5625, 2.875, 1.875, 3.3125], "texture": "#main"},
				"west": {"uv": [1.875, 2.875, 2.1875, 3.3125], "texture": "#main"},
				"up": {"uv": [3.3125, 3.3125, 3, 3], "texture": "#main"},
				"down": {"uv": [3.3125, 1.5, 3, 1.8125], "texture": "#main"}
			}
		},
		{
			"from": [1.625, 0, 23.75],
			"to": [6.625, 7, 28.75],
			"rotation": {"angle": 0, "axis": "y", "origin": [9.625, 8, 31.75]},
			"faces": {
				"north": {"uv": [2.1875, 2.875, 2.5, 3.3125], "texture": "#main"},
				"east": {"uv": [2.875, 0, 3.1875, 0.4375], "texture": "#main"},
				"south": {"uv": [0, 2.9375, 0.3125, 3.375], "texture": "#main"},
				"west": {"uv": [2.9375, 0.4375, 3.25, 0.875], "texture": "#main"},
				"up": {"uv": [3.3125, 2.125, 3, 1.8125], "texture": "#main"},
				"down": {"uv": [3.3125, 2.125, 3, 2.4375], "texture": "#main"}
			}
		}
	],
	"display": {
		"thirdperson_righthand": {
			"rotation": [75, 45, 0],
			"translation": [0, 2.5, 0],
			"scale": [0.375, 0.375, 0.375]
		},
		"thirdperson_lefthand": {
			"rotation": [75, 45, 0],
			"translation": [0, 2.5, 0],
			"scale": [0.375, 0.375, 0.375]
		},
		"firstperson_righthand": {
			"scale": [0, 0, 0]
		},
		"firstperson_lefthand": {
			"scale": [0, 0, 0]
		},
		"ground": {
			"translation": [0, 8, 0]
		},
		"gui": {
			"rotation": [-165.25, 28, -180],
			"translation": [-3.25, -2, 0],
			"scale": [0.6, 0.6, 0.6]
		},
		"head": {
			"translation": [0, -28.5, -22.5],
			"scale": [2, 2, 2]
		}
	},
	"groups": [
		0,
		1,
		2,
		3,
		4,
		5,
		6,
		7,
		8,
		9,
		10,
		11,
		12,
		13,
		14,
		15,
		16,
		17,
		18,
		19,
		20,
		21,
		22,
		23,
		24,
		25,
		26,
		27,
		28,
		29,
		30,
		31,
		32,
		33,
		34,
		35,
		36,
		37,
		38,
		39,
		40,
		41,
		42,
		43,
		44,
		{
			"name": "group",
			"origin": [8, 8, 8],
			"color": 0,
			"nbt": "{}",
			"armAnimationEnabled": false,
			"children": [
				45,
				{
					"name": "group",
					"origin": [9.5, 18.5, 15.5],
					"color": 0,
					"nbt": "{}",
					"armAnimationEnabled": false,
					"children": [46, 47, 48, 49]
				},
				{
					"name": "group",
					"origin": [9.625, 3.5, 20.75],
					"color": 0,
					"nbt": "{}",
					"armAnimationEnabled": false,
					"children": [50, 51]
				},
				{
					"name": "group",
					"origin": [9.625, 3.5, 20.75],
					"color": 0,
					"nbt": "{}",
					"armAnimationEnabled": false,
					"children": [52, 53]
				}
			]
		}
	]
}