{
	"credit": "Made with Blockbench",
	"texture_size": [128, 128],
	"textures": {
		"0": "hanu/trs5",
		"particle": "hanu/trs5"
	},
	"elements": [
		{
			"name": "octagon",
			"from": [4.27208, 18, -4.001],
			"to": [11.72792, 20, -1.999],
			"rotation": {"angle": 45, "axis": "z", "origin": [8, 11, -3.5]},
			"faces": {
				"north": {"uv": [4.25, 8.75, 5.125, 9], "texture": "#0"},
				"east": {"uv": [6.25, 8.25, 6.5, 8.5], "texture": "#0"},
				"south": {"uv": [7.5, 9.125, 8.375, 9.375], "texture": "#0"},
				"west": {"uv": [10.375, 4.125, 10.625, 4.375], "texture": "#0"},
				"up": {"uv": [9.25, 9.375, 8.375, 9.125], "texture": "#0"},
				"down": {"uv": [10.125, 9.125, 9.25, 9.375], "texture": "#0"}
			}
		},
		{
			"name": "octagon",
			"from": [4.27208, 18, -3.998],
			"to": [11.72792, 20, -1.998],
			"rotation": {"angle": 0, "axis": "y", "origin": [8, 11, -3.5]},
			"faces": {
				"north": {"uv": [0, 9.375, 0.875, 9.625], "texture": "#0"},
				"east": {"uv": [10.375, 7.875, 10.625, 8.125], "texture": "#0"},
				"south": {"uv": [0.875, 9.375, 1.75, 9.625], "texture": "#0"},
				"west": {"uv": [10.375, 8.875, 10.625, 9.125], "texture": "#0"},
				"up": {"uv": [10.25, 1.375, 9.375, 1.125], "texture": "#0"},
				"down": {"uv": [10.25, 1.375, 9.375, 1.625], "texture": "#0"}
			}
		},
		{
			"name": "octagon",
			"from": [-1, 7.97208, -4],
			"to": [1, 14.72792, -2],
			"rotation": {"angle": 0, "axis": "y", "origin": [8, 11, -3.5]},
			"faces": {
				"north": {"uv": [9.375, 1.625, 9.625, 2.5], "texture": "#0"},
				"east": {"uv": [9.375, 2.5, 9.625, 3.375], "texture": "#0"},
				"south": {"uv": [6.125, 9.375, 6.375, 10.25], "texture": "#0"},
				"west": {"uv": [7.5, 9.375, 7.75, 10.25], "texture": "#0"},
				"up": {"uv": [10.625, 9.625, 10.375, 9.375], "texture": "#0"},
				"down": {"uv": [10.25, 10.375, 10, 10.625], "texture": "#0"}
			}
		},
		{
			"name": "octagon",
			"from": [15, 7.27208, -4.001],
			"to": [17, 14.72792, -1.999],
			"rotation": {"angle": 45, "axis": "z", "origin": [8, 11, -3.5]},
			"faces": {
				"north": {"uv": [7.75, 9.375, 8, 10.25], "texture": "#0"},
				"east": {"uv": [8, 9.375, 8.25, 10.25], "texture": "#0"},
				"south": {"uv": [8.25, 9.375, 8.5, 10.25], "texture": "#0"},
				"west": {"uv": [8.5, 9.375, 8.75, 10.25], "texture": "#0"},
				"up": {"uv": [10.75, 1.75, 10.5, 1.5], "texture": "#0"},
				"down": {"uv": [10.75, 2.75, 10.5, 3], "texture": "#0"}
			}
		},
		{
			"name": "octagon",
			"from": [15, 7.97208, -4],
			"to": [17, 14.72792, -2],
			"rotation": {"angle": 0, "axis": "y", "origin": [8, 11, -3.5]},
			"faces": {
				"north": {"uv": [8.75, 9.375, 9, 10.25], "texture": "#0"},
				"east": {"uv": [9, 9.375, 9.25, 10.25], "texture": "#0"},
				"south": {"uv": [9.25, 9.375, 9.5, 10.25], "texture": "#0"},
				"west": {"uv": [9.5, 6.625, 9.75, 7.5], "texture": "#0"},
				"up": {"uv": [10.75, 3.25, 10.5, 3], "texture": "#0"},
				"down": {"uv": [5.875, 10.5, 5.625, 10.75], "texture": "#0"}
			}
		},
		{
			"name": "octagon",
			"from": [4.27208, 18, 17.999],
			"to": [11.72792, 20, 20.001],
			"rotation": {"angle": 45, "axis": "z", "origin": [8, 11, 18.5]},
			"faces": {
				"north": {"uv": [9.5, 7.5, 10.375, 7.75], "texture": "#0"},
				"east": {"uv": [5.875, 10.5, 6.125, 10.75], "texture": "#0"},
				"south": {"uv": [9.5, 7.75, 10.375, 8], "texture": "#0"},
				"west": {"uv": [6.375, 10.5, 6.625, 10.75], "texture": "#0"},
				"up": {"uv": [10.375, 8.25, 9.5, 8], "texture": "#0"},
				"down": {"uv": [10.375, 8.875, 9.5, 9.125], "texture": "#0"}
			}
		},
		{
			"name": "octagon",
			"from": [4.27208, 18, 17.998],
			"to": [11.72792, 20, 19.998],
			"rotation": {"angle": 0, "axis": "y", "origin": [8, 11, 18.5]},
			"faces": {
				"north": {"uv": [9.5, 9.375, 10.375, 9.625], "texture": "#0"},
				"east": {"uv": [7.5, 10.5, 7.75, 10.75], "texture": "#0"},
				"south": {"uv": [0, 9.625, 0.875, 9.875], "texture": "#0"},
				"west": {"uv": [7.75, 10.5, 8, 10.75], "texture": "#0"},
				"up": {"uv": [1.75, 9.875, 0.875, 9.625], "texture": "#0"},
				"down": {"uv": [10.5, 1.625, 9.625, 1.875], "texture": "#0"}
			}
		},
		{
			"name": "octagon",
			"from": [-1, 7.97208, 18],
			"to": [1, 14.72792, 20],
			"rotation": {"angle": 0, "axis": "y", "origin": [8, 11, 18.5]},
			"faces": {
				"north": {"uv": [9.625, 1.875, 9.875, 2.75], "texture": "#0"},
				"east": {"uv": [9.625, 4.375, 9.875, 5.25], "texture": "#0"},
				"south": {"uv": [9.5, 9.625, 9.75, 10.5], "texture": "#0"},
				"west": {"uv": [9.75, 6.625, 10, 7.5], "texture": "#0"},
				"up": {"uv": [10.75, 8.625, 10.5, 8.375], "texture": "#0"},
				"down": {"uv": [8.75, 10.5, 8.5, 10.75], "texture": "#0"}
			}
		},
		{
			"name": "octagon",
			"from": [15, 7.27208, 17.999],
			"to": [17, 14.72792, 20.001],
			"rotation": {"angle": 45, "axis": "z", "origin": [8, 11, 18.5]},
			"faces": {
				"north": {"uv": [6.75, 9.75, 7, 10.625], "texture": "#0"},
				"east": {"uv": [7, 9.75, 7.25, 10.625], "texture": "#0"},
				"south": {"uv": [7.25, 9.75, 7.5, 10.625], "texture": "#0"},
				"west": {"uv": [9.75, 9.625, 10, 10.5], "texture": "#0"},
				"up": {"uv": [10.75, 8.875, 10.5, 8.625], "texture": "#0"},
				"down": {"uv": [9, 10.5, 8.75, 10.75], "texture": "#0"}
			}
		},
		{
			"name": "octagon",
			"from": [15, 7.97208, 18],
			"to": [17, 14.72792, 20],
			"rotation": {"angle": 0, "axis": "y", "origin": [8, 11, 18.5]},
			"faces": {
				"north": {"uv": [0, 9.875, 0.25, 10.75], "texture": "#0"},
				"east": {"uv": [0.25, 9.875, 0.5, 10.75], "texture": "#0"},
				"south": {"uv": [0.5, 9.875, 0.75, 10.75], "texture": "#0"},
				"west": {"uv": [0.75, 9.875, 1, 10.75], "texture": "#0"},
				"up": {"uv": [9.25, 10.75, 9, 10.5], "texture": "#0"},
				"down": {"uv": [9.75, 10.5, 9.5, 10.75], "texture": "#0"}
			}
		},
		{
			"name": "octagon",
			"from": [4.68629, 17, -3],
			"to": [11.31371, 19, 19],
			"rotation": {"angle": 45, "axis": "z", "origin": [8, 11, -1.5]},
			"faces": {
				"north": {"uv": [9.625, 2.75, 10.5, 3], "texture": "#0"},
				"east": {"uv": [7.625, 5.375, 10.375, 5.625], "texture": "#0"},
				"south": {"uv": [9.625, 3, 10.5, 3.25], "texture": "#0"},
				"west": {"uv": [7.625, 5.625, 10.375, 5.875], "texture": "#0"},
				"up": {"uv": [0.875, 9.375, 0, 6.625], "texture": "#0"},
				"down": {"uv": [1.75, 6.625, 0.875, 9.375], "texture": "#0"}
			}
		},
		{
			"name": "octagon",
			"from": [4.68629, 17, -2.999],
			"to": [11.31371, 19, 18.997],
			"rotation": {"angle": 0, "axis": "y", "origin": [8, 11, -1.5]},
			"faces": {
				"north": {"uv": [9.875, 1.875, 10.75, 2.125], "texture": "#0"},
				"east": {"uv": [7.625, 5.875, 10.375, 6.125], "texture": "#0"},
				"south": {"uv": [9.875, 2.125, 10.75, 2.375], "texture": "#0"},
				"west": {"uv": [7.625, 6.125, 10.375, 6.375], "texture": "#0"},
				"up": {"uv": [7.625, 3.875, 6.75, 1.125], "texture": "#0"},
				"down": {"uv": [7.625, 3.875, 6.75, 6.625], "texture": "#0"}
			}
		},
		{
			"name": "octagon",
			"from": [14, 7.68629, -3],
			"to": [16, 14.31371, 19],
			"rotation": {"angle": 45, "axis": "z", "origin": [8, 11, -1.5]},
			"faces": {
				"north": {"uv": [1, 9.875, 1.25, 10.75], "texture": "#0"},
				"east": {"uv": [6.75, 6.625, 9.5, 7.5], "texture": "#0"},
				"south": {"uv": [1.25, 9.875, 1.5, 10.75], "texture": "#0"},
				"west": {"uv": [6.75, 7.5, 9.5, 8.375], "texture": "#0"},
				"up": {"uv": [3.75, 8.25, 3.5, 5.5], "texture": "#0"},
				"down": {"uv": [4, 5.5, 3.75, 8.25], "texture": "#0"}
			}
		},
		{
			"name": "octagon",
			"from": [17.498, 9.17157, 6],
			"to": [18.498, 10.82843, 10],
			"rotation": {"angle": 45, "axis": "x", "origin": [18, 10, 8]},
			"faces": {
				"north": {"uv": [6, 8.5, 6.125, 8.75], "texture": "#0"},
				"east": {"uv": [10.125, 9.125, 10.625, 9.375], "texture": "#0"},
				"south": {"uv": [5.125, 8.75, 5.25, 9], "texture": "#0"},
				"west": {"uv": [10.25, 0.75, 10.75, 1], "texture": "#0"},
				"up": {"uv": [6.75, 4.375, 6.625, 3.875], "texture": "#0"},
				"down": {"uv": [6.75, 4.375, 6.625, 4.875], "texture": "#0"}
			}
		},
		{
			"name": "octagon",
			"from": [17.5, 9.17157, 6],
			"to": [18.5, 10.82843, 10],
			"rotation": {"angle": 0, "axis": "y", "origin": [18, 10, 8]},
			"faces": {
				"north": {"uv": [2, 10, 2.125, 10.25], "texture": "#0"},
				"east": {"uv": [5.625, 10.25, 6.125, 10.5], "texture": "#0"},
				"south": {"uv": [5.5, 10.625, 5.625, 10.875], "texture": "#0"},
				"west": {"uv": [7.5, 10.25, 8, 10.5], "texture": "#0"},
				"up": {"uv": [6.5, 9.875, 6.375, 9.375], "texture": "#0"},
				"down": {"uv": [6.5, 9.875, 6.375, 10.375], "texture": "#0"}
			}
		},
		{
			"name": "octagon",
			"from": [17.498, 8, 7.17157],
			"to": [18.498, 12, 8.82843],
			"rotation": {"angle": 45, "axis": "x", "origin": [18, 10, 8]},
			"faces": {
				"north": {"uv": [6.625, 10.5, 6.75, 11], "texture": "#0"},
				"east": {"uv": [6.125, 10.25, 6.375, 10.75], "texture": "#0"},
				"south": {"uv": [9.75, 10.5, 9.875, 11], "texture": "#0"},
				"west": {"uv": [8, 10.25, 8.25, 10.75], "texture": "#0"},
				"up": {"uv": [10.75, 10.125, 10.625, 9.875], "texture": "#0"},
				"down": {"uv": [10.125, 10.625, 10, 10.875], "texture": "#0"}
			}
		},
		{
			"name": "octagon",
			"from": [17.499, 8, 7.17157],
			"to": [18.499, 12, 8.82843],
			"rotation": {"angle": 0, "axis": "y", "origin": [18, 10, 8]},
			"faces": {
				"north": {"uv": [9.875, 10.5, 10, 11], "texture": "#0"},
				"east": {"uv": [8.25, 10.25, 8.5, 10.75], "texture": "#0"},
				"south": {"uv": [10.5, 10.125, 10.625, 10.625], "texture": "#0"},
				"west": {"uv": [10.25, 8.375, 10.5, 8.875], "texture": "#0"},
				"up": {"uv": [10.25, 10.875, 10.125, 10.625], "texture": "#0"},
				"down": {"uv": [10.75, 10.125, 10.625, 10.375], "texture": "#0"}
			}
		},
		{
			"name": "octagon",
			"from": [15.499, 8.75736, 5],
			"to": [17.499, 11.24264, 11],
			"rotation": {"angle": 45, "axis": "x", "origin": [16, 10, 8]},
			"faces": {
				"north": {"uv": [10.25, 10.5, 10.5, 10.75], "texture": "#0"},
				"east": {"uv": [9.875, 5.125, 10.625, 5.375], "texture": "#0"},
				"south": {"uv": [10.625, 1.125, 10.875, 1.375], "texture": "#0"},
				"west": {"uv": [10, 6.625, 10.75, 6.875], "texture": "#0"},
				"up": {"uv": [10.25, 10.375, 10, 9.625], "texture": "#0"},
				"down": {"uv": [2.25, 10.25, 2, 11], "texture": "#0"}
			}
		},
		{
			"name": "octagon",
			"from": [15.501, 8.75736, 5],
			"to": [17.501, 11.24264, 11],
			"rotation": {"angle": 0, "axis": "y", "origin": [16, 10, 8]},
			"faces": {
				"north": {"uv": [10.625, 3.375, 10.875, 3.625], "texture": "#0"},
				"east": {"uv": [10, 6.875, 10.75, 7.125], "texture": "#0"},
				"south": {"uv": [10.625, 3.625, 10.875, 3.875], "texture": "#0"},
				"west": {"uv": [10, 7.125, 10.75, 7.375], "texture": "#0"},
				"up": {"uv": [2.5, 11, 2.25, 10.25], "texture": "#0"},
				"down": {"uv": [2.75, 10.25, 2.5, 11], "texture": "#0"}
			}
		},
		{
			"name": "octagon",
			"from": [15.499, 7, 6.75736],
			"to": [17.499, 13, 9.24264],
			"rotation": {"angle": 45, "axis": "x", "origin": [16, 10, 8]},
			"faces": {
				"north": {"uv": [2.75, 10.25, 3, 11], "texture": "#0"},
				"east": {"uv": [3, 10.25, 3.25, 11], "texture": "#0"},
				"south": {"uv": [3.25, 10.25, 3.5, 11], "texture": "#0"},
				"west": {"uv": [3.5, 10.25, 3.75, 11], "texture": "#0"},
				"up": {"uv": [10.875, 4.125, 10.625, 3.875], "texture": "#0"},
				"down": {"uv": [10.875, 4.125, 10.625, 4.375], "texture": "#0"}
			}
		},
		{
			"name": "octagon",
			"from": [15.5, 7, 6.75736],
			"to": [17.5, 13, 9.24264],
			"rotation": {"angle": 0, "axis": "y", "origin": [16, 10, 8]},
			"faces": {
				"north": {"uv": [3.75, 10.25, 4, 11], "texture": "#0"},
				"east": {"uv": [4, 10.25, 4.25, 11], "texture": "#0"},
				"south": {"uv": [4.25, 10.25, 4.5, 11], "texture": "#0"},
				"west": {"uv": [4.5, 10.25, 4.75, 11], "texture": "#0"},
				"up": {"uv": [10.875, 5.375, 10.625, 5.125], "texture": "#0"},
				"down": {"uv": [5.5, 10.625, 5.25, 10.875], "texture": "#0"}
			}
		},
		{
			"name": "octagon",
			"from": [4.47918, 17.5, 6.5],
			"to": [11.52082, 19.5, 9.5],
			"rotation": {"angle": 45, "axis": "z", "origin": [8, 11, 8]},
			"faces": {
				"north": {"uv": [9.875, 2.375, 10.75, 2.625], "texture": "#0"},
				"east": {"uv": [8.5, 10.25, 8.875, 10.5], "texture": "#0"},
				"south": {"uv": [9.875, 4.375, 10.75, 4.625], "texture": "#0"},
				"west": {"uv": [8.875, 10.25, 9.25, 10.5], "texture": "#0"},
				"up": {"uv": [6.625, 4.25, 5.75, 3.875], "texture": "#0"},
				"down": {"uv": [6.625, 4.25, 5.75, 4.625], "texture": "#0"}
			}
		},
		{
			"name": "octagon",
			"from": [4.47918, 17.5, 6.498],
			"to": [11.52082, 19.5, 9.502],
			"rotation": {"angle": 0, "axis": "y", "origin": [8, 11, 8]},
			"faces": {
				"north": {"uv": [9.875, 4.625, 10.75, 4.875], "texture": "#0"},
				"east": {"uv": [10.25, 9.625, 10.625, 9.875], "texture": "#0"},
				"south": {"uv": [9.875, 4.875, 10.75, 5.125], "texture": "#0"},
				"west": {"uv": [10.25, 9.875, 10.625, 10.125], "texture": "#0"},
				"up": {"uv": [6.625, 5, 5.75, 4.625], "texture": "#0"},
				"down": {"uv": [6.125, 8.75, 5.25, 9.125], "texture": "#0"}
			}
		},
		{
			"name": "octagon",
			"from": [-0.5, 9.47918, 6.5],
			"to": [1.5, 14.52082, 9.5],
			"rotation": {"angle": 0, "axis": "y", "origin": [8, 11, 8]},
			"faces": {
				"north": {"uv": [4.75, 10.25, 5, 10.875], "texture": "#0"},
				"east": {"uv": [6.75, 9.125, 7.125, 9.75], "texture": "#0"},
				"south": {"uv": [5, 10.25, 5.25, 10.875], "texture": "#0"},
				"west": {"uv": [7.125, 9.125, 7.5, 9.75], "texture": "#0"},
				"up": {"uv": [9.5, 10.625, 9.25, 10.25], "texture": "#0"},
				"down": {"uv": [10.5, 10.125, 10.25, 10.5], "texture": "#0"}
			}
		},
		{
			"name": "octagon",
			"from": [14.5, 7.47918, 6.499],
			"to": [16.5, 14.52082, 9.501],
			"rotation": {"angle": 45, "axis": "z", "origin": [8, 11, 8]},
			"faces": {
				"north": {"uv": [1.5, 9.875, 1.75, 10.75], "texture": "#0"},
				"east": {"uv": [6.125, 8.5, 6.5, 9.375], "texture": "#0"},
				"south": {"uv": [1.75, 10, 2, 10.875], "texture": "#0"},
				"west": {"uv": [1.75, 9.125, 2.125, 10], "texture": "#0"},
				"up": {"uv": [10.625, 3.75, 10.375, 3.375], "texture": "#0"},
				"down": {"uv": [10.625, 3.75, 10.375, 4.125], "texture": "#0"}
			}
		},
		{
			"name": "octagon",
			"from": [14.5, 11.47918, 6.5],
			"to": [16.5, 14.52082, 9.5],
			"rotation": {"angle": 0, "axis": "y", "origin": [8, 11, 8]},
			"faces": {
				"north": {"uv": [10.375, 5.375, 10.625, 5.75], "texture": "#0"},
				"east": {"uv": [10.25, 1.125, 10.625, 1.5], "texture": "#0"},
				"south": {"uv": [10.375, 5.75, 10.625, 6.125], "texture": "#0"},
				"west": {"uv": [5.25, 10.25, 5.625, 10.625], "texture": "#0"},
				"up": {"uv": [10.625, 6.5, 10.375, 6.125], "texture": "#0"},
				"down": {"uv": [10.625, 7.5, 10.375, 7.875], "texture": "#0"}
			}
		},
		{
			"from": [1, 1, -2],
			"to": [15, 9, 18],
			"faces": {
				"north": {"uv": [7.625, 1.125, 9.375, 2.25], "texture": "#0"},
				"east": {"uv": [0, 5.5, 2.5, 6.625], "texture": "#0"},
				"south": {"uv": [7.625, 2.25, 9.375, 3.375], "texture": "#0"},
				"west": {"uv": [0, 5.5, 2.5, 6.625], "texture": "#0"},
				"up": {"uv": [5.75, 2.5, 4, 0], "texture": "#0"},
				"down": {"uv": [5.75, 2.5, 4, 5], "texture": "#0"}
			}
		},
		{
			"from": [0, 0, -3],
			"to": [16, 2, 19],
			"rotation": {"angle": 0, "axis": "y", "origin": [0, 1, 0]},
			"faces": {
				"north": {"uv": [8.25, 0.75, 10.25, 1], "texture": "#0"},
				"east": {"uv": [7.625, 6.375, 10.375, 6.625], "texture": "#0"},
				"south": {"uv": [2.5, 8.25, 4.5, 8.5], "texture": "#0"},
				"west": {"uv": [4, 7.75, 6.75, 8], "texture": "#0"},
				"up": {"uv": [2, 2.75, 0, 0], "texture": "#0"},
				"down": {"uv": [4, 0, 2, 2.75], "texture": "#0"}
			}
		},
		{
			"from": [14, 2, 17],
			"to": [16, 10, 19],
			"rotation": {"angle": 0, "axis": "y", "origin": [0, 1, 0]},
			"faces": {
				"north": {"uv": [2.125, 9.125, 2.375, 10.25], "texture": "#0"},
				"east": {"uv": [2.375, 9.125, 2.625, 10.25], "texture": "#0"},
				"south": {"uv": [2.625, 9.125, 2.875, 10.25], "texture": "#0"},
				"west": {"uv": [2.875, 9.125, 3.125, 10.25], "texture": "#0"},
				"up": {"uv": [10.875, 5.625, 10.625, 5.375], "texture": "#0"},
				"down": {"uv": [10.875, 5.625, 10.625, 5.875], "texture": "#0"}
			}
		},
		{
			"from": [0, 2, 17],
			"to": [2, 10, 19],
			"rotation": {"angle": 0, "axis": "y", "origin": [0, 1, 0]},
			"faces": {
				"north": {"uv": [3.125, 9.125, 3.375, 10.25], "texture": "#0"},
				"east": {"uv": [3.375, 9.125, 3.625, 10.25], "texture": "#0"},
				"south": {"uv": [3.625, 9.125, 3.875, 10.25], "texture": "#0"},
				"west": {"uv": [3.875, 9.125, 4.125, 10.25], "texture": "#0"},
				"up": {"uv": [10.875, 6.125, 10.625, 5.875], "texture": "#0"},
				"down": {"uv": [10.875, 6.125, 10.625, 6.375], "texture": "#0"}
			}
		},
		{
			"from": [1, 9, 18],
			"to": [15, 11, 20],
			"faces": {
				"north": {"uv": [4.5, 8.25, 6.25, 8.5], "texture": "#0"},
				"east": {"uv": [10.625, 6.375, 10.875, 6.625], "texture": "#0"},
				"south": {"uv": [6.75, 8.375, 8.5, 8.625], "texture": "#0"},
				"west": {"uv": [6.75, 10.625, 7, 10.875], "texture": "#0"},
				"up": {"uv": [4.25, 8.75, 2.5, 8.5], "texture": "#0"},
				"down": {"uv": [6, 8.5, 4.25, 8.75], "texture": "#0"}
			}
		},
		{
			"from": [-1, 8, -2],
			"to": [1, 10, 18],
			"faces": {
				"north": {"uv": [7, 10.625, 7.25, 10.875], "texture": "#0"},
				"east": {"uv": [4, 8, 6.5, 8.25], "texture": "#0"},
				"south": {"uv": [7.25, 10.625, 7.5, 10.875], "texture": "#0"},
				"west": {"uv": [8.25, 0, 10.75, 0.25], "texture": "#0"},
				"up": {"uv": [2, 9.125, 1.75, 6.625], "texture": "#0"},
				"down": {"uv": [2.25, 6.625, 2, 9.125], "texture": "#0"}
			}
		},
		{
			"from": [0, 2, -3],
			"to": [2, 10, -1],
			"rotation": {"angle": 0, "axis": "y", "origin": [0, 1, 0]},
			"faces": {
				"north": {"uv": [4.125, 9.125, 4.375, 10.25], "texture": "#0"},
				"east": {"uv": [4.375, 9.125, 4.625, 10.25], "texture": "#0"},
				"south": {"uv": [4.625, 9.125, 4.875, 10.25], "texture": "#0"},
				"west": {"uv": [4.875, 9.125, 5.125, 10.25], "texture": "#0"},
				"up": {"uv": [10.875, 7.75, 10.625, 7.5], "texture": "#0"},
				"down": {"uv": [10.875, 7.75, 10.625, 8], "texture": "#0"}
			}
		},
		{
			"from": [1, 9, -4],
			"to": [15, 11, -2],
			"faces": {
				"north": {"uv": [8.5, 8.375, 10.25, 8.625], "texture": "#0"},
				"east": {"uv": [10.625, 8, 10.875, 8.25], "texture": "#0"},
				"south": {"uv": [6.75, 8.625, 8.5, 8.875], "texture": "#0"},
				"west": {"uv": [10.625, 8.875, 10.875, 9.125], "texture": "#0"},
				"up": {"uv": [10.25, 8.875, 8.5, 8.625], "texture": "#0"},
				"down": {"uv": [4.25, 8.75, 2.5, 9], "texture": "#0"}
			}
		},
		{
			"from": [14, 2, -3],
			"to": [16, 10, -1],
			"rotation": {"angle": 0, "axis": "y", "origin": [0, 1, 0]},
			"faces": {
				"north": {"uv": [5.125, 9.125, 5.375, 10.25], "texture": "#0"},
				"east": {"uv": [5.375, 9.125, 5.625, 10.25], "texture": "#0"},
				"south": {"uv": [5.625, 9.125, 5.875, 10.25], "texture": "#0"},
				"west": {"uv": [5.875, 9.125, 6.125, 10.25], "texture": "#0"},
				"up": {"uv": [10.875, 9.375, 10.625, 9.125], "texture": "#0"},
				"down": {"uv": [9.5, 10.625, 9.25, 10.875], "texture": "#0"}
			}
		},
		{
			"from": [15, 8, -2],
			"to": [17, 10, 18],
			"faces": {
				"north": {"uv": [10.625, 9.375, 10.875, 9.625], "texture": "#0"},
				"east": {"uv": [8.25, 0.25, 10.75, 0.5], "texture": "#0"},
				"south": {"uv": [10.625, 9.625, 10.875, 9.875], "texture": "#0"},
				"west": {"uv": [8.25, 0.5, 10.75, 0.75], "texture": "#0"},
				"up": {"uv": [2.5, 9.125, 2.25, 6.625], "texture": "#0"},
				"down": {"uv": [6.75, 8, 6.5, 10.5], "texture": "#0"}
			}
		},
		{
			"from": [4.1, 15.7, -2.998],
			"to": [11.9, 17, 18.998],
			"faces": {
				"north": {"uv": [9.875, 2.625, 10.875, 2.75], "texture": "#0"},
				"east": {"uv": [8.25, 1, 11, 1.125], "texture": "#0"},
				"south": {"uv": [10, 7.375, 11, 7.5], "texture": "#0"},
				"west": {"uv": [6.75, 8.875, 9.5, 9], "texture": "#0"},
				"up": {"uv": [3.5, 8.25, 2.5, 5.5], "texture": "#0"},
				"down": {"uv": [6.75, 1.125, 5.75, 3.875], "texture": "#0"}
			}
		},
		{
			"from": [2.7, 14.3, -2.999],
			"to": [13.2, 15.7, 18.999],
			"faces": {
				"north": {"uv": [9.5, 8.25, 10.875, 8.375], "texture": "#0"},
				"east": {"uv": [2.5, 9, 5.25, 9.125], "texture": "#0"},
				"south": {"uv": [9.625, 3.25, 11, 3.375], "texture": "#0"},
				"west": {"uv": [6.75, 9, 9.5, 9.125], "texture": "#0"},
				"up": {"uv": [5.375, 7.75, 4, 5], "texture": "#0"},
				"down": {"uv": [6.75, 5, 5.375, 7.75], "texture": "#0"}
			}
		},
		{
			"from": [0, 10, -2.999],
			"to": [16, 14.3, 18.999],
			"faces": {
				"north": {"uv": [7.625, 4.375, 9.625, 4.875], "texture": "#0"},
				"east": {"uv": [7.625, 3.375, 10.375, 3.875], "texture": "#0"},
				"south": {"uv": [7.625, 4.875, 9.625, 5.375], "texture": "#0"},
				"west": {"uv": [7.625, 3.875, 10.375, 4.375], "texture": "#0"},
				"up": {"uv": [2, 5.5, 0, 2.75], "texture": "#0"},
				"down": {"uv": [4, 2.75, 2, 5.5], "texture": "#0"}
			}
		}
	],
	"display": {
		"gui": {
			"rotation": [0, -90, 0],
			"translation": [0, -2, 0],
			"scale": [0.64, 0.64, 0.64]
		},
		"head": {
			"rotation": [0, 90, 0],
			"translation": [0, -5.5, 1],
			"scale": [2, 1.5, 1.5]
		},
		"fixed": {
			"rotation": [0, 90, 0]
		}
	},
	"groups": [
		{
			"name": "group",
			"origin": [8, 8, 8],
			"color": 0,
			"children": [
				{
					"name": "octagon",
					"origin": [8, 8, 8],
					"color": 0,
					"children": [0, 1, 2, 3, 4]
				},
				{
					"name": "octagon",
					"origin": [8, 8, 8],
					"color": 0,
					"children": [5, 6, 7, 8, 9]
				},
				{
					"name": "octagon",
					"origin": [8, 8, 8],
					"color": 0,
					"children": [10, 11, 12]
				},
				{
					"name": "octagon",
					"origin": [8, 8, 8],
					"color": 0,
					"children": [13, 14, 15, 16]
				},
				{
					"name": "octagon",
					"origin": [8, 8, 8],
					"color": 0,
					"children": [17, 18, 19, 20]
				},
				{
					"name": "octagon",
					"origin": [8, 8, 8],
					"color": 0,
					"children": [21, 22, 23, 24, 25]
				},
				{
					"name": "group",
					"origin": [0, 0, 0],
					"color": 0,
					"children": [26, 27, 28, 29, 30, 31, 32, 33, 34, 35]
				},
				{
					"name": "group",
					"origin": [0, 0, 0],
					"color": 0,
					"children": [36, 37, 38]
				}
			]
		}
	]
}