{
	"credit": "Made with Blockbench",
	"texture_size": [64, 64],
	"textures": {
		"main": "items/pet01_a"
	},
	"elements": [
		{
			"from": [4, 1.5252, 9.125],
			"to": [12, 8.5252, 16.125],
			"rotation": {"angle": -22.5, "axis": "x", "origin": [7, 4.0252, 12.125]},
			"faces": {
				"north": {"uv": [8, 0, 9, 0.875], "texture": "#main"},
				"east": {"uv": [8, 1.75, 8.75, 2.625], "texture": "#main"},
				"south": {"uv": [8, 0.875, 9, 1.75], "texture": "#main"},
				"west": {"uv": [8.75, 1.75, 9.5, 2.625], "texture": "#main"},
				"up": {"uv": [10, 1.75, 9, 1], "texture": "#main"},
				"down": {"uv": [10, 0, 9, 0.75], "texture": "#main"}
			}
		},
		{
			"from": [4.5, 5.9002, 12.25],
			"to": [11.5, 10.9002, 17.25],
			"rotation": {"angle": 22.5, "axis": "x", "origin": [7, 8.4002, 14.25]},
			"faces": {
				"north": {"uv": [9.5, 1.75, 10.375, 2.375], "texture": "#main"},
				"east": {"uv": [8, 2.625, 8.625, 3.25], "texture": "#main"},
				"south": {"uv": [10, 0, 10.875, 0.625], "texture": "#main"},
				"west": {"uv": [8.625, 2.625, 9.25, 3.25], "texture": "#main"},
				"up": {"uv": [10.875, 1.25, 10, 0.625], "texture": "#main"},
				"down": {"uv": [10.375, 2.375, 9.5, 3], "texture": "#main"}
			}
		},
		{
			"from": [6, 9.6502, 13.5],
			"to": [10, 13.6502, 17.5],
			"rotation": {"angle": 0, "axis": "y", "origin": [8.5, 12.1502, 14.5]},
			"faces": {
				"north": {"uv": [10, 3, 10.5, 3.5], "texture": "#main"},
				"east": {"uv": [10.5, 3, 11, 3.5], "texture": "#main"},
				"south": {"uv": [11, 3, 11.5, 3.5], "texture": "#main"},
				"west": {"uv": [11.125, 1.25, 11.625, 1.75], "texture": "#main"},
				"up": {"uv": [11.625, 2.25, 11.125, 1.75], "texture": "#main"},
				"down": {"uv": [11.625, 2.25, 11.125, 2.75], "texture": "#main"}
			}
		},
		{
			"from": [8.375, 4.48614, 4.25],
			"to": [9.375, 8.48614, 5.25],
			"rotation": {"angle": -22.5, "axis": "x", "origin": [9.75, 7.4002, 6]},
			"faces": {
				"north": {"uv": [11.625, 1.25, 11.75, 1.75], "texture": "#main"},
				"east": {"uv": [11.625, 1.75, 11.75, 2.25], "texture": "#main"},
				"south": {"uv": [11.625, 2.25, 11.75, 2.75], "texture": "#main"},
				"west": {"uv": [9.25, 3.75, 9.375, 4.25], "texture": "#main"},
				"up": {"uv": [12, 2.25, 11.875, 2.125], "texture": "#main"},
				"down": {"uv": [12, 2.25, 11.875, 2.375], "texture": "#main"}
			}
		},
		{
			"from": [5, 0.6502, 7.5],
			"to": [11, 5.7752, 10.25],
			"rotation": {"angle": 0, "axis": "y", "origin": [8, 3.2752, 10.5]},
			"faces": {
				"north": {"uv": [10.375, 2.375, 11.125, 3], "texture": "#main"},
				"east": {"uv": [8, 3.25, 8.375, 3.875], "texture": "#main"},
				"south": {"uv": [10.375, 1.25, 11.125, 1.875], "texture": "#main"},
				"west": {"uv": [8.375, 3.25, 8.75, 3.875], "texture": "#main"},
				"up": {"uv": [11.125, 2.25, 10.375, 1.875], "texture": "#main"},
				"down": {"uv": [10, 3, 9.25, 3.375], "texture": "#main"}
			}
		},
		{
			"from": [5.375, 0.6502, 5.5],
			"to": [10.625, 5.4002, 7.5],
			"rotation": {"angle": 0, "axis": "y", "origin": [8, 3.2752, 7.75]},
			"faces": {
				"north": {"uv": [10.875, 0, 11.5, 0.625], "texture": "#main"},
				"east": {"uv": [8.75, 3.25, 9, 3.875], "texture": "#main"},
				"south": {"uv": [10.875, 0.625, 11.5, 1.25], "texture": "#main"},
				"west": {"uv": [9, 3.25, 9.25, 3.875], "texture": "#main"},
				"up": {"uv": [9.625, 1, 9, 0.75], "texture": "#main"},
				"down": {"uv": [11.75, 2.75, 11.125, 3], "texture": "#main"}
			}
		},
		{
			"from": [6.625, 4.48614, 4.25],
			"to": [7.625, 8.48614, 5.25],
			"rotation": {"angle": -22.5, "axis": "x", "origin": [8, 7.4002, 6]},
			"faces": {
				"north": {"uv": [9.375, 3.75, 9.5, 4.25], "texture": "#main"},
				"east": {"uv": [9.5, 3.75, 9.625, 4.25], "texture": "#main"},
				"south": {"uv": [9.625, 3.75, 9.75, 4.25], "texture": "#main"},
				"west": {"uv": [9.75, 3.75, 9.875, 4.25], "texture": "#main"},
				"up": {"uv": [12, 2.5, 11.875, 2.375], "texture": "#main"},
				"down": {"uv": [12, 2.5, 11.875, 2.625], "texture": "#main"}
			}
		},
		{
			"from": [10.625, 1.6502, 3.5],
			"to": [13.625, 3.6502, 6.5],
			"rotation": {"angle": 0, "axis": "y", "origin": [13.25, 4.2752, 5.75]},
			"faces": {
				"north": {"uv": [9.625, 0.75, 10, 1], "texture": "#main"},
				"east": {"uv": [11.5, 0, 11.875, 0.25], "texture": "#main"},
				"south": {"uv": [11.5, 0.25, 11.875, 0.5], "texture": "#main"},
				"west": {"uv": [11.5, 0.5, 11.875, 0.75], "texture": "#main"},
				"up": {"uv": [10.375, 1.625, 10, 1.25], "texture": "#main"},
				"down": {"uv": [9.625, 3.375, 9.25, 3.75], "texture": "#main"}
			}
		},
		{
			"from": [10.75, 0.7752, 3.5],
			"to": [13.5, 1.7752, 6.5],
			"rotation": {"angle": -22.5, "axis": "x", "origin": [12.125, 1.2752, 5]},
			"faces": {
				"north": {"uv": [10, 1.625, 10.375, 1.75], "texture": "#main"},
				"east": {"uv": [10.375, 2.25, 10.75, 2.375], "texture": "#main"},
				"south": {"uv": [10.75, 2.25, 11.125, 2.375], "texture": "#main"},
				"west": {"uv": [11.75, 1.25, 12.125, 1.375], "texture": "#main"},
				"up": {"uv": [10, 3.75, 9.625, 3.375], "texture": "#main"},
				"down": {"uv": [10.375, 3.5, 10, 3.875], "texture": "#main"}
			}
		},
		{
			"from": [10.625, 2.2752, 8.5],
			"to": [11.625, 4.7752, 9.5],
			"rotation": {"angle": 22.5, "axis": "z", "origin": [11.125, 2.7752, 9]},
			"faces": {
				"north": {"uv": [11, 3.875, 11.125, 4.125], "texture": "#main"},
				"east": {"uv": [11.125, 3.875, 11.25, 4.125], "texture": "#main"},
				"south": {"uv": [11.25, 3.875, 11.375, 4.125], "texture": "#main"},
				"west": {"uv": [11.375, 3.875, 11.5, 4.125], "texture": "#main"},
				"up": {"uv": [12, 2.75, 11.875, 2.625], "texture": "#main"},
				"down": {"uv": [12, 2.75, 11.875, 2.875], "texture": "#main"}
			}
		},
		{
			"from": [10.77828, 0.00461, 8.5],
			"to": [11.77828, 2.50461, 9.5],
			"rotation": {"angle": 0, "axis": "y", "origin": [11.27828, 0.50461, 9]},
			"faces": {
				"north": {"uv": [9.25, 2.625, 9.375, 3], "texture": "#main"},
				"east": {"uv": [9.375, 2.625, 9.5, 3], "texture": "#main"},
				"south": {"uv": [9.875, 3.75, 10, 4.125], "texture": "#main"},
				"west": {"uv": [11.75, 1.375, 11.875, 1.75], "texture": "#main"},
				"up": {"uv": [12, 3.125, 11.875, 3], "texture": "#main"},
				"down": {"uv": [12, 3.125, 11.875, 3.25], "texture": "#main"}
			}
		},
		{
			"from": [10.625, 2.2752, 6.875],
			"to": [11.625, 4.7752, 7.875],
			"rotation": {"angle": 22.5, "axis": "z", "origin": [11.125, 2.7752, 7.375]},
			"faces": {
				"north": {"uv": [11.5, 3.875, 11.625, 4.125], "texture": "#main"},
				"east": {"uv": [11.625, 3.875, 11.75, 4.125], "texture": "#main"},
				"south": {"uv": [11.75, 3.875, 11.875, 4.125], "texture": "#main"},
				"west": {"uv": [11.875, 3.875, 12, 4.125], "texture": "#main"},
				"up": {"uv": [12, 3.375, 11.875, 3.25], "texture": "#main"},
				"down": {"uv": [12, 3.375, 11.875, 3.5], "texture": "#main"}
			}
		},
		{
			"from": [10.77828, 0.34819, 6.27269],
			"to": [11.77828, 2.84819, 7.27269],
			"rotation": {"angle": 22.5, "axis": "x", "origin": [11.27828, 0.84819, 6.77269]},
			"faces": {
				"north": {"uv": [11.75, 1.75, 11.875, 2.125], "texture": "#main"},
				"east": {"uv": [11.75, 2.125, 11.875, 2.5], "texture": "#main"},
				"south": {"uv": [11.75, 2.5, 11.875, 2.875], "texture": "#main"},
				"west": {"uv": [8, 3.875, 8.125, 4.25], "texture": "#main"},
				"up": {"uv": [12, 3.625, 11.875, 3.5], "texture": "#main"},
				"down": {"uv": [12, 3.625, 11.875, 3.75], "texture": "#main"}
			}
		},
		{
			"from": [2.375, 1.6502, 3.5],
			"to": [5.375, 3.6502, 6.5],
			"rotation": {"angle": 0, "axis": "y", "origin": [2.75, 4.2752, 5.75]},
			"faces": {
				"north": {"uv": [11.5, 0.75, 11.875, 1], "texture": "#main"},
				"east": {"uv": [11.5, 1, 11.875, 1.25], "texture": "#main"},
				"south": {"uv": [11.5, 3, 11.875, 3.25], "texture": "#main"},
				"west": {"uv": [11.5, 3.25, 11.875, 3.5], "texture": "#main"},
				"up": {"uv": [10.75, 3.875, 10.375, 3.5], "texture": "#main"},
				"down": {"uv": [11.125, 3.5, 10.75, 3.875], "texture": "#main"}
			}
		},
		{
			"from": [2.5, 0.7752, 3.5],
			"to": [5.25, 1.7752, 6.5],
			"rotation": {"angle": -22.5, "axis": "x", "origin": [3.875, 1.2752, 5]},
			"faces": {
				"north": {"uv": [11.75, 2.875, 12.125, 3], "texture": "#main"},
				"east": {"uv": [8.125, 3.875, 8.5, 4], "texture": "#main"},
				"south": {"uv": [8.5, 3.875, 8.875, 4], "texture": "#main"},
				"west": {"uv": [8.875, 3.875, 9.25, 4], "texture": "#main"},
				"up": {"uv": [11.5, 3.875, 11.125, 3.5], "texture": "#main"},
				"down": {"uv": [11.875, 3.5, 11.5, 3.875], "texture": "#main"}
			}
		},
		{
			"from": [4.375, 2.2752, 8.5],
			"to": [5.375, 4.7752, 9.5],
			"rotation": {"angle": -22.5, "axis": "z", "origin": [4.875, 2.7752, 9]},
			"faces": {
				"north": {"uv": [11.875, 0, 12, 0.25], "texture": "#main"},
				"east": {"uv": [11.875, 0.25, 12, 0.5], "texture": "#main"},
				"south": {"uv": [11.875, 0.5, 12, 0.75], "texture": "#main"},
				"west": {"uv": [11.875, 0.75, 12, 1], "texture": "#main"},
				"up": {"uv": [12, 3.875, 11.875, 3.75], "texture": "#main"},
				"down": {"uv": [8.25, 4, 8.125, 4.125], "texture": "#main"}
			}
		},
		{
			"from": [4.22172, 0.00461, 8.5],
			"to": [5.22172, 2.50461, 9.5],
			"rotation": {"angle": 0, "axis": "x", "origin": [4.72172, 0.50461, 9]},
			"faces": {
				"north": {"uv": [10, 3.875, 10.125, 4.25], "texture": "#main"},
				"east": {"uv": [10.125, 3.875, 10.25, 4.25], "texture": "#main"},
				"south": {"uv": [10.25, 3.875, 10.375, 4.25], "texture": "#main"},
				"west": {"uv": [10.375, 3.875, 10.5, 4.25], "texture": "#main"},
				"up": {"uv": [8.375, 4.125, 8.25, 4], "texture": "#main"},
				"down": {"uv": [8.5, 4, 8.375, 4.125], "texture": "#main"}
			}
		},
		{
			"from": [4.375, 2.2752, 7],
			"to": [5.375, 4.7752, 8],
			"rotation": {"angle": -22.5, "axis": "z", "origin": [4.875, 2.7752, 7.5]},
			"faces": {
				"north": {"uv": [11.875, 1, 12, 1.25], "texture": "#main"},
				"east": {"uv": [11.875, 1.375, 12, 1.625], "texture": "#main"},
				"south": {"uv": [11.875, 1.625, 12, 1.875], "texture": "#main"},
				"west": {"uv": [11.875, 1.875, 12, 2.125], "texture": "#main"},
				"up": {"uv": [8.625, 4.125, 8.5, 4], "texture": "#main"},
				"down": {"uv": [8.75, 4, 8.625, 4.125], "texture": "#main"}
			}
		},
		{
			"from": [4.22172, 0.34819, 6.27269],
			"to": [5.22172, 2.84819, 7.27269],
			"rotation": {"angle": 22.5, "axis": "x", "origin": [4.72172, 0.84819, 6.77269]},
			"faces": {
				"north": {"uv": [10.5, 3.875, 10.625, 4.25], "texture": "#main"},
				"east": {"uv": [10.625, 3.875, 10.75, 4.25], "texture": "#main"},
				"south": {"uv": [10.75, 3.875, 10.875, 4.25], "texture": "#main"},
				"west": {"uv": [10.875, 3.875, 11, 4.25], "texture": "#main"},
				"up": {"uv": [8.875, 4.125, 8.75, 4], "texture": "#main"},
				"down": {"uv": [9, 4, 8.875, 4.125], "texture": "#main"}
			}
		},
		{
			"from": [4, 1.5252, 9.125],
			"to": [12, 8.5252, 16.125],
			"rotation": {"angle": -22.5, "axis": "x", "origin": [7, 4.0252, 12.125]},
			"faces": {
				"north": {"uv": [0, 8, 1, 8.875], "texture": "#main"},
				"east": {"uv": [0, 9.75, 0.75, 10.625], "texture": "#main"},
				"south": {"uv": [0, 8.875, 1, 9.75], "texture": "#main"},
				"west": {"uv": [0.75, 9.75, 1.5, 10.625], "texture": "#main"},
				"up": {"uv": [2, 9.75, 1, 9], "texture": "#main"},
				"down": {"uv": [2, 8, 1, 8.75], "texture": "#main"}
			}
		},
		{
			"from": [4.5, 5.9002, 12.25],
			"to": [11.5, 10.9002, 17.25],
			"rotation": {"angle": 22.5, "axis": "x", "origin": [7, 8.4002, 14.25]},
			"faces": {
				"north": {"uv": [1.5, 9.75, 2.375, 10.375], "texture": "#main"},
				"east": {"uv": [0, 10.625, 0.625, 11.25], "texture": "#main"},
				"south": {"uv": [2, 8, 2.875, 8.625], "texture": "#main"},
				"west": {"uv": [0.625, 10.625, 1.25, 11.25], "texture": "#main"},
				"up": {"uv": [2.875, 9.25, 2, 8.625], "texture": "#main"},
				"down": {"uv": [2.375, 10.375, 1.5, 11], "texture": "#main"}
			}
		},
		{
			"from": [6, 9.6502, 13.5],
			"to": [10, 13.6502, 17.5],
			"rotation": {"angle": 0, "axis": "y", "origin": [8.5, 12.1502, 14.5]},
			"faces": {
				"north": {"uv": [2, 11, 2.5, 11.5], "texture": "#main"},
				"east": {"uv": [2.5, 11, 3, 11.5], "texture": "#main"},
				"south": {"uv": [3, 11, 3.5, 11.5], "texture": "#main"},
				"west": {"uv": [3.125, 9.25, 3.625, 9.75], "texture": "#main"},
				"up": {"uv": [3.625, 10.25, 3.125, 9.75], "texture": "#main"},
				"down": {"uv": [3.625, 10.25, 3.125, 10.75], "texture": "#main"}
			}
		},
		{
			"from": [8.375, 4.48614, 4.25],
			"to": [9.375, 8.48614, 5.25],
			"rotation": {"angle": -22.5, "axis": "x", "origin": [9.75, 7.4002, 6]},
			"faces": {
				"north": {"uv": [3.625, 9.25, 3.75, 9.75], "texture": "#main"},
				"east": {"uv": [3.625, 9.75, 3.75, 10.25], "texture": "#main"},
				"south": {"uv": [3.625, 10.25, 3.75, 10.75], "texture": "#main"},
				"west": {"uv": [1.25, 11.75, 1.375, 12.25], "texture": "#main"},
				"up": {"uv": [4, 10.25, 3.875, 10.125], "texture": "#main"},
				"down": {"uv": [4, 10.25, 3.875, 10.375], "texture": "#main"}
			}
		},
		{
			"from": [5, 0.6502, 7.5],
			"to": [11, 5.7752, 10.25],
			"rotation": {"angle": 0, "axis": "y", "origin": [8, 3.2752, 10.5]},
			"faces": {
				"north": {"uv": [2.375, 10.375, 3.125, 11], "texture": "#main"},
				"east": {"uv": [0, 11.25, 0.375, 11.875], "texture": "#main"},
				"south": {"uv": [2.375, 9.25, 3.125, 9.875], "texture": "#main"},
				"west": {"uv": [0.375, 11.25, 0.75, 11.875], "texture": "#main"},
				"up": {"uv": [3.125, 10.25, 2.375, 9.875], "texture": "#main"},
				"down": {"uv": [2, 11, 1.25, 11.375], "texture": "#main"}
			}
		},
		{
			"from": [5.375, 0.6502, 5.5],
			"to": [10.625, 5.4002, 7.5],
			"rotation": {"angle": 0, "axis": "y", "origin": [8, 3.2752, 7.75]},
			"faces": {
				"north": {"uv": [2.875, 8, 3.5, 8.625], "texture": "#main"},
				"east": {"uv": [0.75, 11.25, 1, 11.875], "texture": "#main"},
				"south": {"uv": [2.875, 8.625, 3.5, 9.25], "texture": "#main"},
				"west": {"uv": [1, 11.25, 1.25, 11.875], "texture": "#main"},
				"up": {"uv": [1.625, 9, 1, 8.75], "texture": "#main"},
				"down": {"uv": [3.75, 10.75, 3.125, 11], "texture": "#main"}
			}
		},
		{
			"from": [6.625, 4.48614, 4.25],
			"to": [7.625, 8.48614, 5.25],
			"rotation": {"angle": -22.5, "axis": "x", "origin": [8, 7.4002, 6]},
			"faces": {
				"north": {"uv": [1.375, 11.75, 1.5, 12.25], "texture": "#main"},
				"east": {"uv": [1.5, 11.75, 1.625, 12.25], "texture": "#main"},
				"south": {"uv": [1.625, 11.75, 1.75, 12.25], "texture": "#main"},
				"west": {"uv": [1.75, 11.75, 1.875, 12.25], "texture": "#main"},
				"up": {"uv": [4, 10.5, 3.875, 10.375], "texture": "#main"},
				"down": {"uv": [4, 10.5, 3.875, 10.625], "texture": "#main"}
			}
		},
		{
			"from": [10.625, 1.6502, 3.625],
			"to": [13.625, 3.6502, 6.625],
			"rotation": {"angle": 0, "axis": "y", "origin": [13.25, 4.2752, 5.875]},
			"faces": {
				"north": {"uv": [1.625, 8.75, 2, 9], "texture": "#main"},
				"east": {"uv": [3.5, 8, 3.875, 8.25], "texture": "#main"},
				"south": {"uv": [3.5, 8.25, 3.875, 8.5], "texture": "#main"},
				"west": {"uv": [3.5, 8.5, 3.875, 8.75], "texture": "#main"},
				"up": {"uv": [2.375, 9.625, 2, 9.25], "texture": "#main"},
				"down": {"uv": [1.625, 11.375, 1.25, 11.75], "texture": "#main"}
			}
		},
		{
			"from": [10.75, 0.7752, 3.625],
			"to": [13.5, 1.7752, 6.625],
			"rotation": {"angle": -22.5, "axis": "x", "origin": [12.125, 1.2752, 5.125]},
			"faces": {
				"north": {"uv": [2, 9.625, 2.375, 9.75], "texture": "#main"},
				"east": {"uv": [2.375, 10.25, 2.75, 10.375], "texture": "#main"},
				"south": {"uv": [2.75, 10.25, 3.125, 10.375], "texture": "#main"},
				"west": {"uv": [3.75, 9.25, 4.125, 9.375], "texture": "#main"},
				"up": {"uv": [2, 11.75, 1.625, 11.375], "texture": "#main"},
				"down": {"uv": [2.375, 11.5, 2, 11.875], "texture": "#main"}
			}
		},
		{
			"from": [10.625, 2.2752, 8.5],
			"to": [11.625, 4.7752, 9.5],
			"rotation": {"angle": 22.5, "axis": "z", "origin": [11.125, 2.7752, 9]},
			"faces": {
				"north": {"uv": [3, 11.875, 3.125, 12.125], "texture": "#main"},
				"east": {"uv": [3.125, 11.875, 3.25, 12.125], "texture": "#main"},
				"south": {"uv": [3.25, 11.875, 3.375, 12.125], "texture": "#main"},
				"west": {"uv": [3.375, 11.875, 3.5, 12.125], "texture": "#main"},
				"up": {"uv": [4, 10.75, 3.875, 10.625], "texture": "#main"},
				"down": {"uv": [4, 10.75, 3.875, 10.875], "texture": "#main"}
			}
		},
		{
			"from": [10.77828, 0.34819, 9.22731],
			"to": [11.77828, 2.84819, 10.22731],
			"rotation": {"angle": -22.5, "axis": "x", "origin": [11.27828, 0.84819, 9.72731]},
			"faces": {
				"north": {"uv": [1.25, 10.625, 1.375, 11], "texture": "#main"},
				"east": {"uv": [1.375, 10.625, 1.5, 11], "texture": "#main"},
				"south": {"uv": [1.875, 11.75, 2, 12.125], "texture": "#main"},
				"west": {"uv": [3.75, 9.375, 3.875, 9.75], "texture": "#main"},
				"up": {"uv": [4, 11.125, 3.875, 11], "texture": "#main"},
				"down": {"uv": [4, 11.125, 3.875, 11.25], "texture": "#main"}
			}
		},
		{
			"from": [10.625, 2.2752, 6.875],
			"to": [11.625, 4.7752, 7.875],
			"rotation": {"angle": 22.5, "axis": "z", "origin": [11.125, 2.7752, 7.375]},
			"faces": {
				"north": {"uv": [3.5, 11.875, 3.625, 12.125], "texture": "#main"},
				"east": {"uv": [3.625, 11.875, 3.75, 12.125], "texture": "#main"},
				"south": {"uv": [3.75, 11.875, 3.875, 12.125], "texture": "#main"},
				"west": {"uv": [3.875, 11.875, 4, 12.125], "texture": "#main"},
				"up": {"uv": [4, 11.375, 3.875, 11.25], "texture": "#main"},
				"down": {"uv": [4, 11.375, 3.875, 11.5], "texture": "#main"}
			}
		},
		{
			"from": [10.77828, 0.00461, 6.875],
			"to": [11.77828, 2.50461, 7.875],
			"rotation": {"angle": 0, "axis": "x", "origin": [11.27828, 0.50461, 7.375]},
			"faces": {
				"north": {"uv": [3.75, 9.75, 3.875, 10.125], "texture": "#main"},
				"east": {"uv": [3.75, 10.125, 3.875, 10.5], "texture": "#main"},
				"south": {"uv": [3.75, 10.5, 3.875, 10.875], "texture": "#main"},
				"west": {"uv": [0, 11.875, 0.125, 12.25], "texture": "#main"},
				"up": {"uv": [4, 11.625, 3.875, 11.5], "texture": "#main"},
				"down": {"uv": [4, 11.625, 3.875, 11.75], "texture": "#main"}
			}
		},
		{
			"from": [2.375, 1.6502, 3.625],
			"to": [5.375, 3.6502, 6.625],
			"rotation": {"angle": 0, "axis": "y", "origin": [2.75, 4.2752, 5.875]},
			"faces": {
				"north": {"uv": [3.5, 8.75, 3.875, 9], "texture": "#main"},
				"east": {"uv": [3.5, 9, 3.875, 9.25], "texture": "#main"},
				"south": {"uv": [3.5, 11, 3.875, 11.25], "texture": "#main"},
				"west": {"uv": [3.5, 11.25, 3.875, 11.5], "texture": "#main"},
				"up": {"uv": [2.75, 11.875, 2.375, 11.5], "texture": "#main"},
				"down": {"uv": [3.125, 11.5, 2.75, 11.875], "texture": "#main"}
			}
		},
		{
			"from": [2.5, 0.7752, 3.625],
			"to": [5.25, 1.7752, 6.625],
			"rotation": {"angle": -22.5, "axis": "x", "origin": [3.875, 1.2752, 5.125]},
			"faces": {
				"north": {"uv": [3.75, 10.875, 4.125, 11], "texture": "#main"},
				"east": {"uv": [0.125, 11.875, 0.5, 12], "texture": "#main"},
				"south": {"uv": [0.5, 11.875, 0.875, 12], "texture": "#main"},
				"west": {"uv": [0.875, 11.875, 1.25, 12], "texture": "#main"},
				"up": {"uv": [3.5, 11.875, 3.125, 11.5], "texture": "#main"},
				"down": {"uv": [3.875, 11.5, 3.5, 11.875], "texture": "#main"}
			}
		},
		{
			"from": [4.375, 2.2752, 8.5],
			"to": [5.375, 4.7752, 9.5],
			"rotation": {"angle": -22.5, "axis": "z", "origin": [4.875, 2.7752, 9]},
			"faces": {
				"north": {"uv": [3.875, 8, 4, 8.25], "texture": "#main"},
				"east": {"uv": [3.875, 8.25, 4, 8.5], "texture": "#main"},
				"south": {"uv": [3.875, 8.5, 4, 8.75], "texture": "#main"},
				"west": {"uv": [3.875, 8.75, 4, 9], "texture": "#main"},
				"up": {"uv": [4, 11.875, 3.875, 11.75], "texture": "#main"},
				"down": {"uv": [0.25, 12, 0.125, 12.125], "texture": "#main"}
			}
		},
		{
			"from": [4.22172, 0.34819, 9.22731],
			"to": [5.22172, 2.84819, 10.22731],
			"rotation": {"angle": -22.5, "axis": "x", "origin": [4.72172, 0.84819, 9.72731]},
			"faces": {
				"north": {"uv": [2, 11.875, 2.125, 12.25], "texture": "#main"},
				"east": {"uv": [2.125, 11.875, 2.25, 12.25], "texture": "#main"},
				"south": {"uv": [2.25, 11.875, 2.375, 12.25], "texture": "#main"},
				"west": {"uv": [2.375, 11.875, 2.5, 12.25], "texture": "#main"},
				"up": {"uv": [0.375, 12.125, 0.25, 12], "texture": "#main"},
				"down": {"uv": [0.5, 12, 0.375, 12.125], "texture": "#main"}
			}
		},
		{
			"from": [4.375, 2.2752, 7],
			"to": [5.375, 4.7752, 8],
			"rotation": {"angle": -22.5, "axis": "z", "origin": [4.875, 2.7752, 7.5]},
			"faces": {
				"north": {"uv": [3.875, 9, 4, 9.25], "texture": "#main"},
				"east": {"uv": [3.875, 9.375, 4, 9.625], "texture": "#main"},
				"south": {"uv": [3.875, 9.625, 4, 9.875], "texture": "#main"},
				"west": {"uv": [3.875, 9.875, 4, 10.125], "texture": "#main"},
				"up": {"uv": [0.625, 12.125, 0.5, 12], "texture": "#main"},
				"down": {"uv": [0.75, 12, 0.625, 12.125], "texture": "#main"}
			}
		},
		{
			"from": [4.22172, 0.00461, 7],
			"to": [5.22172, 2.50461, 8],
			"rotation": {"angle": 0, "axis": "x", "origin": [4.72172, 0.50461, 7.5]},
			"faces": {
				"north": {"uv": [2.5, 11.875, 2.625, 12.25], "texture": "#main"},
				"east": {"uv": [2.625, 11.875, 2.75, 12.25], "texture": "#main"},
				"south": {"uv": [2.75, 11.875, 2.875, 12.25], "texture": "#main"},
				"west": {"uv": [2.875, 11.875, 3, 12.25], "texture": "#main"},
				"up": {"uv": [0.875, 12.125, 0.75, 12], "texture": "#main"},
				"down": {"uv": [1, 12, 0.875, 12.125], "texture": "#main"}
			}
		},
		{
			"from": [4, 1.5252, 9.125],
			"to": [12, 8.5252, 16.125],
			"rotation": {"angle": -22.5, "axis": "x", "origin": [7, 4.0252, 12.125]},
			"faces": {
				"north": {"uv": [0, 0, 1, 0.875], "texture": "#main"},
				"east": {"uv": [0, 1.75, 0.75, 2.625], "texture": "#main"},
				"south": {"uv": [0, 0.875, 1, 1.75], "texture": "#main"},
				"west": {"uv": [0.75, 1.75, 1.5, 2.625], "texture": "#main"},
				"up": {"uv": [2, 1.75, 1, 1], "texture": "#main"},
				"down": {"uv": [2, 0, 1, 0.75], "texture": "#main"}
			}
		},
		{
			"from": [4.5, 5.9002, 12.25],
			"to": [11.5, 10.9002, 17.25],
			"rotation": {"angle": 22.5, "axis": "x", "origin": [7, 8.4002, 14.25]},
			"faces": {
				"north": {"uv": [1.5, 1.75, 2.375, 2.375], "texture": "#main"},
				"east": {"uv": [0, 2.625, 0.625, 3.25], "texture": "#main"},
				"south": {"uv": [2, 0, 2.875, 0.625], "texture": "#main"},
				"west": {"uv": [0.625, 2.625, 1.25, 3.25], "texture": "#main"},
				"up": {"uv": [2.875, 1.25, 2, 0.625], "texture": "#main"},
				"down": {"uv": [2.375, 2.375, 1.5, 3], "texture": "#main"}
			}
		},
		{
			"from": [6, 9.6502, 13.5],
			"to": [10, 13.6502, 17.5],
			"rotation": {"angle": 0, "axis": "y", "origin": [8.5, 12.1502, 14.5]},
			"faces": {
				"north": {"uv": [2, 3, 2.5, 3.5], "texture": "#main"},
				"east": {"uv": [2.5, 3, 3, 3.5], "texture": "#main"},
				"south": {"uv": [3, 3, 3.5, 3.5], "texture": "#main"},
				"west": {"uv": [3.125, 1.25, 3.625, 1.75], "texture": "#main"},
				"up": {"uv": [3.625, 2.25, 3.125, 1.75], "texture": "#main"},
				"down": {"uv": [3.625, 2.25, 3.125, 2.75], "texture": "#main"}
			}
		},
		{
			"from": [8.375, 4.48614, 4.25],
			"to": [9.375, 8.48614, 5.25],
			"rotation": {"angle": -22.5, "axis": "x", "origin": [9.75, 7.4002, 6]},
			"faces": {
				"north": {"uv": [3.625, 1.25, 3.75, 1.75], "texture": "#main"},
				"east": {"uv": [3.625, 1.75, 3.75, 2.25], "texture": "#main"},
				"south": {"uv": [3.625, 2.25, 3.75, 2.75], "texture": "#main"},
				"west": {"uv": [1.25, 3.75, 1.375, 4.25], "texture": "#main"},
				"up": {"uv": [4, 2.25, 3.875, 2.125], "texture": "#main"},
				"down": {"uv": [4, 2.25, 3.875, 2.375], "texture": "#main"}
			}
		},
		{
			"from": [5, 0.6502, 7.5],
			"to": [11, 5.7752, 10.25],
			"rotation": {"angle": 0, "axis": "y", "origin": [8, 3.2752, 10.5]},
			"faces": {
				"north": {"uv": [2.375, 2.375, 3.125, 3], "texture": "#main"},
				"east": {"uv": [0, 3.25, 0.375, 3.875], "texture": "#main"},
				"south": {"uv": [2.375, 1.25, 3.125, 1.875], "texture": "#main"},
				"west": {"uv": [0.375, 3.25, 0.75, 3.875], "texture": "#main"},
				"up": {"uv": [3.125, 2.25, 2.375, 1.875], "texture": "#main"},
				"down": {"uv": [2, 3, 1.25, 3.375], "texture": "#main"}
			}
		},
		{
			"from": [5.375, 0.6502, 5.5],
			"to": [10.625, 5.4002, 7.5],
			"rotation": {"angle": 0, "axis": "y", "origin": [8, 3.2752, 7.75]},
			"faces": {
				"north": {"uv": [2.875, 0, 3.5, 0.625], "texture": "#main"},
				"east": {"uv": [0.75, 3.25, 1, 3.875], "texture": "#main"},
				"south": {"uv": [2.875, 0.625, 3.5, 1.25], "texture": "#main"},
				"west": {"uv": [1, 3.25, 1.25, 3.875], "texture": "#main"},
				"up": {"uv": [1.625, 1, 1, 0.75], "texture": "#main"},
				"down": {"uv": [3.75, 2.75, 3.125, 3], "texture": "#main"}
			}
		},
		{
			"from": [6.625, 4.48614, 4.25],
			"to": [7.625, 8.48614, 5.25],
			"rotation": {"angle": -22.5, "axis": "x", "origin": [8, 7.4002, 6]},
			"faces": {
				"north": {"uv": [1.375, 3.75, 1.5, 4.25], "texture": "#main"},
				"east": {"uv": [1.5, 3.75, 1.625, 4.25], "texture": "#main"},
				"south": {"uv": [1.625, 3.75, 1.75, 4.25], "texture": "#main"},
				"west": {"uv": [1.75, 3.75, 1.875, 4.25], "texture": "#main"},
				"up": {"uv": [4, 2.5, 3.875, 2.375], "texture": "#main"},
				"down": {"uv": [4, 2.5, 3.875, 2.625], "texture": "#main"}
			}
		},
		{
			"from": [10.625, 1.6502, 3.625],
			"to": [13.625, 3.6502, 6.625],
			"rotation": {"angle": 0, "axis": "y", "origin": [13.25, 4.2752, 5.875]},
			"faces": {
				"north": {"uv": [1.625, 0.75, 2, 1], "texture": "#main"},
				"east": {"uv": [3.5, 0, 3.875, 0.25], "texture": "#main"},
				"south": {"uv": [3.5, 0.25, 3.875, 0.5], "texture": "#main"},
				"west": {"uv": [3.5, 0.5, 3.875, 0.75], "texture": "#main"},
				"up": {"uv": [2.375, 1.625, 2, 1.25], "texture": "#main"},
				"down": {"uv": [1.625, 3.375, 1.25, 3.75], "texture": "#main"}
			}
		},
		{
			"from": [10.75, 0.7752, 3.625],
			"to": [13.5, 1.7752, 6.625],
			"rotation": {"angle": -22.5, "axis": "x", "origin": [12.125, 1.2752, 5.125]},
			"faces": {
				"north": {"uv": [2, 1.625, 2.375, 1.75], "texture": "#main"},
				"east": {"uv": [2.375, 2.25, 2.75, 2.375], "texture": "#main"},
				"south": {"uv": [2.75, 2.25, 3.125, 2.375], "texture": "#main"},
				"west": {"uv": [3.75, 1.25, 4.125, 1.375], "texture": "#main"},
				"up": {"uv": [2, 3.75, 1.625, 3.375], "texture": "#main"},
				"down": {"uv": [2.375, 3.5, 2, 3.875], "texture": "#main"}
			}
		},
		{
			"from": [10.625, 2.2752, 8.5],
			"to": [11.625, 4.7752, 9.5],
			"rotation": {"angle": 22.5, "axis": "z", "origin": [11.125, 2.7752, 9]},
			"faces": {
				"north": {"uv": [3, 3.875, 3.125, 4.125], "texture": "#main"},
				"east": {"uv": [3.125, 3.875, 3.25, 4.125], "texture": "#main"},
				"south": {"uv": [3.25, 3.875, 3.375, 4.125], "texture": "#main"},
				"west": {"uv": [3.375, 3.875, 3.5, 4.125], "texture": "#main"},
				"up": {"uv": [4, 2.75, 3.875, 2.625], "texture": "#main"},
				"down": {"uv": [4, 2.75, 3.875, 2.875], "texture": "#main"}
			}
		},
		{
			"from": [10.77828, 0.00461, 8.5],
			"to": [11.77828, 2.50461, 9.5],
			"rotation": {"angle": 0, "axis": "y", "origin": [11.27828, 0.50461, 9]},
			"faces": {
				"north": {"uv": [1.25, 2.625, 1.375, 3], "texture": "#main"},
				"east": {"uv": [1.375, 2.625, 1.5, 3], "texture": "#main"},
				"south": {"uv": [1.875, 3.75, 2, 4.125], "texture": "#main"},
				"west": {"uv": [3.75, 1.375, 3.875, 1.75], "texture": "#main"},
				"up": {"uv": [4, 3.125, 3.875, 3], "texture": "#main"},
				"down": {"uv": [4, 3.125, 3.875, 3.25], "texture": "#main"}
			}
		},
		{
			"from": [10.625, 2.2752, 7],
			"to": [11.625, 4.7752, 8],
			"rotation": {"angle": 22.5, "axis": "z", "origin": [11.125, 2.7752, 7.5]},
			"faces": {
				"north": {"uv": [3.5, 3.875, 3.625, 4.125], "texture": "#main"},
				"east": {"uv": [3.625, 3.875, 3.75, 4.125], "texture": "#main"},
				"south": {"uv": [3.75, 3.875, 3.875, 4.125], "texture": "#main"},
				"west": {"uv": [3.875, 3.875, 4, 4.125], "texture": "#main"},
				"up": {"uv": [4, 3.375, 3.875, 3.25], "texture": "#main"},
				"down": {"uv": [4, 3.375, 3.875, 3.5], "texture": "#main"}
			}
		},
		{
			"from": [10.77828, 0.00461, 7],
			"to": [11.77828, 2.50461, 8],
			"rotation": {"angle": 0, "axis": "y", "origin": [11.27828, 0.50461, 7.5]},
			"faces": {
				"north": {"uv": [3.75, 1.75, 3.875, 2.125], "texture": "#main"},
				"east": {"uv": [3.75, 2.125, 3.875, 2.5], "texture": "#main"},
				"south": {"uv": [3.75, 2.5, 3.875, 2.875], "texture": "#main"},
				"west": {"uv": [0, 3.875, 0.125, 4.25], "texture": "#main"},
				"up": {"uv": [4, 3.625, 3.875, 3.5], "texture": "#main"},
				"down": {"uv": [4, 3.625, 3.875, 3.75], "texture": "#main"}
			}
		},
		{
			"from": [2.375, 1.6502, 3.625],
			"to": [5.375, 3.6502, 6.625],
			"rotation": {"angle": 0, "axis": "y", "origin": [2.75, 4.2752, 5.875]},
			"faces": {
				"north": {"uv": [3.5, 0.75, 3.875, 1], "texture": "#main"},
				"east": {"uv": [3.5, 1, 3.875, 1.25], "texture": "#main"},
				"south": {"uv": [3.5, 3, 3.875, 3.25], "texture": "#main"},
				"west": {"uv": [3.5, 3.25, 3.875, 3.5], "texture": "#main"},
				"up": {"uv": [2.75, 3.875, 2.375, 3.5], "texture": "#main"},
				"down": {"uv": [3.125, 3.5, 2.75, 3.875], "texture": "#main"}
			}
		},
		{
			"from": [2.5, 0.7752, 3.625],
			"to": [5.25, 1.7752, 6.625],
			"rotation": {"angle": -22.5, "axis": "x", "origin": [3.875, 1.2752, 5.125]},
			"faces": {
				"north": {"uv": [3.75, 2.875, 4.125, 3], "texture": "#main"},
				"east": {"uv": [0.125, 3.875, 0.5, 4], "texture": "#main"},
				"south": {"uv": [0.5, 3.875, 0.875, 4], "texture": "#main"},
				"west": {"uv": [0.875, 3.875, 1.25, 4], "texture": "#main"},
				"up": {"uv": [3.5, 3.875, 3.125, 3.5], "texture": "#main"},
				"down": {"uv": [3.875, 3.5, 3.5, 3.875], "texture": "#main"}
			}
		},
		{
			"from": [4.375, 2.2752, 8.5],
			"to": [5.375, 4.7752, 9.5],
			"rotation": {"angle": -22.5, "axis": "z", "origin": [4.875, 2.7752, 9]},
			"faces": {
				"north": {"uv": [3.875, 0, 4, 0.25], "texture": "#main"},
				"east": {"uv": [3.875, 0.25, 4, 0.5], "texture": "#main"},
				"south": {"uv": [3.875, 0.5, 4, 0.75], "texture": "#main"},
				"west": {"uv": [3.875, 0.75, 4, 1], "texture": "#main"},
				"up": {"uv": [4, 3.875, 3.875, 3.75], "texture": "#main"},
				"down": {"uv": [0.25, 4, 0.125, 4.125], "texture": "#main"}
			}
		},
		{
			"from": [4.22172, 0.00461, 8.5],
			"to": [5.22172, 2.50461, 9.5],
			"rotation": {"angle": 0, "axis": "y", "origin": [4.72172, 0.50461, 9]},
			"faces": {
				"north": {"uv": [2, 3.875, 2.125, 4.25], "texture": "#main"},
				"east": {"uv": [2.125, 3.875, 2.25, 4.25], "texture": "#main"},
				"south": {"uv": [2.25, 3.875, 2.375, 4.25], "texture": "#main"},
				"west": {"uv": [2.375, 3.875, 2.5, 4.25], "texture": "#main"},
				"up": {"uv": [0.375, 4.125, 0.25, 4], "texture": "#main"},
				"down": {"uv": [0.5, 4, 0.375, 4.125], "texture": "#main"}
			}
		},
		{
			"from": [4.375, 2.2752, 7],
			"to": [5.375, 4.7752, 8],
			"rotation": {"angle": -22.5, "axis": "z", "origin": [4.875, 2.7752, 7.5]},
			"faces": {
				"north": {"uv": [3.875, 1, 4, 1.25], "texture": "#main"},
				"east": {"uv": [3.875, 1.375, 4, 1.625], "texture": "#main"},
				"south": {"uv": [3.875, 1.625, 4, 1.875], "texture": "#main"},
				"west": {"uv": [3.875, 1.875, 4, 2.125], "texture": "#main"},
				"up": {"uv": [0.625, 4.125, 0.5, 4], "texture": "#main"},
				"down": {"uv": [0.75, 4, 0.625, 4.125], "texture": "#main"}
			}
		},
		{
			"from": [4.22172, 0.00461, 7],
			"to": [5.22172, 2.50461, 8],
			"rotation": {"angle": 0, "axis": "y", "origin": [4.72172, 0.50461, 7.5]},
			"faces": {
				"north": {"uv": [2.5, 3.875, 2.625, 4.25], "texture": "#main"},
				"east": {"uv": [2.625, 3.875, 2.75, 4.25], "texture": "#main"},
				"south": {"uv": [2.75, 3.875, 2.875, 4.25], "texture": "#main"},
				"west": {"uv": [2.875, 3.875, 3, 4.25], "texture": "#main"},
				"up": {"uv": [0.875, 4.125, 0.75, 4], "texture": "#main"},
				"down": {"uv": [1, 4, 0.875, 4.125], "texture": "#main"}
			}
		}
	],
	"display": {
		"thirdperson_righthand": {
			"rotation": [75, 45, 0],
			"translation": [0, 2.5, 0],
			"scale": [0.375, 0.375, 0.375]
		},
		"thirdperson_lefthand": {
			"rotation": [75, 45, 0],
			"translation": [0, 2.5, 0],
			"scale": [0.375, 0.375, 0.375]
		},
		"firstperson_righthand": {
			"scale": [0, 0, 0]
		},
		"firstperson_lefthand": {
			"scale": [0, 0, 0]
		},
		"ground": {
			"translation": [0, 8, 0]
		},
		"gui": {
			"rotation": [-165.5, 24.25, -180],
			"translation": [0.25, 0.5, 0],
			"scale": [0.8, 0.8, 0.8]
		},
		"head": {
			"translation": [0, -13.75, -2.5],
			"scale": [4, 4, 4]
		}
	},
	"groups": [
		0,
		1,
		2,
		3,
		4,
		5,
		6,
		7,
		8,
		9,
		10,
		11,
		12,
		13,
		14,
		15,
		16,
		17,
		18,
		19,
		20,
		21,
		22,
		23,
		24,
		25,
		26,
		27,
		28,
		29,
		30,
		31,
		32,
		33,
		34,
		35,
		36,
		37,
		{
			"name": "group",
			"origin": [8, 8, 8],
			"color": 0,
			"children": [
				{
					"name": "group",
					"origin": [9.5, 13.25, 10],
					"color": 0,
					"children": [38, 39, 40]
				},
				{
					"name": "group",
					"origin": [9, 9.375, 2.375],
					"color": 0,
					"children": [41, 42, 43, 44]
				},
				{
					"name": "group",
					"origin": [4.875, 3.5, 1.375],
					"color": 0,
					"children": [45, 46, 47, 48, 49, 50]
				},
				{
					"name": "group",
					"origin": [4.875, 3.5, 1.375],
					"color": 0,
					"children": [51, 52, 53, 54, 55, 56]
				}
			]
		}
	]
}