{
	"credit": "Made with Blockbench",
	"texture_size": [32, 32],
	"textures": {
		"main": "items/pet05_a"
	},
	"elements": [
		{
			"from": [6, 2.59375, 6.60547],
			"to": [10, 13.59375, 10.60547],
			"rotation": {"angle": 0, "axis": "y", "origin": [14, 10.59375, 14.60547]},
			"faces": {
				"north": {"uv": [8, 0, 9, 2.75], "texture": "#main"},
				"east": {"uv": [9, 1, 10, 3.75], "texture": "#main"},
				"south": {"uv": [10, 2, 11, 4.75], "texture": "#main"},
				"west": {"uv": [8, 2.75, 9, 5.5], "texture": "#main"},
				"up": {"uv": [10, 1, 9, 0], "texture": "#main"},
				"down": {"uv": [10, 3.75, 9, 4.75], "texture": "#main"}
			}
		},
		{
			"from": [5.5, 13.59375, 6.10547],
			"to": [10.5, 18.59375, 11.10547],
			"rotation": {"angle": 0, "axis": "y", "origin": [13.5, 21.59375, 14.10547]},
			"faces": {
				"north": {"uv": [10, 0, 11.25, 1.25], "texture": "#main"},
				"east": {"uv": [11, 3, 12.25, 4.25], "texture": "#main"},
				"south": {"uv": [11, 1.25, 12.25, 2.5], "texture": "#main"},
				"west": {"uv": [11.25, 0, 12.5, 1.25], "texture": "#main"},
				"up": {"uv": [12.25, 5.5, 11, 4.25], "texture": "#main"},
				"down": {"uv": [13.5, 4.25, 12.25, 5.5], "texture": "#main"}
			}
		},
		{
			"from": [6.5, 13.59375, 4.10547],
			"to": [9.5, 15.59375, 6.10547],
			"rotation": {"angle": 0, "axis": "y", "origin": [14.5, 21.59375, 12.10547]},
			"faces": {
				"north": {"uv": [10, 1.25, 10.75, 1.75], "texture": "#main"},
				"east": {"uv": [11.75, 2.5, 12.25, 3], "texture": "#main"},
				"south": {"uv": [11, 2.5, 11.75, 3], "texture": "#main"},
				"west": {"uv": [10, 6, 10.5, 6.5], "texture": "#main"},
				"up": {"uv": [14.25, 3.25, 13.5, 2.75], "texture": "#main"},
				"down": {"uv": [14.25, 3.25, 13.5, 3.75], "texture": "#main"}
			}
		},
		{
			"from": [5, 6.80208, 9.8138],
			"to": [7, 7.80208, 10.8138],
			"rotation": {"angle": 45, "axis": "x", "origin": [6, 8.30208, 8.98047]},
			"faces": {
				"north": {"uv": [13, 6.75, 12.5, 6.5], "rotation": 180, "texture": "#main"},
				"east": {"uv": [14.5, 4.75, 14.75, 5], "rotation": 90, "texture": "#main"},
				"south": {"uv": [13.5, 6.5, 13, 6.75], "texture": "#main"},
				"west": {"uv": [14.5, 5.5, 14.75, 5.75], "rotation": 270, "texture": "#main"},
				"up": {"uv": [12, 6.5, 12.5, 6.75], "texture": "#main"},
				"down": {"uv": [14.25, 0.5, 14.75, 0.75], "rotation": 180, "texture": "#main"}
			}
		},
		{
			"from": [5, 8.80208, 5.8138],
			"to": [7, 10.80208, 9.8138],
			"rotation": {"angle": 45, "axis": "x", "origin": [6, 8.30208, 8.98047]},
			"faces": {
				"north": {"uv": [11, 6.5, 10.5, 6], "rotation": 180, "texture": "#main"},
				"east": {"uv": [8.5, 5.5, 9, 6.5], "rotation": 90, "texture": "#main"},
				"south": {"uv": [14.5, 6, 14, 6.5], "texture": "#main"},
				"west": {"uv": [11.5, 5.5, 12, 6.5], "rotation": 270, "texture": "#main"},
				"up": {"uv": [11, 5.5, 11.5, 6.5], "texture": "#main"},
				"down": {"uv": [8, 5.5, 8.5, 6.5], "rotation": 180, "texture": "#main"}
			}
		},
		{
			"from": [5, 6.80208, 7.8138],
			"to": [7, 8.80208, 9.8138],
			"rotation": {"angle": 45, "axis": "x", "origin": [6, 8.30208, 8.98047]},
			"faces": {
				"north": {"uv": [14.5, 6, 14, 5.5], "rotation": 180, "texture": "#main"},
				"east": {"uv": [14, 1.75, 14.5, 2.25], "rotation": 90, "texture": "#main"},
				"south": {"uv": [14.75, 0, 14.25, 0.5], "texture": "#main"},
				"west": {"uv": [14, 4.25, 14.5, 4.75], "rotation": 270, "texture": "#main"},
				"up": {"uv": [14, 2.25, 14.5, 2.75], "texture": "#main"},
				"down": {"uv": [14, 1.25, 14.5, 1.75], "rotation": 180, "texture": "#main"}
			}
		},
		{
			"from": [9, 6.80208, 9.8138],
			"to": [11, 7.80208, 10.8138],
			"rotation": {"angle": 45, "axis": "x", "origin": [10, 8.30208, 8.98047]},
			"faces": {
				"north": {"uv": [12.5, 6.75, 13, 6.5], "rotation": 180, "texture": "#main"},
				"east": {"uv": [14.5, 5.75, 14.75, 5.5], "rotation": 270, "texture": "#main"},
				"south": {"uv": [13, 6.5, 13.5, 6.75], "texture": "#main"},
				"west": {"uv": [14.5, 5, 14.75, 4.75], "rotation": 90, "texture": "#main"},
				"up": {"uv": [12.5, 6.5, 12, 6.75], "texture": "#main"},
				"down": {"uv": [14.75, 0.5, 14.25, 0.75], "rotation": 180, "texture": "#main"}
			}
		},
		{
			"from": [9, 8.80208, 5.8138],
			"to": [11, 10.80208, 9.8138],
			"rotation": {"angle": 45, "axis": "x", "origin": [10, 8.30208, 8.98047]},
			"faces": {
				"north": {"uv": [10.5, 6.5, 11, 6], "rotation": 180, "texture": "#main"},
				"east": {"uv": [11.5, 6.5, 12, 5.5], "rotation": 270, "texture": "#main"},
				"south": {"uv": [14, 6, 14.5, 6.5], "texture": "#main"},
				"west": {"uv": [8.5, 6.5, 9, 5.5], "rotation": 90, "texture": "#main"},
				"up": {"uv": [11.5, 5.5, 11, 6.5], "texture": "#main"},
				"down": {"uv": [8.5, 5.5, 8, 6.5], "rotation": 180, "texture": "#main"}
			}
		},
		{
			"from": [9, 6.80208, 7.8138],
			"to": [11, 8.80208, 9.8138],
			"rotation": {"angle": 45, "axis": "x", "origin": [10, 8.30208, 8.98047]},
			"faces": {
				"north": {"uv": [14, 6, 14.5, 5.5], "rotation": 180, "texture": "#main"},
				"east": {"uv": [14, 4.75, 14.5, 4.25], "rotation": 270, "texture": "#main"},
				"south": {"uv": [14.25, 0, 14.75, 0.5], "texture": "#main"},
				"west": {"uv": [14, 2.25, 14.5, 1.75], "rotation": 90, "texture": "#main"},
				"up": {"uv": [14.5, 2.25, 14, 2.75], "texture": "#main"},
				"down": {"uv": [14.5, 1.25, 14, 1.75], "rotation": 180, "texture": "#main"}
			}
		},
		{
			"from": [9, 1.59375, 8.10547],
			"to": [11, 5.59375, 11.10547],
			"rotation": {"angle": -22.5, "axis": "x", "origin": [10, 2.34375, 9.10547]},
			"faces": {
				"north": {"uv": [13, 3, 13.5, 4], "texture": "#main"},
				"east": {"uv": [12.25, 3.25, 13, 4.25], "texture": "#main"},
				"south": {"uv": [13.25, 0, 13.75, 1], "texture": "#main"},
				"west": {"uv": [12.5, 0, 13.25, 1], "texture": "#main"},
				"up": {"uv": [9.5, 6.75, 9, 6], "texture": "#main"},
				"down": {"uv": [10, 6, 9.5, 6.75], "texture": "#main"}
			}
		},
		{
			"from": [9, 0.59375, 6.10547],
			"to": [11, 1.59375, 11.10547],
			"rotation": {"angle": -22.5, "axis": "x", "origin": [10, 2.34375, 9.10547]},
			"faces": {
				"north": {"uv": [12.5, 1, 13, 1.25], "texture": "#main"},
				"east": {"uv": [13.5, 5.25, 14.75, 5.5], "texture": "#main"},
				"south": {"uv": [14, 4.75, 14.5, 5], "texture": "#main"},
				"west": {"uv": [13.75, 0.75, 15, 1], "texture": "#main"},
				"up": {"uv": [10.5, 6, 10, 4.75], "texture": "#main"},
				"down": {"uv": [11, 4.75, 10.5, 6], "texture": "#main"}
			}
		},
		{
			"from": [5, 1.59375, 6.23047],
			"to": [7, 5.59375, 9.23047],
			"rotation": {"angle": 22.5, "axis": "x", "origin": [6, 2.34375, 7.23047]},
			"faces": {
				"north": {"uv": [13, 1, 13.5, 2], "texture": "#main"},
				"east": {"uv": [12.25, 1.25, 13, 2.25], "texture": "#main"},
				"south": {"uv": [13, 2, 13.5, 3], "texture": "#main"},
				"west": {"uv": [12.25, 2.25, 13, 3.25], "texture": "#main"},
				"up": {"uv": [14, 5, 13.5, 4.25], "texture": "#main"},
				"down": {"uv": [14.25, 0, 13.75, 0.75], "texture": "#main"}
			}
		},
		{
			"from": [5, 0.59375, 4.23047],
			"to": [7, 1.59375, 9.23047],
			"rotation": {"angle": 22.5, "axis": "x", "origin": [6, 2.34375, 7.23047]},
			"faces": {
				"north": {"uv": [10, 1.75, 10.5, 2], "texture": "#main"},
				"east": {"uv": [13.5, 3.75, 14.75, 4], "texture": "#main"},
				"south": {"uv": [10.5, 1.75, 11, 2], "texture": "#main"},
				"west": {"uv": [13.5, 5, 14.75, 5.25], "texture": "#main"},
				"up": {"uv": [9.5, 6, 9, 4.75], "texture": "#main"},
				"down": {"uv": [10, 4.75, 9.5, 6], "texture": "#main"}
			}
		},
		{
			"from": [10.375, 14.59375, 9.26172],
			"to": [11.375, 16.59375, 9.26172],
			"rotation": {"angle": -22.5, "axis": "y", "origin": [10.875, 15.59375, 9.26172]},
			"faces": {
				"north": {"uv": [14.5, 2, 14.75, 2.5], "texture": "#main"},
				"east": {"uv": [8, 0, 8, 0.5], "texture": "#main"},
				"south": {"uv": [14.5, 4, 14.75, 4.5], "texture": "#main"},
				"west": {"uv": [8, 0, 8, 0.5], "texture": "#main"},
				"up": {"uv": [8.25, 0, 8, 0], "texture": "#main"},
				"down": {"uv": [8.25, 0, 8, 0], "texture": "#main"}
			}
		},
		{
			"from": [4.625, 14.59375, 9.26172],
			"to": [5.625, 16.59375, 9.26172],
			"rotation": {"angle": 22.5, "axis": "y", "origin": [5.125, 15.59375, 9.26172]},
			"faces": {
				"north": {"uv": [10.75, 1.25, 11, 1.75], "texture": "#main"},
				"east": {"uv": [8, 0, 8, 0.5], "texture": "#main"},
				"south": {"uv": [14.5, 1.5, 14.75, 2], "texture": "#main"},
				"west": {"uv": [8, 0, 8, 0.5], "texture": "#main"},
				"up": {"uv": [8.25, 0, 8, 0], "texture": "#main"},
				"down": {"uv": [8.25, 0, 8, 0], "texture": "#main"}
			}
		},
		{
			"from": [7.5, 3.59375, 10.60547],
			"to": [8.5, 4.59375, 16.60547],
			"rotation": {"angle": 0, "axis": "y", "origin": [8, 4.09375, 13.60547]},
			"faces": {
				"north": {"uv": [14.5, 2.5, 14.75, 2.75], "texture": "#main"},
				"east": {"uv": [13, 4, 14.5, 4.25], "texture": "#main"},
				"south": {"uv": [14.5, 4.5, 14.75, 4.75], "texture": "#main"},
				"west": {"uv": [13.5, 1, 15, 1.25], "texture": "#main"},
				"up": {"uv": [13.75, 2.75, 13.5, 1.25], "texture": "#main"},
				"down": {"uv": [14, 1.25, 13.75, 2.75], "texture": "#main"}
			}
		},
		{
			"from": [6, 2.09375, 6.60547],
			"to": [10, 13.09375, 10.60547],
			"rotation": {"angle": 0, "axis": "y", "origin": [14, 10.09375, 14.60547]},
			"faces": {
				"north": {"uv": [0, 8, 1, 10.75], "texture": "#main"},
				"east": {"uv": [1, 9, 2, 11.75], "texture": "#main"},
				"south": {"uv": [2, 10, 3, 12.75], "texture": "#main"},
				"west": {"uv": [0, 10.75, 1, 13.5], "texture": "#main"},
				"up": {"uv": [2, 9, 1, 8], "texture": "#main"},
				"down": {"uv": [2, 11.75, 1, 12.75], "texture": "#main"}
			}
		},
		{
			"from": [5.5, 13.09375, 6.10547],
			"to": [10.5, 18.09375, 11.10547],
			"rotation": {"angle": 0, "axis": "y", "origin": [13.5, 21.09375, 14.10547]},
			"faces": {
				"north": {"uv": [2, 8, 3.25, 9.25], "texture": "#main"},
				"east": {"uv": [3, 11, 4.25, 12.25], "texture": "#main"},
				"south": {"uv": [3, 9.25, 4.25, 10.5], "texture": "#main"},
				"west": {"uv": [3.25, 8, 4.5, 9.25], "texture": "#main"},
				"up": {"uv": [4.25, 13.5, 3, 12.25], "texture": "#main"},
				"down": {"uv": [5.5, 12.25, 4.25, 13.5], "texture": "#main"}
			}
		},
		{
			"from": [6.5, 13.09375, 4.10547],
			"to": [9.5, 15.09375, 6.10547],
			"rotation": {"angle": 0, "axis": "y", "origin": [14.5, 21.09375, 12.10547]},
			"faces": {
				"north": {"uv": [2, 9.25, 2.75, 9.75], "texture": "#main"},
				"east": {"uv": [3.75, 10.5, 4.25, 11], "texture": "#main"},
				"south": {"uv": [3, 10.5, 3.75, 11], "texture": "#main"},
				"west": {"uv": [2, 14, 2.5, 14.5], "texture": "#main"},
				"up": {"uv": [6.25, 11.25, 5.5, 10.75], "texture": "#main"},
				"down": {"uv": [6.25, 11.25, 5.5, 11.75], "texture": "#main"}
			}
		},
		{
			"from": [9, 7.09375, 5.10547],
			"to": [11, 8.09375, 6.10547],
			"rotation": {"angle": 0, "axis": "y", "origin": [3, 15.09375, 13.10547]},
			"faces": {
				"north": {"uv": [5.5, 14.5, 6, 14.75], "texture": "#main"},
				"east": {"uv": [6.5, 13.75, 6.75, 14], "texture": "#main"},
				"south": {"uv": [6, 14.5, 6.5, 14.75], "texture": "#main"},
				"west": {"uv": [6.5, 14, 6.75, 14.25], "texture": "#main"},
				"up": {"uv": [7, 14.75, 6.5, 14.5], "texture": "#main"},
				"down": {"uv": [7, 9.25, 6.5, 9.5], "texture": "#main"}
			}
		},
		{
			"from": [9, 8.09375, 7.10547],
			"to": [11, 12.09375, 9.10547],
			"rotation": {"angle": 0, "axis": "y", "origin": [3, 16.09375, 15.10547]},
			"faces": {
				"north": {"uv": [4, 13.5, 4.5, 14.5], "texture": "#main"},
				"east": {"uv": [4.5, 13.5, 5, 14.5], "texture": "#main"},
				"south": {"uv": [5, 13.5, 5.5, 14.5], "texture": "#main"},
				"west": {"uv": [5.5, 13.5, 6, 14.5], "texture": "#main"},
				"up": {"uv": [6.75, 11.25, 6.25, 10.75], "texture": "#main"},
				"down": {"uv": [6.75, 11.25, 6.25, 11.75], "texture": "#main"}
			}
		},
		{
			"from": [9, 8.09375, 5.10547],
			"to": [11, 10.09375, 7.10547],
			"rotation": {"angle": 0, "axis": "y", "origin": [3, 16.09375, 13.10547]},
			"faces": {
				"north": {"uv": [0, 14.5, 0.5, 15], "texture": "#main"},
				"east": {"uv": [0.5, 14.5, 1, 15], "texture": "#main"},
				"south": {"uv": [2, 14.5, 2.5, 15], "texture": "#main"},
				"west": {"uv": [2.5, 14.5, 3, 15], "texture": "#main"},
				"up": {"uv": [3.5, 15, 3, 14.5], "texture": "#main"},
				"down": {"uv": [4, 14.5, 3.5, 15], "texture": "#main"}
			}
		},
		{
			"from": [5, 7.09375, 5.10547],
			"to": [7, 8.09375, 6.10547],
			"rotation": {"angle": 0, "axis": "y", "origin": [13, 15.09375, 13.10547]},
			"faces": {
				"north": {"uv": [6.25, 8.5, 6.75, 8.75], "texture": "#main"},
				"east": {"uv": [6.5, 12.75, 6.75, 13], "texture": "#main"},
				"south": {"uv": [4, 14.5, 4.5, 14.75], "texture": "#main"},
				"west": {"uv": [6.5, 13.5, 6.75, 13.75], "texture": "#main"},
				"up": {"uv": [5, 14.75, 4.5, 14.5], "texture": "#main"},
				"down": {"uv": [5.5, 14.5, 5, 14.75], "texture": "#main"}
			}
		},
		{
			"from": [5, 8.09375, 7.10547],
			"to": [7, 12.09375, 9.10547],
			"rotation": {"angle": 0, "axis": "y", "origin": [13, 16.09375, 15.10547]},
			"faces": {
				"north": {"uv": [0, 13.5, 0.5, 14.5], "texture": "#main"},
				"east": {"uv": [0.5, 13.5, 1, 14.5], "texture": "#main"},
				"south": {"uv": [3, 13.5, 3.5, 14.5], "texture": "#main"},
				"west": {"uv": [3.5, 13.5, 4, 14.5], "texture": "#main"},
				"up": {"uv": [3, 14.5, 2.5, 14], "texture": "#main"},
				"down": {"uv": [6.5, 14, 6, 14.5], "texture": "#main"}
			}
		},
		{
			"from": [5, 8.09375, 5.10547],
			"to": [7, 10.09375, 7.10547],
			"rotation": {"angle": 0, "axis": "y", "origin": [13, 16.09375, 13.10547]},
			"faces": {
				"north": {"uv": [6, 9.25, 6.5, 9.75], "texture": "#main"},
				"east": {"uv": [6, 9.75, 6.5, 10.25], "texture": "#main"},
				"south": {"uv": [6, 10.25, 6.5, 10.75], "texture": "#main"},
				"west": {"uv": [6, 12.25, 6.5, 12.75], "texture": "#main"},
				"up": {"uv": [6.5, 14, 6, 13.5], "texture": "#main"},
				"down": {"uv": [6.75, 8, 6.25, 8.5], "texture": "#main"}
			}
		},
		{
			"from": [9, 1.09375, 7.48047],
			"to": [11, 5.09375, 10.48047],
			"rotation": {"angle": 0, "axis": "y", "origin": [3, 9.09375, 15.48047]},
			"faces": {
				"north": {"uv": [5, 11, 5.5, 12], "texture": "#main"},
				"east": {"uv": [4.25, 11.25, 5, 12.25], "texture": "#main"},
				"south": {"uv": [5.25, 8, 5.75, 9], "texture": "#main"},
				"west": {"uv": [4.5, 8, 5.25, 9], "texture": "#main"},
				"up": {"uv": [1.5, 14.75, 1, 14], "texture": "#main"},
				"down": {"uv": [2, 14, 1.5, 14.75], "texture": "#main"}
			}
		},
		{
			"from": [9, 0.09375, 5.48047],
			"to": [11, 1.09375, 10.48047],
			"rotation": {"angle": 0, "axis": "y", "origin": [3, 8.09375, 13.48047]},
			"faces": {
				"north": {"uv": [4.5, 9, 5, 9.25], "texture": "#main"},
				"east": {"uv": [5.5, 13.25, 6.75, 13.5], "texture": "#main"},
				"south": {"uv": [6, 12.75, 6.5, 13], "texture": "#main"},
				"west": {"uv": [5.75, 8.75, 7, 9], "texture": "#main"},
				"up": {"uv": [2.5, 14, 2, 12.75], "texture": "#main"},
				"down": {"uv": [3, 12.75, 2.5, 14], "texture": "#main"}
			}
		},
		{
			"from": [5, 1.09375, 7.48047],
			"to": [7, 5.09375, 10.48047],
			"rotation": {"angle": 0, "axis": "y", "origin": [13, 9.09375, 15.48047]},
			"faces": {
				"north": {"uv": [5, 9, 5.5, 10], "texture": "#main"},
				"east": {"uv": [4.25, 9.25, 5, 10.25], "texture": "#main"},
				"south": {"uv": [5, 10, 5.5, 11], "texture": "#main"},
				"west": {"uv": [4.25, 10.25, 5, 11.25], "texture": "#main"},
				"up": {"uv": [6, 13, 5.5, 12.25], "texture": "#main"},
				"down": {"uv": [6.25, 8, 5.75, 8.75], "texture": "#main"}
			}
		},
		{
			"from": [5, 0.09375, 5.48047],
			"to": [7, 1.09375, 10.48047],
			"rotation": {"angle": 0, "axis": "y", "origin": [13, 8.09375, 13.48047]},
			"faces": {
				"north": {"uv": [2, 9.75, 2.5, 10], "texture": "#main"},
				"east": {"uv": [5.5, 11.75, 6.75, 12], "texture": "#main"},
				"south": {"uv": [2.5, 9.75, 3, 10], "texture": "#main"},
				"west": {"uv": [5.5, 13, 6.75, 13.25], "texture": "#main"},
				"up": {"uv": [1.5, 14, 1, 12.75], "texture": "#main"},
				"down": {"uv": [2, 12.75, 1.5, 14], "texture": "#main"}
			}
		},
		{
			"from": [10.375, 14.09375, 9.26172],
			"to": [11.375, 16.09375, 9.26172],
			"rotation": {"angle": -22.5, "axis": "y", "origin": [10.875, 15.09375, 9.26172]},
			"faces": {
				"north": {"uv": [6.5, 10, 6.75, 10.5], "texture": "#main"},
				"east": {"uv": [0, 8, 0, 8.5], "texture": "#main"},
				"south": {"uv": [6.5, 12, 6.75, 12.5], "texture": "#main"},
				"west": {"uv": [0, 8, 0, 8.5], "texture": "#main"},
				"up": {"uv": [0.25, 8, 0, 8], "texture": "#main"},
				"down": {"uv": [0.25, 8, 0, 8], "texture": "#main"}
			}
		},
		{
			"from": [4.625, 14.09375, 9.26172],
			"to": [5.625, 16.09375, 9.26172],
			"rotation": {"angle": 22.5, "axis": "y", "origin": [5.125, 15.09375, 9.26172]},
			"faces": {
				"north": {"uv": [2.75, 9.25, 3, 9.75], "texture": "#main"},
				"east": {"uv": [0, 8, 0, 8.5], "texture": "#main"},
				"south": {"uv": [6.5, 9.5, 6.75, 10], "texture": "#main"},
				"west": {"uv": [0, 8, 0, 8.5], "texture": "#main"},
				"up": {"uv": [0.25, 8, 0, 8], "texture": "#main"},
				"down": {"uv": [0.25, 8, 0, 8], "texture": "#main"}
			}
		},
		{
			"from": [7.5, 3.09375, 10.60547],
			"to": [8.5, 4.09375, 16.60547],
			"rotation": {"angle": 0, "axis": "y", "origin": [8, 3.59375, 13.60547]},
			"faces": {
				"north": {"uv": [6.5, 10.5, 6.75, 10.75], "texture": "#main"},
				"east": {"uv": [5, 12, 6.5, 12.25], "texture": "#main"},
				"south": {"uv": [6.5, 12.5, 6.75, 12.75], "texture": "#main"},
				"west": {"uv": [5.5, 9, 7, 9.25], "texture": "#main"},
				"up": {"uv": [5.75, 10.75, 5.5, 9.25], "texture": "#main"},
				"down": {"uv": [6, 9.25, 5.75, 10.75], "texture": "#main"}
			}
		},
		{
			"from": [6, 2.59375, 6.60547],
			"to": [10, 13.59375, 10.60547],
			"rotation": {"angle": 0, "axis": "y", "origin": [14, 10.59375, 14.60547]},
			"faces": {
				"north": {"uv": [8, 8, 9, 10.75], "texture": "#main"},
				"east": {"uv": [9, 9, 10, 11.75], "texture": "#main"},
				"south": {"uv": [10, 10, 11, 12.75], "texture": "#main"},
				"west": {"uv": [8, 10.75, 9, 13.5], "texture": "#main"},
				"up": {"uv": [10, 9, 9, 8], "texture": "#main"},
				"down": {"uv": [10, 11.75, 9, 12.75], "texture": "#main"}
			}
		},
		{
			"from": [5.5, 13.59375, 6.10547],
			"to": [10.5, 18.59375, 11.10547],
			"rotation": {"angle": 0, "axis": "y", "origin": [13.5, 21.59375, 14.10547]},
			"faces": {
				"north": {"uv": [10, 8, 11.25, 9.25], "texture": "#main"},
				"east": {"uv": [11, 11, 12.25, 12.25], "texture": "#main"},
				"south": {"uv": [11, 9.25, 12.25, 10.5], "texture": "#main"},
				"west": {"uv": [11.25, 8, 12.5, 9.25], "texture": "#main"},
				"up": {"uv": [12.25, 13.5, 11, 12.25], "texture": "#main"},
				"down": {"uv": [13.5, 12.25, 12.25, 13.5], "texture": "#main"}
			}
		},
		{
			"from": [6.5, 13.59375, 4.10547],
			"to": [9.5, 15.59375, 6.10547],
			"rotation": {"angle": 0, "axis": "y", "origin": [14.5, 21.59375, 12.10547]},
			"faces": {
				"north": {"uv": [10, 9.25, 10.75, 9.75], "texture": "#main"},
				"east": {"uv": [11.75, 10.5, 12.25, 11], "texture": "#main"},
				"south": {"uv": [11, 10.5, 11.75, 11], "texture": "#main"},
				"west": {"uv": [10, 14, 10.5, 14.5], "texture": "#main"},
				"up": {"uv": [14.25, 11.25, 13.5, 10.75], "texture": "#main"},
				"down": {"uv": [14.25, 11.25, 13.5, 11.75], "texture": "#main"}
			}
		},
		{
			"from": [5, 6.80208, 9.8138],
			"to": [7, 7.80208, 10.8138],
			"rotation": {"angle": 45, "axis": "x", "origin": [6, 8.30208, 8.98047]},
			"faces": {
				"north": {"uv": [13, 14.75, 12.5, 14.5], "rotation": 180, "texture": "#main"},
				"east": {"uv": [14.5, 12.75, 14.75, 13], "rotation": 90, "texture": "#main"},
				"south": {"uv": [13.5, 14.5, 13, 14.75], "texture": "#main"},
				"west": {"uv": [14.5, 13.5, 14.75, 13.75], "rotation": 270, "texture": "#main"},
				"up": {"uv": [12, 14.5, 12.5, 14.75], "texture": "#main"},
				"down": {"uv": [14.25, 8.5, 14.75, 8.75], "rotation": 180, "texture": "#main"}
			}
		},
		{
			"from": [5, 8.80208, 5.8138],
			"to": [7, 10.80208, 9.8138],
			"rotation": {"angle": 45, "axis": "x", "origin": [6, 8.30208, 8.98047]},
			"faces": {
				"north": {"uv": [11, 14.5, 10.5, 14], "rotation": 180, "texture": "#main"},
				"east": {"uv": [8.5, 13.5, 9, 14.5], "rotation": 90, "texture": "#main"},
				"south": {"uv": [14.5, 14, 14, 14.5], "texture": "#main"},
				"west": {"uv": [11.5, 13.5, 12, 14.5], "rotation": 270, "texture": "#main"},
				"up": {"uv": [11, 13.5, 11.5, 14.5], "texture": "#main"},
				"down": {"uv": [8, 13.5, 8.5, 14.5], "rotation": 180, "texture": "#main"}
			}
		},
		{
			"from": [5, 6.80208, 7.8138],
			"to": [7, 8.80208, 9.8138],
			"rotation": {"angle": 45, "axis": "x", "origin": [6, 8.30208, 8.98047]},
			"faces": {
				"north": {"uv": [14.5, 14, 14, 13.5], "rotation": 180, "texture": "#main"},
				"east": {"uv": [14, 9.75, 14.5, 10.25], "rotation": 90, "texture": "#main"},
				"south": {"uv": [14.75, 8, 14.25, 8.5], "texture": "#main"},
				"west": {"uv": [14, 12.25, 14.5, 12.75], "rotation": 270, "texture": "#main"},
				"up": {"uv": [14, 10.25, 14.5, 10.75], "texture": "#main"},
				"down": {"uv": [14, 9.25, 14.5, 9.75], "rotation": 180, "texture": "#main"}
			}
		},
		{
			"from": [9, 6.80208, 9.8138],
			"to": [11, 7.80208, 10.8138],
			"rotation": {"angle": 45, "axis": "x", "origin": [10, 8.30208, 8.98047]},
			"faces": {
				"north": {"uv": [12.5, 14.75, 13, 14.5], "rotation": 180, "texture": "#main"},
				"east": {"uv": [14.5, 13.75, 14.75, 13.5], "rotation": 270, "texture": "#main"},
				"south": {"uv": [13, 14.5, 13.5, 14.75], "texture": "#main"},
				"west": {"uv": [14.5, 13, 14.75, 12.75], "rotation": 90, "texture": "#main"},
				"up": {"uv": [12.5, 14.5, 12, 14.75], "texture": "#main"},
				"down": {"uv": [14.75, 8.5, 14.25, 8.75], "rotation": 180, "texture": "#main"}
			}
		},
		{
			"from": [9, 8.80208, 5.8138],
			"to": [11, 10.80208, 9.8138],
			"rotation": {"angle": 45, "axis": "x", "origin": [10, 8.30208, 8.98047]},
			"faces": {
				"north": {"uv": [10.5, 14.5, 11, 14], "rotation": 180, "texture": "#main"},
				"east": {"uv": [11.5, 14.5, 12, 13.5], "rotation": 270, "texture": "#main"},
				"south": {"uv": [14, 14, 14.5, 14.5], "texture": "#main"},
				"west": {"uv": [8.5, 14.5, 9, 13.5], "rotation": 90, "texture": "#main"},
				"up": {"uv": [11.5, 13.5, 11, 14.5], "texture": "#main"},
				"down": {"uv": [8.5, 13.5, 8, 14.5], "rotation": 180, "texture": "#main"}
			}
		},
		{
			"from": [9, 6.80208, 7.8138],
			"to": [11, 8.80208, 9.8138],
			"rotation": {"angle": 45, "axis": "x", "origin": [10, 8.30208, 8.98047]},
			"faces": {
				"north": {"uv": [14, 14, 14.5, 13.5], "rotation": 180, "texture": "#main"},
				"east": {"uv": [14, 12.75, 14.5, 12.25], "rotation": 270, "texture": "#main"},
				"south": {"uv": [14.25, 8, 14.75, 8.5], "texture": "#main"},
				"west": {"uv": [14, 10.25, 14.5, 9.75], "rotation": 90, "texture": "#main"},
				"up": {"uv": [14.5, 10.25, 14, 10.75], "texture": "#main"},
				"down": {"uv": [14.5, 9.25, 14, 9.75], "rotation": 180, "texture": "#main"}
			}
		},
		{
			"from": [5, 1.59375, 8.10547],
			"to": [7, 5.59375, 11.10547],
			"rotation": {"angle": -22.5, "axis": "x", "origin": [6, 2.34375, 9.10547]},
			"faces": {
				"north": {"uv": [13.5, 11, 13, 12], "texture": "#main"},
				"east": {"uv": [13.25, 8, 12.5, 9], "texture": "#main"},
				"south": {"uv": [13.75, 8, 13.25, 9], "texture": "#main"},
				"west": {"uv": [13, 11.25, 12.25, 12.25], "texture": "#main"},
				"up": {"uv": [9, 14.75, 9.5, 14], "texture": "#main"},
				"down": {"uv": [9.5, 14, 10, 14.75], "texture": "#main"}
			}
		},
		{
			"from": [5, 0.59375, 6.10547],
			"to": [7, 1.59375, 11.10547],
			"rotation": {"angle": -22.5, "axis": "x", "origin": [6, 2.34375, 9.10547]},
			"faces": {
				"north": {"uv": [13, 9, 12.5, 9.25], "texture": "#main"},
				"east": {"uv": [15, 8.75, 13.75, 9], "texture": "#main"},
				"south": {"uv": [14.5, 12.75, 14, 13], "texture": "#main"},
				"west": {"uv": [14.75, 13.25, 13.5, 13.5], "texture": "#main"},
				"up": {"uv": [10, 14, 10.5, 12.75], "texture": "#main"},
				"down": {"uv": [10.5, 12.75, 11, 14], "texture": "#main"}
			}
		},
		{
			"from": [9, 1.59375, 6.23047],
			"to": [11, 5.59375, 9.23047],
			"rotation": {"angle": 22.5, "axis": "x", "origin": [10, 2.34375, 7.23047]},
			"faces": {
				"north": {"uv": [13.5, 9, 13, 10], "texture": "#main"},
				"east": {"uv": [13, 10.25, 12.25, 11.25], "texture": "#main"},
				"south": {"uv": [13.5, 10, 13, 11], "texture": "#main"},
				"west": {"uv": [13, 9.25, 12.25, 10.25], "texture": "#main"},
				"up": {"uv": [13.5, 13, 14, 12.25], "texture": "#main"},
				"down": {"uv": [13.75, 8, 14.25, 8.75], "texture": "#main"}
			}
		},
		{
			"from": [9, 0.59375, 4.23047],
			"to": [11, 1.59375, 9.23047],
			"rotation": {"angle": 22.5, "axis": "x", "origin": [10, 2.34375, 7.23047]},
			"faces": {
				"north": {"uv": [10.5, 9.75, 10, 10], "texture": "#main"},
				"east": {"uv": [14.75, 13, 13.5, 13.25], "texture": "#main"},
				"south": {"uv": [11, 9.75, 10.5, 10], "texture": "#main"},
				"west": {"uv": [14.75, 11.75, 13.5, 12], "texture": "#main"},
				"up": {"uv": [9, 14, 9.5, 12.75], "texture": "#main"},
				"down": {"uv": [9.5, 12.75, 10, 14], "texture": "#main"}
			}
		},
		{
			"from": [10.375, 14.59375, 9.26172],
			"to": [11.375, 16.59375, 9.26172],
			"rotation": {"angle": -22.5, "axis": "y", "origin": [10.875, 15.59375, 9.26172]},
			"faces": {
				"north": {"uv": [14.5, 10, 14.75, 10.5], "texture": "#main"},
				"east": {"uv": [8, 8, 8, 8.5], "texture": "#main"},
				"south": {"uv": [14.5, 12, 14.75, 12.5], "texture": "#main"},
				"west": {"uv": [8, 8, 8, 8.5], "texture": "#main"},
				"up": {"uv": [8.25, 8, 8, 8], "texture": "#main"},
				"down": {"uv": [8.25, 8, 8, 8], "texture": "#main"}
			}
		},
		{
			"from": [4.625, 14.59375, 9.26172],
			"to": [5.625, 16.59375, 9.26172],
			"rotation": {"angle": 22.5, "axis": "y", "origin": [5.125, 15.59375, 9.26172]},
			"faces": {
				"north": {"uv": [10.75, 9.25, 11, 9.75], "texture": "#main"},
				"east": {"uv": [8, 8, 8, 8.5], "texture": "#main"},
				"south": {"uv": [14.5, 9.5, 14.75, 10], "texture": "#main"},
				"west": {"uv": [8, 8, 8, 8.5], "texture": "#main"},
				"up": {"uv": [8.25, 8, 8, 8], "texture": "#main"},
				"down": {"uv": [8.25, 8, 8, 8], "texture": "#main"}
			}
		},
		{
			"from": [7.5, 3.59375, 10.60547],
			"to": [8.5, 4.59375, 16.60547],
			"rotation": {"angle": 0, "axis": "y", "origin": [8, 4.09375, 13.60547]},
			"faces": {
				"north": {"uv": [14.5, 10.5, 14.75, 10.75], "texture": "#main"},
				"east": {"uv": [13, 12, 14.5, 12.25], "texture": "#main"},
				"south": {"uv": [14.5, 12.5, 14.75, 12.75], "texture": "#main"},
				"west": {"uv": [13.5, 9, 15, 9.25], "texture": "#main"},
				"up": {"uv": [13.75, 10.75, 13.5, 9.25], "texture": "#main"},
				"down": {"uv": [14, 9.25, 13.75, 10.75], "texture": "#main"}
			}
		},
		{
			"from": [6, 2.09375, 6.60547],
			"to": [10, 13.09375, 10.60547],
			"rotation": {"angle": 0, "axis": "y", "origin": [14, 10.09375, 14.60547]},
			"faces": {
				"north": {"uv": [0, 0, 1, 2.75], "texture": "#main"},
				"east": {"uv": [1, 1, 2, 3.75], "texture": "#main"},
				"south": {"uv": [2, 2, 3, 4.75], "texture": "#main"},
				"west": {"uv": [0, 2.75, 1, 5.5], "texture": "#main"},
				"up": {"uv": [2, 1, 1, 0], "texture": "#main"},
				"down": {"uv": [2, 3.75, 1, 4.75], "texture": "#main"}
			}
		},
		{
			"from": [5.5, 13.09375, 6.10547],
			"to": [10.5, 18.09375, 11.10547],
			"rotation": {"angle": 0, "axis": "y", "origin": [13.5, 21.09375, 14.10547]},
			"faces": {
				"north": {"uv": [2, 0, 3.25, 1.25], "texture": "#main"},
				"east": {"uv": [3, 3, 4.25, 4.25], "texture": "#main"},
				"south": {"uv": [3, 1.25, 4.25, 2.5], "texture": "#main"},
				"west": {"uv": [3.25, 0, 4.5, 1.25], "texture": "#main"},
				"up": {"uv": [4.25, 5.5, 3, 4.25], "texture": "#main"},
				"down": {"uv": [5.5, 4.25, 4.25, 5.5], "texture": "#main"}
			}
		},
		{
			"from": [6.5, 13.09375, 4.10547],
			"to": [9.5, 15.09375, 6.10547],
			"rotation": {"angle": 0, "axis": "y", "origin": [14.5, 21.09375, 12.10547]},
			"faces": {
				"north": {"uv": [2, 1.25, 2.75, 1.75], "texture": "#main"},
				"east": {"uv": [3.75, 2.5, 4.25, 3], "texture": "#main"},
				"south": {"uv": [3, 2.5, 3.75, 3], "texture": "#main"},
				"west": {"uv": [2, 6, 2.5, 6.5], "texture": "#main"},
				"up": {"uv": [6.25, 3.25, 5.5, 2.75], "texture": "#main"},
				"down": {"uv": [6.25, 3.25, 5.5, 3.75], "texture": "#main"}
			}
		},
		{
			"from": [9, 7.09375, 5.10547],
			"to": [11, 8.09375, 6.10547],
			"rotation": {"angle": 0, "axis": "y", "origin": [3, 15.09375, 13.10547]},
			"faces": {
				"north": {"uv": [5.5, 6.5, 6, 6.75], "texture": "#main"},
				"east": {"uv": [6.5, 5.75, 6.75, 6], "texture": "#main"},
				"south": {"uv": [6, 6.5, 6.5, 6.75], "texture": "#main"},
				"west": {"uv": [6.5, 6, 6.75, 6.25], "texture": "#main"},
				"up": {"uv": [7, 6.75, 6.5, 6.5], "texture": "#main"},
				"down": {"uv": [7, 1.25, 6.5, 1.5], "texture": "#main"}
			}
		},
		{
			"from": [9, 8.09375, 7.10547],
			"to": [11, 12.09375, 9.10547],
			"rotation": {"angle": 0, "axis": "y", "origin": [3, 16.09375, 15.10547]},
			"faces": {
				"north": {"uv": [4, 5.5, 4.5, 6.5], "texture": "#main"},
				"east": {"uv": [4.5, 5.5, 5, 6.5], "texture": "#main"},
				"south": {"uv": [5, 5.5, 5.5, 6.5], "texture": "#main"},
				"west": {"uv": [5.5, 5.5, 6, 6.5], "texture": "#main"},
				"up": {"uv": [6.75, 3.25, 6.25, 2.75], "texture": "#main"},
				"down": {"uv": [6.75, 3.25, 6.25, 3.75], "texture": "#main"}
			}
		},
		{
			"from": [9, 8.09375, 5.10547],
			"to": [11, 10.09375, 7.10547],
			"rotation": {"angle": 0, "axis": "y", "origin": [3, 16.09375, 13.10547]},
			"faces": {
				"north": {"uv": [0, 6.5, 0.5, 7], "texture": "#main"},
				"east": {"uv": [0.5, 6.5, 1, 7], "texture": "#main"},
				"south": {"uv": [2, 6.5, 2.5, 7], "texture": "#main"},
				"west": {"uv": [2.5, 6.5, 3, 7], "texture": "#main"},
				"up": {"uv": [3.5, 7, 3, 6.5], "texture": "#main"},
				"down": {"uv": [4, 6.5, 3.5, 7], "texture": "#main"}
			}
		},
		{
			"from": [5, 7.09375, 5.10547],
			"to": [7, 8.09375, 6.10547],
			"rotation": {"angle": 0, "axis": "y", "origin": [13, 15.09375, 13.10547]},
			"faces": {
				"north": {"uv": [6.25, 0.5, 6.75, 0.75], "texture": "#main"},
				"east": {"uv": [6.5, 4.75, 6.75, 5], "texture": "#main"},
				"south": {"uv": [4, 6.5, 4.5, 6.75], "texture": "#main"},
				"west": {"uv": [6.5, 5.5, 6.75, 5.75], "texture": "#main"},
				"up": {"uv": [5, 6.75, 4.5, 6.5], "texture": "#main"},
				"down": {"uv": [5.5, 6.5, 5, 6.75], "texture": "#main"}
			}
		},
		{
			"from": [5, 8.09375, 7.10547],
			"to": [7, 12.09375, 9.10547],
			"rotation": {"angle": 0, "axis": "y", "origin": [13, 16.09375, 15.10547]},
			"faces": {
				"north": {"uv": [0, 5.5, 0.5, 6.5], "texture": "#main"},
				"east": {"uv": [0.5, 5.5, 1, 6.5], "texture": "#main"},
				"south": {"uv": [3, 5.5, 3.5, 6.5], "texture": "#main"},
				"west": {"uv": [3.5, 5.5, 4, 6.5], "texture": "#main"},
				"up": {"uv": [3, 6.5, 2.5, 6], "texture": "#main"},
				"down": {"uv": [6.5, 6, 6, 6.5], "texture": "#main"}
			}
		},
		{
			"from": [5, 8.09375, 5.10547],
			"to": [7, 10.09375, 7.10547],
			"rotation": {"angle": 0, "axis": "y", "origin": [13, 16.09375, 13.10547]},
			"faces": {
				"north": {"uv": [6, 1.25, 6.5, 1.75], "texture": "#main"},
				"east": {"uv": [6, 1.75, 6.5, 2.25], "texture": "#main"},
				"south": {"uv": [6, 2.25, 6.5, 2.75], "texture": "#main"},
				"west": {"uv": [6, 4.25, 6.5, 4.75], "texture": "#main"},
				"up": {"uv": [6.5, 6, 6, 5.5], "texture": "#main"},
				"down": {"uv": [6.75, 0, 6.25, 0.5], "texture": "#main"}
			}
		},
		{
			"from": [9, 1.09375, 7.48047],
			"to": [11, 5.09375, 10.48047],
			"rotation": {"angle": 0, "axis": "y", "origin": [3, 9.09375, 15.48047]},
			"faces": {
				"north": {"uv": [5, 3, 5.5, 4], "texture": "#main"},
				"east": {"uv": [4.25, 3.25, 5, 4.25], "texture": "#main"},
				"south": {"uv": [5.25, 0, 5.75, 1], "texture": "#main"},
				"west": {"uv": [4.5, 0, 5.25, 1], "texture": "#main"},
				"up": {"uv": [1.5, 6.75, 1, 6], "texture": "#main"},
				"down": {"uv": [2, 6, 1.5, 6.75], "texture": "#main"}
			}
		},
		{
			"from": [9, 0.09375, 5.48047],
			"to": [11, 1.09375, 10.48047],
			"rotation": {"angle": 0, "axis": "y", "origin": [3, 8.09375, 13.48047]},
			"faces": {
				"north": {"uv": [4.5, 1, 5, 1.25], "texture": "#main"},
				"east": {"uv": [5.5, 5.25, 6.75, 5.5], "texture": "#main"},
				"south": {"uv": [6, 4.75, 6.5, 5], "texture": "#main"},
				"west": {"uv": [5.75, 0.75, 7, 1], "texture": "#main"},
				"up": {"uv": [2.5, 6, 2, 4.75], "texture": "#main"},
				"down": {"uv": [3, 4.75, 2.5, 6], "texture": "#main"}
			}
		},
		{
			"from": [5, 1.09375, 7.48047],
			"to": [7, 5.09375, 10.48047],
			"rotation": {"angle": 0, "axis": "y", "origin": [13, 9.09375, 15.48047]},
			"faces": {
				"north": {"uv": [5, 1, 5.5, 2], "texture": "#main"},
				"east": {"uv": [4.25, 1.25, 5, 2.25], "texture": "#main"},
				"south": {"uv": [5, 2, 5.5, 3], "texture": "#main"},
				"west": {"uv": [4.25, 2.25, 5, 3.25], "texture": "#main"},
				"up": {"uv": [6, 5, 5.5, 4.25], "texture": "#main"},
				"down": {"uv": [6.25, 0, 5.75, 0.75], "texture": "#main"}
			}
		},
		{
			"from": [5, 0.09375, 5.48047],
			"to": [7, 1.09375, 10.48047],
			"rotation": {"angle": 0, "axis": "y", "origin": [13, 8.09375, 13.48047]},
			"faces": {
				"north": {"uv": [2, 1.75, 2.5, 2], "texture": "#main"},
				"east": {"uv": [5.5, 3.75, 6.75, 4], "texture": "#main"},
				"south": {"uv": [2.5, 1.75, 3, 2], "texture": "#main"},
				"west": {"uv": [5.5, 5, 6.75, 5.25], "texture": "#main"},
				"up": {"uv": [1.5, 6, 1, 4.75], "texture": "#main"},
				"down": {"uv": [2, 4.75, 1.5, 6], "texture": "#main"}
			}
		},
		{
			"from": [10.375, 14.09375, 9.26172],
			"to": [11.375, 16.09375, 9.26172],
			"rotation": {"angle": -22.5, "axis": "y", "origin": [10.875, 15.09375, 9.26172]},
			"faces": {
				"north": {"uv": [6.5, 2, 6.75, 2.5], "texture": "#main"},
				"east": {"uv": [0, 0, 0, 0.5], "texture": "#main"},
				"south": {"uv": [6.5, 4, 6.75, 4.5], "texture": "#main"},
				"west": {"uv": [0, 0, 0, 0.5], "texture": "#main"},
				"up": {"uv": [0.25, 0, 0, 0], "texture": "#main"},
				"down": {"uv": [0.25, 0, 0, 0], "texture": "#main"}
			}
		},
		{
			"from": [4.625, 14.09375, 9.26172],
			"to": [5.625, 16.09375, 9.26172],
			"rotation": {"angle": 22.5, "axis": "y", "origin": [5.125, 15.09375, 9.26172]},
			"faces": {
				"north": {"uv": [2.75, 1.25, 3, 1.75], "texture": "#main"},
				"east": {"uv": [0, 0, 0, 0.5], "texture": "#main"},
				"south": {"uv": [6.5, 1.5, 6.75, 2], "texture": "#main"},
				"west": {"uv": [0, 0, 0, 0.5], "texture": "#main"},
				"up": {"uv": [0.25, 0, 0, 0], "texture": "#main"},
				"down": {"uv": [0.25, 0, 0, 0], "texture": "#main"}
			}
		},
		{
			"from": [7.5, 3.09375, 10.60547],
			"to": [8.5, 4.09375, 16.60547],
			"rotation": {"angle": 0, "axis": "y", "origin": [8, 3.59375, 13.60547]},
			"faces": {
				"north": {"uv": [6.5, 2.5, 6.75, 2.75], "texture": "#main"},
				"east": {"uv": [5, 4, 6.5, 4.25], "texture": "#main"},
				"south": {"uv": [6.5, 4.5, 6.75, 4.75], "texture": "#main"},
				"west": {"uv": [5.5, 1, 7, 1.25], "texture": "#main"},
				"up": {"uv": [5.75, 2.75, 5.5, 1.25], "texture": "#main"},
				"down": {"uv": [6, 1.25, 5.75, 2.75], "texture": "#main"}
			}
		}
	],
	"display": {
		"thirdperson_righthand": {
			"rotation": [75, 45, 0],
			"translation": [0, 2.5, 0],
			"scale": [0.375, 0.375, 0.375]
		},
		"thirdperson_lefthand": {
			"rotation": [75, 45, 0],
			"translation": [0, 2.5, 0],
			"scale": [0.375, 0.375, 0.375]
		},
		"firstperson_righthand": {
			"scale": [0, 0, 0]
		},
		"firstperson_lefthand": {
			"scale": [0, 0, 0]
		},
		"ground": {
			"translation": [0, 8, 0]
		},
		"gui": {
			"rotation": [-163.5, 35.25, -180],
			"translation": [0.25, -0.75, 0],
			"scale": [0.7, 0.7, 0.7]
		},
		"head": {
			"translation": [0, -26.75, -2],
			"scale": [2.3, 2.3, 2.3]
		}
	},
	"groups": [
		0,
		1,
		2,
		3,
		4,
		5,
		6,
		7,
		8,
		9,
		10,
		11,
		12,
		13,
		14,
		15,
		16,
		17,
		18,
		19,
		20,
		21,
		22,
		23,
		24,
		25,
		26,
		27,
		28,
		29,
		30,
		31,
		32,
		33,
		34,
		35,
		36,
		37,
		38,
		39,
		40,
		41,
		42,
		43,
		44,
		45,
		46,
		47,
		{
			"name": "group",
			"origin": [8, 8, 8],
			"color": 0,
			"nbt": "{}",
			"armAnimationEnabled": false,
			"children": [
				{
					"name": "group",
					"origin": [14.5, 13.5, 11.5],
					"color": 0,
					"nbt": "{}",
					"armAnimationEnabled": false,
					"children": [48, 49, 50]
				},
				{
					"name": "group",
					"origin": [13, 8.75, 13],
					"color": 0,
					"nbt": "{}",
					"armAnimationEnabled": false,
					"children": [51, 52, 53]
				},
				{
					"name": "group",
					"origin": [13, 8.75, 13],
					"color": 0,
					"nbt": "{}",
					"armAnimationEnabled": false,
					"children": [54, 55, 56]
				},
				{
					"name": "group",
					"origin": [8, 7, 6],
					"color": 0,
					"nbt": "{}",
					"armAnimationEnabled": false,
					"children": [57, 58]
				},
				{
					"name": "group",
					"origin": [8, 7, 6],
					"color": 0,
					"nbt": "{}",
					"armAnimationEnabled": false,
					"children": [59, 60]
				},
				{
					"name": "group",
					"origin": [8, 3.59375, 13.60547],
					"color": 0,
					"nbt": "{}",
					"armAnimationEnabled": false,
					"children": [61, 62, 63]
				}
			]
		}
	]
}