{
	"credit": "Made with Blockbench",
	"texture_size": [64, 64],
	"textures": {
		"main": "items/pet14_a"
	},
	"elements": [
		{
			"from": [3.5, 9.25, 3.625],
			"to": [12.5, 20.25, 11.625],
			"rotation": {"angle": -45, "axis": "x", "origin": [8, 14.75, 7.625]},
			"faces": {
				"north": {"uv": [8, 0, 9.125, 1.375], "texture": "#main"},
				"east": {"uv": [10.25, 0, 11.25, 1.375], "texture": "#main"},
				"south": {"uv": [9.125, 1.125, 10.25, 2.5], "texture": "#main"},
				"west": {"uv": [10.875, 2.875, 11.875, 4.25], "texture": "#main"},
				"up": {"uv": [10.25, 1, 9.125, 0], "texture": "#main"},
				"down": {"uv": [13, 2.375, 11.875, 3.375], "texture": "#main"}
			}
		},
		{
			"from": [4, 5.71447, 7.66053],
			"to": [12, 10.71447, 14.66053],
			"rotation": {"angle": -45, "axis": "x", "origin": [8, 11.21447, 11.16053]},
			"faces": {
				"north": {"uv": [13, 1.875, 14, 2.5], "texture": "#main"},
				"east": {"uv": [13.25, 1.25, 14.125, 1.875], "texture": "#main"},
				"south": {"uv": [13, 2.5, 14, 3.125], "texture": "#main"},
				"west": {"uv": [13.25, 4.375, 14.125, 5], "texture": "#main"},
				"up": {"uv": [11.25, 2.25, 10.25, 1.375], "texture": "#main"},
				"down": {"uv": [13.25, 1, 12.25, 1.875], "texture": "#main"}
			}
		},
		{
			"from": [12, 18.15, 1.725],
			"to": [14, 23.15, 1.725],
			"rotation": {"angle": 0, "axis": "y", "origin": [6, 26.15, 9.725]},
			"faces": {
				"north": {"uv": [9.875, 2.5, 10.125, 3.125], "texture": "#main"},
				"east": {"uv": [8, 0, 8, 0.625], "texture": "#main"},
				"south": {"uv": [9.875, 3.125, 10.125, 3.75], "texture": "#main"},
				"west": {"uv": [8, 0, 8, 0.625], "texture": "#main"},
				"up": {"uv": [8.25, 0, 8, 0], "texture": "#main"},
				"down": {"uv": [8.25, 0, 8, 0], "texture": "#main"}
			}
		},
		{
			"from": [2, 18.15, 1.725],
			"to": [4, 23.15, 1.725],
			"rotation": {"angle": 0, "axis": "y", "origin": [10, 26.15, 9.725]},
			"faces": {
				"north": {"uv": [9.875, 3.75, 10.125, 4.375], "texture": "#main"},
				"east": {"uv": [8, 0, 8, 0.625], "texture": "#main"},
				"south": {"uv": [9.5, 4.875, 9.75, 5.5], "texture": "#main"},
				"west": {"uv": [8, 0, 8, 0.625], "texture": "#main"},
				"up": {"uv": [8.25, 0, 8, 0], "texture": "#main"},
				"down": {"uv": [8.25, 0, 8, 0], "texture": "#main"}
			}
		},
		{
			"from": [4, 16.15, -2.275],
			"to": [12, 24.15, 4.725],
			"rotation": {"angle": 0, "axis": "y", "origin": [12, 24.15, 5.725]},
			"faces": {
				"north": {"uv": [10.875, 4.25, 11.875, 5.25], "texture": "#main"},
				"east": {"uv": [12.375, 4.375, 13.25, 5.375], "texture": "#main"},
				"south": {"uv": [12.25, 0, 13.25, 1], "texture": "#main"},
				"west": {"uv": [12.375, 3.375, 13.25, 4.375], "texture": "#main"},
				"up": {"uv": [10.875, 5.5, 9.875, 4.625], "texture": "#main"},
				"down": {"uv": [9.5, 4.875, 8.5, 5.75], "texture": "#main"}
			}
		},
		{
			"from": [5.5, 16.15, -4.275],
			"to": [10.5, 20.15, -2.275],
			"rotation": {"angle": 0, "axis": "y", "origin": [13.5, 24.15, 3.725]},
			"faces": {
				"north": {"uv": [10.875, 2.375, 11.5, 2.875], "texture": "#main"},
				"east": {"uv": [11.5, 2.375, 11.75, 2.875], "texture": "#main"},
				"south": {"uv": [12.25, 1.875, 12.875, 2.375], "texture": "#main"},
				"west": {"uv": [12.875, 5.375, 13.125, 5.875], "texture": "#main"},
				"up": {"uv": [14.375, 3.375, 13.75, 3.125], "texture": "#main"},
				"down": {"uv": [14.375, 3.375, 13.75, 3.625], "texture": "#main"}
			}
		},
		{
			"from": [3.75, 21.15, -2.525],
			"to": [12.25, 22.65, -1.525],
			"rotation": {"angle": 0, "axis": "y", "origin": [12, 29.15, 5.475]},
			"faces": {
				"north": {"uv": [13.25, 5, 14.375, 5.25], "texture": "#main"},
				"east": {"uv": [10.125, 2.5, 10.25, 2.75], "texture": "#main"},
				"south": {"uv": [13.75, 0, 14.875, 0.25], "texture": "#main"},
				"west": {"uv": [10.125, 2.75, 10.25, 3], "texture": "#main"},
				"up": {"uv": [10.25, 1.125, 9.125, 1], "texture": "#main"},
				"down": {"uv": [14.875, 3.625, 13.75, 3.75], "texture": "#main"}
			}
		},
		{
			"from": [12.5, 0, 0],
			"to": [16.5, 19, 5],
			"rotation": {"angle": 22.5, "axis": "x", "origin": [14.5, 9.5, 2.5]},
			"faces": {
				"north": {"uv": [11.25, 0, 11.75, 2.375], "texture": "#main"},
				"east": {"uv": [8, 1.375, 8.625, 3.75], "texture": "#main"},
				"south": {"uv": [8, 3.75, 8.5, 6.125], "texture": "#main"},
				"west": {"uv": [10.25, 2.25, 10.875, 4.625], "texture": "#main"},
				"up": {"uv": [9.125, 2, 8.625, 1.375], "texture": "#main"},
				"down": {"uv": [9, 5.75, 8.5, 6.375], "texture": "#main"}
			}
		},
		{
			"from": [-0.5, 0, 2.125],
			"to": [3.5, 19, 7.125],
			"rotation": {"angle": 0, "axis": "x", "origin": [1.5, 9.5, 4.625]},
			"faces": {
				"north": {"uv": [11.75, 0, 12.25, 2.375], "texture": "#main"},
				"east": {"uv": [8.625, 2.5, 9.25, 4.875], "texture": "#main"},
				"south": {"uv": [11.875, 3.875, 12.375, 6.25], "texture": "#main"},
				"west": {"uv": [9.25, 2.5, 9.875, 4.875], "texture": "#main"},
				"up": {"uv": [9.5, 6.375, 9, 5.75], "texture": "#main"},
				"down": {"uv": [14.25, 5.75, 13.75, 6.375], "texture": "#main"}
			}
		},
		{
			"from": [12, 0, 11.875],
			"to": [16, 10, 15.875],
			"rotation": {"angle": 0, "axis": "y", "origin": [8, 8, 19.875]},
			"faces": {
				"north": {"uv": [10.875, 5.25, 11.375, 6.5], "texture": "#main"},
				"east": {"uv": [11.375, 5.25, 11.875, 6.5], "texture": "#main"},
				"south": {"uv": [13.25, 5.25, 13.75, 6.5], "texture": "#main"},
				"west": {"uv": [13.25, 0, 13.75, 1.25], "texture": "#main"},
				"up": {"uv": [9.125, 2.5, 8.625, 2], "texture": "#main"},
				"down": {"uv": [12.375, 3.375, 11.875, 3.875], "texture": "#main"}
			}
		},
		{
			"from": [0, 0, 11.875],
			"to": [4, 10, 15.875],
			"rotation": {"angle": 0, "axis": "y", "origin": [8, 8, 19.875]},
			"faces": {
				"north": {"uv": [13.25, 3.125, 13.75, 4.375], "texture": "#main"},
				"east": {"uv": [12.375, 5.375, 12.875, 6.625], "texture": "#main"},
				"south": {"uv": [9.5, 5.5, 10, 6.75], "texture": "#main"},
				"west": {"uv": [10, 5.5, 10.5, 6.75], "texture": "#main"},
				"up": {"uv": [14.25, 0.75, 13.75, 0.25], "texture": "#main"},
				"down": {"uv": [14.25, 0.75, 13.75, 1.25], "texture": "#main"}
			}
		},
		{
			"from": [3.5, 9.25, 3.625],
			"to": [12.5, 20.25, 11.625],
			"rotation": {"angle": -45, "axis": "x", "origin": [8, 14.75, 7.625]},
			"faces": {
				"north": {"uv": [0, 8, 1.125, 9.375], "texture": "#main"},
				"east": {"uv": [2.25, 8, 3.25, 9.375], "texture": "#main"},
				"south": {"uv": [1.125, 9.125, 2.25, 10.5], "texture": "#main"},
				"west": {"uv": [2.875, 10.875, 3.875, 12.25], "texture": "#main"},
				"up": {"uv": [2.25, 9, 1.125, 8], "texture": "#main"},
				"down": {"uv": [5, 10.375, 3.875, 11.375], "texture": "#main"}
			}
		},
		{
			"from": [4, 5.71447, 7.66053],
			"to": [12, 10.71447, 14.66053],
			"rotation": {"angle": -45, "axis": "x", "origin": [8, 11.21447, 11.16053]},
			"faces": {
				"north": {"uv": [5, 9.875, 6, 10.5], "texture": "#main"},
				"east": {"uv": [5.25, 9.25, 6.125, 9.875], "texture": "#main"},
				"south": {"uv": [5, 10.5, 6, 11.125], "texture": "#main"},
				"west": {"uv": [5.25, 12.375, 6.125, 13], "texture": "#main"},
				"up": {"uv": [3.25, 10.25, 2.25, 9.375], "texture": "#main"},
				"down": {"uv": [5.25, 9, 4.25, 9.875], "texture": "#main"}
			}
		},
		{
			"from": [12, 18.15, 1.725],
			"to": [14, 23.15, 1.725],
			"rotation": {"angle": 0, "axis": "y", "origin": [6, 26.15, 9.725]},
			"faces": {
				"north": {"uv": [1.875, 10.5, 2.125, 11.125], "texture": "#main"},
				"east": {"uv": [0, 8, 0, 8.625], "texture": "#main"},
				"south": {"uv": [1.875, 11.125, 2.125, 11.75], "texture": "#main"},
				"west": {"uv": [0, 8, 0, 8.625], "texture": "#main"},
				"up": {"uv": [0.25, 8, 0, 8], "texture": "#main"},
				"down": {"uv": [0.25, 8, 0, 8], "texture": "#main"}
			}
		},
		{
			"from": [2, 18.15, 1.725],
			"to": [4, 23.15, 1.725],
			"rotation": {"angle": 0, "axis": "y", "origin": [10, 26.15, 9.725]},
			"faces": {
				"north": {"uv": [1.875, 11.75, 2.125, 12.375], "texture": "#main"},
				"east": {"uv": [0, 8, 0, 8.625], "texture": "#main"},
				"south": {"uv": [1.5, 12.875, 1.75, 13.5], "texture": "#main"},
				"west": {"uv": [0, 8, 0, 8.625], "texture": "#main"},
				"up": {"uv": [0.25, 8, 0, 8], "texture": "#main"},
				"down": {"uv": [0.25, 8, 0, 8], "texture": "#main"}
			}
		},
		{
			"from": [4, 16.15, -2.275],
			"to": [12, 24.15, 4.725],
			"rotation": {"angle": 0, "axis": "y", "origin": [12, 24.15, 5.725]},
			"faces": {
				"north": {"uv": [2.875, 12.25, 3.875, 13.25], "texture": "#main"},
				"east": {"uv": [4.375, 12.375, 5.25, 13.375], "texture": "#main"},
				"south": {"uv": [4.25, 8, 5.25, 9], "texture": "#main"},
				"west": {"uv": [4.375, 11.375, 5.25, 12.375], "texture": "#main"},
				"up": {"uv": [2.875, 13.5, 1.875, 12.625], "texture": "#main"},
				"down": {"uv": [1.5, 12.875, 0.5, 13.75], "texture": "#main"}
			}
		},
		{
			"from": [5.5, 16.15, -4.275],
			"to": [10.5, 20.15, -2.275],
			"rotation": {"angle": 0, "axis": "y", "origin": [13.5, 24.15, 3.725]},
			"faces": {
				"north": {"uv": [2.875, 10.375, 3.5, 10.875], "texture": "#main"},
				"east": {"uv": [3.5, 10.375, 3.75, 10.875], "texture": "#main"},
				"south": {"uv": [4.25, 9.875, 4.875, 10.375], "texture": "#main"},
				"west": {"uv": [4.875, 13.375, 5.125, 13.875], "texture": "#main"},
				"up": {"uv": [6.375, 11.375, 5.75, 11.125], "texture": "#main"},
				"down": {"uv": [6.375, 11.375, 5.75, 11.625], "texture": "#main"}
			}
		},
		{
			"from": [3.75, 21.15, -2.525],
			"to": [12.25, 22.65, -1.525],
			"rotation": {"angle": 0, "axis": "y", "origin": [12, 29.15, 5.475]},
			"faces": {
				"north": {"uv": [5.25, 13, 6.375, 13.25], "texture": "#main"},
				"east": {"uv": [2.125, 10.5, 2.25, 10.75], "texture": "#main"},
				"south": {"uv": [5.75, 8, 6.875, 8.25], "texture": "#main"},
				"west": {"uv": [2.125, 10.75, 2.25, 11], "texture": "#main"},
				"up": {"uv": [2.25, 9.125, 1.125, 9], "texture": "#main"},
				"down": {"uv": [6.875, 11.625, 5.75, 11.75], "texture": "#main"}
			}
		},
		{
			"from": [12.5, 0, 0],
			"to": [16.5, 19, 5],
			"rotation": {"angle": 22.5, "axis": "x", "origin": [14.5, 9.5, 2.5]},
			"faces": {
				"north": {"uv": [3.25, 8, 3.75, 10.375], "texture": "#main"},
				"east": {"uv": [0, 9.375, 0.625, 11.75], "texture": "#main"},
				"south": {"uv": [0, 11.75, 0.5, 14.125], "texture": "#main"},
				"west": {"uv": [2.25, 10.25, 2.875, 12.625], "texture": "#main"},
				"up": {"uv": [1.125, 10, 0.625, 9.375], "texture": "#main"},
				"down": {"uv": [1, 13.75, 0.5, 14.375], "texture": "#main"}
			}
		},
		{
			"from": [-0.5, 0, 0],
			"to": [3.5, 19, 5],
			"rotation": {"angle": 22.5, "axis": "x", "origin": [1.5, 9.5, 2.5]},
			"faces": {
				"north": {"uv": [3.75, 8, 3.25, 10.375], "texture": "#main"},
				"east": {"uv": [2.875, 10.25, 2.25, 12.625], "texture": "#main"},
				"south": {"uv": [0.5, 11.75, 0, 14.125], "texture": "#main"},
				"west": {"uv": [0.625, 9.375, 0, 11.75], "texture": "#main"},
				"up": {"uv": [0.625, 10, 1.125, 9.375], "texture": "#main"},
				"down": {"uv": [0.5, 13.75, 1, 14.375], "texture": "#main"}
			}
		},
		{
			"from": [0, 0, 11.875],
			"to": [4, 10, 15.875],
			"rotation": {"angle": 22.5, "axis": "x", "origin": [2, 5, 13.875]},
			"faces": {
				"north": {"uv": [5.25, 11.125, 5.75, 12.375], "texture": "#main"},
				"east": {"uv": [4.375, 13.375, 4.875, 14.625], "texture": "#main"},
				"south": {"uv": [1.5, 13.5, 2, 14.75], "texture": "#main"},
				"west": {"uv": [2, 13.5, 2.5, 14.75], "texture": "#main"},
				"up": {"uv": [6.25, 8.75, 5.75, 8.25], "texture": "#main"},
				"down": {"uv": [6.25, 8.75, 5.75, 9.25], "texture": "#main"}
			}
		},
		{
			"from": [12, 0, 11.875],
			"to": [16, 10, 15.875],
			"rotation": {"angle": 22.5, "axis": "x", "origin": [14, 5, 13.875]},
			"faces": {
				"north": {"uv": [5.75, 11.125, 5.25, 12.375], "texture": "#main"},
				"east": {"uv": [2.5, 13.5, 2, 14.75], "texture": "#main"},
				"south": {"uv": [2, 13.5, 1.5, 14.75], "texture": "#main"},
				"west": {"uv": [4.875, 13.375, 4.375, 14.625], "texture": "#main"},
				"up": {"uv": [5.75, 8.75, 6.25, 8.25], "texture": "#main"},
				"down": {"uv": [5.75, 8.75, 6.25, 9.25], "texture": "#main"}
			}
		},
		{
			"from": [3.5, 9.25, 3.625],
			"to": [12.5, 20.25, 11.625],
			"rotation": {"angle": -45, "axis": "x", "origin": [8, 14.75, 7.625]},
			"faces": {
				"north": {"uv": [8, 8, 9.125, 9.375], "texture": "#main"},
				"east": {"uv": [10.25, 8, 11.25, 9.375], "texture": "#main"},
				"south": {"uv": [9.125, 9.125, 10.25, 10.5], "texture": "#main"},
				"west": {"uv": [10.875, 10.875, 11.875, 12.25], "texture": "#main"},
				"up": {"uv": [10.25, 9, 9.125, 8], "texture": "#main"},
				"down": {"uv": [13, 10.375, 11.875, 11.375], "texture": "#main"}
			}
		},
		{
			"from": [4, 5.71447, 7.66053],
			"to": [12, 10.71447, 14.66053],
			"rotation": {"angle": -45, "axis": "x", "origin": [8, 11.21447, 11.16053]},
			"faces": {
				"north": {"uv": [13, 9.875, 14, 10.5], "texture": "#main"},
				"east": {"uv": [13.25, 9.25, 14.125, 9.875], "texture": "#main"},
				"south": {"uv": [13, 10.5, 14, 11.125], "texture": "#main"},
				"west": {"uv": [13.25, 12.375, 14.125, 13], "texture": "#main"},
				"up": {"uv": [11.25, 10.25, 10.25, 9.375], "texture": "#main"},
				"down": {"uv": [13.25, 9, 12.25, 9.875], "texture": "#main"}
			}
		},
		{
			"from": [12, 18.15, 1.725],
			"to": [14, 23.15, 1.725],
			"rotation": {"angle": 0, "axis": "y", "origin": [6, 26.15, 9.725]},
			"faces": {
				"north": {"uv": [9.875, 10.5, 10.125, 11.125], "texture": "#main"},
				"east": {"uv": [8, 8, 8, 8.625], "texture": "#main"},
				"south": {"uv": [9.875, 11.125, 10.125, 11.75], "texture": "#main"},
				"west": {"uv": [8, 8, 8, 8.625], "texture": "#main"},
				"up": {"uv": [8.25, 8, 8, 8], "texture": "#main"},
				"down": {"uv": [8.25, 8, 8, 8], "texture": "#main"}
			}
		},
		{
			"from": [2, 18.15, 1.725],
			"to": [4, 23.15, 1.725],
			"rotation": {"angle": 0, "axis": "y", "origin": [10, 26.15, 9.725]},
			"faces": {
				"north": {"uv": [9.875, 11.75, 10.125, 12.375], "texture": "#main"},
				"east": {"uv": [8, 8, 8, 8.625], "texture": "#main"},
				"south": {"uv": [9.5, 12.875, 9.75, 13.5], "texture": "#main"},
				"west": {"uv": [8, 8, 8, 8.625], "texture": "#main"},
				"up": {"uv": [8.25, 8, 8, 8], "texture": "#main"},
				"down": {"uv": [8.25, 8, 8, 8], "texture": "#main"}
			}
		},
		{
			"from": [4, 16.15, -2.275],
			"to": [12, 24.15, 4.725],
			"rotation": {"angle": 0, "axis": "y", "origin": [12, 24.15, 5.725]},
			"faces": {
				"north": {"uv": [10.875, 12.25, 11.875, 13.25], "texture": "#main"},
				"east": {"uv": [12.375, 12.375, 13.25, 13.375], "texture": "#main"},
				"south": {"uv": [12.25, 8, 13.25, 9], "texture": "#main"},
				"west": {"uv": [12.375, 11.375, 13.25, 12.375], "texture": "#main"},
				"up": {"uv": [10.875, 13.5, 9.875, 12.625], "texture": "#main"},
				"down": {"uv": [9.5, 12.875, 8.5, 13.75], "texture": "#main"}
			}
		},
		{
			"from": [5.5, 16.15, -4.275],
			"to": [10.5, 20.15, -2.275],
			"rotation": {"angle": 0, "axis": "y", "origin": [13.5, 24.15, 3.725]},
			"faces": {
				"north": {"uv": [10.875, 10.375, 11.5, 10.875], "texture": "#main"},
				"east": {"uv": [11.5, 10.375, 11.75, 10.875], "texture": "#main"},
				"south": {"uv": [12.25, 9.875, 12.875, 10.375], "texture": "#main"},
				"west": {"uv": [12.875, 13.375, 13.125, 13.875], "texture": "#main"},
				"up": {"uv": [14.375, 11.375, 13.75, 11.125], "texture": "#main"},
				"down": {"uv": [14.375, 11.375, 13.75, 11.625], "texture": "#main"}
			}
		},
		{
			"from": [3.75, 21.15, -2.525],
			"to": [12.25, 22.65, -1.525],
			"rotation": {"angle": 0, "axis": "y", "origin": [12, 29.15, 5.475]},
			"faces": {
				"north": {"uv": [13.25, 13, 14.375, 13.25], "texture": "#main"},
				"east": {"uv": [10.125, 10.5, 10.25, 10.75], "texture": "#main"},
				"south": {"uv": [13.75, 8, 14.875, 8.25], "texture": "#main"},
				"west": {"uv": [10.125, 10.75, 10.25, 11], "texture": "#main"},
				"up": {"uv": [10.25, 9.125, 9.125, 9], "texture": "#main"},
				"down": {"uv": [14.875, 11.625, 13.75, 11.75], "texture": "#main"}
			}
		},
		{
			"from": [12.5, 0, 2.125],
			"to": [16.5, 19, 7.125],
			"rotation": {"angle": 0, "axis": "x", "origin": [8, 9.5, 4.625]},
			"faces": {
				"north": {"uv": [11.25, 8, 11.75, 10.375], "texture": "#main"},
				"east": {"uv": [8, 9.375, 8.625, 11.75], "texture": "#main"},
				"south": {"uv": [8, 11.75, 8.5, 14.125], "texture": "#main"},
				"west": {"uv": [10.25, 10.25, 10.875, 12.625], "texture": "#main"},
				"up": {"uv": [9.125, 10, 8.625, 9.375], "texture": "#main"},
				"down": {"uv": [9, 13.75, 8.5, 14.375], "texture": "#main"}
			}
		},
		{
			"from": [-0.5, 0, 2.125],
			"to": [3.5, 19, 7.125],
			"rotation": {"angle": 0, "axis": "x", "origin": [8, 9.5, 4.625]},
			"faces": {
				"north": {"uv": [11.75, 8, 11.25, 10.375], "texture": "#main"},
				"east": {"uv": [10.875, 10.25, 10.25, 12.625], "texture": "#main"},
				"south": {"uv": [8.5, 11.75, 8, 14.125], "texture": "#main"},
				"west": {"uv": [8.625, 9.375, 8, 11.75], "texture": "#main"},
				"up": {"uv": [8.625, 10, 9.125, 9.375], "texture": "#main"},
				"down": {"uv": [8.5, 13.75, 9, 14.375], "texture": "#main"}
			}
		},
		{
			"from": [0, 0, 13.875],
			"to": [4, 10, 17.875],
			"rotation": {"angle": -22.5, "axis": "x", "origin": [8, 5, 15.875]},
			"faces": {
				"north": {"uv": [13.25, 11.125, 13.75, 12.375], "texture": "#main"},
				"east": {"uv": [12.375, 13.375, 12.875, 14.625], "texture": "#main"},
				"south": {"uv": [9.5, 13.5, 10, 14.75], "texture": "#main"},
				"west": {"uv": [10, 13.5, 10.5, 14.75], "texture": "#main"},
				"up": {"uv": [14.25, 8.75, 13.75, 8.25], "texture": "#main"},
				"down": {"uv": [14.25, 8.75, 13.75, 9.25], "texture": "#main"}
			}
		},
		{
			"from": [12, 0, 13.875],
			"to": [16, 10, 17.875],
			"rotation": {"angle": -22.5, "axis": "x", "origin": [8, 5, 15.875]},
			"faces": {
				"north": {"uv": [13.75, 11.125, 13.25, 12.375], "texture": "#main"},
				"east": {"uv": [10.5, 13.5, 10, 14.75], "texture": "#main"},
				"south": {"uv": [10, 13.5, 9.5, 14.75], "texture": "#main"},
				"west": {"uv": [12.875, 13.375, 12.375, 14.625], "texture": "#main"},
				"up": {"uv": [13.75, 8.75, 14.25, 8.25], "texture": "#main"},
				"down": {"uv": [13.75, 8.75, 14.25, 9.25], "texture": "#main"}
			}
		},
		{
			"from": [3.5, 9.25, 3.625],
			"to": [12.5, 20.25, 11.625],
			"rotation": {"angle": -45, "axis": "x", "origin": [8, 14.75, 7.625]},
			"faces": {
				"north": {"uv": [0, 0, 1.125, 1.375], "texture": "#main"},
				"east": {"uv": [2.25, 0, 3.25, 1.375], "texture": "#main"},
				"south": {"uv": [1.125, 1.125, 2.25, 2.5], "texture": "#main"},
				"west": {"uv": [2.875, 2.875, 3.875, 4.25], "texture": "#main"},
				"up": {"uv": [2.25, 1, 1.125, 0], "texture": "#main"},
				"down": {"uv": [5, 2.375, 3.875, 3.375], "texture": "#main"}
			}
		},
		{
			"from": [4, 5.71447, 7.66053],
			"to": [12, 10.71447, 14.66053],
			"rotation": {"angle": -45, "axis": "x", "origin": [8, 11.21447, 11.16053]},
			"faces": {
				"north": {"uv": [5, 1.875, 6, 2.5], "texture": "#main"},
				"east": {"uv": [5.25, 1.25, 6.125, 1.875], "texture": "#main"},
				"south": {"uv": [5, 2.5, 6, 3.125], "texture": "#main"},
				"west": {"uv": [5.25, 4.375, 6.125, 5], "texture": "#main"},
				"up": {"uv": [3.25, 2.25, 2.25, 1.375], "texture": "#main"},
				"down": {"uv": [5.25, 1, 4.25, 1.875], "texture": "#main"}
			}
		},
		{
			"from": [12, 18.15, 1.725],
			"to": [14, 23.15, 1.725],
			"rotation": {"angle": 0, "axis": "y", "origin": [6, 26.15, 9.725]},
			"faces": {
				"north": {"uv": [1.875, 2.5, 2.125, 3.125], "texture": "#main"},
				"east": {"uv": [0, 0, 0, 0.625], "texture": "#main"},
				"south": {"uv": [1.875, 3.125, 2.125, 3.75], "texture": "#main"},
				"west": {"uv": [0, 0, 0, 0.625], "texture": "#main"},
				"up": {"uv": [0.25, 0, 0, 0], "texture": "#main"},
				"down": {"uv": [0.25, 0, 0, 0], "texture": "#main"}
			}
		},
		{
			"from": [2, 18.15, 1.725],
			"to": [4, 23.15, 1.725],
			"rotation": {"angle": 0, "axis": "y", "origin": [10, 26.15, 9.725]},
			"faces": {
				"north": {"uv": [1.875, 3.75, 2.125, 4.375], "texture": "#main"},
				"east": {"uv": [0, 0, 0, 0.625], "texture": "#main"},
				"south": {"uv": [1.5, 4.875, 1.75, 5.5], "texture": "#main"},
				"west": {"uv": [0, 0, 0, 0.625], "texture": "#main"},
				"up": {"uv": [0.25, 0, 0, 0], "texture": "#main"},
				"down": {"uv": [0.25, 0, 0, 0], "texture": "#main"}
			}
		},
		{
			"from": [4, 16.15, -2.275],
			"to": [12, 24.15, 4.725],
			"rotation": {"angle": 0, "axis": "y", "origin": [12, 24.15, 5.725]},
			"faces": {
				"north": {"uv": [2.875, 4.25, 3.875, 5.25], "texture": "#main"},
				"east": {"uv": [4.375, 4.375, 5.25, 5.375], "texture": "#main"},
				"south": {"uv": [4.25, 0, 5.25, 1], "texture": "#main"},
				"west": {"uv": [4.375, 3.375, 5.25, 4.375], "texture": "#main"},
				"up": {"uv": [2.875, 5.5, 1.875, 4.625], "texture": "#main"},
				"down": {"uv": [1.5, 4.875, 0.5, 5.75], "texture": "#main"}
			}
		},
		{
			"from": [5.5, 16.15, -4.275],
			"to": [10.5, 20.15, -2.275],
			"rotation": {"angle": 0, "axis": "y", "origin": [13.5, 24.15, 3.725]},
			"faces": {
				"north": {"uv": [2.875, 2.375, 3.5, 2.875], "texture": "#main"},
				"east": {"uv": [3.5, 2.375, 3.75, 2.875], "texture": "#main"},
				"south": {"uv": [4.25, 1.875, 4.875, 2.375], "texture": "#main"},
				"west": {"uv": [4.875, 5.375, 5.125, 5.875], "texture": "#main"},
				"up": {"uv": [6.375, 3.375, 5.75, 3.125], "texture": "#main"},
				"down": {"uv": [6.375, 3.375, 5.75, 3.625], "texture": "#main"}
			}
		},
		{
			"from": [3.75, 21.15, -2.525],
			"to": [12.25, 22.65, -1.525],
			"rotation": {"angle": 0, "axis": "y", "origin": [12, 29.15, 5.475]},
			"faces": {
				"north": {"uv": [5.25, 5, 6.375, 5.25], "texture": "#main"},
				"east": {"uv": [2.125, 2.5, 2.25, 2.75], "texture": "#main"},
				"south": {"uv": [5.75, 0, 6.875, 0.25], "texture": "#main"},
				"west": {"uv": [2.125, 2.75, 2.25, 3], "texture": "#main"},
				"up": {"uv": [2.25, 1.125, 1.125, 1], "texture": "#main"},
				"down": {"uv": [6.875, 3.625, 5.75, 3.75], "texture": "#main"}
			}
		},
		{
			"from": [12.5, 0, 2.125],
			"to": [16.5, 19, 7.125],
			"rotation": {"angle": 0, "axis": "y", "origin": [8.5, 8, 10.125]},
			"faces": {
				"north": {"uv": [3.25, 0, 3.75, 2.375], "texture": "#main"},
				"east": {"uv": [0, 1.375, 0.625, 3.75], "texture": "#main"},
				"south": {"uv": [0, 3.75, 0.5, 6.125], "texture": "#main"},
				"west": {"uv": [2.25, 2.25, 2.875, 4.625], "texture": "#main"},
				"up": {"uv": [1.125, 2, 0.625, 1.375], "texture": "#main"},
				"down": {"uv": [1, 5.75, 0.5, 6.375], "texture": "#main"}
			}
		},
		{
			"from": [-0.5, 0, 2.125],
			"to": [3.5, 19, 7.125],
			"rotation": {"angle": 0, "axis": "y", "origin": [1.5, 9.5, 4.625]},
			"faces": {
				"north": {"uv": [3.75, 0, 4.25, 2.375], "texture": "#main"},
				"east": {"uv": [0.625, 2.5, 1.25, 4.875], "texture": "#main"},
				"south": {"uv": [3.875, 3.875, 4.375, 6.25], "texture": "#main"},
				"west": {"uv": [1.25, 2.5, 1.875, 4.875], "texture": "#main"},
				"up": {"uv": [1.5, 6.375, 1, 5.75], "texture": "#main"},
				"down": {"uv": [6.25, 5.75, 5.75, 6.375], "texture": "#main"}
			}
		},
		{
			"from": [12, 0, 11.875],
			"to": [16, 10, 15.875],
			"rotation": {"angle": 0, "axis": "y", "origin": [8, 8, 19.875]},
			"faces": {
				"north": {"uv": [2.875, 5.25, 3.375, 6.5], "texture": "#main"},
				"east": {"uv": [3.375, 5.25, 3.875, 6.5], "texture": "#main"},
				"south": {"uv": [5.25, 5.25, 5.75, 6.5], "texture": "#main"},
				"west": {"uv": [5.25, 0, 5.75, 1.25], "texture": "#main"},
				"up": {"uv": [1.125, 2.5, 0.625, 2], "texture": "#main"},
				"down": {"uv": [4.375, 3.375, 3.875, 3.875], "texture": "#main"}
			}
		},
		{
			"from": [0, 0, 11.875],
			"to": [4, 10, 15.875],
			"rotation": {"angle": 0, "axis": "y", "origin": [8, 8, 19.875]},
			"faces": {
				"north": {"uv": [5.25, 3.125, 5.75, 4.375], "texture": "#main"},
				"east": {"uv": [4.375, 5.375, 4.875, 6.625], "texture": "#main"},
				"south": {"uv": [1.5, 5.5, 2, 6.75], "texture": "#main"},
				"west": {"uv": [2, 5.5, 2.5, 6.75], "texture": "#main"},
				"up": {"uv": [6.25, 0.75, 5.75, 0.25], "texture": "#main"},
				"down": {"uv": [6.25, 0.75, 5.75, 1.25], "texture": "#main"}
			}
		}
	],
	"display": {
		"thirdperson_righthand": {
			"rotation": [75, 45, 0],
			"translation": [0, 2.5, 0],
			"scale": [0.375, 0.375, 0.375]
		},
		"thirdperson_lefthand": {
			"rotation": [75, 45, 0],
			"translation": [0, 2.5, 0],
			"scale": [0.375, 0.375, 0.375]
		},
		"firstperson_righthand": {
			"scale": [0, 0, 0]
		},
		"firstperson_lefthand": {
			"scale": [0, 0, 0]
		},
		"ground": {
			"translation": [0, 8, 0]
		},
		"gui": {
			"rotation": [-163, 26.25, -180],
			"translation": [-0.25, -1.5, 0],
			"scale": [0.7, 0.7, 0.7]
		},
		"head": {
			"translation": [0, -23.25, 0],
			"scale": [2.7, 2.7, 2.7]
		}
	},
	"groups": [
		0,
		1,
		2,
		3,
		4,
		5,
		6,
		7,
		8,
		9,
		10,
		11,
		12,
		13,
		14,
		15,
		16,
		17,
		18,
		19,
		20,
		21,
		22,
		23,
		24,
		25,
		26,
		27,
		28,
		29,
		30,
		31,
		32,
		{
			"name": "group",
			"origin": [8, 8, 8],
			"color": 0,
			"nbt": "{}",
			"armAnimationEnabled": false,
			"children": [
				33,
				34,
				{
					"name": "group",
					"origin": [11.5, 17.5, 12.25],
					"color": 0,
					"nbt": "{}",
					"armAnimationEnabled": false,
					"children": [35, 36, 37, 38, 39]
				},
				{
					"name": "group",
					"origin": [7.5, -5, 18.25],
					"color": 0,
					"nbt": "{}",
					"armAnimationEnabled": false,
					"children": [40, 41]
				},
				{
					"name": "group",
					"origin": [7.5, -1, 25.125],
					"color": 0,
					"nbt": "{}",
					"armAnimationEnabled": false,
					"children": [42, 43]
				}
			]
		}
	]
}