{
	"credit": "Made with Blockbench",
	"texture_size": [128, 128],
	"textures": {
		"2": "items/bear",
		"particle": "items/bear",
		"main": "items/bear2"
	},
	"elements": [
		{
			"from": [0, 5, 1.00156],
			"to": [6, 14.5, 8.00156],
			"rotation": {"angle": 0, "axis": "y", "origin": [8, 10.86463, 4.34683]},
			"faces": {
				"north": {"uv": [1.09375, 1.96875, 1.28125, 2.28125], "texture": "#main"},
				"east": {"uv": [1.90625, 1.25, 2.125, 1.5625], "texture": "#main"},
				"south": {"uv": [1.59375, 2, 1.78125, 2.3125], "texture": "#main"},
				"west": {"uv": [1.9375, 0, 2.15625, 0.3125], "texture": "#main"},
				"up": {"uv": [2.40625, 1.125, 2.21875, 0.90625], "texture": "#main"},
				"down": {"uv": [0.1875, 2.28125, 0, 2.5], "texture": "#main"}
			}
		},
		{
			"from": [0.749, 0.34502, 4.21765],
			"to": [5.501, 6.84502, 9.46765],
			"rotation": {"angle": 22.5, "axis": "x", "origin": [8, 10.86463, 4.34683]},
			"faces": {
				"north": {"uv": [1.78125, 2.3125, 1.9375, 2.53125], "texture": "#main"},
				"east": {"uv": [2.46875, 0.53125, 2.3125, 0.75], "texture": "#main"},
				"south": {"uv": [2.3125, 0.3125, 2.46875, 0.53125], "texture": "#main"},
				"west": {"uv": [2.3125, 0.53125, 2.46875, 0.75], "texture": "#main"},
				"up": {"uv": [0.8125, 1.78125, 0.65625, 1.625], "texture": "#main"},
				"down": {"uv": [0.3125, 2.53125, 0.15625, 2.6875], "texture": "#main"}
			}
		},
		{
			"from": [0.75, -0.81388, -1.44783],
			"to": [5.5, 1.43612, 5.05217],
			"rotation": {"angle": 0, "axis": "y", "origin": [8, 10.86463, 4.34683]},
			"faces": {
				"north": {"uv": [2.3125, 2.6875, 2.46875, 2.75], "texture": "#main"},
				"east": {"uv": [0.84375, 0.78125, 1.0625, 0.84375], "texture": "#main"},
				"south": {"uv": [0, 2.71875, 0.15625, 2.78125], "texture": "#main"},
				"west": {"uv": [2.6875, 0.625, 2.90625, 0.6875], "texture": "#main"},
				"up": {"uv": [2.5, 2.5625, 2.34375, 2.34375], "texture": "#main"},
				"down": {"uv": [2.5, 1.59375, 2.34375, 1.8125], "texture": "#main"}
			}
		},
		{
			"from": [0, 5, 16.25156],
			"to": [6, 15.5, 23.25156],
			"rotation": {"angle": -22.5, "axis": "x", "origin": [8, 11.94796, 19.59683]},
			"faces": {
				"north": {"uv": [1.40625, 1.78125, 1.59375, 2.125], "texture": "#main"},
				"east": {"uv": [0, 1.625, 0.21875, 1.96875], "texture": "#main"},
				"south": {"uv": [0.21875, 1.96875, 0.40625, 2.3125], "texture": "#main"},
				"west": {"uv": [0.21875, 1.625, 0.4375, 1.96875], "texture": "#main"},
				"up": {"uv": [2.34375, 2.5, 2.15625, 2.28125], "texture": "#main"},
				"down": {"uv": [0.375, 2.3125, 0.1875, 2.53125], "texture": "#main"}
			}
		},
		{
			"from": [5, -0.81388, -4.94783],
			"to": [5, 3.43612, -0.44783],
			"rotation": {"angle": 0, "axis": "y", "origin": [8, 10.86463, 4.34683]},
			"faces": {
				"north": {"uv": [0, 0, 0, 0.125], "texture": "#main"},
				"east": {"uv": [2.8125, 1.28125, 2.65625, 1.40625], "texture": "#main"},
				"south": {"uv": [0, 0, 0, 0.125], "texture": "#main"},
				"west": {"uv": [2.65625, 1.28125, 2.8125, 1.40625], "texture": "#main"},
				"up": {"uv": [0, 0.15625, 0, 0], "texture": "#main"},
				"down": {"uv": [0, 0, 0, 0.15625], "texture": "#main"}
			}
		},
		{
			"from": [3.125, -0.81388, -4.94783],
			"to": [3.125, 3.43612, -0.44783],
			"rotation": {"angle": 0, "axis": "y", "origin": [8, 10.86463, 4.34683]},
			"faces": {
				"north": {"uv": [0, 0, 0, 0.125], "texture": "#main"},
				"east": {"uv": [2.8125, 1.28125, 2.65625, 1.40625], "texture": "#main"},
				"south": {"uv": [0, 0, 0, 0.125], "texture": "#main"},
				"west": {"uv": [2.65625, 1.28125, 2.8125, 1.40625], "texture": "#main"},
				"up": {"uv": [0, 0.15625, 0, 0], "texture": "#main"},
				"down": {"uv": [0, 0, 0, 0.15625], "texture": "#main"}
			}
		},
		{
			"from": [1.25, -0.81388, -4.94783],
			"to": [1.25, 3.43612, -0.44783],
			"rotation": {"angle": 0, "axis": "y", "origin": [8, 10.86463, 4.34683]},
			"faces": {
				"north": {"uv": [0, 0, 0, 0.125], "texture": "#main"},
				"east": {"uv": [2.8125, 1.28125, 2.65625, 1.40625], "texture": "#main"},
				"south": {"uv": [0, 0, 0, 0.125], "texture": "#main"},
				"west": {"uv": [2.65625, 1.28125, 2.8125, 1.40625], "texture": "#main"},
				"up": {"uv": [0, 0.15625, 0, 0], "texture": "#main"},
				"down": {"uv": [0, 0, 0, 0.15625], "texture": "#main"}
			}
		},
		{
			"from": [0.749, 0.42749, 19.88223],
			"to": [5.501, 6.92749, 25.13223],
			"rotation": {"angle": -45, "axis": "x", "origin": [8, 4.54171, 19.87808]},
			"faces": {
				"north": {"uv": [1.78125, 2.3125, 1.9375, 2.53125], "texture": "#main"},
				"east": {"uv": [2.46875, 0.53125, 2.3125, 0.75], "texture": "#main"},
				"south": {"uv": [2.3125, 0.3125, 2.46875, 0.53125], "texture": "#main"},
				"west": {"uv": [2.3125, 0.53125, 2.46875, 0.75], "texture": "#main"},
				"up": {"uv": [0.8125, 1.78125, 0.65625, 1.625], "texture": "#main"},
				"down": {"uv": [0.3125, 2.53125, 0.15625, 2.6875], "texture": "#main"}
			}
		},
		{
			"from": [0.75, 1.32147, 23.4398],
			"to": [5.5, 7.82147, 25.6898],
			"rotation": {"angle": 22.5, "axis": "x", "origin": [8, 4.54171, 19.87808]},
			"faces": {
				"north": {"uv": [2.5, 2.5625, 2.34375, 2.34375], "rotation": 180, "texture": "#main"},
				"east": {"uv": [0.84375, 0.78125, 1.0625, 0.84375], "rotation": 90, "texture": "#main"},
				"south": {"uv": [2.5, 1.59375, 2.34375, 1.8125], "texture": "#main"},
				"west": {"uv": [2.6875, 0.625, 2.90625, 0.6875], "rotation": 270, "texture": "#main"},
				"up": {"uv": [0, 2.71875, 0.15625, 2.78125], "texture": "#main"},
				"down": {"uv": [2.3125, 2.6875, 2.46875, 2.75], "rotation": 180, "texture": "#main"}
			}
		},
		{
			"from": [5, -2.17853, 21.4398],
			"to": [5, 2.32147, 25.6898],
			"rotation": {"angle": 22.5, "axis": "x", "origin": [8, 4.54171, 19.87808]},
			"faces": {
				"north": {"uv": [0, 0.15625, 0, 0], "rotation": 180, "texture": "#main"},
				"east": {"uv": [2.8125, 1.28125, 2.65625, 1.40625], "rotation": 90, "texture": "#main"},
				"south": {"uv": [0, 0, 0, 0.15625], "texture": "#main"},
				"west": {"uv": [2.65625, 1.28125, 2.8125, 1.40625], "rotation": 270, "texture": "#main"},
				"up": {"uv": [0, 0, 0, 0.125], "texture": "#main"},
				"down": {"uv": [0, 0, 0, 0.125], "rotation": 180, "texture": "#main"}
			}
		},
		{
			"from": [3.125, -2.17853, 21.4398],
			"to": [3.125, 2.32147, 25.6898],
			"rotation": {"angle": 22.5, "axis": "x", "origin": [8, 4.54171, 19.87808]},
			"faces": {
				"north": {"uv": [0, 0.15625, 0, 0], "rotation": 180, "texture": "#main"},
				"east": {"uv": [2.8125, 1.28125, 2.65625, 1.40625], "rotation": 90, "texture": "#main"},
				"south": {"uv": [0, 0, 0, 0.15625], "texture": "#main"},
				"west": {"uv": [2.65625, 1.28125, 2.8125, 1.40625], "rotation": 270, "texture": "#main"},
				"up": {"uv": [0, 0, 0, 0.125], "texture": "#main"},
				"down": {"uv": [0, 0, 0, 0.125], "rotation": 180, "texture": "#main"}
			}
		},
		{
			"from": [1.25, -2.17853, 21.4398],
			"to": [1.25, 2.32147, 25.6898],
			"rotation": {"angle": 22.5, "axis": "x", "origin": [8, 4.54171, 19.87808]},
			"faces": {
				"north": {"uv": [0, 0.15625, 0, 0], "rotation": 180, "texture": "#main"},
				"east": {"uv": [2.8125, 1.28125, 2.65625, 1.40625], "rotation": 90, "texture": "#main"},
				"south": {"uv": [0, 0, 0, 0.15625], "texture": "#main"},
				"west": {"uv": [2.65625, 1.28125, 2.8125, 1.40625], "rotation": 270, "texture": "#main"},
				"up": {"uv": [0, 0, 0, 0.125], "texture": "#main"},
				"down": {"uv": [0, 0, 0, 0.125], "rotation": 180, "texture": "#main"}
			}
		},
		{
			"from": [10, 5.00621, 0.44951],
			"to": [16, 14.50621, 7.44951],
			"rotation": {"angle": -45, "axis": "x", "origin": [12.89583, 12.25541, 4.08642]},
			"faces": {
				"north": {"uv": [1.28125, 1.96875, 1.09375, 2.28125], "texture": "#main"},
				"east": {"uv": [2.15625, 0, 1.9375, 0.3125], "texture": "#main"},
				"south": {"uv": [1.78125, 2, 1.59375, 2.3125], "texture": "#main"},
				"west": {"uv": [2.125, 1.25, 1.90625, 1.5625], "texture": "#main"},
				"up": {"uv": [2.21875, 1.125, 2.40625, 0.90625], "texture": "#main"},
				"down": {"uv": [0, 2.28125, 0.1875, 2.5], "texture": "#main"}
			}
		},
		{
			"from": [10.499, 2.83293, 5.95439],
			"to": [15.251, 9.33293, 11.20439],
			"rotation": {"angle": 0, "axis": "y", "origin": [12.89583, 12.25541, 4.08642]},
			"faces": {
				"north": {"uv": [1.9375, 2.3125, 1.78125, 2.53125], "texture": "#main"},
				"east": {"uv": [2.46875, 0.53125, 2.3125, 0.75], "texture": "#main"},
				"south": {"uv": [2.46875, 0.3125, 2.3125, 0.53125], "texture": "#main"},
				"west": {"uv": [2.3125, 0.53125, 2.46875, 0.75], "texture": "#main"},
				"up": {"uv": [0.65625, 1.78125, 0.8125, 1.625], "texture": "#main"},
				"down": {"uv": [0.15625, 2.53125, 0.3125, 2.6875], "texture": "#main"}
			}
		},
		{
			"from": [10.5, 0.24867, 5.67865],
			"to": [15.25, 2.49867, 12.17865],
			"rotation": {"angle": 22.5, "axis": "x", "origin": [12.875, 0.62367, 12.30365]},
			"faces": {
				"north": {"uv": [0.15625, 2.71875, 0, 2.78125], "rotation": 180, "texture": "#main"},
				"east": {"uv": [2.90625, 0.625, 2.6875, 0.6875], "rotation": 180, "texture": "#main"},
				"south": {"uv": [2.46875, 2.6875, 2.3125, 2.75], "rotation": 180, "texture": "#main"},
				"west": {"uv": [1.0625, 0.78125, 0.84375, 0.84375], "rotation": 180, "texture": "#main"},
				"up": {"uv": [2.34375, 1.59375, 2.5, 1.8125], "texture": "#main"},
				"down": {"uv": [2.34375, 2.5625, 2.5, 2.34375], "texture": "#main"}
			}
		},
		{
			"from": [14.75, -1.75133, 11.17865],
			"to": [14.75, 2.49867, 15.67865],
			"rotation": {"angle": 22.5, "axis": "x", "origin": [12.875, 0.62367, 12.30365]},
			"faces": {
				"north": {"uv": [0, 0, 0, 0.125], "rotation": 180, "texture": "#main"},
				"east": {"uv": [2.8125, 1.28125, 2.65625, 1.40625], "rotation": 180, "texture": "#main"},
				"south": {"uv": [0, 0, 0, 0.125], "rotation": 180, "texture": "#main"},
				"west": {"uv": [2.65625, 1.28125, 2.8125, 1.40625], "rotation": 180, "texture": "#main"},
				"up": {"uv": [0, 0, 0, 0.15625], "texture": "#main"},
				"down": {"uv": [0, 0.15625, 0, 0], "texture": "#main"}
			}
		},
		{
			"from": [12.875, -1.75133, 11.17865],
			"to": [12.875, 2.49867, 15.67865],
			"rotation": {"angle": 22.5, "axis": "x", "origin": [12.875, 0.62367, 12.30365]},
			"faces": {
				"north": {"uv": [0, 0, 0, 0.125], "rotation": 180, "texture": "#main"},
				"east": {"uv": [2.8125, 1.28125, 2.65625, 1.40625], "rotation": 180, "texture": "#main"},
				"south": {"uv": [0, 0, 0, 0.125], "rotation": 180, "texture": "#main"},
				"west": {"uv": [2.65625, 1.28125, 2.8125, 1.40625], "rotation": 180, "texture": "#main"},
				"up": {"uv": [0, 0, 0, 0.15625], "texture": "#main"},
				"down": {"uv": [0, 0.15625, 0, 0], "texture": "#main"}
			}
		},
		{
			"from": [11, -1.75133, 11.17865],
			"to": [11, 2.49867, 15.67865],
			"rotation": {"angle": 22.5, "axis": "x", "origin": [12.875, 0.62367, 12.30365]},
			"faces": {
				"north": {"uv": [0, 0, 0, 0.125], "rotation": 180, "texture": "#main"},
				"east": {"uv": [2.8125, 1.28125, 2.65625, 1.40625], "rotation": 180, "texture": "#main"},
				"south": {"uv": [0, 0, 0, 0.125], "rotation": 180, "texture": "#main"},
				"west": {"uv": [2.65625, 1.28125, 2.8125, 1.40625], "rotation": 180, "texture": "#main"},
				"up": {"uv": [0, 0, 0, 0.15625], "texture": "#main"},
				"down": {"uv": [0, 0.15625, 0, 0], "texture": "#main"}
			}
		},
		{
			"from": [10, 5.08579, 16.39666],
			"to": [16, 15.58579, 23.39666],
			"rotation": {"angle": 22.5, "axis": "x", "origin": [12.89583, 11.62612, 19.885]},
			"faces": {
				"north": {"uv": [1.59375, 1.78125, 1.40625, 2.125], "texture": "#main"},
				"east": {"uv": [0.4375, 1.625, 0.21875, 1.96875], "texture": "#main"},
				"south": {"uv": [0.40625, 1.96875, 0.21875, 2.3125], "texture": "#main"},
				"west": {"uv": [0.21875, 1.625, 0, 1.96875], "texture": "#main"},
				"up": {"uv": [2.15625, 2.5, 2.34375, 2.28125], "texture": "#main"},
				"down": {"uv": [0.1875, 2.3125, 0.375, 2.53125], "texture": "#main"}
			}
		},
		{
			"from": [10.499, 1.52212, 15.22497],
			"to": [15.251, 7.02212, 20.47497],
			"rotation": {"angle": 0, "axis": "y", "origin": [12.875, 1.34685, 14.5655]},
			"faces": {
				"north": {"uv": [1.9375, 2.3125, 1.78125, 2.53125], "texture": "#main"},
				"east": {"uv": [2.46875, 0.53125, 2.3125, 0.75], "texture": "#main"},
				"south": {"uv": [2.46875, 0.3125, 2.3125, 0.53125], "texture": "#main"},
				"west": {"uv": [2.3125, 0.53125, 2.46875, 0.75], "texture": "#main"},
				"up": {"uv": [0.65625, 1.78125, 0.8125, 1.625], "texture": "#main"},
				"down": {"uv": [0.15625, 2.53125, 0.3125, 2.6875], "texture": "#main"}
			}
		},
		{
			"from": [10.5, -0.77409, 13.69986],
			"to": [15.25, 1.47591, 20.19986],
			"rotation": {"angle": -22.5, "axis": "x", "origin": [12.875, 1.34685, 14.5655]},
			"faces": {
				"north": {"uv": [2.46875, 2.6875, 2.3125, 2.75], "texture": "#main"},
				"east": {"uv": [2.90625, 0.625, 2.6875, 0.6875], "texture": "#main"},
				"south": {"uv": [0.15625, 2.71875, 0, 2.78125], "texture": "#main"},
				"west": {"uv": [1.0625, 0.78125, 0.84375, 0.84375], "texture": "#main"},
				"up": {"uv": [2.34375, 2.5625, 2.5, 2.34375], "texture": "#main"},
				"down": {"uv": [2.34375, 1.59375, 2.5, 1.8125], "texture": "#main"}
			}
		},
		{
			"from": [14.75, -1.75133, 11.17865],
			"to": [14.75, 2.49867, 15.67865],
			"rotation": {"angle": 22.5, "axis": "x", "origin": [12.875, 0.62367, 12.30365]},
			"faces": {
				"north": {"uv": [0, 0, 0, 0.125], "rotation": 180, "texture": "#main"},
				"east": {"uv": [2.8125, 1.28125, 2.65625, 1.40625], "rotation": 180, "texture": "#main"},
				"south": {"uv": [0, 0, 0, 0.125], "rotation": 180, "texture": "#main"},
				"west": {"uv": [2.65625, 1.28125, 2.8125, 1.40625], "rotation": 180, "texture": "#main"},
				"up": {"uv": [0, 0, 0, 0.15625], "texture": "#main"},
				"down": {"uv": [0, 0.15625, 0, 0], "texture": "#main"}
			}
		},
		{
			"from": [12.875, -1.75133, 11.17865],
			"to": [12.875, 2.49867, 15.67865],
			"rotation": {"angle": 22.5, "axis": "x", "origin": [12.875, 0.62367, 12.30365]},
			"faces": {
				"north": {"uv": [0, 0, 0, 0.125], "rotation": 180, "texture": "#main"},
				"east": {"uv": [2.8125, 1.28125, 2.65625, 1.40625], "rotation": 180, "texture": "#main"},
				"south": {"uv": [0, 0, 0, 0.125], "rotation": 180, "texture": "#main"},
				"west": {"uv": [2.65625, 1.28125, 2.8125, 1.40625], "rotation": 180, "texture": "#main"},
				"up": {"uv": [0, 0, 0, 0.15625], "texture": "#main"},
				"down": {"uv": [0, 0.15625, 0, 0], "texture": "#main"}
			}
		},
		{
			"from": [11, -1.75133, 11.17865],
			"to": [11, 2.49867, 15.67865],
			"rotation": {"angle": 22.5, "axis": "x", "origin": [12.875, 0.62367, 12.30365]},
			"faces": {
				"north": {"uv": [0, 0, 0, 0.125], "rotation": 180, "texture": "#main"},
				"east": {"uv": [2.8125, 1.28125, 2.65625, 1.40625], "rotation": 180, "texture": "#main"},
				"south": {"uv": [0, 0, 0, 0.125], "rotation": 180, "texture": "#main"},
				"west": {"uv": [2.65625, 1.28125, 2.8125, 1.40625], "rotation": 180, "texture": "#main"},
				"up": {"uv": [0, 0, 0, 0.15625], "texture": "#main"},
				"down": {"uv": [0, 0.15625, 0, 0], "texture": "#main"}
			}
		},
		{
			"from": [0, 5.00621, 0.44951],
			"to": [6, 14.50621, 7.44951],
			"rotation": {"angle": -45, "axis": "x", "origin": [3.10417, 12.25541, 4.08642]},
			"faces": {
				"north": {"uv": [5.09375, 1.96875, 5.28125, 2.28125], "texture": "#main"},
				"east": {"uv": [5.90625, 1.25, 6.125, 1.5625], "texture": "#main"},
				"south": {"uv": [5.59375, 2, 5.78125, 2.3125], "texture": "#main"},
				"west": {"uv": [5.9375, 0, 6.15625, 0.3125], "texture": "#main"},
				"up": {"uv": [6.40625, 1.125, 6.21875, 0.90625], "texture": "#main"},
				"down": {"uv": [4.1875, 2.28125, 4, 2.5], "texture": "#main"}
			}
		},
		{
			"from": [0.749, 2.83293, 5.95439],
			"to": [5.501, 9.33293, 11.20439],
			"rotation": {"angle": 0, "axis": "y", "origin": [3.10417, 12.25541, 4.08642]},
			"faces": {
				"north": {"uv": [5.78125, 2.3125, 5.9375, 2.53125], "texture": "#main"},
				"east": {"uv": [6.46875, 0.53125, 6.3125, 0.75], "texture": "#main"},
				"south": {"uv": [6.3125, 0.3125, 6.46875, 0.53125], "texture": "#main"},
				"west": {"uv": [6.3125, 0.53125, 6.46875, 0.75], "texture": "#main"},
				"up": {"uv": [4.8125, 1.78125, 4.65625, 1.625], "texture": "#main"},
				"down": {"uv": [4.3125, 2.53125, 4.15625, 2.6875], "texture": "#main"}
			}
		},
		{
			"from": [0.75, 0.82624, 0.55674],
			"to": [5.5, 3.07624, 7.05674],
			"rotation": {"angle": -22.5, "axis": "x", "origin": [3.10417, 12.25541, 4.08642]},
			"faces": {
				"north": {"uv": [6.3125, 2.6875, 6.46875, 2.75], "texture": "#main"},
				"east": {"uv": [4.84375, 0.78125, 5.0625, 0.84375], "texture": "#main"},
				"south": {"uv": [4, 2.71875, 4.15625, 2.78125], "texture": "#main"},
				"west": {"uv": [6.6875, 0.625, 6.90625, 0.6875], "texture": "#main"},
				"up": {"uv": [6.5, 2.5625, 6.34375, 2.34375], "texture": "#main"},
				"down": {"uv": [6.5, 1.59375, 6.34375, 1.8125], "texture": "#main"}
			}
		},
		{
			"from": [0, 5.08579, 16.39666],
			"to": [6, 15.58579, 23.39666],
			"rotation": {"angle": -22.5, "axis": "x", "origin": [3.10417, 11.62612, 19.885]},
			"faces": {
				"north": {"uv": [5.40625, 1.78125, 5.59375, 2.125], "texture": "#main"},
				"east": {"uv": [4, 1.625, 4.21875, 1.96875], "texture": "#main"},
				"south": {"uv": [4.21875, 1.96875, 4.40625, 2.3125], "texture": "#main"},
				"west": {"uv": [4.21875, 1.625, 4.4375, 1.96875], "texture": "#main"},
				"up": {"uv": [6.34375, 2.5, 6.15625, 2.28125], "texture": "#main"},
				"down": {"uv": [4.375, 2.3125, 4.1875, 2.53125], "texture": "#main"}
			}
		},
		{
			"from": [5, 0.82624, -2.94326],
			"to": [5, 5.07624, 1.55674],
			"rotation": {"angle": -22.5, "axis": "x", "origin": [3.10417, 12.25541, 4.08642]},
			"faces": {
				"north": {"uv": [4, 0, 4, 0.125], "texture": "#main"},
				"east": {"uv": [6.8125, 1.28125, 6.65625, 1.40625], "texture": "#main"},
				"south": {"uv": [4, 0, 4, 0.125], "texture": "#main"},
				"west": {"uv": [6.65625, 1.28125, 6.8125, 1.40625], "texture": "#main"},
				"up": {"uv": [4, 0.15625, 4, 0], "texture": "#main"},
				"down": {"uv": [4, 0, 4, 0.15625], "texture": "#main"}
			}
		},
		{
			"from": [3.125, 0.82624, -2.94326],
			"to": [3.125, 5.07624, 1.55674],
			"rotation": {"angle": -22.5, "axis": "x", "origin": [3.10417, 12.25541, 4.08642]},
			"faces": {
				"north": {"uv": [4, 0, 4, 0.125], "texture": "#main"},
				"east": {"uv": [6.8125, 1.28125, 6.65625, 1.40625], "texture": "#main"},
				"south": {"uv": [4, 0, 4, 0.125], "texture": "#main"},
				"west": {"uv": [6.65625, 1.28125, 6.8125, 1.40625], "texture": "#main"},
				"up": {"uv": [4, 0.15625, 4, 0], "texture": "#main"},
				"down": {"uv": [4, 0, 4, 0.15625], "texture": "#main"}
			}
		},
		{
			"from": [1.25, 0.82624, -2.94326],
			"to": [1.25, 5.07624, 1.55674],
			"rotation": {"angle": -22.5, "axis": "x", "origin": [3.10417, 12.25541, 4.08642]},
			"faces": {
				"north": {"uv": [4, 0, 4, 0.125], "texture": "#main"},
				"east": {"uv": [6.8125, 1.28125, 6.65625, 1.40625], "texture": "#main"},
				"south": {"uv": [4, 0, 4, 0.125], "texture": "#main"},
				"west": {"uv": [6.65625, 1.28125, 6.8125, 1.40625], "texture": "#main"},
				"up": {"uv": [4, 0.15625, 4, 0], "texture": "#main"},
				"down": {"uv": [4, 0, 4, 0.15625], "texture": "#main"}
			}
		},
		{
			"from": [0.749, 4.97484, 22.22533],
			"to": [5.501, 10.22484, 26.72533],
			"rotation": {"angle": 22.5, "axis": "x", "origin": [3.10417, 11.62612, 19.885]},
			"faces": {
				"north": {"uv": [4.8125, 1.78125, 4.65625, 1.625], "rotation": 180, "texture": "#main"},
				"east": {"uv": [6.46875, 0.53125, 6.3125, 0.75], "rotation": 90, "texture": "#main"},
				"south": {"uv": [4.3125, 2.53125, 4.15625, 2.6875], "texture": "#main"},
				"west": {"uv": [6.3125, 0.53125, 6.46875, 0.75], "rotation": 270, "texture": "#main"},
				"up": {"uv": [6.3125, 0.3125, 6.46875, 0.53125], "texture": "#main"},
				"down": {"uv": [5.78125, 2.3125, 5.9375, 2.53125], "rotation": 180, "texture": "#main"}
			}
		},
		{
			"from": [0.75, 1.32147, 23.4398],
			"to": [5.5, 7.82147, 25.6898],
			"rotation": {"angle": 0, "axis": "y", "origin": [3.10417, 11.62612, 19.885]},
			"faces": {
				"north": {"uv": [6.5, 2.5625, 6.34375, 2.34375], "rotation": 180, "texture": "#main"},
				"east": {"uv": [4.84375, 0.78125, 5.0625, 0.84375], "rotation": 90, "texture": "#main"},
				"south": {"uv": [6.5, 1.59375, 6.34375, 1.8125], "texture": "#main"},
				"west": {"uv": [6.6875, 0.625, 6.90625, 0.6875], "rotation": 270, "texture": "#main"},
				"up": {"uv": [4, 2.71875, 4.15625, 2.78125], "texture": "#main"},
				"down": {"uv": [6.3125, 2.6875, 6.46875, 2.75], "rotation": 180, "texture": "#main"}
			}
		},
		{
			"from": [5, -2.17853, 21.4398],
			"to": [5, 2.32147, 25.6898],
			"rotation": {"angle": 0, "axis": "y", "origin": [3.10417, 11.62612, 19.885]},
			"faces": {
				"north": {"uv": [4, 0.15625, 4, 0], "rotation": 180, "texture": "#main"},
				"east": {"uv": [6.8125, 1.28125, 6.65625, 1.40625], "rotation": 90, "texture": "#main"},
				"south": {"uv": [4, 0, 4, 0.15625], "texture": "#main"},
				"west": {"uv": [6.65625, 1.28125, 6.8125, 1.40625], "rotation": 270, "texture": "#main"},
				"up": {"uv": [4, 0, 4, 0.125], "texture": "#main"},
				"down": {"uv": [4, 0, 4, 0.125], "rotation": 180, "texture": "#main"}
			}
		},
		{
			"from": [3.125, -2.17853, 21.4398],
			"to": [3.125, 2.32147, 25.6898],
			"rotation": {"angle": 0, "axis": "y", "origin": [3.10417, 11.62612, 19.885]},
			"faces": {
				"north": {"uv": [4, 0.15625, 4, 0], "rotation": 180, "texture": "#main"},
				"east": {"uv": [6.8125, 1.28125, 6.65625, 1.40625], "rotation": 90, "texture": "#main"},
				"south": {"uv": [4, 0, 4, 0.15625], "texture": "#main"},
				"west": {"uv": [6.65625, 1.28125, 6.8125, 1.40625], "rotation": 270, "texture": "#main"},
				"up": {"uv": [4, 0, 4, 0.125], "texture": "#main"},
				"down": {"uv": [4, 0, 4, 0.125], "rotation": 180, "texture": "#main"}
			}
		},
		{
			"from": [1.25, -2.17853, 21.4398],
			"to": [1.25, 2.32147, 25.6898],
			"rotation": {"angle": 0, "axis": "y", "origin": [3.10417, 11.62612, 19.885]},
			"faces": {
				"north": {"uv": [4, 0.15625, 4, 0], "rotation": 180, "texture": "#main"},
				"east": {"uv": [6.8125, 1.28125, 6.65625, 1.40625], "rotation": 90, "texture": "#main"},
				"south": {"uv": [4, 0, 4, 0.15625], "texture": "#main"},
				"west": {"uv": [6.65625, 1.28125, 6.8125, 1.40625], "rotation": 270, "texture": "#main"},
				"up": {"uv": [4, 0, 4, 0.125], "texture": "#main"},
				"down": {"uv": [4, 0, 4, 0.125], "rotation": 180, "texture": "#main"}
			}
		},
		{
			"from": [10, 5, 16.25156],
			"to": [16, 15.5, 23.25156],
			"rotation": {"angle": 0, "axis": "y", "origin": [8, 11.94796, 19.59683]},
			"faces": {
				"north": {"uv": [5.59375, 1.78125, 5.40625, 2.125], "texture": "#main"},
				"east": {"uv": [4.4375, 1.625, 4.21875, 1.96875], "texture": "#main"},
				"south": {"uv": [4.40625, 1.96875, 4.21875, 2.3125], "texture": "#main"},
				"west": {"uv": [4.21875, 1.625, 4, 1.96875], "texture": "#main"},
				"up": {"uv": [6.15625, 2.5, 6.34375, 2.28125], "texture": "#main"},
				"down": {"uv": [4.1875, 2.3125, 4.375, 2.53125], "texture": "#main"}
			}
		},
		{
			"from": [10.499, 0.42749, 19.88223],
			"to": [15.251, 6.92749, 25.13223],
			"rotation": {"angle": 22.5, "axis": "x", "origin": [8, 11.94796, 19.59683]},
			"faces": {
				"north": {"uv": [5.9375, 2.3125, 5.78125, 2.53125], "texture": "#main"},
				"east": {"uv": [6.46875, 0.53125, 6.3125, 0.75], "texture": "#main"},
				"south": {"uv": [6.46875, 0.3125, 6.3125, 0.53125], "texture": "#main"},
				"west": {"uv": [6.3125, 0.53125, 6.46875, 0.75], "texture": "#main"},
				"up": {"uv": [4.65625, 1.78125, 4.8125, 1.625], "texture": "#main"},
				"down": {"uv": [4.15625, 2.53125, 4.3125, 2.6875], "texture": "#main"}
			}
		},
		{
			"from": [10.5, -0.81388, 13.80217],
			"to": [15.25, 1.43612, 20.30217],
			"rotation": {"angle": 0, "axis": "y", "origin": [8, 11.94796, 19.59683]},
			"faces": {
				"north": {"uv": [6.46875, 2.6875, 6.3125, 2.75], "texture": "#main"},
				"east": {"uv": [6.90625, 0.625, 6.6875, 0.6875], "texture": "#main"},
				"south": {"uv": [4.15625, 2.71875, 4, 2.78125], "texture": "#main"},
				"west": {"uv": [5.0625, 0.78125, 4.84375, 0.84375], "texture": "#main"},
				"up": {"uv": [6.34375, 2.5625, 6.5, 2.34375], "texture": "#main"},
				"down": {"uv": [6.34375, 1.59375, 6.5, 1.8125], "texture": "#main"}
			}
		},
		{
			"from": [12.875, -0.81388, 10.30217],
			"to": [12.875, 3.43612, 14.80217],
			"rotation": {"angle": 0, "axis": "y", "origin": [8, 11.94796, 19.59683]},
			"faces": {
				"north": {"uv": [4, 0, 4, 0.125], "texture": "#main"},
				"east": {"uv": [6.8125, 1.28125, 6.65625, 1.40625], "texture": "#main"},
				"south": {"uv": [4, 0, 4, 0.125], "texture": "#main"},
				"west": {"uv": [6.65625, 1.28125, 6.8125, 1.40625], "texture": "#main"},
				"up": {"uv": [4, 0.15625, 4, 0], "texture": "#main"},
				"down": {"uv": [4, 0, 4, 0.15625], "texture": "#main"}
			}
		},
		{
			"from": [11, -0.81388, 10.30217],
			"to": [11, 3.43612, 14.80217],
			"rotation": {"angle": 0, "axis": "y", "origin": [8, 11.94796, 19.59683]},
			"faces": {
				"north": {"uv": [4, 0, 4, 0.125], "texture": "#main"},
				"east": {"uv": [6.8125, 1.28125, 6.65625, 1.40625], "texture": "#main"},
				"south": {"uv": [4, 0, 4, 0.125], "texture": "#main"},
				"west": {"uv": [6.65625, 1.28125, 6.8125, 1.40625], "texture": "#main"},
				"up": {"uv": [4, 0.15625, 4, 0], "texture": "#main"},
				"down": {"uv": [4, 0, 4, 0.15625], "texture": "#main"}
			}
		},
		{
			"from": [14.75, -0.81388, 10.30217],
			"to": [14.75, 3.43612, 14.80217],
			"rotation": {"angle": 0, "axis": "y", "origin": [8, 11.94796, 19.59683]},
			"faces": {
				"north": {"uv": [4, 0, 4, 0.125], "texture": "#main"},
				"east": {"uv": [6.8125, 1.28125, 6.65625, 1.40625], "texture": "#main"},
				"south": {"uv": [4, 0, 4, 0.125], "texture": "#main"},
				"west": {"uv": [6.65625, 1.28125, 6.8125, 1.40625], "texture": "#main"},
				"up": {"uv": [4, 0.15625, 4, 0], "texture": "#main"},
				"down": {"uv": [4, 0, 4, 0.15625], "texture": "#main"}
			}
		},
		{
			"from": [10, 5, 1.00156],
			"to": [16, 14.5, 8.00156],
			"rotation": {"angle": 22.5, "axis": "x", "origin": [8, 10.86463, 4.34683]},
			"faces": {
				"north": {"uv": [5.28125, 1.96875, 5.09375, 2.28125], "texture": "#main"},
				"east": {"uv": [6.15625, 0, 5.9375, 0.3125], "texture": "#main"},
				"south": {"uv": [5.78125, 2, 5.59375, 2.3125], "texture": "#main"},
				"west": {"uv": [6.125, 1.25, 5.90625, 1.5625], "texture": "#main"},
				"up": {"uv": [6.21875, 1.125, 6.40625, 0.90625], "texture": "#main"},
				"down": {"uv": [4, 2.28125, 4.1875, 2.5], "texture": "#main"}
			}
		},
		{
			"from": [10.498, 4.26742, -1.29599],
			"to": [15.25, 9.51742, 5.20401],
			"rotation": {"angle": -22.5, "axis": "x", "origin": [8, 4.23963, 5.00308]},
			"faces": {
				"north": {"uv": [4.15625, 2.53125, 4.3125, 2.6875], "rotation": 180, "texture": "#main"},
				"east": {"uv": [6.3125, 0.75, 6.46875, 0.53125], "rotation": 90, "texture": "#main"},
				"south": {"uv": [4.65625, 1.78125, 4.8125, 1.625], "texture": "#main"},
				"west": {"uv": [6.46875, 0.75, 6.3125, 0.53125], "rotation": 270, "texture": "#main"},
				"up": {"uv": [5.9375, 2.3125, 5.78125, 2.53125], "rotation": 180, "texture": "#main"},
				"down": {"uv": [6.46875, 0.3125, 6.3125, 0.53125], "texture": "#main"}
			}
		},
		{
			"from": [10.501, 0.56592, -5.40005],
			"to": [15.251, 7.06592, -3.15005],
			"rotation": {"angle": 22.5, "axis": "x", "origin": [12.876, 0.44092, -5.02505]},
			"faces": {
				"north": {"uv": [6.34375, 2.5625, 6.5, 2.34375], "rotation": 180, "texture": "#main"},
				"east": {"uv": [6.6875, 0.6875, 6.90625, 0.625], "rotation": 270, "texture": "#main"},
				"south": {"uv": [6.34375, 1.59375, 6.5, 1.8125], "texture": "#main"},
				"west": {"uv": [4.84375, 0.84375, 5.0625, 0.78125], "rotation": 90, "texture": "#main"},
				"up": {"uv": [4.15625, 2.71875, 4, 2.78125], "texture": "#main"},
				"down": {"uv": [6.46875, 2.6875, 6.3125, 2.75], "rotation": 180, "texture": "#main"}
			}
		},
		{
			"from": [12.876, -2.93408, -7.40005],
			"to": [12.876, 1.56592, -3.15005],
			"rotation": {"angle": 22.5, "axis": "x", "origin": [12.876, 0.44092, -5.02505]},
			"faces": {
				"north": {"uv": [4, 0.15625, 4, 0], "rotation": 180, "texture": "#main"},
				"east": {"uv": [6.65625, 1.40625, 6.8125, 1.28125], "rotation": 270, "texture": "#main"},
				"south": {"uv": [4, 0, 4, 0.15625], "texture": "#main"},
				"west": {"uv": [6.8125, 1.40625, 6.65625, 1.28125], "rotation": 90, "texture": "#main"},
				"up": {"uv": [4, 0, 4, 0.125], "texture": "#main"},
				"down": {"uv": [4, 0, 4, 0.125], "rotation": 180, "texture": "#main"}
			}
		},
		{
			"from": [14.751, -2.93408, -7.40005],
			"to": [14.751, 1.56592, -3.15005],
			"rotation": {"angle": 22.5, "axis": "x", "origin": [12.876, 0.44092, -5.02505]},
			"faces": {
				"north": {"uv": [4, 0.15625, 4, 0], "rotation": 180, "texture": "#main"},
				"east": {"uv": [6.65625, 1.40625, 6.8125, 1.28125], "rotation": 270, "texture": "#main"},
				"south": {"uv": [4, 0, 4, 0.15625], "texture": "#main"},
				"west": {"uv": [6.8125, 1.40625, 6.65625, 1.28125], "rotation": 90, "texture": "#main"},
				"up": {"uv": [4, 0, 4, 0.125], "texture": "#main"},
				"down": {"uv": [4, 0, 4, 0.125], "rotation": 180, "texture": "#main"}
			}
		},
		{
			"from": [11.001, -2.93408, -7.40005],
			"to": [11.001, 1.56592, -3.15005],
			"rotation": {"angle": 22.5, "axis": "x", "origin": [12.876, 0.44092, -5.02505]},
			"faces": {
				"north": {"uv": [4, 0.15625, 4, 0], "rotation": 180, "texture": "#main"},
				"east": {"uv": [6.65625, 1.40625, 6.8125, 1.28125], "rotation": 270, "texture": "#main"},
				"south": {"uv": [4, 0, 4, 0.15625], "texture": "#main"},
				"west": {"uv": [6.8125, 1.40625, 6.65625, 1.28125], "rotation": 90, "texture": "#main"},
				"up": {"uv": [4, 0, 4, 0.125], "texture": "#main"},
				"down": {"uv": [4, 0, 4, 0.125], "rotation": 180, "texture": "#main"}
			}
		},
		{
			"from": [0, 5.00621, 0.44951],
			"to": [6, 14.50621, 7.44951],
			"rotation": {"angle": -45, "axis": "x", "origin": [3.10417, 12.25541, 4.08642]},
			"faces": {
				"north": {"uv": [9.09375, 1.96875, 9.28125, 2.28125], "texture": "#main"},
				"east": {"uv": [9.90625, 1.25, 10.125, 1.5625], "texture": "#main"},
				"south": {"uv": [9.59375, 2, 9.78125, 2.3125], "texture": "#main"},
				"west": {"uv": [9.9375, 0, 10.15625, 0.3125], "texture": "#main"},
				"up": {"uv": [10.40625, 1.125, 10.21875, 0.90625], "texture": "#main"},
				"down": {"uv": [8.1875, 2.28125, 8, 2.5], "texture": "#main"}
			}
		},
		{
			"from": [0.749, 2.83293, 5.95439],
			"to": [5.501, 9.33293, 11.20439],
			"rotation": {"angle": 0, "axis": "y", "origin": [3.10417, 12.25541, 4.08642]},
			"faces": {
				"north": {"uv": [9.78125, 2.3125, 9.9375, 2.53125], "texture": "#main"},
				"east": {"uv": [10.46875, 0.53125, 10.3125, 0.75], "texture": "#main"},
				"south": {"uv": [10.3125, 0.3125, 10.46875, 0.53125], "texture": "#main"},
				"west": {"uv": [10.3125, 0.53125, 10.46875, 0.75], "texture": "#main"},
				"up": {"uv": [8.8125, 1.78125, 8.65625, 1.625], "texture": "#main"},
				"down": {"uv": [8.3125, 2.53125, 8.15625, 2.6875], "texture": "#main"}
			}
		},
		{
			"from": [0.75, 0.24867, 5.67865],
			"to": [5.5, 2.49867, 12.17865],
			"rotation": {"angle": 22.5, "axis": "x", "origin": [3.125, 0.62367, 12.30365]},
			"faces": {
				"north": {"uv": [8, 2.71875, 8.15625, 2.78125], "rotation": 180, "texture": "#main"},
				"east": {"uv": [8.84375, 0.78125, 9.0625, 0.84375], "rotation": 180, "texture": "#main"},
				"south": {"uv": [10.3125, 2.6875, 10.46875, 2.75], "rotation": 180, "texture": "#main"},
				"west": {"uv": [10.6875, 0.625, 10.90625, 0.6875], "rotation": 180, "texture": "#main"},
				"up": {"uv": [10.5, 1.59375, 10.34375, 1.8125], "texture": "#main"},
				"down": {"uv": [10.5, 2.5625, 10.34375, 2.34375], "texture": "#main"}
			}
		},
		{
			"from": [0, 5.08579, 16.39666],
			"to": [6, 15.58579, 23.39666],
			"rotation": {"angle": 22.5, "axis": "x", "origin": [3.10417, 11.62612, 19.885]},
			"faces": {
				"north": {"uv": [9.40625, 1.78125, 9.59375, 2.125], "texture": "#main"},
				"east": {"uv": [8, 1.625, 8.21875, 1.96875], "texture": "#main"},
				"south": {"uv": [8.21875, 1.96875, 8.40625, 2.3125], "texture": "#main"},
				"west": {"uv": [8.21875, 1.625, 8.4375, 1.96875], "texture": "#main"},
				"up": {"uv": [10.34375, 2.5, 10.15625, 2.28125], "texture": "#main"},
				"down": {"uv": [8.375, 2.3125, 8.1875, 2.53125], "texture": "#main"}
			}
		},
		{
			"from": [5, -1.75133, 11.17865],
			"to": [5, 2.49867, 15.67865],
			"rotation": {"angle": 22.5, "axis": "x", "origin": [3.125, 0.62367, 12.30365]},
			"faces": {
				"north": {"uv": [8, 0, 8, 0.125], "rotation": 180, "texture": "#main"},
				"east": {"uv": [10.8125, 1.28125, 10.65625, 1.40625], "rotation": 180, "texture": "#main"},
				"south": {"uv": [8, 0, 8, 0.125], "rotation": 180, "texture": "#main"},
				"west": {"uv": [10.65625, 1.28125, 10.8125, 1.40625], "rotation": 180, "texture": "#main"},
				"up": {"uv": [8, 0, 8, 0.15625], "texture": "#main"},
				"down": {"uv": [8, 0.15625, 8, 0], "texture": "#main"}
			}
		},
		{
			"from": [3.125, -1.75133, 11.17865],
			"to": [3.125, 2.49867, 15.67865],
			"rotation": {"angle": 22.5, "axis": "x", "origin": [3.125, 0.62367, 12.30365]},
			"faces": {
				"north": {"uv": [8, 0, 8, 0.125], "rotation": 180, "texture": "#main"},
				"east": {"uv": [10.8125, 1.28125, 10.65625, 1.40625], "rotation": 180, "texture": "#main"},
				"south": {"uv": [8, 0, 8, 0.125], "rotation": 180, "texture": "#main"},
				"west": {"uv": [10.65625, 1.28125, 10.8125, 1.40625], "rotation": 180, "texture": "#main"},
				"up": {"uv": [8, 0, 8, 0.15625], "texture": "#main"},
				"down": {"uv": [8, 0.15625, 8, 0], "texture": "#main"}
			}
		},
		{
			"from": [1.25, -1.75133, 11.17865],
			"to": [1.25, 2.49867, 15.67865],
			"rotation": {"angle": 22.5, "axis": "x", "origin": [3.125, 0.62367, 12.30365]},
			"faces": {
				"north": {"uv": [8, 0, 8, 0.125], "rotation": 180, "texture": "#main"},
				"east": {"uv": [10.8125, 1.28125, 10.65625, 1.40625], "rotation": 180, "texture": "#main"},
				"south": {"uv": [8, 0, 8, 0.125], "rotation": 180, "texture": "#main"},
				"west": {"uv": [10.65625, 1.28125, 10.8125, 1.40625], "rotation": 180, "texture": "#main"},
				"up": {"uv": [8, 0, 8, 0.15625], "texture": "#main"},
				"down": {"uv": [8, 0.15625, 8, 0], "texture": "#main"}
			}
		},
		{
			"from": [0.749, 1.52212, 15.22497],
			"to": [5.501, 7.02212, 20.47497],
			"rotation": {"angle": 0, "axis": "y", "origin": [3.125, 1.34685, 14.5655]},
			"faces": {
				"north": {"uv": [9.78125, 2.3125, 9.9375, 2.53125], "texture": "#main"},
				"east": {"uv": [10.46875, 0.53125, 10.3125, 0.75], "texture": "#main"},
				"south": {"uv": [10.3125, 0.3125, 10.46875, 0.53125], "texture": "#main"},
				"west": {"uv": [10.3125, 0.53125, 10.46875, 0.75], "texture": "#main"},
				"up": {"uv": [8.8125, 1.78125, 8.65625, 1.625], "texture": "#main"},
				"down": {"uv": [8.3125, 2.53125, 8.15625, 2.6875], "texture": "#main"}
			}
		},
		{
			"from": [0.75, -0.77409, 13.69986],
			"to": [5.5, 1.47591, 20.19986],
			"rotation": {"angle": -22.5, "axis": "x", "origin": [3.125, 1.34685, 14.5655]},
			"faces": {
				"north": {"uv": [10.3125, 2.6875, 10.46875, 2.75], "texture": "#main"},
				"east": {"uv": [8.84375, 0.78125, 9.0625, 0.84375], "texture": "#main"},
				"south": {"uv": [8, 2.71875, 8.15625, 2.78125], "texture": "#main"},
				"west": {"uv": [10.6875, 0.625, 10.90625, 0.6875], "texture": "#main"},
				"up": {"uv": [10.5, 2.5625, 10.34375, 2.34375], "texture": "#main"},
				"down": {"uv": [10.5, 1.59375, 10.34375, 1.8125], "texture": "#main"}
			}
		},
		{
			"from": [5, -0.77409, 10.19986],
			"to": [5, 3.47591, 14.69986],
			"rotation": {"angle": -22.5, "axis": "x", "origin": [3.125, 1.34685, 14.5655]},
			"faces": {
				"north": {"uv": [8, 0, 8, 0.125], "texture": "#main"},
				"east": {"uv": [10.8125, 1.28125, 10.65625, 1.40625], "texture": "#main"},
				"south": {"uv": [8, 0, 8, 0.125], "texture": "#main"},
				"west": {"uv": [10.65625, 1.28125, 10.8125, 1.40625], "texture": "#main"},
				"up": {"uv": [8, 0.15625, 8, 0], "texture": "#main"},
				"down": {"uv": [8, 0, 8, 0.15625], "texture": "#main"}
			}
		},
		{
			"from": [3.125, -0.77409, 10.19986],
			"to": [3.125, 3.47591, 14.69986],
			"rotation": {"angle": -22.5, "axis": "x", "origin": [3.125, 1.34685, 14.5655]},
			"faces": {
				"north": {"uv": [8, 0, 8, 0.125], "texture": "#main"},
				"east": {"uv": [10.8125, 1.28125, 10.65625, 1.40625], "texture": "#main"},
				"south": {"uv": [8, 0, 8, 0.125], "texture": "#main"},
				"west": {"uv": [10.65625, 1.28125, 10.8125, 1.40625], "texture": "#main"},
				"up": {"uv": [8, 0.15625, 8, 0], "texture": "#main"},
				"down": {"uv": [8, 0, 8, 0.15625], "texture": "#main"}
			}
		},
		{
			"from": [1.25, -0.77409, 10.19986],
			"to": [1.25, 3.47591, 14.69986],
			"rotation": {"angle": -22.5, "axis": "x", "origin": [3.125, 1.34685, 14.5655]},
			"faces": {
				"north": {"uv": [8, 0, 8, 0.125], "texture": "#main"},
				"east": {"uv": [10.8125, 1.28125, 10.65625, 1.40625], "texture": "#main"},
				"south": {"uv": [8, 0, 8, 0.125], "texture": "#main"},
				"west": {"uv": [10.65625, 1.28125, 10.8125, 1.40625], "texture": "#main"},
				"up": {"uv": [8, 0.15625, 8, 0], "texture": "#main"},
				"down": {"uv": [8, 0, 8, 0.15625], "texture": "#main"}
			}
		},
		{
			"from": [10, 5, 1.00156],
			"to": [16, 14.5, 8.00156],
			"rotation": {"angle": 22.5, "axis": "x", "origin": [8, 10.86463, 4.34683]},
			"faces": {
				"north": {"uv": [9.28125, 1.96875, 9.09375, 2.28125], "texture": "#main"},
				"east": {"uv": [10.15625, 0, 9.9375, 0.3125], "texture": "#main"},
				"south": {"uv": [9.78125, 2, 9.59375, 2.3125], "texture": "#main"},
				"west": {"uv": [10.125, 1.25, 9.90625, 1.5625], "texture": "#main"},
				"up": {"uv": [10.21875, 1.125, 10.40625, 0.90625], "texture": "#main"},
				"down": {"uv": [8, 2.28125, 8.1875, 2.5], "texture": "#main"}
			}
		},
		{
			"from": [10.498, -1.85371, -0.20205],
			"to": [15.25, 4.64629, 5.04795],
			"rotation": {"angle": 22.5, "axis": "x", "origin": [12.8746, 4.39687, 4.88547]},
			"faces": {
				"north": {"uv": [9.9375, 2.3125, 9.78125, 2.53125], "texture": "#main"},
				"east": {"uv": [10.46875, 0.53125, 10.3125, 0.75], "texture": "#main"},
				"south": {"uv": [10.46875, 0.3125, 10.3125, 0.53125], "texture": "#main"},
				"west": {"uv": [10.3125, 0.53125, 10.46875, 0.75], "texture": "#main"},
				"up": {"uv": [8.65625, 1.78125, 8.8125, 1.625], "texture": "#main"},
				"down": {"uv": [8.15625, 2.53125, 8.3125, 2.6875], "texture": "#main"}
			}
		},
		{
			"from": [10.499, -1.4401, -3.85641],
			"to": [15.249, 0.8099, 2.64359],
			"rotation": {"angle": 0, "axis": "y", "origin": [12.8746, 4.39687, 4.88547]},
			"faces": {
				"north": {"uv": [10.46875, 2.6875, 10.3125, 2.75], "texture": "#main"},
				"east": {"uv": [10.90625, 0.625, 10.6875, 0.6875], "texture": "#main"},
				"south": {"uv": [8.15625, 2.71875, 8, 2.78125], "texture": "#main"},
				"west": {"uv": [9.0625, 0.78125, 8.84375, 0.84375], "texture": "#main"},
				"up": {"uv": [10.34375, 2.5625, 10.5, 2.34375], "texture": "#main"},
				"down": {"uv": [10.34375, 1.59375, 10.5, 1.8125], "texture": "#main"}
			}
		},
		{
			"from": [11, -1.4401, -7.35641],
			"to": [11, 2.8099, -2.85641],
			"rotation": {"angle": 0, "axis": "y", "origin": [12.8746, 4.39687, 4.88547]},
			"faces": {
				"north": {"uv": [8, 0, 8, 0.125], "texture": "#main"},
				"east": {"uv": [10.8125, 1.28125, 10.65625, 1.40625], "texture": "#main"},
				"south": {"uv": [8, 0, 8, 0.125], "texture": "#main"},
				"west": {"uv": [10.65625, 1.28125, 10.8125, 1.40625], "texture": "#main"},
				"up": {"uv": [8, 0.15625, 8, 0], "texture": "#main"},
				"down": {"uv": [8, 0, 8, 0.15625], "texture": "#main"}
			}
		},
		{
			"from": [12.875, -1.4401, -7.35641],
			"to": [12.875, 2.8099, -2.85641],
			"rotation": {"angle": 0, "axis": "y", "origin": [12.8746, 4.39687, 4.88547]},
			"faces": {
				"north": {"uv": [8, 0, 8, 0.125], "texture": "#main"},
				"east": {"uv": [10.8125, 1.28125, 10.65625, 1.40625], "texture": "#main"},
				"south": {"uv": [8, 0, 8, 0.125], "texture": "#main"},
				"west": {"uv": [10.65625, 1.28125, 10.8125, 1.40625], "texture": "#main"},
				"up": {"uv": [8, 0.15625, 8, 0], "texture": "#main"},
				"down": {"uv": [8, 0, 8, 0.15625], "texture": "#main"}
			}
		},
		{
			"from": [14.75, -1.4401, -7.35641],
			"to": [14.75, 2.8099, -2.85641],
			"rotation": {"angle": 0, "axis": "y", "origin": [12.8746, 4.39687, 4.88547]},
			"faces": {
				"north": {"uv": [8, 0, 8, 0.125], "texture": "#main"},
				"east": {"uv": [10.8125, 1.28125, 10.65625, 1.40625], "texture": "#main"},
				"south": {"uv": [8, 0, 8, 0.125], "texture": "#main"},
				"west": {"uv": [10.65625, 1.28125, 10.8125, 1.40625], "texture": "#main"},
				"up": {"uv": [8, 0.15625, 8, 0], "texture": "#main"},
				"down": {"uv": [8, 0, 8, 0.15625], "texture": "#main"}
			}
		},
		{
			"from": [10, 5, 16.25156],
			"to": [16, 15.5, 23.25156],
			"rotation": {"angle": -22.5, "axis": "x", "origin": [8, 11.94796, 19.59683]},
			"faces": {
				"north": {"uv": [9.59375, 1.78125, 9.40625, 2.125], "texture": "#main"},
				"east": {"uv": [8.4375, 1.625, 8.21875, 1.96875], "texture": "#main"},
				"south": {"uv": [8.40625, 1.96875, 8.21875, 2.3125], "texture": "#main"},
				"west": {"uv": [8.21875, 1.625, 8, 1.96875], "texture": "#main"},
				"up": {"uv": [10.15625, 2.5, 10.34375, 2.28125], "texture": "#main"},
				"down": {"uv": [8.1875, 2.3125, 8.375, 2.53125], "texture": "#main"}
			}
		},
		{
			"from": [10.499, 0.42749, 19.88223],
			"to": [15.251, 6.92749, 25.13223],
			"rotation": {"angle": 0, "axis": "y", "origin": [8, 11.94796, 19.59683]},
			"faces": {
				"north": {"uv": [9.9375, 2.3125, 9.78125, 2.53125], "texture": "#main"},
				"east": {"uv": [10.46875, 0.53125, 10.3125, 0.75], "texture": "#main"},
				"south": {"uv": [10.46875, 0.3125, 10.3125, 0.53125], "texture": "#main"},
				"west": {"uv": [10.3125, 0.53125, 10.46875, 0.75], "texture": "#main"},
				"up": {"uv": [8.65625, 1.78125, 8.8125, 1.625], "texture": "#main"},
				"down": {"uv": [8.15625, 2.53125, 8.3125, 2.6875], "texture": "#main"}
			}
		},
		{
			"from": [10.5, -0.81388, 13.80217],
			"to": [15.25, 1.43612, 20.30217],
			"rotation": {"angle": -22.5, "axis": "x", "origin": [8, 11.94796, 19.59683]},
			"faces": {
				"north": {"uv": [10.46875, 2.6875, 10.3125, 2.75], "texture": "#main"},
				"east": {"uv": [10.90625, 0.625, 10.6875, 0.6875], "texture": "#main"},
				"south": {"uv": [8.15625, 2.71875, 8, 2.78125], "texture": "#main"},
				"west": {"uv": [9.0625, 0.78125, 8.84375, 0.84375], "texture": "#main"},
				"up": {"uv": [10.34375, 2.5625, 10.5, 2.34375], "texture": "#main"},
				"down": {"uv": [10.34375, 1.59375, 10.5, 1.8125], "texture": "#main"}
			}
		},
		{
			"from": [11, -0.81388, 10.30217],
			"to": [11, 3.43612, 14.80217],
			"rotation": {"angle": -22.5, "axis": "x", "origin": [8, 11.94796, 19.59683]},
			"faces": {
				"north": {"uv": [8, 0, 8, 0.125], "texture": "#main"},
				"east": {"uv": [10.8125, 1.28125, 10.65625, 1.40625], "texture": "#main"},
				"south": {"uv": [8, 0, 8, 0.125], "texture": "#main"},
				"west": {"uv": [10.65625, 1.28125, 10.8125, 1.40625], "texture": "#main"},
				"up": {"uv": [8, 0.15625, 8, 0], "texture": "#main"},
				"down": {"uv": [8, 0, 8, 0.15625], "texture": "#main"}
			}
		},
		{
			"from": [0, 5, 1.00156],
			"to": [6, 14.5, 8.00156],
			"rotation": {"angle": 22.5, "axis": "x", "origin": [8, 10.86463, 4.34683]},
			"faces": {
				"north": {"uv": [13.09375, 1.96875, 13.28125, 2.28125], "texture": "#main"},
				"east": {"uv": [13.90625, 1.25, 14.125, 1.5625], "texture": "#main"},
				"south": {"uv": [13.59375, 2, 13.78125, 2.3125], "texture": "#main"},
				"west": {"uv": [13.9375, 0, 14.15625, 0.3125], "texture": "#main"},
				"up": {"uv": [14.40625, 1.125, 14.21875, 0.90625], "texture": "#main"},
				"down": {"uv": [12.1875, 2.28125, 12, 2.5], "texture": "#main"}
			}
		},
		{
			"from": [0.75, 4.26742, -1.29599],
			"to": [5.502, 9.51742, 5.20401],
			"rotation": {"angle": -22.5, "axis": "x", "origin": [8, 4.23963, 5.00308]},
			"faces": {
				"north": {"uv": [12.3125, 2.53125, 12.15625, 2.6875], "rotation": 180, "texture": "#main"},
				"east": {"uv": [14.46875, 0.53125, 14.3125, 0.75], "rotation": 270, "texture": "#main"},
				"south": {"uv": [12.8125, 1.78125, 12.65625, 1.625], "texture": "#main"},
				"west": {"uv": [14.3125, 0.53125, 14.46875, 0.75], "rotation": 90, "texture": "#main"},
				"up": {"uv": [13.78125, 2.3125, 13.9375, 2.53125], "rotation": 180, "texture": "#main"},
				"down": {"uv": [14.3125, 0.3125, 14.46875, 0.53125], "texture": "#main"}
			}
		},
		{
			"from": [0.749, 0.56592, -5.40005],
			"to": [5.499, 7.06592, -3.15005],
			"rotation": {"angle": 22.5, "axis": "x", "origin": [3.124, 0.44092, -5.02505]},
			"faces": {
				"north": {"uv": [14.5, 2.5625, 14.34375, 2.34375], "rotation": 180, "texture": "#main"},
				"east": {"uv": [12.84375, 0.78125, 13.0625, 0.84375], "rotation": 90, "texture": "#main"},
				"south": {"uv": [14.5, 1.59375, 14.34375, 1.8125], "texture": "#main"},
				"west": {"uv": [14.6875, 0.625, 14.90625, 0.6875], "rotation": 270, "texture": "#main"},
				"up": {"uv": [12, 2.71875, 12.15625, 2.78125], "texture": "#main"},
				"down": {"uv": [14.3125, 2.6875, 14.46875, 2.75], "rotation": 180, "texture": "#main"}
			}
		},
		{
			"from": [0, 5, 16.25156],
			"to": [6, 15.5, 23.25156],
			"rotation": {"angle": 0, "axis": "y", "origin": [8, 11.94796, 19.59683]},
			"faces": {
				"north": {"uv": [13.40625, 1.78125, 13.59375, 2.125], "texture": "#main"},
				"east": {"uv": [12, 1.625, 12.21875, 1.96875], "texture": "#main"},
				"south": {"uv": [12.21875, 1.96875, 12.40625, 2.3125], "texture": "#main"},
				"west": {"uv": [12.21875, 1.625, 12.4375, 1.96875], "texture": "#main"},
				"up": {"uv": [14.34375, 2.5, 14.15625, 2.28125], "texture": "#main"},
				"down": {"uv": [12.375, 2.3125, 12.1875, 2.53125], "texture": "#main"}
			}
		},
		{
			"from": [4.999, -2.93408, -7.40005],
			"to": [4.999, 1.56592, -3.15005],
			"rotation": {"angle": 22.5, "axis": "x", "origin": [3.124, 0.44092, -5.02505]},
			"faces": {
				"north": {"uv": [12, 0.15625, 12, 0], "rotation": 180, "texture": "#main"},
				"east": {"uv": [14.8125, 1.28125, 14.65625, 1.40625], "rotation": 90, "texture": "#main"},
				"south": {"uv": [12, 0, 12, 0.15625], "texture": "#main"},
				"west": {"uv": [14.65625, 1.28125, 14.8125, 1.40625], "rotation": 270, "texture": "#main"},
				"up": {"uv": [12, 0, 12, 0.125], "texture": "#main"},
				"down": {"uv": [12, 0, 12, 0.125], "rotation": 180, "texture": "#main"}
			}
		},
		{
			"from": [3.124, -2.93408, -7.40005],
			"to": [3.124, 1.56592, -3.15005],
			"rotation": {"angle": 22.5, "axis": "x", "origin": [3.124, 0.44092, -5.02505]},
			"faces": {
				"north": {"uv": [12, 0.15625, 12, 0], "rotation": 180, "texture": "#main"},
				"east": {"uv": [14.8125, 1.28125, 14.65625, 1.40625], "rotation": 90, "texture": "#main"},
				"south": {"uv": [12, 0, 12, 0.15625], "texture": "#main"},
				"west": {"uv": [14.65625, 1.28125, 14.8125, 1.40625], "rotation": 270, "texture": "#main"},
				"up": {"uv": [12, 0, 12, 0.125], "texture": "#main"},
				"down": {"uv": [12, 0, 12, 0.125], "rotation": 180, "texture": "#main"}
			}
		},
		{
			"from": [1.249, -2.93408, -7.40005],
			"to": [1.249, 1.56592, -3.15005],
			"rotation": {"angle": 22.5, "axis": "x", "origin": [3.124, 0.44092, -5.02505]},
			"faces": {
				"north": {"uv": [12, 0.15625, 12, 0], "rotation": 180, "texture": "#main"},
				"east": {"uv": [14.8125, 1.28125, 14.65625, 1.40625], "rotation": 90, "texture": "#main"},
				"south": {"uv": [12, 0, 12, 0.15625], "texture": "#main"},
				"west": {"uv": [14.65625, 1.28125, 14.8125, 1.40625], "rotation": 270, "texture": "#main"},
				"up": {"uv": [12, 0, 12, 0.125], "texture": "#main"},
				"down": {"uv": [12, 0, 12, 0.125], "rotation": 180, "texture": "#main"}
			}
		},
		{
			"from": [0.749, 0.42749, 19.88223],
			"to": [5.501, 6.92749, 25.13223],
			"rotation": {"angle": 22.5, "axis": "x", "origin": [8, 11.94796, 19.59683]},
			"faces": {
				"north": {"uv": [13.78125, 2.3125, 13.9375, 2.53125], "texture": "#main"},
				"east": {"uv": [14.46875, 0.53125, 14.3125, 0.75], "texture": "#main"},
				"south": {"uv": [14.3125, 0.3125, 14.46875, 0.53125], "texture": "#main"},
				"west": {"uv": [14.3125, 0.53125, 14.46875, 0.75], "texture": "#main"},
				"up": {"uv": [12.8125, 1.78125, 12.65625, 1.625], "texture": "#main"},
				"down": {"uv": [12.3125, 2.53125, 12.15625, 2.6875], "texture": "#main"}
			}
		},
		{
			"from": [0.75, -0.81388, 13.80217],
			"to": [5.5, 1.43612, 20.30217],
			"rotation": {"angle": 0, "axis": "y", "origin": [8, 11.94796, 19.59683]},
			"faces": {
				"north": {"uv": [14.3125, 2.6875, 14.46875, 2.75], "texture": "#main"},
				"east": {"uv": [12.84375, 0.78125, 13.0625, 0.84375], "texture": "#main"},
				"south": {"uv": [12, 2.71875, 12.15625, 2.78125], "texture": "#main"},
				"west": {"uv": [14.6875, 0.625, 14.90625, 0.6875], "texture": "#main"},
				"up": {"uv": [14.5, 2.5625, 14.34375, 2.34375], "texture": "#main"},
				"down": {"uv": [14.5, 1.59375, 14.34375, 1.8125], "texture": "#main"}
			}
		},
		{
			"from": [5, -0.81388, 10.30217],
			"to": [5, 3.43612, 14.80217],
			"rotation": {"angle": 0, "axis": "y", "origin": [8, 11.94796, 19.59683]},
			"faces": {
				"north": {"uv": [12, 0, 12, 0.125], "texture": "#main"},
				"east": {"uv": [14.8125, 1.28125, 14.65625, 1.40625], "texture": "#main"},
				"south": {"uv": [12, 0, 12, 0.125], "texture": "#main"},
				"west": {"uv": [14.65625, 1.28125, 14.8125, 1.40625], "texture": "#main"},
				"up": {"uv": [12, 0.15625, 12, 0], "texture": "#main"},
				"down": {"uv": [12, 0, 12, 0.15625], "texture": "#main"}
			}
		},
		{
			"from": [3.125, -0.81388, 10.30217],
			"to": [3.125, 3.43612, 14.80217],
			"rotation": {"angle": 0, "axis": "y", "origin": [8, 11.94796, 19.59683]},
			"faces": {
				"north": {"uv": [12, 0, 12, 0.125], "texture": "#main"},
				"east": {"uv": [14.8125, 1.28125, 14.65625, 1.40625], "texture": "#main"},
				"south": {"uv": [12, 0, 12, 0.125], "texture": "#main"},
				"west": {"uv": [14.65625, 1.28125, 14.8125, 1.40625], "texture": "#main"},
				"up": {"uv": [12, 0.15625, 12, 0], "texture": "#main"},
				"down": {"uv": [12, 0, 12, 0.15625], "texture": "#main"}
			}
		},
		{
			"from": [1.25, -0.81388, 10.30217],
			"to": [1.25, 3.43612, 14.80217],
			"rotation": {"angle": 0, "axis": "y", "origin": [8, 11.94796, 19.59683]},
			"faces": {
				"north": {"uv": [12, 0, 12, 0.125], "texture": "#main"},
				"east": {"uv": [14.8125, 1.28125, 14.65625, 1.40625], "texture": "#main"},
				"south": {"uv": [12, 0, 12, 0.125], "texture": "#main"},
				"west": {"uv": [14.65625, 1.28125, 14.8125, 1.40625], "texture": "#main"},
				"up": {"uv": [12, 0.15625, 12, 0], "texture": "#main"},
				"down": {"uv": [12, 0, 12, 0.15625], "texture": "#main"}
			}
		},
		{
			"from": [10, 5, 16.25156],
			"to": [16, 15.5, 23.25156],
			"rotation": {"angle": -22.5, "axis": "x", "origin": [8, 11.94796, 19.59683]},
			"faces": {
				"north": {"uv": [13.59375, 1.78125, 13.40625, 2.125], "texture": "#main"},
				"east": {"uv": [12.4375, 1.625, 12.21875, 1.96875], "texture": "#main"},
				"south": {"uv": [12.40625, 1.96875, 12.21875, 2.3125], "texture": "#main"},
				"west": {"uv": [12.21875, 1.625, 12, 1.96875], "texture": "#main"},
				"up": {"uv": [14.15625, 2.5, 14.34375, 2.28125], "texture": "#main"},
				"down": {"uv": [12.1875, 2.3125, 12.375, 2.53125], "texture": "#main"}
			}
		},
		{
			"from": [10.499, 0.42749, 19.88223],
			"to": [15.251, 6.92749, 25.13223],
			"rotation": {"angle": -45, "axis": "x", "origin": [8, 4.54171, 19.87808]},
			"faces": {
				"north": {"uv": [13.9375, 2.3125, 13.78125, 2.53125], "texture": "#main"},
				"east": {"uv": [14.46875, 0.53125, 14.3125, 0.75], "texture": "#main"},
				"south": {"uv": [14.46875, 0.3125, 14.3125, 0.53125], "texture": "#main"},
				"west": {"uv": [14.3125, 0.53125, 14.46875, 0.75], "texture": "#main"},
				"up": {"uv": [12.65625, 1.78125, 12.8125, 1.625], "texture": "#main"},
				"down": {"uv": [12.15625, 2.53125, 12.3125, 2.6875], "texture": "#main"}
			}
		},
		{
			"from": [10.5, 1.32147, 23.4398],
			"to": [15.25, 7.82147, 25.6898],
			"rotation": {"angle": 22.5, "axis": "x", "origin": [8, 4.54171, 19.87808]},
			"faces": {
				"north": {"uv": [14.34375, 2.5625, 14.5, 2.34375], "rotation": 180, "texture": "#main"},
				"east": {"uv": [14.6875, 0.6875, 14.90625, 0.625], "rotation": 270, "texture": "#main"},
				"south": {"uv": [14.34375, 1.59375, 14.5, 1.8125], "texture": "#main"},
				"west": {"uv": [12.84375, 0.84375, 13.0625, 0.78125], "rotation": 90, "texture": "#main"},
				"up": {"uv": [12.15625, 2.71875, 12, 2.78125], "texture": "#main"},
				"down": {"uv": [14.46875, 2.6875, 14.3125, 2.75], "rotation": 180, "texture": "#main"}
			}
		},
		{
			"from": [14.75, -2.17853, 21.4398],
			"to": [14.75, 2.32147, 25.6898],
			"rotation": {"angle": 22.5, "axis": "x", "origin": [8, 4.54171, 19.87808]},
			"faces": {
				"north": {"uv": [12, 0.15625, 12, 0], "rotation": 180, "texture": "#main"},
				"east": {"uv": [14.65625, 1.40625, 14.8125, 1.28125], "rotation": 270, "texture": "#main"},
				"south": {"uv": [12, 0, 12, 0.15625], "texture": "#main"},
				"west": {"uv": [14.8125, 1.40625, 14.65625, 1.28125], "rotation": 90, "texture": "#main"},
				"up": {"uv": [12, 0, 12, 0.125], "texture": "#main"},
				"down": {"uv": [12, 0, 12, 0.125], "rotation": 180, "texture": "#main"}
			}
		},
		{
			"from": [12.875, -2.17853, 21.4398],
			"to": [12.875, 2.32147, 25.6898],
			"rotation": {"angle": 22.5, "axis": "x", "origin": [8, 4.54171, 19.87808]},
			"faces": {
				"north": {"uv": [12, 0.15625, 12, 0], "rotation": 180, "texture": "#main"},
				"east": {"uv": [14.65625, 1.40625, 14.8125, 1.28125], "rotation": 270, "texture": "#main"},
				"south": {"uv": [12, 0, 12, 0.15625], "texture": "#main"},
				"west": {"uv": [14.8125, 1.40625, 14.65625, 1.28125], "rotation": 90, "texture": "#main"},
				"up": {"uv": [12, 0, 12, 0.125], "texture": "#main"},
				"down": {"uv": [12, 0, 12, 0.125], "rotation": 180, "texture": "#main"}
			}
		},
		{
			"from": [11, -2.17853, 21.4398],
			"to": [11, 2.32147, 25.6898],
			"rotation": {"angle": 22.5, "axis": "x", "origin": [8, 4.54171, 19.87808]},
			"faces": {
				"north": {"uv": [12, 0.15625, 12, 0], "rotation": 180, "texture": "#main"},
				"east": {"uv": [14.65625, 1.40625, 14.8125, 1.28125], "rotation": 270, "texture": "#main"},
				"south": {"uv": [12, 0, 12, 0.15625], "texture": "#main"},
				"west": {"uv": [14.8125, 1.40625, 14.65625, 1.28125], "rotation": 90, "texture": "#main"},
				"up": {"uv": [12, 0, 12, 0.125], "texture": "#main"},
				"down": {"uv": [12, 0, 12, 0.125], "rotation": 180, "texture": "#main"}
			}
		},
		{
			"from": [10, 5, 1.00156],
			"to": [16, 14.5, 8.00156],
			"rotation": {"angle": 0, "axis": "y", "origin": [8, 10.86463, 4.34683]},
			"faces": {
				"north": {"uv": [13.28125, 1.96875, 13.09375, 2.28125], "texture": "#main"},
				"east": {"uv": [14.15625, 0, 13.9375, 0.3125], "texture": "#main"},
				"south": {"uv": [13.78125, 2, 13.59375, 2.3125], "texture": "#main"},
				"west": {"uv": [14.125, 1.25, 13.90625, 1.5625], "texture": "#main"},
				"up": {"uv": [14.21875, 1.125, 14.40625, 0.90625], "texture": "#main"},
				"down": {"uv": [12, 2.28125, 12.1875, 2.5], "texture": "#main"}
			}
		},
		{
			"from": [10.499, 0.34502, 4.21765],
			"to": [15.251, 6.84502, 9.46765],
			"rotation": {"angle": 22.5, "axis": "x", "origin": [8, 10.86463, 4.34683]},
			"faces": {
				"north": {"uv": [13.9375, 2.3125, 13.78125, 2.53125], "texture": "#main"},
				"east": {"uv": [14.46875, 0.53125, 14.3125, 0.75], "texture": "#main"},
				"south": {"uv": [14.46875, 0.3125, 14.3125, 0.53125], "texture": "#main"},
				"west": {"uv": [14.3125, 0.53125, 14.46875, 0.75], "texture": "#main"},
				"up": {"uv": [12.65625, 1.78125, 12.8125, 1.625], "texture": "#main"},
				"down": {"uv": [12.15625, 2.53125, 12.3125, 2.6875], "texture": "#main"}
			}
		},
		{
			"from": [10.5, -0.81388, -1.44783],
			"to": [15.25, 1.43612, 5.05217],
			"rotation": {"angle": 0, "axis": "y", "origin": [8, 10.86463, 4.34683]},
			"faces": {
				"north": {"uv": [14.46875, 2.6875, 14.3125, 2.75], "texture": "#main"},
				"east": {"uv": [14.90625, 0.625, 14.6875, 0.6875], "texture": "#main"},
				"south": {"uv": [12.15625, 2.71875, 12, 2.78125], "texture": "#main"},
				"west": {"uv": [13.0625, 0.78125, 12.84375, 0.84375], "texture": "#main"},
				"up": {"uv": [14.34375, 2.5625, 14.5, 2.34375], "texture": "#main"},
				"down": {"uv": [14.34375, 1.59375, 14.5, 1.8125], "texture": "#main"}
			}
		},
		{
			"from": [14.75, -0.81388, -4.94783],
			"to": [14.75, 3.43612, -0.44783],
			"rotation": {"angle": 0, "axis": "y", "origin": [8, 10.86463, 4.34683]},
			"faces": {
				"north": {"uv": [12, 0, 12, 0.125], "texture": "#main"},
				"east": {"uv": [14.8125, 1.28125, 14.65625, 1.40625], "texture": "#main"},
				"south": {"uv": [12, 0, 12, 0.125], "texture": "#main"},
				"west": {"uv": [14.65625, 1.28125, 14.8125, 1.40625], "texture": "#main"},
				"up": {"uv": [12, 0.15625, 12, 0], "texture": "#main"},
				"down": {"uv": [12, 0, 12, 0.15625], "texture": "#main"}
			}
		},
		{
			"from": [12.875, -0.81388, -4.94783],
			"to": [12.875, 3.43612, -0.44783],
			"rotation": {"angle": 0, "axis": "y", "origin": [8, 10.86463, 4.34683]},
			"faces": {
				"north": {"uv": [12, 0, 12, 0.125], "texture": "#main"},
				"east": {"uv": [14.8125, 1.28125, 14.65625, 1.40625], "texture": "#main"},
				"south": {"uv": [12, 0, 12, 0.125], "texture": "#main"},
				"west": {"uv": [14.65625, 1.28125, 14.8125, 1.40625], "texture": "#main"},
				"up": {"uv": [12, 0.15625, 12, 0], "texture": "#main"},
				"down": {"uv": [12, 0, 12, 0.15625], "texture": "#main"}
			}
		},
		{
			"from": [11, -0.81388, -4.94783],
			"to": [11, 3.43612, -0.44783],
			"rotation": {"angle": 0, "axis": "y", "origin": [8, 10.86463, 4.34683]},
			"faces": {
				"north": {"uv": [12, 0, 12, 0.125], "texture": "#main"},
				"east": {"uv": [14.8125, 1.28125, 14.65625, 1.40625], "texture": "#main"},
				"south": {"uv": [12, 0, 12, 0.125], "texture": "#main"},
				"west": {"uv": [14.65625, 1.28125, 14.8125, 1.40625], "texture": "#main"},
				"up": {"uv": [12, 0.15625, 12, 0], "texture": "#main"},
				"down": {"uv": [12, 0, 12, 0.15625], "texture": "#main"}
			}
		},
		{
			"from": [0, 5, 1.00156],
			"to": [6, 14.5, 8.00156],
			"rotation": {"angle": 22.5, "axis": "x", "origin": [8, 10.86463, 4.34683]},
			"faces": {
				"north": {"uv": [1.09375, 5.96875, 1.28125, 6.28125], "texture": "#main"},
				"east": {"uv": [1.90625, 5.25, 2.125, 5.5625], "texture": "#main"},
				"south": {"uv": [1.59375, 6, 1.78125, 6.3125], "texture": "#main"},
				"west": {"uv": [1.9375, 4, 2.15625, 4.3125], "texture": "#main"},
				"up": {"uv": [2.40625, 5.125, 2.21875, 4.90625], "texture": "#main"},
				"down": {"uv": [0.1875, 6.28125, 0, 6.5], "texture": "#main"}
			}
		},
		{
			"from": [0.75, -1.85371, -0.20205],
			"to": [5.502, 4.64629, 5.04795],
			"rotation": {"angle": 22.5, "axis": "x", "origin": [3.1254, 4.39687, 4.88547]},
			"faces": {
				"north": {"uv": [1.78125, 6.3125, 1.9375, 6.53125], "texture": "#main"},
				"east": {"uv": [2.46875, 4.53125, 2.3125, 4.75], "texture": "#main"},
				"south": {"uv": [2.3125, 4.3125, 2.46875, 4.53125], "texture": "#main"},
				"west": {"uv": [2.3125, 4.53125, 2.46875, 4.75], "texture": "#main"},
				"up": {"uv": [0.8125, 5.78125, 0.65625, 5.625], "texture": "#main"},
				"down": {"uv": [0.3125, 6.53125, 0.15625, 6.6875], "texture": "#main"}
			}
		},
		{
			"from": [0.751, -1.4401, -3.85641],
			"to": [5.501, 0.8099, 2.64359],
			"rotation": {"angle": 0, "axis": "y", "origin": [3.1254, 4.39687, 4.88547]},
			"faces": {
				"north": {"uv": [2.3125, 6.6875, 2.46875, 6.75], "texture": "#main"},
				"east": {"uv": [0.84375, 4.78125, 1.0625, 4.84375], "texture": "#main"},
				"south": {"uv": [0, 6.71875, 0.15625, 6.78125], "texture": "#main"},
				"west": {"uv": [2.6875, 4.625, 2.90625, 4.6875], "texture": "#main"},
				"up": {"uv": [2.5, 6.5625, 2.34375, 6.34375], "texture": "#main"},
				"down": {"uv": [2.5, 5.59375, 2.34375, 5.8125], "texture": "#main"}
			}
		},
		{
			"from": [0, 5, 16.25156],
			"to": [6, 15.5, 23.25156],
			"rotation": {"angle": -22.5, "axis": "x", "origin": [8, 11.94796, 19.59683]},
			"faces": {
				"north": {"uv": [1.40625, 5.78125, 1.59375, 6.125], "texture": "#main"},
				"east": {"uv": [0, 5.625, 0.21875, 5.96875], "texture": "#main"},
				"south": {"uv": [0.21875, 5.96875, 0.40625, 6.3125], "texture": "#main"},
				"west": {"uv": [0.21875, 5.625, 0.4375, 5.96875], "texture": "#main"},
				"up": {"uv": [2.34375, 6.5, 2.15625, 6.28125], "texture": "#main"},
				"down": {"uv": [0.375, 6.3125, 0.1875, 6.53125], "texture": "#main"}
			}
		},
		{
			"from": [5, -1.4401, -7.35641],
			"to": [5, 2.8099, -2.85641],
			"rotation": {"angle": 0, "axis": "y", "origin": [3.1254, 4.39687, 4.88547]},
			"faces": {
				"north": {"uv": [0, 4, 0, 4.125], "texture": "#main"},
				"east": {"uv": [2.8125, 5.28125, 2.65625, 5.40625], "texture": "#main"},
				"south": {"uv": [0, 4, 0, 4.125], "texture": "#main"},
				"west": {"uv": [2.65625, 5.28125, 2.8125, 5.40625], "texture": "#main"},
				"up": {"uv": [0, 4.15625, 0, 4], "texture": "#main"},
				"down": {"uv": [0, 4, 0, 4.15625], "texture": "#main"}
			}
		},
		{
			"from": [3.125, -1.4401, -7.35641],
			"to": [3.125, 2.8099, -2.85641],
			"rotation": {"angle": 0, "axis": "y", "origin": [3.1254, 4.39687, 4.88547]},
			"faces": {
				"north": {"uv": [0, 4, 0, 4.125], "texture": "#main"},
				"east": {"uv": [2.8125, 5.28125, 2.65625, 5.40625], "texture": "#main"},
				"south": {"uv": [0, 4, 0, 4.125], "texture": "#main"},
				"west": {"uv": [2.65625, 5.28125, 2.8125, 5.40625], "texture": "#main"},
				"up": {"uv": [0, 4.15625, 0, 4], "texture": "#main"},
				"down": {"uv": [0, 4, 0, 4.15625], "texture": "#main"}
			}
		},
		{
			"from": [1.25, -1.4401, -7.35641],
			"to": [1.25, 2.8099, -2.85641],
			"rotation": {"angle": 0, "axis": "y", "origin": [3.1254, 4.39687, 4.88547]},
			"faces": {
				"north": {"uv": [0, 4, 0, 4.125], "texture": "#main"},
				"east": {"uv": [2.8125, 5.28125, 2.65625, 5.40625], "texture": "#main"},
				"south": {"uv": [0, 4, 0, 4.125], "texture": "#main"},
				"west": {"uv": [2.65625, 5.28125, 2.8125, 5.40625], "texture": "#main"},
				"up": {"uv": [0, 4.15625, 0, 4], "texture": "#main"},
				"down": {"uv": [0, 4, 0, 4.15625], "texture": "#main"}
			}
		},
		{
			"from": [0.749, 0.42749, 19.88223],
			"to": [5.501, 6.92749, 25.13223],
			"rotation": {"angle": 0, "axis": "y", "origin": [8, 11.94796, 19.59683]},
			"faces": {
				"north": {"uv": [1.78125, 6.3125, 1.9375, 6.53125], "texture": "#main"},
				"east": {"uv": [2.46875, 4.53125, 2.3125, 4.75], "texture": "#main"},
				"south": {"uv": [2.3125, 4.3125, 2.46875, 4.53125], "texture": "#main"},
				"west": {"uv": [2.3125, 4.53125, 2.46875, 4.75], "texture": "#main"},
				"up": {"uv": [0.8125, 5.78125, 0.65625, 5.625], "texture": "#main"},
				"down": {"uv": [0.3125, 6.53125, 0.15625, 6.6875], "texture": "#main"}
			}
		},
		{
			"from": [0.75, -0.81388, 13.80217],
			"to": [5.5, 1.43612, 20.30217],
			"rotation": {"angle": -22.5, "axis": "x", "origin": [8, 11.94796, 19.59683]},
			"faces": {
				"north": {"uv": [2.3125, 6.6875, 2.46875, 6.75], "texture": "#main"},
				"east": {"uv": [0.84375, 4.78125, 1.0625, 4.84375], "texture": "#main"},
				"south": {"uv": [0, 6.71875, 0.15625, 6.78125], "texture": "#main"},
				"west": {"uv": [2.6875, 4.625, 2.90625, 4.6875], "texture": "#main"},
				"up": {"uv": [2.5, 6.5625, 2.34375, 6.34375], "texture": "#main"},
				"down": {"uv": [2.5, 5.59375, 2.34375, 5.8125], "texture": "#main"}
			}
		},
		{
			"from": [5, -0.81388, 10.30217],
			"to": [5, 3.43612, 14.80217],
			"rotation": {"angle": -22.5, "axis": "x", "origin": [8, 11.94796, 19.59683]},
			"faces": {
				"north": {"uv": [0, 4, 0, 4.125], "texture": "#main"},
				"east": {"uv": [2.8125, 5.28125, 2.65625, 5.40625], "texture": "#main"},
				"south": {"uv": [0, 4, 0, 4.125], "texture": "#main"},
				"west": {"uv": [2.65625, 5.28125, 2.8125, 5.40625], "texture": "#main"},
				"up": {"uv": [0, 4.15625, 0, 4], "texture": "#main"},
				"down": {"uv": [0, 4, 0, 4.15625], "texture": "#main"}
			}
		},
		{
			"from": [3.125, -0.81388, 10.30217],
			"to": [3.125, 3.43612, 14.80217],
			"rotation": {"angle": -22.5, "axis": "x", "origin": [8, 11.94796, 19.59683]},
			"faces": {
				"north": {"uv": [0, 4, 0, 4.125], "texture": "#main"},
				"east": {"uv": [2.8125, 5.28125, 2.65625, 5.40625], "texture": "#main"},
				"south": {"uv": [0, 4, 0, 4.125], "texture": "#main"},
				"west": {"uv": [2.65625, 5.28125, 2.8125, 5.40625], "texture": "#main"},
				"up": {"uv": [0, 4.15625, 0, 4], "texture": "#main"},
				"down": {"uv": [0, 4, 0, 4.15625], "texture": "#main"}
			}
		},
		{
			"from": [1.25, -0.81388, 10.30217],
			"to": [1.25, 3.43612, 14.80217],
			"rotation": {"angle": -22.5, "axis": "x", "origin": [8, 11.94796, 19.59683]},
			"faces": {
				"north": {"uv": [0, 4, 0, 4.125], "texture": "#main"},
				"east": {"uv": [2.8125, 5.28125, 2.65625, 5.40625], "texture": "#main"},
				"south": {"uv": [0, 4, 0, 4.125], "texture": "#main"},
				"west": {"uv": [2.65625, 5.28125, 2.8125, 5.40625], "texture": "#main"},
				"up": {"uv": [0, 4.15625, 0, 4], "texture": "#main"},
				"down": {"uv": [0, 4, 0, 4.15625], "texture": "#main"}
			}
		},
		{
			"from": [10, 5.00621, 0.44951],
			"to": [16, 14.50621, 7.44951],
			"rotation": {"angle": -45, "axis": "x", "origin": [12.89583, 12.25541, 4.08642]},
			"faces": {
				"north": {"uv": [1.28125, 5.96875, 1.09375, 6.28125], "texture": "#main"},
				"east": {"uv": [2.15625, 4, 1.9375, 4.3125], "texture": "#main"},
				"south": {"uv": [1.78125, 6, 1.59375, 6.3125], "texture": "#main"},
				"west": {"uv": [2.125, 5.25, 1.90625, 5.5625], "texture": "#main"},
				"up": {"uv": [2.21875, 5.125, 2.40625, 4.90625], "texture": "#main"},
				"down": {"uv": [0, 6.28125, 0.1875, 6.5], "texture": "#main"}
			}
		},
		{
			"from": [10.499, 2.83293, 5.95439],
			"to": [15.251, 9.33293, 11.20439],
			"rotation": {"angle": 0, "axis": "y", "origin": [12.89583, 12.25541, 4.08642]},
			"faces": {
				"north": {"uv": [1.9375, 6.3125, 1.78125, 6.53125], "texture": "#main"},
				"east": {"uv": [2.46875, 4.53125, 2.3125, 4.75], "texture": "#main"},
				"south": {"uv": [2.46875, 4.3125, 2.3125, 4.53125], "texture": "#main"},
				"west": {"uv": [2.3125, 4.53125, 2.46875, 4.75], "texture": "#main"},
				"up": {"uv": [0.65625, 5.78125, 0.8125, 5.625], "texture": "#main"},
				"down": {"uv": [0.15625, 6.53125, 0.3125, 6.6875], "texture": "#main"}
			}
		},
		{
			"from": [10.5, 0.82624, 0.55674],
			"to": [15.25, 3.07624, 7.05674],
			"rotation": {"angle": -22.5, "axis": "x", "origin": [12.89583, 12.25541, 4.08642]},
			"faces": {
				"north": {"uv": [2.46875, 6.6875, 2.3125, 6.75], "texture": "#main"},
				"east": {"uv": [2.90625, 4.625, 2.6875, 4.6875], "texture": "#main"},
				"south": {"uv": [0.15625, 6.71875, 0, 6.78125], "texture": "#main"},
				"west": {"uv": [1.0625, 4.78125, 0.84375, 4.84375], "texture": "#main"},
				"up": {"uv": [2.34375, 6.5625, 2.5, 6.34375], "texture": "#main"},
				"down": {"uv": [2.34375, 5.59375, 2.5, 5.8125], "texture": "#main"}
			}
		},
		{
			"from": [10, 5.08579, 16.39666],
			"to": [16, 15.58579, 23.39666],
			"rotation": {"angle": -22.5, "axis": "x", "origin": [12.89583, 11.62612, 19.885]},
			"faces": {
				"north": {"uv": [1.59375, 5.78125, 1.40625, 6.125], "texture": "#main"},
				"east": {"uv": [0.4375, 5.625, 0.21875, 5.96875], "texture": "#main"},
				"south": {"uv": [0.40625, 5.96875, 0.21875, 6.3125], "texture": "#main"},
				"west": {"uv": [0.21875, 5.625, 0, 5.96875], "texture": "#main"},
				"up": {"uv": [2.15625, 6.5, 2.34375, 6.28125], "texture": "#main"},
				"down": {"uv": [0.1875, 6.3125, 0.375, 6.53125], "texture": "#main"}
			}
		},
		{
			"from": [11, 0.82624, -2.94326],
			"to": [11, 5.07624, 1.55674],
			"rotation": {"angle": -22.5, "axis": "x", "origin": [12.89583, 12.25541, 4.08642]},
			"faces": {
				"north": {"uv": [0, 4, 0, 4.125], "texture": "#main"},
				"east": {"uv": [2.8125, 5.28125, 2.65625, 5.40625], "texture": "#main"},
				"south": {"uv": [0, 4, 0, 4.125], "texture": "#main"},
				"west": {"uv": [2.65625, 5.28125, 2.8125, 5.40625], "texture": "#main"},
				"up": {"uv": [0, 4.15625, 0, 4], "texture": "#main"},
				"down": {"uv": [0, 4, 0, 4.15625], "texture": "#main"}
			}
		},
		{
			"from": [12.875, 0.82624, -2.94326],
			"to": [12.875, 5.07624, 1.55674],
			"rotation": {"angle": -22.5, "axis": "x", "origin": [12.89583, 12.25541, 4.08642]},
			"faces": {
				"north": {"uv": [0, 4, 0, 4.125], "texture": "#main"},
				"east": {"uv": [2.8125, 5.28125, 2.65625, 5.40625], "texture": "#main"},
				"south": {"uv": [0, 4, 0, 4.125], "texture": "#main"},
				"west": {"uv": [2.65625, 5.28125, 2.8125, 5.40625], "texture": "#main"},
				"up": {"uv": [0, 4.15625, 0, 4], "texture": "#main"},
				"down": {"uv": [0, 4, 0, 4.15625], "texture": "#main"}
			}
		},
		{
			"from": [14.75, 0.82624, -2.94326],
			"to": [14.75, 5.07624, 1.55674],
			"rotation": {"angle": -22.5, "axis": "x", "origin": [12.89583, 12.25541, 4.08642]},
			"faces": {
				"north": {"uv": [0, 4, 0, 4.125], "texture": "#main"},
				"east": {"uv": [2.8125, 5.28125, 2.65625, 5.40625], "texture": "#main"},
				"south": {"uv": [0, 4, 0, 4.125], "texture": "#main"},
				"west": {"uv": [2.65625, 5.28125, 2.8125, 5.40625], "texture": "#main"},
				"up": {"uv": [0, 4.15625, 0, 4], "texture": "#main"},
				"down": {"uv": [0, 4, 0, 4.15625], "texture": "#main"}
			}
		},
		{
			"from": [10.499, 4.97484, 22.22533],
			"to": [15.251, 10.22484, 26.72533],
			"rotation": {"angle": 22.5, "axis": "x", "origin": [12.89583, 11.62612, 19.885]},
			"faces": {
				"north": {"uv": [0.65625, 5.78125, 0.8125, 5.625], "rotation": 180, "texture": "#main"},
				"east": {"uv": [2.3125, 4.75, 2.46875, 4.53125], "rotation": 270, "texture": "#main"},
				"south": {"uv": [0.15625, 6.53125, 0.3125, 6.6875], "texture": "#main"},
				"west": {"uv": [2.46875, 4.75, 2.3125, 4.53125], "rotation": 90, "texture": "#main"},
				"up": {"uv": [2.46875, 4.3125, 2.3125, 4.53125], "texture": "#main"},
				"down": {"uv": [1.9375, 6.3125, 1.78125, 6.53125], "rotation": 180, "texture": "#main"}
			}
		},
		{
			"from": [10.5, 1.32147, 23.4398],
			"to": [15.25, 7.82147, 25.6898],
			"rotation": {"angle": 0, "axis": "y", "origin": [12.89583, 11.62612, 19.885]},
			"faces": {
				"north": {"uv": [2.34375, 6.5625, 2.5, 6.34375], "rotation": 180, "texture": "#main"},
				"east": {"uv": [2.6875, 4.6875, 2.90625, 4.625], "rotation": 270, "texture": "#main"},
				"south": {"uv": [2.34375, 5.59375, 2.5, 5.8125], "texture": "#main"},
				"west": {"uv": [0.84375, 4.84375, 1.0625, 4.78125], "rotation": 90, "texture": "#main"},
				"up": {"uv": [0.15625, 6.71875, 0, 6.78125], "texture": "#main"},
				"down": {"uv": [2.46875, 6.6875, 2.3125, 6.75], "rotation": 180, "texture": "#main"}
			}
		},
		{
			"from": [11, -2.17853, 21.4398],
			"to": [11, 2.32147, 25.6898],
			"rotation": {"angle": 0, "axis": "y", "origin": [12.89583, 11.62612, 19.885]},
			"faces": {
				"north": {"uv": [0, 4.15625, 0, 4], "rotation": 180, "texture": "#main"},
				"east": {"uv": [2.65625, 5.40625, 2.8125, 5.28125], "rotation": 270, "texture": "#main"},
				"south": {"uv": [0, 4, 0, 4.15625], "texture": "#main"},
				"west": {"uv": [2.8125, 5.40625, 2.65625, 5.28125], "rotation": 90, "texture": "#main"},
				"up": {"uv": [0, 4, 0, 4.125], "texture": "#main"},
				"down": {"uv": [0, 4, 0, 4.125], "rotation": 180, "texture": "#main"}
			}
		},
		{
			"from": [12.875, -2.17853, 21.4398],
			"to": [12.875, 2.32147, 25.6898],
			"rotation": {"angle": 0, "axis": "y", "origin": [12.89583, 11.62612, 19.885]},
			"faces": {
				"north": {"uv": [0, 4.15625, 0, 4], "rotation": 180, "texture": "#main"},
				"east": {"uv": [2.65625, 5.40625, 2.8125, 5.28125], "rotation": 270, "texture": "#main"},
				"south": {"uv": [0, 4, 0, 4.15625], "texture": "#main"},
				"west": {"uv": [2.8125, 5.40625, 2.65625, 5.28125], "rotation": 90, "texture": "#main"},
				"up": {"uv": [0, 4, 0, 4.125], "texture": "#main"},
				"down": {"uv": [0, 4, 0, 4.125], "rotation": 180, "texture": "#main"}
			}
		},
		{
			"from": [14.75, -2.17853, 21.4398],
			"to": [14.75, 2.32147, 25.6898],
			"rotation": {"angle": 0, "axis": "y", "origin": [12.89583, 11.62612, 19.885]},
			"faces": {
				"north": {"uv": [0, 4.15625, 0, 4], "rotation": 180, "texture": "#main"},
				"east": {"uv": [2.65625, 5.40625, 2.8125, 5.28125], "rotation": 270, "texture": "#main"},
				"south": {"uv": [0, 4, 0, 4.15625], "texture": "#main"},
				"west": {"uv": [2.8125, 5.40625, 2.65625, 5.28125], "rotation": 90, "texture": "#main"},
				"up": {"uv": [0, 4, 0, 4.125], "texture": "#main"},
				"down": {"uv": [0, 4, 0, 4.125], "rotation": 180, "texture": "#main"}
			}
		},
		{
			"from": [2.001, 4.35403, 11.27329],
			"to": [13.999, 17.35403, 13.27329],
			"rotation": {"angle": -22.5, "axis": "x", "origin": [8, 9.5213, 8]},
			"faces": {
				"north": {"uv": [0, 3.25, 1.5, 4.875], "texture": "#2"},
				"east": {"uv": [5.5, 10, 5.75, 11.625], "texture": "#2"},
				"south": {"uv": [1.5, 3.375, 3, 5], "texture": "#2"},
				"west": {"uv": [9, 10, 9.25, 11.625], "texture": "#2"},
				"up": {"uv": [6, 4.5, 4.5, 4.25], "texture": "#2"},
				"down": {"uv": [8.75, 7, 7.25, 7.25], "texture": "#2"}
			}
		},
		{
			"from": [1, 5.01372, -0.98726],
			"to": [15, 17.51372, 6.01274],
			"rotation": {"angle": 22.5, "axis": "x", "origin": [8, 9.5213, 8]},
			"faces": {
				"north": {"uv": [0, 0, 1.75, 1.625], "texture": "#2"},
				"east": {"uv": [6, 3.625, 6.875, 5.25], "texture": "#2"},
				"south": {"uv": [0, 1.625, 1.75, 3.25], "texture": "#2"},
				"west": {"uv": [6.375, 6.375, 7.25, 8], "texture": "#2"},
				"up": {"uv": [7.75, 0.875, 6, 0], "texture": "#2"},
				"down": {"uv": [7.75, 2.75, 6, 3.625], "texture": "#2"}
			}
		},
		{
			"from": [2, 6, 4.00156],
			"to": [14, 19, 13.00156],
			"rotation": {"angle": 0, "axis": "y", "origin": [8, 9.5213, 8]},
			"faces": {
				"north": {"uv": [3, 3.375, 4.5, 5], "texture": "#2"},
				"east": {"uv": [0, 4.875, 1.125, 6.5], "texture": "#2"},
				"south": {"uv": [3.375, 0, 4.875, 1.625], "texture": "#2"},
				"west": {"uv": [4.875, 0, 6, 1.625], "texture": "#2"},
				"up": {"uv": [6, 4.25, 4.5, 3.125], "texture": "#2"},
				"down": {"uv": [6.375, 1.625, 4.875, 2.75], "texture": "#2"}
			}
		},
		{
			"from": [2.25, 10.03561, 9.78178],
			"to": [13.75, 21.53561, 19.03178],
			"rotation": {"angle": 22.5, "axis": "x", "origin": [8, 9.5213, 8]},
			"faces": {
				"north": {"uv": [3.375, 1.625, 4.875, 3.125], "texture": "#2"},
				"east": {"uv": [1.125, 5, 2.25, 6.5], "texture": "#2"},
				"south": {"uv": [4.5, 4.5, 6, 6], "texture": "#2"},
				"west": {"uv": [2.25, 5, 3.375, 6.5], "texture": "#2"},
				"up": {"uv": [4.875, 7.125, 3.375, 6], "texture": "#2"},
				"down": {"uv": [6.375, 6, 4.875, 7.125], "texture": "#2"}
			}
		},
		{
			"from": [1.5, 4.35403, 13.27329],
			"to": [14.5, 17.35403, 18.27329],
			"rotation": {"angle": -22.5, "axis": "x", "origin": [8, 9.5213, 8]},
			"faces": {
				"north": {"uv": [1.75, 1.75, 3.375, 3.375], "texture": "#2"},
				"east": {"uv": [3.125, 7.875, 3.75, 9.5], "texture": "#2"},
				"south": {"uv": [1.75, 0, 3.375, 1.625], "texture": "#2"},
				"west": {"uv": [3.75, 7.875, 4.375, 9.5], "texture": "#2"},
				"up": {"uv": [8.875, 7, 7.25, 6.375], "texture": "#2"},
				"down": {"uv": [9.25, 1.25, 7.625, 1.875], "texture": "#2"}
			}
		},
		{
			"from": [2.251, 10.18065, 18.38346],
			"to": [13.749, 16.3994, 22.78971],
			"rotation": {"angle": 0, "axis": "y", "origin": [8, 9.5213, 8]},
			"faces": {
				"north": {"uv": [6.375, 2, 7.875, 2.75], "texture": "#2"},
				"east": {"uv": [2.5, 10.125, 3, 10.875], "texture": "#2"},
				"south": {"uv": [2.625, 7.125, 4.125, 7.875], "texture": "#2"},
				"west": {"uv": [10.125, 8.25, 10.625, 9], "texture": "#2"},
				"up": {"uv": [10, 5.375, 8.5, 4.875], "texture": "#2"},
				"down": {"uv": [10, 5.375, 8.5, 5.875], "texture": "#2"}
			}
		},
		{
			"from": [3, 10, -2.99844],
			"to": [13, 19, 2.25156],
			"rotation": {"angle": 0, "axis": "y", "origin": [8, 9.5213, 8]},
			"faces": {
				"north": {"uv": [6.375, 0.875, 7.625, 2], "texture": "#2"},
				"east": {"uv": [8.625, 2.5, 9.25, 3.625], "texture": "#2"},
				"south": {"uv": [6.375, 5.25, 7.625, 6.375], "texture": "#2"},
				"west": {"uv": [8.75, 7, 9.375, 8.125], "texture": "#2"},
				"up": {"uv": [9.125, 2.5, 7.875, 1.875], "texture": "#2"},
				"down": {"uv": [6.375, 8.5, 5.125, 9.125], "texture": "#2"}
			}
		},
		{
			"from": [3.75, 14.9874, -3.78389],
			"to": [12.25, 22.2374, 1.46611],
			"rotation": {"angle": -22.5, "axis": "x", "origin": [8, 9.5213, 8]},
			"faces": {
				"north": {"uv": [3.375, 5, 4.5, 5.875], "texture": "#2"},
				"east": {"uv": [5.875, 9.25, 6.5, 10.125], "texture": "#2"},
				"south": {"uv": [7.75, 4, 8.875, 4.875], "texture": "#2"},
				"west": {"uv": [6.5, 9.25, 7.125, 10.125], "texture": "#2"},
				"up": {"uv": [9.75, 0.625, 8.625, 0], "texture": "#2"},
				"down": {"uv": [9.75, 0.625, 8.625, 1.25], "texture": "#2"}
			}
		},
		{
			"from": [5, 16.9874, -8.03389],
			"to": [11, 20.2374, -3.78389],
			"rotation": {"angle": -22.5, "axis": "x", "origin": [8, 9.5213, 8]},
			"faces": {
				"north": {"uv": [4.875, 2.75, 5.625, 3.125], "texture": "#2"},
				"east": {"uv": [5.125, 7.875, 5.625, 8.25], "texture": "#2"},
				"south": {"uv": [8.875, 4.5, 9.625, 4.875], "texture": "#2"},
				"west": {"uv": [8.875, 6.375, 9.375, 6.75], "texture": "#2"},
				"up": {"uv": [9.375, 8.625, 8.625, 8.125], "texture": "#2"},
				"down": {"uv": [10, 10.25, 9.25, 10.75], "texture": "#2"}
			}
		},
		{
			"from": [5.5, 10.03317, -9.17054],
			"to": [10.5, 12.28317, -6.17054],
			"rotation": {"angle": 0, "axis": "y", "origin": [8, 9.5213, 8]},
			"faces": {
				"north": {"uv": [6.875, 5, 7.5, 5.25], "texture": "#2"},
				"east": {"uv": [6, 5.625, 6.375, 5.875], "texture": "#2"},
				"south": {"uv": [7.875, 2.5, 8.5, 2.75], "texture": "#2"},
				"west": {"uv": [5.125, 8.25, 5.5, 8.5], "texture": "#2"},
				"up": {"uv": [2.5, 11.125, 1.875, 10.75], "texture": "#2"},
				"down": {"uv": [6.375, 10.75, 5.75, 11.125], "texture": "#2"}
			}
		},
		{
			"from": [5.5, 15.41704, -4.89599],
			"to": [10.5, 17.66704, -1.89599],
			"rotation": {"angle": -22.5, "axis": "x", "origin": [8, 9.5213, 8]},
			"faces": {
				"north": {"uv": [9.375, 9.125, 10, 9.375], "texture": "#2"},
				"east": {"uv": [8.875, 6.75, 9.25, 7], "texture": "#2"},
				"south": {"uv": [7.625, 10.75, 8.25, 11], "texture": "#2"},
				"west": {"uv": [9.25, 3, 9.625, 3.25], "texture": "#2"},
				"up": {"uv": [7, 11.125, 6.375, 10.75], "texture": "#2"},
				"down": {"uv": [7.625, 10.75, 7, 11.125], "texture": "#2"}
			}
		},
		{
			"from": [2.252, 14.21814, 13.58896],
			"to": [13.748, 20.43689, 17.99521],
			"rotation": {"angle": 45, "axis": "x", "origin": [8, 9.5213, 8]},
			"faces": {
				"north": {"uv": [4.125, 7.125, 5.625, 7.875], "texture": "#2"},
				"east": {"uv": [10.25, 2.625, 10.75, 3.375], "texture": "#2"},
				"south": {"uv": [7.25, 7.25, 8.75, 8], "texture": "#2"},
				"west": {"uv": [10.25, 3.375, 10.75, 4.125], "texture": "#2"},
				"up": {"uv": [10, 6.375, 8.5, 5.875], "texture": "#2"},
				"down": {"uv": [10.125, 8.625, 8.625, 9.125], "texture": "#2"}
			}
		},
		{
			"from": [10, 21.77546, 0.27476],
			"to": [12.5, 24.27546, 1.27476],
			"rotation": {"angle": -22.5, "axis": "x", "origin": [8, 9.5213, 8]},
			"faces": {
				"north": {"uv": [5.625, 2.75, 6, 3.125], "texture": "#2"},
				"east": {"uv": [3.25, 6.5, 3.375, 6.875], "texture": "#2"},
				"south": {"uv": [6, 0.875, 6.375, 1.25], "texture": "#2"},
				"west": {"uv": [7.625, 0.875, 7.75, 1.25], "texture": "#2"},
				"up": {"uv": [2.125, 1.75, 1.75, 1.625], "texture": "#2"},
				"down": {"uv": [2.5, 1.625, 2.125, 1.75], "texture": "#2"}
			}
		},
		{
			"from": [3.5, 21.77546, 0.27476],
			"to": [6, 24.27546, 1.27476],
			"rotation": {"angle": -22.5, "axis": "x", "origin": [8, 9.5213, 8]},
			"faces": {
				"north": {"uv": [6, 1.25, 6.375, 1.625], "texture": "#2"},
				"east": {"uv": [9.125, 1.875, 9.25, 2.25], "texture": "#2"},
				"south": {"uv": [6, 5.25, 6.375, 5.625], "texture": "#2"},
				"west": {"uv": [4.25, 9.5, 4.375, 9.875], "texture": "#2"},
				"up": {"uv": [2.875, 1.75, 2.5, 1.625], "texture": "#2"},
				"down": {"uv": [3.25, 1.625, 2.875, 1.75], "texture": "#2"}
			}
		},
		{
			"from": [6.75, 11.5, 21.75156],
			"to": [9.25, 14, 24.00156],
			"rotation": {"angle": 0, "axis": "y", "origin": [8, 9.5213, 8]},
			"faces": {
				"north": {"uv": [8.625, 3.625, 8.875, 4], "texture": "#2"},
				"east": {"uv": [8.375, 9.25, 8.625, 9.625], "texture": "#2"},
				"south": {"uv": [9.25, 3.25, 9.5, 3.625], "texture": "#2"},
				"west": {"uv": [8.375, 9.625, 8.625, 10], "texture": "#2"},
				"up": {"uv": [4.5, 3.375, 4.25, 3.125], "texture": "#2"},
				"down": {"uv": [10.125, 2.625, 9.875, 2.875], "texture": "#2"}
			}
		}
	],
	"display": {
		"gui": {
			"rotation": [-164, 41.75, -180],
			"translation": [-1, -1, 0],
			"scale": [0.5, 0.5, 0.5]
		},
		"head": {
			"translation": [0, -25.75, 0],
			"scale": [2, 2, 2]
		}
	}
}