{
	"credit": "Made with Blockbench",
	"textures": {
		"0": "items/sao_fri_1_1",
		"particle": "items/sao_fri_1_1"
	},
	"elements": [
		{
			"from": [10.09734, 9.16178, 7.775],
			"to": [10.54734, 10.41178, 8.225],
			"rotation": {"angle": -45, "axis": "z", "origin": [10.32234, 9.53678, 8]},
			"faces": {
				"north": {"uv": [3, 5.5, 4, 7], "texture": "#0"},
				"east": {"uv": [3, 5.5, 4, 7], "texture": "#0"},
				"south": {"uv": [3, 5.5, 4, 7], "texture": "#0"},
				"west": {"uv": [3, 5.5, 4, 7], "texture": "#0"},
				"up": {"uv": [3, 5.5, 4, 7], "texture": "#0"},
				"down": {"uv": [3, 5.5, 4, 7], "texture": "#0"}
			}
		},
		{
			"from": [10.02234, 8.41178, 7.7],
			"to": [10.62234, 10.16178, 8.3],
			"rotation": {"angle": -45, "axis": "z", "origin": [10.32234, 9.53678, 8]},
			"faces": {
				"north": {"uv": [3, 5.5, 4, 7], "texture": "#0"},
				"east": {"uv": [3, 5.5, 4, 7], "texture": "#0"},
				"south": {"uv": [3, 5.5, 4, 7], "texture": "#0"},
				"west": {"uv": [3, 5.5, 4, 7], "texture": "#0"},
				"up": {"uv": [3, 5.5, 4, 7], "texture": "#0"},
				"down": {"uv": [3, 5.5, 4, 7], "texture": "#0"}
			}
		},
		{
			"from": [8.63464, 8.80823, 7.775],
			"to": [9.08464, 10.05823, 8.225],
			"rotation": {"angle": 45, "axis": "z", "origin": [8.85964, 9.18323, 8]},
			"faces": {
				"north": {"uv": [3, 5.5, 4, 7], "texture": "#0"},
				"east": {"uv": [3, 5.5, 4, 7], "texture": "#0"},
				"south": {"uv": [3, 5.5, 4, 7], "texture": "#0"},
				"west": {"uv": [3, 5.5, 4, 7], "texture": "#0"},
				"up": {"uv": [3, 5.5, 4, 7], "texture": "#0"},
				"down": {"uv": [3, 5.5, 4, 7], "texture": "#0"}
			}
		},
		{
			"from": [8.55964, 8.05823, 7.7],
			"to": [9.15964, 9.80823, 8.3],
			"rotation": {"angle": 45, "axis": "z", "origin": [8.85964, 9.18323, 8]},
			"faces": {
				"north": {"uv": [3, 5.5, 4, 7], "texture": "#0"},
				"east": {"uv": [3, 5.5, 4, 7], "texture": "#0"},
				"south": {"uv": [3, 5.5, 4, 7], "texture": "#0"},
				"west": {"uv": [3, 5.5, 4, 7], "texture": "#0"},
				"up": {"uv": [3, 5.5, 4, 7], "texture": "#0"},
				"down": {"uv": [3, 5.5, 4, 7], "texture": "#0"}
			}
		},
		{
			"from": [10.20267, 14.80152, 7.856],
			"to": [10.49067, 15.60152, 8.144],
			"rotation": {"angle": 22.5, "axis": "z", "origin": [10.58252, 14.85817, 8]},
			"faces": {
				"north": {"uv": [3, 5.5, 4, 7], "texture": "#0"},
				"east": {"uv": [3, 5.5, 4, 7], "texture": "#0"},
				"south": {"uv": [3, 5.5, 4, 7], "texture": "#0"},
				"west": {"uv": [3, 5.5, 4, 7], "texture": "#0"},
				"up": {"uv": [3, 5.5, 4, 7], "texture": "#0"},
				"down": {"uv": [3, 5.5, 4, 7], "texture": "#0"}
			}
		},
		{
			"from": [10.15467, 14.32152, 7.808],
			"to": [10.53867, 15.44152, 8.192],
			"rotation": {"angle": 22.5, "axis": "z", "origin": [10.58252, 14.85817, 8]},
			"faces": {
				"north": {"uv": [3, 5.5, 4, 7], "texture": "#0"},
				"east": {"uv": [3, 5.5, 4, 7], "texture": "#0"},
				"south": {"uv": [3, 5.5, 4, 7], "texture": "#0"},
				"west": {"uv": [3, 5.5, 4, 7], "texture": "#0"},
				"up": {"uv": [3, 5.5, 4, 7], "texture": "#0"},
				"down": {"uv": [3, 5.5, 4, 7], "texture": "#0"}
			}
		},
		{
			"from": [10.42862, 14.39557, 7.856],
			"to": [11.22862, 14.68357, 8.144],
			"rotation": {"angle": 22.5, "axis": "z", "origin": [10.58252, 14.85817, 8]},
			"faces": {
				"north": {"uv": [3, 5.5, 4, 7], "texture": "#0"},
				"east": {"uv": [3, 5.5, 4, 7], "texture": "#0"},
				"south": {"uv": [3, 5.5, 4, 7], "texture": "#0"},
				"west": {"uv": [3, 5.5, 4, 7], "texture": "#0"},
				"up": {"uv": [3, 5.5, 4, 7], "texture": "#0"},
				"down": {"uv": [3, 5.5, 4, 7], "texture": "#0"}
			}
		},
		{
			"from": [10.44862, 14.34757, 7.808],
			"to": [11.06862, 14.73157, 8.192],
			"rotation": {"angle": 22.5, "axis": "z", "origin": [10.58252, 14.85817, 8]},
			"faces": {
				"north": {"uv": [3, 5.5, 4, 7], "texture": "#0"},
				"east": {"uv": [3, 5.5, 4, 7], "texture": "#0"},
				"south": {"uv": [3, 5.5, 4, 7], "texture": "#0"},
				"west": {"uv": [3, 5.5, 4, 7], "texture": "#0"},
				"up": {"uv": [3, 5.5, 4, 7], "texture": "#0"},
				"down": {"uv": [3, 5.5, 4, 7], "texture": "#0"}
			}
		},
		{
			"from": [-0.25, 6.75, 8],
			"to": [3, 10, 8],
			"rotation": {"angle": 0, "axis": "y", "origin": [1.375, 8.375, 8]},
			"faces": {
				"north": {"uv": [7.5, 8.5, 11, 11.5], "rotation": 270, "texture": "#0"},
				"east": {"uv": [16, 16, 16, 16], "rotation": 90, "texture": "#0"},
				"south": {"uv": [11, 8.5, 7.5, 11.5], "rotation": 90, "texture": "#0"},
				"west": {"uv": [16, 16, 16, 16], "rotation": 90, "texture": "#0"},
				"up": {"uv": [16, 16, 16, 16], "rotation": 90, "texture": "#0"},
				"down": {"uv": [16, 16, 16, 16], "rotation": 90, "texture": "#0"}
			}
		},
		{
			"from": [3.46299, 6.44291, 8],
			"to": [6.71299, 11.69291, 8],
			"rotation": {"angle": 22.5, "axis": "z", "origin": [5.08799, 9.06791, 8]},
			"faces": {
				"north": {"uv": [7.5, 11.5, 11, 8.5], "rotation": 270, "texture": "#0"},
				"east": {"uv": [16, 16, 16, 16], "rotation": 90, "texture": "#0"},
				"south": {"uv": [11, 11.5, 7.5, 8.5], "rotation": 90, "texture": "#0"},
				"west": {"uv": [16, 16, 16, 16], "rotation": 90, "texture": "#0"},
				"up": {"uv": [16, 16, 16, 16], "rotation": 90, "texture": "#0"},
				"down": {"uv": [16, 16, 16, 16], "rotation": 90, "texture": "#0"}
			}
		},
		{
			"from": [0.25, 1.75, 8],
			"to": [5, 6.5, 8],
			"rotation": {"angle": 0, "axis": "y", "origin": [2.625, 4.125, 8]},
			"faces": {
				"north": {"uv": [7, 12, 11, 16], "texture": "#0"},
				"east": {"uv": [16, 16, 16, 16], "texture": "#0"},
				"south": {"uv": [11, 12, 7, 16], "texture": "#0"},
				"west": {"uv": [16, 16, 16, 16], "texture": "#0"},
				"up": {"uv": [16, 16, 16, 16], "texture": "#0"},
				"down": {"uv": [16, 16, 16, 16], "texture": "#0"}
			}
		},
		{
			"from": [10, 3.75, 8],
			"to": [14.75, 8.5, 8],
			"rotation": {"angle": 0, "axis": "y", "origin": [12, 7, 8]},
			"faces": {
				"north": {"uv": [14.5, 12, 11.5, 16], "texture": "#0"},
				"east": {"uv": [16, 16, 16, 16], "texture": "#0"},
				"south": {"uv": [11.5, 12, 14.5, 16], "texture": "#0"},
				"west": {"uv": [16, 16, 16, 16], "texture": "#0"},
				"up": {"uv": [16, 16, 16, 16], "texture": "#0"},
				"down": {"uv": [16, 16, 16, 16], "texture": "#0"}
			}
		},
		{
			"from": [10.28033, 10.07322, 8],
			"to": [14.03033, 13.82322, 8],
			"rotation": {"angle": 45, "axis": "z", "origin": [12.15533, 11.94822, 8]},
			"faces": {
				"north": {"uv": [11.5, 8, 14.5, 12], "rotation": 270, "texture": "#0"},
				"east": {"uv": [16, 12, 16, 12], "rotation": 90, "texture": "#0"},
				"south": {"uv": [14.5, 8, 11.5, 12], "rotation": 90, "texture": "#0"},
				"west": {"uv": [16, 12, 16, 12], "rotation": 90, "texture": "#0"},
				"up": {"uv": [16, 12, 16, 12], "rotation": 90, "texture": "#0"},
				"down": {"uv": [16, 12, 16, 12], "rotation": 90, "texture": "#0"}
			}
		},
		{
			"from": [6.25, 12.75, 8],
			"to": [10.25, 17.5, 8],
			"rotation": {"angle": 0, "axis": "y", "origin": [8.25, 15.125, 8]},
			"faces": {
				"north": {"uv": [7.5, 8.5, 11, 11.5], "rotation": 270, "texture": "#0"},
				"east": {"uv": [16, 16, 16, 16], "rotation": 90, "texture": "#0"},
				"south": {"uv": [11, 8.5, 7.5, 11.5], "rotation": 90, "texture": "#0"},
				"west": {"uv": [16, 16, 16, 16], "rotation": 90, "texture": "#0"},
				"up": {"uv": [16, 16, 16, 16], "rotation": 90, "texture": "#0"},
				"down": {"uv": [16, 16, 16, 16], "rotation": 90, "texture": "#0"}
			}
		},
		{
			"from": [11.5, 14.5, 8],
			"to": [14, 17.5, 8],
			"rotation": {"angle": 0, "axis": "y", "origin": [12.75, 16, 8]},
			"faces": {
				"north": {"uv": [14.5, 12, 11.5, 16], "texture": "#0"},
				"east": {"uv": [16, 16, 16, 16], "texture": "#0"},
				"south": {"uv": [11.5, 12, 14.5, 16], "texture": "#0"},
				"west": {"uv": [16, 16, 16, 16], "texture": "#0"},
				"up": {"uv": [16, 16, 16, 16], "texture": "#0"},
				"down": {"uv": [16, 16, 16, 16], "texture": "#0"}
			}
		},
		{
			"from": [11.25, 17.75, 8],
			"to": [13.75, 21, 8],
			"rotation": {"angle": 0, "axis": "y", "origin": [12.5, 19.375, 8]},
			"faces": {
				"north": {"uv": [7.5, 11.5, 11, 8.5], "rotation": 270, "texture": "#0"},
				"east": {"uv": [16, 16, 16, 16], "rotation": 90, "texture": "#0"},
				"south": {"uv": [11, 11.5, 7.5, 8.5], "rotation": 90, "texture": "#0"},
				"west": {"uv": [16, 16, 16, 16], "rotation": 90, "texture": "#0"},
				"up": {"uv": [16, 16, 16, 16], "rotation": 90, "texture": "#0"},
				"down": {"uv": [16, 16, 16, 16], "rotation": 90, "texture": "#0"}
			}
		},
		{
			"from": [2.27538, 6.4235, 7.65],
			"to": [4.77538, 7.1235, 8.35],
			"rotation": {"angle": -22.5, "axis": "z", "origin": [3.52538, 6.7735, 8]},
			"faces": {
				"north": {"uv": [3, 3, 4, 4.5], "texture": "#0"},
				"east": {"uv": [3, 3, 4, 4.5], "texture": "#0"},
				"south": {"uv": [4, 3, 3, 4.5], "texture": "#0"},
				"west": {"uv": [3, 3, 4, 4.5], "texture": "#0"},
				"up": {"uv": [4, 4.5, 3, 3], "texture": "#0"},
				"down": {"uv": [3, 3, 4, 4.5], "texture": "#0"}
			}
		},
		{
			"from": [7, 0, 7],
			"to": [9, 4, 9],
			"rotation": {"angle": 0, "axis": "y", "origin": [8, 2, 8]},
			"faces": {
				"north": {"uv": [3, 6.5, 4, 8], "texture": "#0"},
				"east": {"uv": [3, 6.5, 4, 8], "texture": "#0"},
				"south": {"uv": [3, 6.5, 4, 8], "texture": "#0"},
				"west": {"uv": [3, 6.5, 4, 8], "texture": "#0"},
				"up": {"uv": [3, 6.5, 4, 8], "texture": "#0"},
				"down": {"uv": [3, 6.5, 4, 8], "texture": "#0"}
			}
		},
		{
			"from": [8.1244, 3.36721, 7.25],
			"to": [9.6244, 7.36721, 8.75],
			"rotation": {"angle": -22.5, "axis": "z", "origin": [8.8744, 5.36721, 8]},
			"faces": {
				"north": {"uv": [3, 5.5, 4, 7], "texture": "#0"},
				"east": {"uv": [3, 5.5, 4, 7], "texture": "#0"},
				"south": {"uv": [3, 5.5, 4, 7], "texture": "#0"},
				"west": {"uv": [3, 5.5, 4, 7], "texture": "#0"},
				"up": {"uv": [3, 5.5, 4, 7], "texture": "#0"},
				"down": {"uv": [3, 5.5, 4, 7], "texture": "#0"}
			}
		},
		{
			"from": [9.15514, 6.88773, 7.5],
			"to": [10.15514, 12.88773, 8.5],
			"rotation": {"angle": 0, "axis": "y", "origin": [9.65514, 9.88773, 8]},
			"faces": {
				"north": {"uv": [3, 6.5, 4, 8], "texture": "#0"},
				"east": {"uv": [3, 6.5, 4, 8], "texture": "#0"},
				"south": {"uv": [3, 6.5, 4, 8], "texture": "#0"},
				"west": {"uv": [3, 6.5, 4, 8], "texture": "#0"},
				"up": {"uv": [3, 6.5, 4, 8], "texture": "#0"},
				"down": {"uv": [3, 6.5, 4, 8], "texture": "#0"}
			}
		},
		{
			"from": [10.45999, 12.40938, 7.65],
			"to": [11.15999, 18.40938, 8.35],
			"rotation": {"angle": -22.5, "axis": "z", "origin": [10.80999, 15.40938, 8]},
			"faces": {
				"north": {"uv": [3, 6.5, 4, 8], "texture": "#0"},
				"east": {"uv": [3, 6.5, 4, 8], "texture": "#0"},
				"south": {"uv": [3, 6.5, 4, 8], "texture": "#0"},
				"west": {"uv": [3, 6.5, 4, 8], "texture": "#0"},
				"up": {"uv": [3, 6.5, 4, 8], "texture": "#0"},
				"down": {"uv": [3, 6.5, 4, 8], "texture": "#0"}
			}
		},
		{
			"from": [5.38836, 2.5125, 7.3],
			"to": [6.78836, 5.7625, 8.7],
			"rotation": {"angle": 45, "axis": "z", "origin": [6.08836, 5.6375, 8]},
			"faces": {
				"north": {"uv": [3, 5.5, 4, 7], "texture": "#0"},
				"east": {"uv": [3, 5.5, 4, 7], "texture": "#0"},
				"south": {"uv": [3, 5.5, 4, 7], "texture": "#0"},
				"west": {"uv": [3, 5.5, 4, 7], "texture": "#0"},
				"up": {"uv": [3, 5.5, 4, 7], "texture": "#0"},
				"down": {"uv": [3, 5.5, 4, 7], "texture": "#0"}
			}
		},
		{
			"from": [4.37314, 5.48313, 7.475],
			"to": [6.37314, 6.53313, 8.525],
			"rotation": {"angle": -22.5, "axis": "z", "origin": [5.37314, 6.00813, 8]},
			"faces": {
				"north": {"uv": [3, 5, 4, 6.5], "texture": "#0"},
				"east": {"uv": [3, 5, 4, 6.5], "texture": "#0"},
				"south": {"uv": [3, 5, 4, 6.5], "texture": "#0"},
				"west": {"uv": [3, 5, 4, 6.5], "texture": "#0"},
				"up": {"uv": [3, 6.5, 4, 5], "texture": "#0"},
				"down": {"uv": [3, 5, 4, 6.5], "texture": "#0"}
			}
		},
		{
			"from": [9.375, 2.375, 6.925],
			"to": [12.375, 4.625, 8.925],
			"rotation": {"angle": -45, "axis": "z", "origin": [12.125, 4.5, 8.5]},
			"faces": {
				"north": {"uv": [13.5, 1.5, 15, 3], "rotation": 90, "texture": "#0"},
				"east": {"uv": [13.5, 2.5, 15, 4], "rotation": 270, "texture": "#0"},
				"south": {"uv": [13.5, 1, 15, 2.5], "rotation": 270, "texture": "#0"},
				"west": {"uv": [13.5, 2.5, 15, 1], "rotation": 270, "texture": "#0"},
				"up": {"uv": [13.5, 1.5, 15, 3], "rotation": 270, "texture": "#0"},
				"down": {"uv": [15, 1, 13.5, 2.5], "rotation": 270, "texture": "#0"}
			}
		},
		{
			"from": [10.375, 4.375, 7.925],
			"to": [13.375, 6.625, 9.925],
			"rotation": {"angle": -45, "axis": "z", "origin": [12.125, 4.5, 8.5]},
			"faces": {
				"north": {"uv": [13.5, 1.5, 15, 3], "rotation": 90, "texture": "#0"},
				"east": {"uv": [13.5, 2.5, 15, 4], "rotation": 270, "texture": "#0"},
				"south": {"uv": [13.5, 1, 15, 2.5], "rotation": 270, "texture": "#0"},
				"west": {"uv": [13.5, 2.5, 15, 1], "rotation": 270, "texture": "#0"},
				"up": {"uv": [13.5, 1.5, 15, 3], "rotation": 270, "texture": "#0"},
				"down": {"uv": [15, 1, 13.5, 2.5], "rotation": 270, "texture": "#0"}
			}
		},
		{
			"from": [1.78033, 5.78033, 8.175],
			"to": [4.03033, 8.03033, 10.175],
			"rotation": {"angle": 0, "axis": "y", "origin": [3.40533, 6.53033, 8.925]},
			"faces": {
				"north": {"uv": [13.5, 3, 15, 1.5], "rotation": 180, "texture": "#0"},
				"east": {"uv": [15, 2.5, 13.5, 1], "rotation": 180, "texture": "#0"},
				"south": {"uv": [13.5, 2.5, 15, 1], "rotation": 180, "texture": "#0"},
				"west": {"uv": [13.5, 3, 15, 1.5], "rotation": 180, "texture": "#0"},
				"up": {"uv": [13.5, 1, 15, 2.5], "rotation": 180, "texture": "#0"},
				"down": {"uv": [13.5, 4, 15, 2.5], "rotation": 180, "texture": "#0"}
			}
		},
		{
			"from": [4.28033, 4.03033, 5.325],
			"to": [6.53033, 7.03033, 7.325],
			"rotation": {"angle": 22.5, "axis": "x", "origin": [5.40533, 5.53033, 7.325]},
			"faces": {
				"north": {"uv": [15, 2.5, 13.5, 1], "rotation": 180, "texture": "#0"},
				"east": {"uv": [13.5, 2.5, 15, 1], "rotation": 180, "texture": "#0"},
				"south": {"uv": [15, 3, 13.5, 1.5], "rotation": 180, "texture": "#0"},
				"west": {"uv": [15, 3, 13.5, 1.5], "rotation": 180, "texture": "#0"},
				"up": {"uv": [13.5, 2.5, 15, 1], "rotation": 180, "texture": "#0"},
				"down": {"uv": [13.5, 2.5, 15, 4], "rotation": 180, "texture": "#0"}
			}
		},
		{
			"from": [10.78033, 12.78033, 8.175],
			"to": [13.03033, 15.03033, 10.175],
			"rotation": {"angle": 0, "axis": "y", "origin": [11.90533, 13.90533, 9.175]},
			"faces": {
				"north": {"uv": [13.5, 3, 15, 1.5], "rotation": 180, "texture": "#0"},
				"east": {"uv": [15, 2.5, 13.5, 1], "rotation": 180, "texture": "#0"},
				"south": {"uv": [13.5, 2.5, 15, 1], "rotation": 180, "texture": "#0"},
				"west": {"uv": [13.5, 3, 15, 1.5], "rotation": 180, "texture": "#0"},
				"up": {"uv": [13.5, 1, 15, 2.5], "rotation": 180, "texture": "#0"},
				"down": {"uv": [13.5, 4, 15, 2.5], "rotation": 180, "texture": "#0"}
			}
		},
		{
			"from": [9.53033, 12.78033, 8.675],
			"to": [10.78033, 14.03033, 9.675],
			"rotation": {"angle": 0, "axis": "y", "origin": [11.90533, 13.90533, 9.175]},
			"faces": {
				"north": {"uv": [13.5, 3, 15, 1.5], "rotation": 180, "texture": "#0"},
				"east": {"uv": [15, 2.5, 13.5, 1], "rotation": 180, "texture": "#0"},
				"south": {"uv": [13.5, 2.5, 15, 1], "rotation": 180, "texture": "#0"},
				"west": {"uv": [13.5, 3, 15, 1.5], "rotation": 180, "texture": "#0"},
				"up": {"uv": [13.5, 1, 15, 2.5], "rotation": 180, "texture": "#0"},
				"down": {"uv": [13.5, 4, 15, 2.5], "rotation": 180, "texture": "#0"}
			}
		},
		{
			"from": [10.28033, 12.03033, 6.825],
			"to": [11.53033, 13.28033, 8.075],
			"rotation": {"angle": 0, "axis": "y", "origin": [10.90533, 12.65533, 7.45]},
			"faces": {
				"north": {"uv": [15, 2.5, 13.5, 1], "rotation": 180, "texture": "#0"},
				"east": {"uv": [13.5, 2.5, 15, 1], "rotation": 180, "texture": "#0"},
				"south": {"uv": [15, 3, 13.5, 1.5], "rotation": 180, "texture": "#0"},
				"west": {"uv": [15, 3, 13.5, 1.5], "rotation": 180, "texture": "#0"},
				"up": {"uv": [13.5, 2.5, 15, 1], "rotation": 180, "texture": "#0"},
				"down": {"uv": [13.5, 2.5, 15, 4], "rotation": 180, "texture": "#0"}
			}
		}
	],
	"display": {
		"thirdperson_righthand": {
			"rotation": [0, 90, 0],
			"translation": [0, 4.25, 0.75],
			"scale": [0.7, 0.7, 0.7]
		},
		"thirdperson_lefthand": {
			"rotation": [0, -90, 0],
			"translation": [0, 4.25, 0.75],
			"scale": [0.7, 0.7, 0.7]
		},
		"firstperson_righthand": {
			"rotation": [154.5, 86, -180],
			"translation": [5, 2, -4.5],
			"scale": [0.6, 0.6, 0.6]
		},
		"firstperson_lefthand": {
			"rotation": [154.5, 86, -180],
			"translation": [5, 2, -4.5],
			"scale": [0.6, 0.6, 0.6]
		},
		"ground": {
			"translation": [0, 3, 0],
			"scale": [0.7, 0.7, 0.7]
		},
		"gui": {
			"rotation": [0, 25.25, -38.25],
			"translation": [-1.5, -0.75, 1],
			"scale": [0.85, 0.85, 0.85]
		},
		"head": {
			"translation": [0, -33, 0],
			"scale": [1.5, 1.5, 1.5]
		},
		"fixed": {
			"translation": [0, -2, -1.25]
		}
	},
	"groups": [
		{
			"name": "group",
			"origin": [10.58252, 14.85817, 8],
			"color": 0,
			"nbt": "{}",
			"armAnimationEnabled": false,
			"children": [0, 1, 2, 3, 4, 5, 6, 7]
		},
		{
			"name": "l",
			"origin": [12.5, 19.375, 8],
			"color": 0,
			"nbt": "{}",
			"armAnimationEnabled": false,
			"children": [8, 9, 10, 11, 12, 13, 14, 15]
		},
		{
			"name": "body",
			"origin": [5.37314, 6.00813, 8],
			"color": 0,
			"nbt": "{}",
			"armAnimationEnabled": false,
			"children": [16, 17, 18, 19, 20, 21, 22]
		},
		23,
		24,
		25,
		26,
		27,
		28,
		29
	]
}