{
	"credit": "Made with Blockbench",
	"texture_size": [64, 64],
	"textures": {
		"main": "items/pet24_a"
	},
	"elements": [
		{
			"from": [4, 17.25, 4],
			"to": [12, 25.25, 12],
			"rotation": {"angle": 0, "axis": "y", "origin": [12, 25.25, 12]},
			"faces": {
				"north": {"uv": [6.0625, 0.5625, 6.5625, 1.0625], "texture": "#main"},
				"east": {"uv": [4.5625, 2.3125, 5.0625, 2.8125], "texture": "#main"},
				"south": {"uv": [5.0625, 2.3125, 5.5625, 2.8125], "texture": "#main"},
				"west": {"uv": [4, 2.4375, 4.5, 2.9375], "texture": "#main"},
				"up": {"uv": [6.0625, 3, 5.5625, 2.5], "texture": "#main"},
				"down": {"uv": [6.5625, 2.5, 6.0625, 3], "texture": "#main"}
			}
		},
		{
			"from": [6, 18.5, 2.125],
			"to": [10, 20.5, 5.125],
			"rotation": {"angle": -22.5, "axis": "x", "origin": [8, 19.5, 3.625]},
			"faces": {
				"north": {"uv": [6.625, 2.4375, 6.875, 2.5625], "texture": "#main"},
				"east": {"uv": [5.75, 3.25, 5.9375, 3.375], "texture": "#main"},
				"south": {"uv": [7.1875, 1.875, 7.4375, 2], "texture": "#main"},
				"west": {"uv": [5.9375, 3.25, 6.125, 3.375], "texture": "#main"},
				"up": {"uv": [7.375, 2.5625, 7.125, 2.375], "texture": "#main"},
				"down": {"uv": [7.375, 2.5625, 7.125, 2.75], "texture": "#main"}
			}
		},
		{
			"from": [2.5, 2.25, 3.5],
			"to": [13.5, 17.25, 12.5],
			"rotation": {"angle": 0, "axis": "y", "origin": [10.5, 10.25, 11.5]},
			"faces": {
				"north": {"uv": [4, 0, 4.6875, 0.9375], "texture": "#main"},
				"east": {"uv": [4, 0.9375, 4.5625, 1.875], "texture": "#main"},
				"south": {"uv": [4.6875, 0.6875, 5.375, 1.625], "texture": "#main"},
				"west": {"uv": [5.375, 1.375, 5.9375, 2.3125], "texture": "#main"},
				"up": {"uv": [6.625, 2.5, 5.9375, 1.9375], "texture": "#main"},
				"down": {"uv": [6.625, 1.375, 5.9375, 1.9375], "texture": "#main"}
			}
		},
		{
			"from": [5.5, 1.625, 11],
			"to": [10.5, 4.625, 14],
			"rotation": {"angle": 45, "axis": "x", "origin": [8, 3.125, 12.5]},
			"faces": {
				"north": {"uv": [5.5625, 2.3125, 5.875, 2.5], "texture": "#main"},
				"east": {"uv": [6.6875, 3.1875, 6.875, 3.375], "texture": "#main"},
				"south": {"uv": [7.125, 3.125, 7.4375, 3.3125], "texture": "#main"},
				"west": {"uv": [7.1875, 0.25, 7.375, 0.4375], "texture": "#main"},
				"up": {"uv": [7.4375, 0.6875, 7.125, 0.5], "texture": "#main"},
				"down": {"uv": [7.4375, 0.6875, 7.125, 0.875], "texture": "#main"}
			}
		},
		{
			"from": [0.5, 6.25, 5.5],
			"to": [2.5, 16.25, 10.5],
			"rotation": {"angle": 0, "axis": "z", "origin": [1.5, 11.25, 8]},
			"faces": {
				"north": {"uv": [4.5625, 0.9375, 4.6875, 1.5625], "texture": "#main"},
				"east": {"uv": [6.5625, 2.5625, 6.875, 3.1875], "texture": "#main"},
				"south": {"uv": [5.25, 1.625, 5.375, 2.25], "texture": "#main"},
				"west": {"uv": [6.5625, 0.5625, 6.875, 1.1875], "texture": "#main"},
				"up": {"uv": [4.375, 3.5, 4.25, 3.1875], "texture": "#main"},
				"down": {"uv": [4.5, 3.1875, 4.375, 3.5], "texture": "#main"}
			}
		},
		{
			"from": [13.5, 6.25, 5.5],
			"to": [15.5, 16.25, 10.5],
			"rotation": {"angle": 0, "axis": "y", "origin": [7.5, 14.25, 13.5]},
			"faces": {
				"north": {"uv": [4, 2.9375, 4.125, 3.5625], "texture": "#main"},
				"east": {"uv": [6.625, 1.1875, 6.9375, 1.8125], "texture": "#main"},
				"south": {"uv": [4.125, 2.9375, 4.25, 3.5625], "texture": "#main"},
				"west": {"uv": [6.625, 1.8125, 6.9375, 2.4375], "texture": "#main"},
				"up": {"uv": [5.5, 3.5, 5.375, 3.1875], "texture": "#main"},
				"down": {"uv": [6.6875, 3.1875, 6.5625, 3.5], "texture": "#main"}
			}
		},
		{
			"from": [2.50781, 0.5, 1.5],
			"to": [6.50781, 2.5, 7.5],
			"rotation": {"angle": 0, "axis": "y", "origin": [10.50781, 8.5, 9.5]},
			"faces": {
				"north": {"uv": [7.1875, 2, 7.4375, 2.125], "texture": "#main"},
				"east": {"uv": [7.125, 2.75, 7.5, 2.875], "texture": "#main"},
				"south": {"uv": [7.1875, 2.125, 7.4375, 2.25], "texture": "#main"},
				"west": {"uv": [5, 3.1875, 5.375, 3.3125], "texture": "#main"},
				"up": {"uv": [5.3125, 3.1875, 5.0625, 2.8125], "texture": "#main"},
				"down": {"uv": [5.5625, 2.8125, 5.3125, 3.1875], "texture": "#main"}
			}
		},
		{
			"from": [9.49219, 0, 2],
			"to": [13.49219, 2, 8],
			"rotation": {"angle": 0, "axis": "x", "origin": [11.49219, 1, 5]},
			"faces": {
				"north": {"uv": [7.1875, 2.25, 7.4375, 2.375], "texture": "#main"},
				"east": {"uv": [7.1875, 0, 7.5625, 0.125], "texture": "#main"},
				"south": {"uv": [5.5, 3.25, 5.75, 3.375], "texture": "#main"},
				"west": {"uv": [7.1875, 0.125, 7.5625, 0.25], "texture": "#main"},
				"up": {"uv": [7.125, 0.875, 6.875, 0.5], "texture": "#main"},
				"down": {"uv": [7.125, 2.4375, 6.875, 2.8125], "texture": "#main"}
			}
		},
		{
			"from": [2.525, 21.625, 3.875],
			"to": [13.525, 23.625, 14.875],
			"rotation": {"angle": 22.5, "axis": "x", "origin": [7.525, 25.5, 8.95833]},
			"faces": {
				"north": {"uv": [6.875, 0.875, 7.5625, 1], "texture": "#main"},
				"east": {"uv": [6.875, 1, 7.5625, 1.125], "texture": "#main"},
				"south": {"uv": [6.9375, 1.125, 7.625, 1.25], "texture": "#main"},
				"west": {"uv": [6.9375, 1.25, 7.625, 1.375], "texture": "#main"},
				"up": {"uv": [5.375, 0.6875, 4.6875, 0], "texture": "#main"},
				"down": {"uv": [6.0625, 0, 5.375, 0.6875], "texture": "#main"}
			}
		},
		{
			"from": [3.4, 23.625, 4.75],
			"to": [12.4, 27.625, 13.75],
			"rotation": {"angle": 22.5, "axis": "x", "origin": [7.525, 25.5, 8.95833]},
			"faces": {
				"north": {"uv": [6.625, 0, 7.1875, 0.25], "texture": "#main"},
				"east": {"uv": [6.625, 0.25, 7.1875, 0.5], "texture": "#main"},
				"south": {"uv": [4.5, 2.8125, 5.0625, 3.0625], "texture": "#main"},
				"west": {"uv": [6.875, 2.875, 7.4375, 3.125], "texture": "#main"},
				"up": {"uv": [4.5625, 2.4375, 4, 1.875], "texture": "#main"},
				"down": {"uv": [6.625, 0, 6.0625, 0.5625], "texture": "#main"}
			}
		},
		{
			"from": [5.9, 24.625, 8],
			"to": [9.9, 28.625, 12],
			"rotation": {"angle": 45, "axis": "x", "origin": [10.025, 26.5, 12.20833]},
			"faces": {
				"north": {"uv": [5.8125, 3, 6.0625, 3.25], "texture": "#main"},
				"east": {"uv": [6.0625, 3, 6.3125, 3.25], "texture": "#main"},
				"south": {"uv": [6.3125, 3, 6.5625, 3.25], "texture": "#main"},
				"west": {"uv": [4.5, 3.0625, 4.75, 3.3125], "texture": "#main"},
				"up": {"uv": [5, 3.3125, 4.75, 3.0625], "texture": "#main"},
				"down": {"uv": [7.125, 3.125, 6.875, 3.375], "texture": "#main"}
			}
		},
		{
			"from": [5.775, 24.625, 7.875],
			"to": [10.025, 28.75, 12.125],
			"rotation": {"angle": 45, "axis": "x", "origin": [10.025, 26.5, 12.20833]},
			"faces": {
				"north": {"uv": [6.0625, 1.0625, 6.3125, 1.3125], "texture": "#main"},
				"east": {"uv": [6.3125, 1.0625, 6.5625, 1.3125], "texture": "#main"},
				"south": {"uv": [4.25, 2.9375, 4.5, 3.1875], "texture": "#main"},
				"west": {"uv": [6.9375, 1.875, 7.1875, 2.125], "texture": "#main"},
				"up": {"uv": [7.1875, 2.375, 6.9375, 2.125], "texture": "#main"},
				"down": {"uv": [5.8125, 3, 5.5625, 3.25], "texture": "#main"}
			}
		},
		{
			"from": [2.4, 21.5, 3.75],
			"to": [13.65, 23.75, 15],
			"rotation": {"angle": 22.5, "axis": "x", "origin": [7.525, 25.5, 8.95833]},
			"faces": {
				"north": {"uv": [6.9375, 1.375, 7.625, 1.5], "texture": "#main"},
				"east": {"uv": [6.9375, 1.5, 7.625, 1.625], "texture": "#main"},
				"south": {"uv": [6.9375, 1.625, 7.625, 1.75], "texture": "#main"},
				"west": {"uv": [6.9375, 1.75, 7.625, 1.875], "texture": "#main"},
				"up": {"uv": [6.0625, 1.375, 5.375, 0.6875], "texture": "#main"},
				"down": {"uv": [5.25, 1.625, 4.5625, 2.3125], "texture": "#main"}
			}
		},
		{
			"from": [4, 17.375, 4],
			"to": [12, 25.375, 12],
			"rotation": {"angle": 0, "axis": "y", "origin": [12, 25.375, 12]},
			"faces": {
				"north": {"uv": [10.0625, 0.5625, 10.5625, 1.0625], "texture": "#main"},
				"east": {"uv": [8.5625, 2.3125, 9.0625, 2.8125], "texture": "#main"},
				"south": {"uv": [9.0625, 2.3125, 9.5625, 2.8125], "texture": "#main"},
				"west": {"uv": [8, 2.4375, 8.5, 2.9375], "texture": "#main"},
				"up": {"uv": [10.0625, 3, 9.5625, 2.5], "texture": "#main"},
				"down": {"uv": [10.5625, 2.5, 10.0625, 3], "texture": "#main"}
			}
		},
		{
			"from": [6, 18.625, 2.125],
			"to": [10, 20.625, 5.125],
			"rotation": {"angle": -22.5, "axis": "x", "origin": [8, 19.625, 3.625]},
			"faces": {
				"north": {"uv": [10.625, 2.4375, 10.875, 2.5625], "texture": "#main"},
				"east": {"uv": [9.75, 3.25, 9.9375, 3.375], "texture": "#main"},
				"south": {"uv": [11.1875, 1.875, 11.4375, 2], "texture": "#main"},
				"west": {"uv": [9.9375, 3.25, 10.125, 3.375], "texture": "#main"},
				"up": {"uv": [11.375, 2.5625, 11.125, 2.375], "texture": "#main"},
				"down": {"uv": [11.375, 2.5625, 11.125, 2.75], "texture": "#main"}
			}
		},
		{
			"from": [2.5, 2.375, 3.5],
			"to": [13.5, 17.375, 12.5],
			"rotation": {"angle": 0, "axis": "y", "origin": [10.5, 10.375, 11.5]},
			"faces": {
				"north": {"uv": [8, 0, 8.6875, 0.9375], "texture": "#main"},
				"east": {"uv": [8, 0.9375, 8.5625, 1.875], "texture": "#main"},
				"south": {"uv": [8.6875, 0.6875, 9.375, 1.625], "texture": "#main"},
				"west": {"uv": [9.375, 1.375, 9.9375, 2.3125], "texture": "#main"},
				"up": {"uv": [10.625, 2.5, 9.9375, 1.9375], "texture": "#main"},
				"down": {"uv": [10.625, 1.375, 9.9375, 1.9375], "texture": "#main"}
			}
		},
		{
			"from": [5.5, 1.75, 11],
			"to": [10.5, 4.75, 14],
			"rotation": {"angle": 45, "axis": "x", "origin": [8, 3.25, 12.5]},
			"faces": {
				"north": {"uv": [9.5625, 2.3125, 9.875, 2.5], "texture": "#main"},
				"east": {"uv": [10.6875, 3.1875, 10.875, 3.375], "texture": "#main"},
				"south": {"uv": [11.125, 3.125, 11.4375, 3.3125], "texture": "#main"},
				"west": {"uv": [11.1875, 0.25, 11.375, 0.4375], "texture": "#main"},
				"up": {"uv": [11.4375, 0.6875, 11.125, 0.5], "texture": "#main"},
				"down": {"uv": [11.4375, 0.6875, 11.125, 0.875], "texture": "#main"}
			}
		},
		{
			"from": [0.5, 6.375, 5.5],
			"to": [2.5, 16.375, 10.5],
			"rotation": {"angle": 0, "axis": "z", "origin": [1.5, 11.375, 8]},
			"faces": {
				"north": {"uv": [8.5625, 0.9375, 8.6875, 1.5625], "texture": "#main"},
				"east": {"uv": [10.5625, 2.5625, 10.875, 3.1875], "texture": "#main"},
				"south": {"uv": [9.25, 1.625, 9.375, 2.25], "texture": "#main"},
				"west": {"uv": [10.5625, 0.5625, 10.875, 1.1875], "texture": "#main"},
				"up": {"uv": [8.375, 3.5, 8.25, 3.1875], "texture": "#main"},
				"down": {"uv": [8.5, 3.1875, 8.375, 3.5], "texture": "#main"}
			}
		},
		{
			"from": [13.5, 6.375, 5.5],
			"to": [15.5, 16.375, 10.5],
			"rotation": {"angle": 0, "axis": "y", "origin": [7.5, 14.375, 13.5]},
			"faces": {
				"north": {"uv": [8, 2.9375, 8.125, 3.5625], "texture": "#main"},
				"east": {"uv": [10.625, 1.1875, 10.9375, 1.8125], "texture": "#main"},
				"south": {"uv": [8.125, 2.9375, 8.25, 3.5625], "texture": "#main"},
				"west": {"uv": [10.625, 1.8125, 10.9375, 2.4375], "texture": "#main"},
				"up": {"uv": [9.5, 3.5, 9.375, 3.1875], "texture": "#main"},
				"down": {"uv": [10.6875, 3.1875, 10.5625, 3.5], "texture": "#main"}
			}
		},
		{
			"from": [2.50781, 0, 1],
			"to": [6.50781, 2, 7],
			"rotation": {"angle": 0, "axis": "y", "origin": [10.50781, 8, 9]},
			"faces": {
				"north": {"uv": [11.1875, 2, 11.4375, 2.125], "texture": "#main"},
				"east": {"uv": [11.125, 2.75, 11.5, 2.875], "texture": "#main"},
				"south": {"uv": [11.1875, 2.125, 11.4375, 2.25], "texture": "#main"},
				"west": {"uv": [9, 3.1875, 9.375, 3.3125], "texture": "#main"},
				"up": {"uv": [9.3125, 3.1875, 9.0625, 2.8125], "texture": "#main"},
				"down": {"uv": [9.5625, 2.8125, 9.3125, 3.1875], "texture": "#main"}
			}
		},
		{
			"from": [9.49219, 0.5, 2],
			"to": [13.49219, 2.5, 8],
			"rotation": {"angle": 0, "axis": "x", "origin": [11.49219, 1.5, 5]},
			"faces": {
				"north": {"uv": [11.1875, 2.25, 11.4375, 2.375], "texture": "#main"},
				"east": {"uv": [11.1875, 0, 11.5625, 0.125], "texture": "#main"},
				"south": {"uv": [9.5, 3.25, 9.75, 3.375], "texture": "#main"},
				"west": {"uv": [11.1875, 0.125, 11.5625, 0.25], "texture": "#main"},
				"up": {"uv": [11.125, 0.875, 10.875, 0.5], "texture": "#main"},
				"down": {"uv": [11.125, 2.4375, 10.875, 2.8125], "texture": "#main"}
			}
		},
		{
			"from": [2.525, 21.75, 3.875],
			"to": [13.525, 23.75, 14.875],
			"rotation": {"angle": 22.5, "axis": "x", "origin": [7.525, 25.625, 8.95833]},
			"faces": {
				"north": {"uv": [10.875, 0.875, 11.5625, 1], "texture": "#main"},
				"east": {"uv": [10.875, 1, 11.5625, 1.125], "texture": "#main"},
				"south": {"uv": [10.9375, 1.125, 11.625, 1.25], "texture": "#main"},
				"west": {"uv": [10.9375, 1.25, 11.625, 1.375], "texture": "#main"},
				"up": {"uv": [9.375, 0.6875, 8.6875, 0], "texture": "#main"},
				"down": {"uv": [10.0625, 0, 9.375, 0.6875], "texture": "#main"}
			}
		},
		{
			"from": [3.4, 23.75, 4.75],
			"to": [12.4, 27.75, 13.75],
			"rotation": {"angle": 22.5, "axis": "x", "origin": [7.525, 25.625, 8.95833]},
			"faces": {
				"north": {"uv": [10.625, 0, 11.1875, 0.25], "texture": "#main"},
				"east": {"uv": [10.625, 0.25, 11.1875, 0.5], "texture": "#main"},
				"south": {"uv": [8.5, 2.8125, 9.0625, 3.0625], "texture": "#main"},
				"west": {"uv": [10.875, 2.875, 11.4375, 3.125], "texture": "#main"},
				"up": {"uv": [8.5625, 2.4375, 8, 1.875], "texture": "#main"},
				"down": {"uv": [10.625, 0, 10.0625, 0.5625], "texture": "#main"}
			}
		},
		{
			"from": [5.9, 24.75, 8],
			"to": [9.9, 28.75, 12],
			"rotation": {"angle": 45, "axis": "x", "origin": [10.025, 26.625, 12.20833]},
			"faces": {
				"north": {"uv": [9.8125, 3, 10.0625, 3.25], "texture": "#main"},
				"east": {"uv": [10.0625, 3, 10.3125, 3.25], "texture": "#main"},
				"south": {"uv": [10.3125, 3, 10.5625, 3.25], "texture": "#main"},
				"west": {"uv": [8.5, 3.0625, 8.75, 3.3125], "texture": "#main"},
				"up": {"uv": [9, 3.3125, 8.75, 3.0625], "texture": "#main"},
				"down": {"uv": [11.125, 3.125, 10.875, 3.375], "texture": "#main"}
			}
		},
		{
			"from": [5.775, 24.75, 7.875],
			"to": [10.025, 28.875, 12.125],
			"rotation": {"angle": 45, "axis": "x", "origin": [10.025, 26.625, 12.20833]},
			"faces": {
				"north": {"uv": [10.0625, 1.0625, 10.3125, 1.3125], "texture": "#main"},
				"east": {"uv": [10.3125, 1.0625, 10.5625, 1.3125], "texture": "#main"},
				"south": {"uv": [8.25, 2.9375, 8.5, 3.1875], "texture": "#main"},
				"west": {"uv": [10.9375, 1.875, 11.1875, 2.125], "texture": "#main"},
				"up": {"uv": [11.1875, 2.375, 10.9375, 2.125], "texture": "#main"},
				"down": {"uv": [9.8125, 3, 9.5625, 3.25], "texture": "#main"}
			}
		},
		{
			"from": [2.4, 21.625, 3.75],
			"to": [13.65, 23.875, 15],
			"rotation": {"angle": 22.5, "axis": "x", "origin": [7.525, 25.625, 8.95833]},
			"faces": {
				"north": {"uv": [10.9375, 1.375, 11.625, 1.5], "texture": "#main"},
				"east": {"uv": [10.9375, 1.5, 11.625, 1.625], "texture": "#main"},
				"south": {"uv": [10.9375, 1.625, 11.625, 1.75], "texture": "#main"},
				"west": {"uv": [10.9375, 1.75, 11.625, 1.875], "texture": "#main"},
				"up": {"uv": [10.0625, 1.375, 9.375, 0.6875], "texture": "#main"},
				"down": {"uv": [9.25, 1.625, 8.5625, 2.3125], "texture": "#main"}
			}
		},
		{
			"from": [4, 17.25, 4],
			"to": [12, 25.25, 12],
			"rotation": {"angle": 0, "axis": "y", "origin": [12, 25.25, 12]},
			"faces": {
				"north": {"uv": [14.0625, 0.5625, 14.5625, 1.0625], "texture": "#main"},
				"east": {"uv": [12.5625, 2.3125, 13.0625, 2.8125], "texture": "#main"},
				"south": {"uv": [13.0625, 2.3125, 13.5625, 2.8125], "texture": "#main"},
				"west": {"uv": [12, 2.4375, 12.5, 2.9375], "texture": "#main"},
				"up": {"uv": [14.0625, 3, 13.5625, 2.5], "texture": "#main"},
				"down": {"uv": [14.5625, 2.5, 14.0625, 3], "texture": "#main"}
			}
		},
		{
			"from": [6, 18.5, 2.125],
			"to": [10, 20.5, 5.125],
			"rotation": {"angle": -22.5, "axis": "x", "origin": [8, 19.5, 3.625]},
			"faces": {
				"north": {"uv": [14.625, 2.4375, 14.875, 2.5625], "texture": "#main"},
				"east": {"uv": [13.75, 3.25, 13.9375, 3.375], "texture": "#main"},
				"south": {"uv": [15.1875, 1.875, 15.4375, 2], "texture": "#main"},
				"west": {"uv": [13.9375, 3.25, 14.125, 3.375], "texture": "#main"},
				"up": {"uv": [15.375, 2.5625, 15.125, 2.375], "texture": "#main"},
				"down": {"uv": [15.375, 2.5625, 15.125, 2.75], "texture": "#main"}
			}
		},
		{
			"from": [2.5, 2.25, 3.5],
			"to": [13.5, 17.25, 12.5],
			"rotation": {"angle": 0, "axis": "y", "origin": [10.5, 10.25, 11.5]},
			"faces": {
				"north": {"uv": [12, 0, 12.6875, 0.9375], "texture": "#main"},
				"east": {"uv": [12, 0.9375, 12.5625, 1.875], "texture": "#main"},
				"south": {"uv": [12.6875, 0.6875, 13.375, 1.625], "texture": "#main"},
				"west": {"uv": [13.375, 1.375, 13.9375, 2.3125], "texture": "#main"},
				"up": {"uv": [14.625, 2.5, 13.9375, 1.9375], "texture": "#main"},
				"down": {"uv": [14.625, 1.375, 13.9375, 1.9375], "texture": "#main"}
			}
		},
		{
			"from": [5.5, 1.625, 11],
			"to": [10.5, 4.625, 14],
			"rotation": {"angle": 45, "axis": "x", "origin": [8, 3.125, 12.5]},
			"faces": {
				"north": {"uv": [13.5625, 2.3125, 13.875, 2.5], "texture": "#main"},
				"east": {"uv": [14.6875, 3.1875, 14.875, 3.375], "texture": "#main"},
				"south": {"uv": [15.125, 3.125, 15.4375, 3.3125], "texture": "#main"},
				"west": {"uv": [15.1875, 0.25, 15.375, 0.4375], "texture": "#main"},
				"up": {"uv": [15.4375, 0.6875, 15.125, 0.5], "texture": "#main"},
				"down": {"uv": [15.4375, 0.6875, 15.125, 0.875], "texture": "#main"}
			}
		},
		{
			"from": [0.5, 6.25, 5.5],
			"to": [2.5, 16.25, 10.5],
			"rotation": {"angle": 0, "axis": "z", "origin": [1.5, 11.25, 8]},
			"faces": {
				"north": {"uv": [12.5625, 0.9375, 12.6875, 1.5625], "texture": "#main"},
				"east": {"uv": [14.5625, 2.5625, 14.875, 3.1875], "texture": "#main"},
				"south": {"uv": [13.25, 1.625, 13.375, 2.25], "texture": "#main"},
				"west": {"uv": [14.5625, 0.5625, 14.875, 1.1875], "texture": "#main"},
				"up": {"uv": [12.375, 3.5, 12.25, 3.1875], "texture": "#main"},
				"down": {"uv": [12.5, 3.1875, 12.375, 3.5], "texture": "#main"}
			}
		},
		{
			"from": [13.5, 6.25, 5.5],
			"to": [15.5, 16.25, 10.5],
			"rotation": {"angle": 0, "axis": "y", "origin": [7.5, 14.25, 13.5]},
			"faces": {
				"north": {"uv": [12, 2.9375, 12.125, 3.5625], "texture": "#main"},
				"east": {"uv": [14.625, 1.1875, 14.9375, 1.8125], "texture": "#main"},
				"south": {"uv": [12.125, 2.9375, 12.25, 3.5625], "texture": "#main"},
				"west": {"uv": [14.625, 1.8125, 14.9375, 2.4375], "texture": "#main"},
				"up": {"uv": [13.5, 3.5, 13.375, 3.1875], "texture": "#main"},
				"down": {"uv": [14.6875, 3.1875, 14.5625, 3.5], "texture": "#main"}
			}
		},
		{
			"from": [2.50781, 0, 1.5],
			"to": [6.50781, 2, 7.5],
			"rotation": {"angle": 0, "axis": "y", "origin": [10.50781, 8, 9.5]},
			"faces": {
				"north": {"uv": [15.1875, 2, 15.4375, 2.125], "texture": "#main"},
				"east": {"uv": [15.125, 2.75, 15.5, 2.875], "texture": "#main"},
				"south": {"uv": [15.1875, 2.125, 15.4375, 2.25], "texture": "#main"},
				"west": {"uv": [13, 3.1875, 13.375, 3.3125], "texture": "#main"},
				"up": {"uv": [13.3125, 3.1875, 13.0625, 2.8125], "texture": "#main"},
				"down": {"uv": [13.5625, 2.8125, 13.3125, 3.1875], "texture": "#main"}
			}
		},
		{
			"from": [9.49219, 0.5, 1.5],
			"to": [13.49219, 2.5, 7.5],
			"rotation": {"angle": 0, "axis": "x", "origin": [11.49219, 1.5, 4.5]},
			"faces": {
				"north": {"uv": [15.1875, 2.25, 15.4375, 2.375], "texture": "#main"},
				"east": {"uv": [15.1875, 0, 15.5625, 0.125], "texture": "#main"},
				"south": {"uv": [13.5, 3.25, 13.75, 3.375], "texture": "#main"},
				"west": {"uv": [15.1875, 0.125, 15.5625, 0.25], "texture": "#main"},
				"up": {"uv": [15.125, 0.875, 14.875, 0.5], "texture": "#main"},
				"down": {"uv": [15.125, 2.4375, 14.875, 2.8125], "texture": "#main"}
			}
		},
		{
			"from": [2.525, 21.625, 3.875],
			"to": [13.525, 23.625, 14.875],
			"rotation": {"angle": 22.5, "axis": "x", "origin": [7.525, 25.5, 8.95833]},
			"faces": {
				"north": {"uv": [14.875, 0.875, 15.5625, 1], "texture": "#main"},
				"east": {"uv": [14.875, 1, 15.5625, 1.125], "texture": "#main"},
				"south": {"uv": [14.9375, 1.125, 15.625, 1.25], "texture": "#main"},
				"west": {"uv": [14.9375, 1.25, 15.625, 1.375], "texture": "#main"},
				"up": {"uv": [13.375, 0.6875, 12.6875, 0], "texture": "#main"},
				"down": {"uv": [14.0625, 0, 13.375, 0.6875], "texture": "#main"}
			}
		},
		{
			"from": [3.4, 23.625, 4.75],
			"to": [12.4, 27.625, 13.75],
			"rotation": {"angle": 22.5, "axis": "x", "origin": [7.525, 25.5, 8.95833]},
			"faces": {
				"north": {"uv": [14.625, 0, 15.1875, 0.25], "texture": "#main"},
				"east": {"uv": [14.625, 0.25, 15.1875, 0.5], "texture": "#main"},
				"south": {"uv": [12.5, 2.8125, 13.0625, 3.0625], "texture": "#main"},
				"west": {"uv": [14.875, 2.875, 15.4375, 3.125], "texture": "#main"},
				"up": {"uv": [12.5625, 2.4375, 12, 1.875], "texture": "#main"},
				"down": {"uv": [14.625, 0, 14.0625, 0.5625], "texture": "#main"}
			}
		},
		{
			"from": [5.9, 24.625, 8],
			"to": [9.9, 28.625, 12],
			"rotation": {"angle": 45, "axis": "x", "origin": [10.025, 26.5, 12.20833]},
			"faces": {
				"north": {"uv": [13.8125, 3, 14.0625, 3.25], "texture": "#main"},
				"east": {"uv": [14.0625, 3, 14.3125, 3.25], "texture": "#main"},
				"south": {"uv": [14.3125, 3, 14.5625, 3.25], "texture": "#main"},
				"west": {"uv": [12.5, 3.0625, 12.75, 3.3125], "texture": "#main"},
				"up": {"uv": [13, 3.3125, 12.75, 3.0625], "texture": "#main"},
				"down": {"uv": [15.125, 3.125, 14.875, 3.375], "texture": "#main"}
			}
		},
		{
			"from": [5.775, 24.625, 7.875],
			"to": [10.025, 28.75, 12.125],
			"rotation": {"angle": 45, "axis": "x", "origin": [10.025, 26.5, 12.20833]},
			"faces": {
				"north": {"uv": [14.0625, 1.0625, 14.3125, 1.3125], "texture": "#main"},
				"east": {"uv": [14.3125, 1.0625, 14.5625, 1.3125], "texture": "#main"},
				"south": {"uv": [12.25, 2.9375, 12.5, 3.1875], "texture": "#main"},
				"west": {"uv": [14.9375, 1.875, 15.1875, 2.125], "texture": "#main"},
				"up": {"uv": [15.1875, 2.375, 14.9375, 2.125], "texture": "#main"},
				"down": {"uv": [13.8125, 3, 13.5625, 3.25], "texture": "#main"}
			}
		},
		{
			"from": [2.4, 21.5, 3.75],
			"to": [13.65, 23.75, 15],
			"rotation": {"angle": 22.5, "axis": "x", "origin": [7.525, 25.5, 8.95833]},
			"faces": {
				"north": {"uv": [14.9375, 1.375, 15.625, 1.5], "texture": "#main"},
				"east": {"uv": [14.9375, 1.5, 15.625, 1.625], "texture": "#main"},
				"south": {"uv": [14.9375, 1.625, 15.625, 1.75], "texture": "#main"},
				"west": {"uv": [14.9375, 1.75, 15.625, 1.875], "texture": "#main"},
				"up": {"uv": [14.0625, 1.375, 13.375, 0.6875], "texture": "#main"},
				"down": {"uv": [13.25, 1.625, 12.5625, 2.3125], "texture": "#main"}
			}
		},
		{
			"from": [4, 17.125, 4],
			"to": [12, 25.125, 12],
			"rotation": {"angle": 0, "axis": "y", "origin": [12, 25.125, 12]},
			"faces": {
				"north": {"uv": [2.0625, 4.5625, 2.5625, 5.0625], "texture": "#main"},
				"east": {"uv": [0.5625, 6.3125, 1.0625, 6.8125], "texture": "#main"},
				"south": {"uv": [1.0625, 6.3125, 1.5625, 6.8125], "texture": "#main"},
				"west": {"uv": [0, 6.4375, 0.5, 6.9375], "texture": "#main"},
				"up": {"uv": [2.0625, 7, 1.5625, 6.5], "texture": "#main"},
				"down": {"uv": [2.5625, 6.5, 2.0625, 7], "texture": "#main"}
			}
		},
		{
			"from": [6, 18.375, 2.125],
			"to": [10, 20.375, 5.125],
			"rotation": {"angle": -22.5, "axis": "x", "origin": [8, 19.375, 3.625]},
			"faces": {
				"north": {"uv": [2.625, 6.4375, 2.875, 6.5625], "texture": "#main"},
				"east": {"uv": [1.75, 7.25, 1.9375, 7.375], "texture": "#main"},
				"south": {"uv": [3.1875, 5.875, 3.4375, 6], "texture": "#main"},
				"west": {"uv": [1.9375, 7.25, 2.125, 7.375], "texture": "#main"},
				"up": {"uv": [3.375, 6.5625, 3.125, 6.375], "texture": "#main"},
				"down": {"uv": [3.375, 6.5625, 3.125, 6.75], "texture": "#main"}
			}
		},
		{
			"from": [2.5, 2.125, 3.5],
			"to": [13.5, 17.125, 12.5],
			"rotation": {"angle": 0, "axis": "y", "origin": [10.5, 10.125, 11.5]},
			"faces": {
				"north": {"uv": [0, 4, 0.6875, 4.9375], "texture": "#main"},
				"east": {"uv": [0, 4.9375, 0.5625, 5.875], "texture": "#main"},
				"south": {"uv": [0.6875, 4.6875, 1.375, 5.625], "texture": "#main"},
				"west": {"uv": [1.375, 5.375, 1.9375, 6.3125], "texture": "#main"},
				"up": {"uv": [2.625, 6.5, 1.9375, 5.9375], "texture": "#main"},
				"down": {"uv": [2.625, 5.375, 1.9375, 5.9375], "texture": "#main"}
			}
		},
		{
			"from": [5.5, 1.5, 11],
			"to": [10.5, 4.5, 14],
			"rotation": {"angle": 45, "axis": "x", "origin": [8, 3, 12.5]},
			"faces": {
				"north": {"uv": [1.5625, 6.3125, 1.875, 6.5], "texture": "#main"},
				"east": {"uv": [2.6875, 7.1875, 2.875, 7.375], "texture": "#main"},
				"south": {"uv": [3.125, 7.125, 3.4375, 7.3125], "texture": "#main"},
				"west": {"uv": [3.1875, 4.25, 3.375, 4.4375], "texture": "#main"},
				"up": {"uv": [3.4375, 4.6875, 3.125, 4.5], "texture": "#main"},
				"down": {"uv": [3.4375, 4.6875, 3.125, 4.875], "texture": "#main"}
			}
		},
		{
			"from": [0.5, 6.125, 5.5],
			"to": [2.5, 16.125, 10.5],
			"rotation": {"angle": 0, "axis": "z", "origin": [1.5, 11.125, 8]},
			"faces": {
				"north": {"uv": [0.5625, 4.9375, 0.6875, 5.5625], "texture": "#main"},
				"east": {"uv": [2.5625, 6.5625, 2.875, 7.1875], "texture": "#main"},
				"south": {"uv": [1.25, 5.625, 1.375, 6.25], "texture": "#main"},
				"west": {"uv": [2.5625, 4.5625, 2.875, 5.1875], "texture": "#main"},
				"up": {"uv": [0.375, 7.5, 0.25, 7.1875], "texture": "#main"},
				"down": {"uv": [0.5, 7.1875, 0.375, 7.5], "texture": "#main"}
			}
		},
		{
			"from": [13.5, 6.125, 5.5],
			"to": [15.5, 16.125, 10.5],
			"rotation": {"angle": 0, "axis": "y", "origin": [7.5, 14.125, 13.5]},
			"faces": {
				"north": {"uv": [0, 6.9375, 0.125, 7.5625], "texture": "#main"},
				"east": {"uv": [2.625, 5.1875, 2.9375, 5.8125], "texture": "#main"},
				"south": {"uv": [0.125, 6.9375, 0.25, 7.5625], "texture": "#main"},
				"west": {"uv": [2.625, 5.8125, 2.9375, 6.4375], "texture": "#main"},
				"up": {"uv": [1.5, 7.5, 1.375, 7.1875], "texture": "#main"},
				"down": {"uv": [2.6875, 7.1875, 2.5625, 7.5], "texture": "#main"}
			}
		},
		{
			"from": [2.50781, 0, 2],
			"to": [6.50781, 2, 8],
			"rotation": {"angle": 0, "axis": "y", "origin": [10.50781, 8, 10]},
			"faces": {
				"north": {"uv": [3.1875, 6, 3.4375, 6.125], "texture": "#main"},
				"east": {"uv": [3.125, 6.75, 3.5, 6.875], "texture": "#main"},
				"south": {"uv": [3.1875, 6.125, 3.4375, 6.25], "texture": "#main"},
				"west": {"uv": [1, 7.1875, 1.375, 7.3125], "texture": "#main"},
				"up": {"uv": [1.3125, 7.1875, 1.0625, 6.8125], "texture": "#main"},
				"down": {"uv": [1.5625, 6.8125, 1.3125, 7.1875], "texture": "#main"}
			}
		},
		{
			"from": [9.49219, 0, 1.5],
			"to": [13.49219, 2, 7.5],
			"rotation": {"angle": 0, "axis": "x", "origin": [11.49219, 1, 4.5]},
			"faces": {
				"north": {"uv": [3.1875, 6.25, 3.4375, 6.375], "texture": "#main"},
				"east": {"uv": [3.1875, 4, 3.5625, 4.125], "texture": "#main"},
				"south": {"uv": [1.5, 7.25, 1.75, 7.375], "texture": "#main"},
				"west": {"uv": [3.1875, 4.125, 3.5625, 4.25], "texture": "#main"},
				"up": {"uv": [3.125, 4.875, 2.875, 4.5], "texture": "#main"},
				"down": {"uv": [3.125, 6.4375, 2.875, 6.8125], "texture": "#main"}
			}
		},
		{
			"from": [2.525, 21.5, 3.875],
			"to": [13.525, 23.5, 14.875],
			"rotation": {"angle": 22.5, "axis": "x", "origin": [7.525, 25.375, 8.95833]},
			"faces": {
				"north": {"uv": [2.875, 4.875, 3.5625, 5], "texture": "#main"},
				"east": {"uv": [2.875, 5, 3.5625, 5.125], "texture": "#main"},
				"south": {"uv": [2.9375, 5.125, 3.625, 5.25], "texture": "#main"},
				"west": {"uv": [2.9375, 5.25, 3.625, 5.375], "texture": "#main"},
				"up": {"uv": [1.375, 4.6875, 0.6875, 4], "texture": "#main"},
				"down": {"uv": [2.0625, 4, 1.375, 4.6875], "texture": "#main"}
			}
		},
		{
			"from": [3.4, 23.5, 4.75],
			"to": [12.4, 27.5, 13.75],
			"rotation": {"angle": 22.5, "axis": "x", "origin": [7.525, 25.375, 8.95833]},
			"faces": {
				"north": {"uv": [2.625, 4, 3.1875, 4.25], "texture": "#main"},
				"east": {"uv": [2.625, 4.25, 3.1875, 4.5], "texture": "#main"},
				"south": {"uv": [0.5, 6.8125, 1.0625, 7.0625], "texture": "#main"},
				"west": {"uv": [2.875, 6.875, 3.4375, 7.125], "texture": "#main"},
				"up": {"uv": [0.5625, 6.4375, 0, 5.875], "texture": "#main"},
				"down": {"uv": [2.625, 4, 2.0625, 4.5625], "texture": "#main"}
			}
		},
		{
			"from": [5.9, 24.5, 8],
			"to": [9.9, 28.5, 12],
			"rotation": {"angle": 45, "axis": "x", "origin": [10.025, 26.375, 12.20833]},
			"faces": {
				"north": {"uv": [1.8125, 7, 2.0625, 7.25], "texture": "#main"},
				"east": {"uv": [2.0625, 7, 2.3125, 7.25], "texture": "#main"},
				"south": {"uv": [2.3125, 7, 2.5625, 7.25], "texture": "#main"},
				"west": {"uv": [0.5, 7.0625, 0.75, 7.3125], "texture": "#main"},
				"up": {"uv": [1, 7.3125, 0.75, 7.0625], "texture": "#main"},
				"down": {"uv": [3.125, 7.125, 2.875, 7.375], "texture": "#main"}
			}
		},
		{
			"from": [5.775, 24.5, 7.875],
			"to": [10.025, 28.625, 12.125],
			"rotation": {"angle": 45, "axis": "x", "origin": [10.025, 26.375, 12.20833]},
			"faces": {
				"north": {"uv": [2.0625, 5.0625, 2.3125, 5.3125], "texture": "#main"},
				"east": {"uv": [2.3125, 5.0625, 2.5625, 5.3125], "texture": "#main"},
				"south": {"uv": [0.25, 6.9375, 0.5, 7.1875], "texture": "#main"},
				"west": {"uv": [2.9375, 5.875, 3.1875, 6.125], "texture": "#main"},
				"up": {"uv": [3.1875, 6.375, 2.9375, 6.125], "texture": "#main"},
				"down": {"uv": [1.8125, 7, 1.5625, 7.25], "texture": "#main"}
			}
		},
		{
			"from": [2.4, 21.375, 3.75],
			"to": [13.65, 23.625, 15],
			"rotation": {"angle": 22.5, "axis": "x", "origin": [7.525, 25.375, 8.95833]},
			"faces": {
				"north": {"uv": [2.9375, 5.375, 3.625, 5.5], "texture": "#main"},
				"east": {"uv": [2.9375, 5.5, 3.625, 5.625], "texture": "#main"},
				"south": {"uv": [2.9375, 5.625, 3.625, 5.75], "texture": "#main"},
				"west": {"uv": [2.9375, 5.75, 3.625, 5.875], "texture": "#main"},
				"up": {"uv": [2.0625, 5.375, 1.375, 4.6875], "texture": "#main"},
				"down": {"uv": [1.25, 5.625, 0.5625, 6.3125], "texture": "#main"}
			}
		},
		{
			"from": [4, 17, 4],
			"to": [12, 25, 12],
			"rotation": {"angle": 0, "axis": "y", "origin": [12, 25, 12]},
			"faces": {
				"north": {"uv": [6.0625, 4.5625, 6.5625, 5.0625], "texture": "#main"},
				"east": {"uv": [4.5625, 6.3125, 5.0625, 6.8125], "texture": "#main"},
				"south": {"uv": [5.0625, 6.3125, 5.5625, 6.8125], "texture": "#main"},
				"west": {"uv": [4, 6.4375, 4.5, 6.9375], "texture": "#main"},
				"up": {"uv": [6.0625, 7, 5.5625, 6.5], "texture": "#main"},
				"down": {"uv": [6.5625, 6.5, 6.0625, 7], "texture": "#main"}
			}
		},
		{
			"from": [6, 18.25, 2.125],
			"to": [10, 20.25, 5.125],
			"rotation": {"angle": -22.5, "axis": "x", "origin": [8, 19.25, 3.625]},
			"faces": {
				"north": {"uv": [6.625, 6.4375, 6.875, 6.5625], "texture": "#main"},
				"east": {"uv": [5.75, 7.25, 5.9375, 7.375], "texture": "#main"},
				"south": {"uv": [7.1875, 5.875, 7.4375, 6], "texture": "#main"},
				"west": {"uv": [5.9375, 7.25, 6.125, 7.375], "texture": "#main"},
				"up": {"uv": [7.375, 6.5625, 7.125, 6.375], "texture": "#main"},
				"down": {"uv": [7.375, 6.5625, 7.125, 6.75], "texture": "#main"}
			}
		},
		{
			"from": [2.5, 2, 3.5],
			"to": [13.5, 17, 12.5],
			"rotation": {"angle": 0, "axis": "y", "origin": [10.5, 10, 11.5]},
			"faces": {
				"north": {"uv": [4, 4, 4.6875, 4.9375], "texture": "#main"},
				"east": {"uv": [4, 4.9375, 4.5625, 5.875], "texture": "#main"},
				"south": {"uv": [4.6875, 4.6875, 5.375, 5.625], "texture": "#main"},
				"west": {"uv": [5.375, 5.375, 5.9375, 6.3125], "texture": "#main"},
				"up": {"uv": [6.625, 6.5, 5.9375, 5.9375], "texture": "#main"},
				"down": {"uv": [6.625, 5.375, 5.9375, 5.9375], "texture": "#main"}
			}
		},
		{
			"from": [5.5, 1.375, 11],
			"to": [10.5, 4.375, 14],
			"rotation": {"angle": 45, "axis": "x", "origin": [8, 2.875, 12.5]},
			"faces": {
				"north": {"uv": [5.5625, 6.3125, 5.875, 6.5], "texture": "#main"},
				"east": {"uv": [6.6875, 7.1875, 6.875, 7.375], "texture": "#main"},
				"south": {"uv": [7.125, 7.125, 7.4375, 7.3125], "texture": "#main"},
				"west": {"uv": [7.1875, 4.25, 7.375, 4.4375], "texture": "#main"},
				"up": {"uv": [7.4375, 4.6875, 7.125, 4.5], "texture": "#main"},
				"down": {"uv": [7.4375, 4.6875, 7.125, 4.875], "texture": "#main"}
			}
		},
		{
			"from": [0.5, 6, 5.5],
			"to": [2.5, 16, 10.5],
			"rotation": {"angle": 0, "axis": "z", "origin": [1.5, 11, 8]},
			"faces": {
				"north": {"uv": [4.5625, 4.9375, 4.6875, 5.5625], "texture": "#main"},
				"east": {"uv": [6.5625, 6.5625, 6.875, 7.1875], "texture": "#main"},
				"south": {"uv": [5.25, 5.625, 5.375, 6.25], "texture": "#main"},
				"west": {"uv": [6.5625, 4.5625, 6.875, 5.1875], "texture": "#main"},
				"up": {"uv": [4.375, 7.5, 4.25, 7.1875], "texture": "#main"},
				"down": {"uv": [4.5, 7.1875, 4.375, 7.5], "texture": "#main"}
			}
		},
		{
			"from": [13.5, 6, 5.5],
			"to": [15.5, 16, 10.5],
			"rotation": {"angle": 0, "axis": "y", "origin": [7.5, 14, 13.5]},
			"faces": {
				"north": {"uv": [4, 6.9375, 4.125, 7.5625], "texture": "#main"},
				"east": {"uv": [6.625, 5.1875, 6.9375, 5.8125], "texture": "#main"},
				"south": {"uv": [4.125, 6.9375, 4.25, 7.5625], "texture": "#main"},
				"west": {"uv": [6.625, 5.8125, 6.9375, 6.4375], "texture": "#main"},
				"up": {"uv": [5.5, 7.5, 5.375, 7.1875], "texture": "#main"},
				"down": {"uv": [6.6875, 7.1875, 6.5625, 7.5], "texture": "#main"}
			}
		},
		{
			"from": [2.50781, 0, 2],
			"to": [6.50781, 2, 8],
			"rotation": {"angle": 0, "axis": "y", "origin": [10.50781, 8, 10]},
			"faces": {
				"north": {"uv": [7.1875, 6, 7.4375, 6.125], "texture": "#main"},
				"east": {"uv": [7.125, 6.75, 7.5, 6.875], "texture": "#main"},
				"south": {"uv": [7.1875, 6.125, 7.4375, 6.25], "texture": "#main"},
				"west": {"uv": [5, 7.1875, 5.375, 7.3125], "texture": "#main"},
				"up": {"uv": [5.3125, 7.1875, 5.0625, 6.8125], "texture": "#main"},
				"down": {"uv": [5.5625, 6.8125, 5.3125, 7.1875], "texture": "#main"}
			}
		},
		{
			"from": [9.49219, 0, 2],
			"to": [13.49219, 2, 8],
			"rotation": {"angle": 0, "axis": "x", "origin": [11.49219, 1, 5]},
			"faces": {
				"north": {"uv": [7.1875, 6.25, 7.4375, 6.375], "texture": "#main"},
				"east": {"uv": [7.1875, 4, 7.5625, 4.125], "texture": "#main"},
				"south": {"uv": [5.5, 7.25, 5.75, 7.375], "texture": "#main"},
				"west": {"uv": [7.1875, 4.125, 7.5625, 4.25], "texture": "#main"},
				"up": {"uv": [7.125, 4.875, 6.875, 4.5], "texture": "#main"},
				"down": {"uv": [7.125, 6.4375, 6.875, 6.8125], "texture": "#main"}
			}
		},
		{
			"from": [2.525, 21.375, 3.875],
			"to": [13.525, 23.375, 14.875],
			"rotation": {"angle": 22.5, "axis": "x", "origin": [7.525, 25.25, 8.95833]},
			"faces": {
				"north": {"uv": [6.875, 4.875, 7.5625, 5], "texture": "#main"},
				"east": {"uv": [6.875, 5, 7.5625, 5.125], "texture": "#main"},
				"south": {"uv": [6.9375, 5.125, 7.625, 5.25], "texture": "#main"},
				"west": {"uv": [6.9375, 5.25, 7.625, 5.375], "texture": "#main"},
				"up": {"uv": [5.375, 4.6875, 4.6875, 4], "texture": "#main"},
				"down": {"uv": [6.0625, 4, 5.375, 4.6875], "texture": "#main"}
			}
		},
		{
			"from": [3.4, 23.375, 4.75],
			"to": [12.4, 27.375, 13.75],
			"rotation": {"angle": 22.5, "axis": "x", "origin": [7.525, 25.25, 8.95833]},
			"faces": {
				"north": {"uv": [6.625, 4, 7.1875, 4.25], "texture": "#main"},
				"east": {"uv": [6.625, 4.25, 7.1875, 4.5], "texture": "#main"},
				"south": {"uv": [4.5, 6.8125, 5.0625, 7.0625], "texture": "#main"},
				"west": {"uv": [6.875, 6.875, 7.4375, 7.125], "texture": "#main"},
				"up": {"uv": [4.5625, 6.4375, 4, 5.875], "texture": "#main"},
				"down": {"uv": [6.625, 4, 6.0625, 4.5625], "texture": "#main"}
			}
		},
		{
			"from": [5.9, 24.375, 8],
			"to": [9.9, 28.375, 12],
			"rotation": {"angle": 45, "axis": "x", "origin": [10.025, 26.25, 12.20833]},
			"faces": {
				"north": {"uv": [5.8125, 7, 6.0625, 7.25], "texture": "#main"},
				"east": {"uv": [6.0625, 7, 6.3125, 7.25], "texture": "#main"},
				"south": {"uv": [6.3125, 7, 6.5625, 7.25], "texture": "#main"},
				"west": {"uv": [4.5, 7.0625, 4.75, 7.3125], "texture": "#main"},
				"up": {"uv": [5, 7.3125, 4.75, 7.0625], "texture": "#main"},
				"down": {"uv": [7.125, 7.125, 6.875, 7.375], "texture": "#main"}
			}
		},
		{
			"from": [5.775, 24.375, 7.875],
			"to": [10.025, 28.5, 12.125],
			"rotation": {"angle": 45, "axis": "x", "origin": [10.025, 26.25, 12.20833]},
			"faces": {
				"north": {"uv": [6.0625, 5.0625, 6.3125, 5.3125], "texture": "#main"},
				"east": {"uv": [6.3125, 5.0625, 6.5625, 5.3125], "texture": "#main"},
				"south": {"uv": [4.25, 6.9375, 4.5, 7.1875], "texture": "#main"},
				"west": {"uv": [6.9375, 5.875, 7.1875, 6.125], "texture": "#main"},
				"up": {"uv": [7.1875, 6.375, 6.9375, 6.125], "texture": "#main"},
				"down": {"uv": [5.8125, 7, 5.5625, 7.25], "texture": "#main"}
			}
		},
		{
			"from": [2.4, 21.25, 3.75],
			"to": [13.65, 23.5, 15],
			"rotation": {"angle": 22.5, "axis": "x", "origin": [7.525, 25.25, 8.95833]},
			"faces": {
				"north": {"uv": [6.9375, 5.375, 7.625, 5.5], "texture": "#main"},
				"east": {"uv": [6.9375, 5.5, 7.625, 5.625], "texture": "#main"},
				"south": {"uv": [6.9375, 5.625, 7.625, 5.75], "texture": "#main"},
				"west": {"uv": [6.9375, 5.75, 7.625, 5.875], "texture": "#main"},
				"up": {"uv": [6.0625, 5.375, 5.375, 4.6875], "texture": "#main"},
				"down": {"uv": [5.25, 5.625, 4.5625, 6.3125], "texture": "#main"}
			}
		},
		{
			"from": [4, 17.125, 4],
			"to": [12, 25.125, 12],
			"rotation": {"angle": 0, "axis": "y", "origin": [12, 25.125, 12]},
			"faces": {
				"north": {"uv": [2.0625, 0.5625, 2.5625, 1.0625], "texture": "#main"},
				"east": {"uv": [0.5625, 2.3125, 1.0625, 2.8125], "texture": "#main"},
				"south": {"uv": [1.0625, 2.3125, 1.5625, 2.8125], "texture": "#main"},
				"west": {"uv": [0, 2.4375, 0.5, 2.9375], "texture": "#main"},
				"up": {"uv": [2.0625, 3, 1.5625, 2.5], "texture": "#main"},
				"down": {"uv": [2.5625, 2.5, 2.0625, 3], "texture": "#main"}
			}
		},
		{
			"from": [6, 18.375, 2.125],
			"to": [10, 20.375, 5.125],
			"rotation": {"angle": -22.5, "axis": "x", "origin": [8, 19.375, 3.625]},
			"faces": {
				"north": {"uv": [2.625, 2.4375, 2.875, 2.5625], "texture": "#main"},
				"east": {"uv": [1.75, 3.25, 1.9375, 3.375], "texture": "#main"},
				"south": {"uv": [3.1875, 1.875, 3.4375, 2], "texture": "#main"},
				"west": {"uv": [1.9375, 3.25, 2.125, 3.375], "texture": "#main"},
				"up": {"uv": [3.375, 2.5625, 3.125, 2.375], "texture": "#main"},
				"down": {"uv": [3.375, 2.5625, 3.125, 2.75], "texture": "#main"}
			}
		},
		{
			"from": [2.5, 2.125, 3.5],
			"to": [13.5, 17.125, 12.5],
			"rotation": {"angle": 0, "axis": "y", "origin": [10.5, 10.125, 11.5]},
			"faces": {
				"north": {"uv": [0, 0, 0.6875, 0.9375], "texture": "#main"},
				"east": {"uv": [0, 0.9375, 0.5625, 1.875], "texture": "#main"},
				"south": {"uv": [0.6875, 0.6875, 1.375, 1.625], "texture": "#main"},
				"west": {"uv": [1.375, 1.375, 1.9375, 2.3125], "texture": "#main"},
				"up": {"uv": [2.625, 2.5, 1.9375, 1.9375], "texture": "#main"},
				"down": {"uv": [2.625, 1.375, 1.9375, 1.9375], "texture": "#main"}
			}
		},
		{
			"from": [5.5, 1.5, 11],
			"to": [10.5, 4.5, 14],
			"rotation": {"angle": 45, "axis": "x", "origin": [8, 3, 12.5]},
			"faces": {
				"north": {"uv": [1.5625, 2.3125, 1.875, 2.5], "texture": "#main"},
				"east": {"uv": [2.6875, 3.1875, 2.875, 3.375], "texture": "#main"},
				"south": {"uv": [3.125, 3.125, 3.4375, 3.3125], "texture": "#main"},
				"west": {"uv": [3.1875, 0.25, 3.375, 0.4375], "texture": "#main"},
				"up": {"uv": [3.4375, 0.6875, 3.125, 0.5], "texture": "#main"},
				"down": {"uv": [3.4375, 0.6875, 3.125, 0.875], "texture": "#main"}
			}
		},
		{
			"from": [0.5, 6.125, 5.5],
			"to": [2.5, 16.125, 10.5],
			"rotation": {"angle": 0, "axis": "y", "origin": [1.5, 11.125, 8]},
			"faces": {
				"north": {"uv": [0.5625, 0.9375, 0.6875, 1.5625], "texture": "#main"},
				"east": {"uv": [2.5625, 2.5625, 2.875, 3.1875], "texture": "#main"},
				"south": {"uv": [1.25, 1.625, 1.375, 2.25], "texture": "#main"},
				"west": {"uv": [2.5625, 0.5625, 2.875, 1.1875], "texture": "#main"},
				"up": {"uv": [0.375, 3.5, 0.25, 3.1875], "texture": "#main"},
				"down": {"uv": [0.5, 3.1875, 0.375, 3.5], "texture": "#main"}
			}
		},
		{
			"from": [13.5, 6.125, 5.5],
			"to": [15.5, 16.125, 10.5],
			"rotation": {"angle": 0, "axis": "y", "origin": [7.5, 14.125, 13.5]},
			"faces": {
				"north": {"uv": [0, 2.9375, 0.125, 3.5625], "texture": "#main"},
				"east": {"uv": [2.625, 1.1875, 2.9375, 1.8125], "texture": "#main"},
				"south": {"uv": [0.125, 2.9375, 0.25, 3.5625], "texture": "#main"},
				"west": {"uv": [2.625, 1.8125, 2.9375, 2.4375], "texture": "#main"},
				"up": {"uv": [1.5, 3.5, 1.375, 3.1875], "texture": "#main"},
				"down": {"uv": [2.6875, 3.1875, 2.5625, 3.5], "texture": "#main"}
			}
		},
		{
			"from": [2.50781, 0.5, 2],
			"to": [6.50781, 2.5, 8],
			"rotation": {"angle": 0, "axis": "y", "origin": [10.50781, 8.5, 10]},
			"faces": {
				"north": {"uv": [3.1875, 2, 3.4375, 2.125], "texture": "#main"},
				"east": {"uv": [3.125, 2.75, 3.5, 2.875], "texture": "#main"},
				"south": {"uv": [3.1875, 2.125, 3.4375, 2.25], "texture": "#main"},
				"west": {"uv": [1, 3.1875, 1.375, 3.3125], "texture": "#main"},
				"up": {"uv": [1.3125, 3.1875, 1.0625, 2.8125], "texture": "#main"},
				"down": {"uv": [1.5625, 2.8125, 1.3125, 3.1875], "texture": "#main"}
			}
		},
		{
			"from": [9.5, 0, 2],
			"to": [13.5, 2, 8],
			"rotation": {"angle": 0, "axis": "y", "origin": [5.5, 8, 10]},
			"faces": {
				"north": {"uv": [3.1875, 2.25, 3.4375, 2.375], "texture": "#main"},
				"east": {"uv": [3.1875, 0, 3.5625, 0.125], "texture": "#main"},
				"south": {"uv": [1.5, 3.25, 1.75, 3.375], "texture": "#main"},
				"west": {"uv": [3.1875, 0.125, 3.5625, 0.25], "texture": "#main"},
				"up": {"uv": [3.125, 0.875, 2.875, 0.5], "texture": "#main"},
				"down": {"uv": [3.125, 2.4375, 2.875, 2.8125], "texture": "#main"}
			}
		},
		{
			"from": [2.525, 21.5, 3.875],
			"to": [13.525, 23.5, 14.875],
			"rotation": {"angle": 22.5, "axis": "x", "origin": [7.525, 25.375, 8.95833]},
			"faces": {
				"north": {"uv": [2.875, 0.875, 3.5625, 1], "texture": "#main"},
				"east": {"uv": [2.875, 1, 3.5625, 1.125], "texture": "#main"},
				"south": {"uv": [2.9375, 1.125, 3.625, 1.25], "texture": "#main"},
				"west": {"uv": [2.9375, 1.25, 3.625, 1.375], "texture": "#main"},
				"up": {"uv": [1.375, 0.6875, 0.6875, 0], "texture": "#main"},
				"down": {"uv": [2.0625, 0, 1.375, 0.6875], "texture": "#main"}
			}
		},
		{
			"from": [3.4, 23.5, 4.75],
			"to": [12.4, 27.5, 13.75],
			"rotation": {"angle": 22.5, "axis": "x", "origin": [7.525, 25.375, 8.95833]},
			"faces": {
				"north": {"uv": [2.625, 0, 3.1875, 0.25], "texture": "#main"},
				"east": {"uv": [2.625, 0.25, 3.1875, 0.5], "texture": "#main"},
				"south": {"uv": [0.5, 2.8125, 1.0625, 3.0625], "texture": "#main"},
				"west": {"uv": [2.875, 2.875, 3.4375, 3.125], "texture": "#main"},
				"up": {"uv": [0.5625, 2.4375, 0, 1.875], "texture": "#main"},
				"down": {"uv": [2.625, 0, 2.0625, 0.5625], "texture": "#main"}
			}
		},
		{
			"from": [5.9, 24.5, 8],
			"to": [9.9, 28.5, 12],
			"rotation": {"angle": 45, "axis": "x", "origin": [10.025, 26.375, 12.20833]},
			"faces": {
				"north": {"uv": [1.8125, 3, 2.0625, 3.25], "texture": "#main"},
				"east": {"uv": [2.0625, 3, 2.3125, 3.25], "texture": "#main"},
				"south": {"uv": [2.3125, 3, 2.5625, 3.25], "texture": "#main"},
				"west": {"uv": [0.5, 3.0625, 0.75, 3.3125], "texture": "#main"},
				"up": {"uv": [1, 3.3125, 0.75, 3.0625], "texture": "#main"},
				"down": {"uv": [3.125, 3.125, 2.875, 3.375], "texture": "#main"}
			}
		},
		{
			"from": [5.775, 24.5, 7.875],
			"to": [10.025, 28.625, 12.125],
			"rotation": {"angle": 45, "axis": "x", "origin": [10.025, 26.375, 12.20833]},
			"faces": {
				"north": {"uv": [2.0625, 1.0625, 2.3125, 1.3125], "texture": "#main"},
				"east": {"uv": [2.3125, 1.0625, 2.5625, 1.3125], "texture": "#main"},
				"south": {"uv": [0.25, 2.9375, 0.5, 3.1875], "texture": "#main"},
				"west": {"uv": [2.9375, 1.875, 3.1875, 2.125], "texture": "#main"},
				"up": {"uv": [3.1875, 2.375, 2.9375, 2.125], "texture": "#main"},
				"down": {"uv": [1.8125, 3, 1.5625, 3.25], "texture": "#main"}
			}
		},
		{
			"from": [2.4, 21.375, 3.75],
			"to": [13.65, 23.625, 15],
			"rotation": {"angle": 22.5, "axis": "x", "origin": [7.525, 25.375, 8.95833]},
			"faces": {
				"north": {"uv": [2.9375, 1.375, 3.625, 1.5], "texture": "#main"},
				"east": {"uv": [2.9375, 1.5, 3.625, 1.625], "texture": "#main"},
				"south": {"uv": [2.9375, 1.625, 3.625, 1.75], "texture": "#main"},
				"west": {"uv": [2.9375, 1.75, 3.625, 1.875], "texture": "#main"},
				"up": {"uv": [2.0625, 1.375, 1.375, 0.6875], "texture": "#main"},
				"down": {"uv": [1.25, 1.625, 0.5625, 2.3125], "texture": "#main"}
			}
		}
	],
	"display": {
		"thirdperson_righthand": {
			"rotation": [75, 45, 0],
			"translation": [0, 2.5, 0],
			"scale": [0.375, 0.375, 0.375]
		},
		"thirdperson_lefthand": {
			"rotation": [75, 45, 0],
			"translation": [0, 2.5, 0],
			"scale": [0.375, 0.375, 0.375]
		},
		"firstperson_righthand": {
			"scale": [0, 0, 0]
		},
		"firstperson_lefthand": {
			"scale": [0, 0, 0]
		},
		"ground": {
			"translation": [0, 8, 0]
		},
		"gui": {
			"rotation": [-154.5, 42.5, -180],
			"translation": [0, -2.5, 0],
			"scale": [0.45, 0.45, 0.45]
		},
		"head": {
			"translation": [0, -33.5, -0.5],
			"scale": [1.5, 1.5, 1.5]
		}
	},
	"groups": [
		0,
		1,
		2,
		3,
		4,
		5,
		6,
		7,
		8,
		9,
		10,
		11,
		12,
		13,
		14,
		15,
		16,
		17,
		18,
		19,
		20,
		21,
		22,
		23,
		24,
		25,
		26,
		27,
		28,
		29,
		30,
		31,
		32,
		33,
		34,
		35,
		36,
		37,
		38,
		39,
		40,
		41,
		42,
		43,
		44,
		45,
		46,
		47,
		48,
		49,
		50,
		51,
		52,
		53,
		54,
		55,
		56,
		57,
		58,
		59,
		60,
		61,
		62,
		63,
		64,
		{
			"name": "group",
			"origin": [8, 8, 8],
			"color": 0,
			"nbt": "{}",
			"armAnimationEnabled": false,
			"children": [
				{
					"name": "group",
					"origin": [8, 6.25, 3.625],
					"color": 0,
					"nbt": "{}",
					"armAnimationEnabled": false,
					"children": [65, 66]
				},
				{
					"name": "group",
					"origin": [8, -10.125, 12.5],
					"color": 0,
					"nbt": "{}",
					"armAnimationEnabled": false,
					"children": [67, 68]
				},
				{
					"name": "group",
					"origin": [8.5, 1, 14],
					"color": 0,
					"nbt": "{}",
					"armAnimationEnabled": false,
					"children": [69, 70]
				},
				{
					"name": "group",
					"origin": [5.5, -5, 10],
					"color": 0,
					"nbt": "{}",
					"armAnimationEnabled": false,
					"children": [71, 72]
				}
			]
		},
		{
			"name": "group",
			"origin": [8, 8, 8],
			"color": 0,
			"nbt": "{}",
			"armAnimationEnabled": false,
			"children": [
				{
					"name": "group",
					"origin": [8, 12.5, 9.45833],
					"color": 0,
					"nbt": "{}",
					"armAnimationEnabled": false,
					"children": [73, 74, 75]
				},
				{
					"name": "group",
					"origin": [10.125, 13.625, 12.45833],
					"color": 0,
					"nbt": "{}",
					"armAnimationEnabled": false,
					"children": [76, 77]
				}
			]
		}
	]
}