{
	"credit": "Made with Blockbench",
	"textures": {
		"3": "items/sg_chi_2_1",
		"4": "items/sg_chi_2_2",
		"5": "items/sg_chi_2_3",
		"particle": "items/sg_chi_2_2"
	},
	"elements": [
		{
			"name": "hexadecagon",
			"from": [2.81, 3.61683, 6.06],
			"to": [3.44, 5.38317, 6.948],
			"rotation": {"angle": -45, "axis": "x", "origin": [3.125, 4.5, 10.5]},
			"faces": {
				"north": {"uv": [4.25, 13.75, 4.5, 14.25], "texture": "#3"},
				"east": {"uv": [4.25, 13.75, 4.5, 14.25], "texture": "#3"},
				"south": {"uv": [4.25, 13.75, 4.5, 14.25], "texture": "#3"},
				"west": {"uv": [4.25, 13.75, 4.5, 14.25], "texture": "#3"},
				"up": {"uv": [4.25, 13.75, 4.5, 14.25], "texture": "#3"},
				"down": {"uv": [4.25, 13.75, 4.5, 14.25], "texture": "#3"}
			}
		},
		{
			"name": "hexadecagon",
			"from": [12.623, 0.8416, 10.29346],
			"to": [13.127, 8.052, 10.70654],
			"rotation": {"angle": 22.5, "axis": "x", "origin": [12.875, 4.5, 10.5]},
			"faces": {
				"north": {"uv": [0.75, 0, 0, 0.75], "texture": "#3"},
				"east": {"uv": [0.75, 0, 0, 0.75], "texture": "#3"},
				"south": {"uv": [0.75, 0, 0, 0.75], "texture": "#3"},
				"west": {"uv": [0.75, 0, 0, 0.75], "texture": "#3"},
				"up": {"uv": [0.75, 0, 0, 0.75], "texture": "#3"},
				"down": {"uv": [0.75, 0, 0, 0.75], "texture": "#3"}
			}
		},
		{
			"name": "hexadecagon",
			"from": [12.623, 0.948, 10.29346],
			"to": [13.127, 8.1584, 10.70654],
			"rotation": {"angle": 0, "axis": "y", "origin": [12.875, 4.5, 10.5]},
			"faces": {
				"north": {"uv": [0.75, 0, 0, 0.75], "texture": "#3"},
				"east": {"uv": [0.75, 0, 0, 0.75], "texture": "#3"},
				"south": {"uv": [0.75, 0, 0, 0.75], "texture": "#3"},
				"west": {"uv": [0.75, 0, 0, 0.75], "texture": "#3"},
				"up": {"uv": [0.75, 0, 0, 0.75], "texture": "#3"},
				"down": {"uv": [0.75, 0, 0, 0.75], "texture": "#3"}
			}
		},
		{
			"name": "hexadecagon",
			"from": [12.623, 0.948, 10.29346],
			"to": [13.127, 8.1584, 10.70654],
			"rotation": {"angle": -22.5, "axis": "x", "origin": [12.875, 4.5, 10.5]},
			"faces": {
				"north": {"uv": [0.75, 0, 0, 0.75], "texture": "#3"},
				"east": {"uv": [0.75, 0, 0, 0.75], "texture": "#3"},
				"south": {"uv": [0.75, 0, 0, 0.75], "texture": "#3"},
				"west": {"uv": [0.75, 0, 0, 0.75], "texture": "#3"},
				"up": {"uv": [0.75, 0, 0, 0.75], "texture": "#3"},
				"down": {"uv": [0.75, 0, 0, 0.75], "texture": "#3"}
			}
		},
		{
			"name": "hexadecagon",
			"from": [12.623, 4.29346, 6.8416],
			"to": [13.127, 4.70654, 14.052],
			"rotation": {"angle": 45, "axis": "x", "origin": [12.875, 4.5, 10.5]},
			"faces": {
				"north": {"uv": [0.75, 0, 0, 0.75], "texture": "#3"},
				"east": {"uv": [0.75, 0, 0, 0.75], "texture": "#3"},
				"south": {"uv": [0.75, 0, 0, 0.75], "texture": "#3"},
				"west": {"uv": [0.75, 0, 0, 0.75], "texture": "#3"},
				"up": {"uv": [0.75, 0, 0, 0.75], "texture": "#3"},
				"down": {"uv": [0.75, 0, 0, 0.75], "texture": "#3"}
			}
		},
		{
			"name": "hexadecagon",
			"from": [12.623, 4.29346, 6.8416],
			"to": [13.127, 4.70654, 14.052],
			"rotation": {"angle": 22.5, "axis": "x", "origin": [12.875, 4.5, 10.5]},
			"faces": {
				"north": {"uv": [0.75, 0, 0, 0.75], "texture": "#3"},
				"east": {"uv": [0.75, 0, 0, 0.75], "texture": "#3"},
				"south": {"uv": [0.75, 0, 0, 0.75], "texture": "#3"},
				"west": {"uv": [0.75, 0, 0, 0.75], "texture": "#3"},
				"up": {"uv": [0.75, 0, 0, 0.75], "texture": "#3"},
				"down": {"uv": [0.75, 0, 0, 0.75], "texture": "#3"}
			}
		},
		{
			"name": "hexadecagon",
			"from": [12.623, 4.29346, 6.8416],
			"to": [13.127, 4.70654, 14.052],
			"rotation": {"angle": 0, "axis": "y", "origin": [12.875, 4.5, 10.5]},
			"faces": {
				"north": {"uv": [0.75, 0, 0, 0.75], "texture": "#3"},
				"east": {"uv": [0.75, 0, 0, 0.75], "texture": "#3"},
				"south": {"uv": [0.75, 0, 0, 0.75], "texture": "#3"},
				"west": {"uv": [0.75, 0, 0, 0.75], "texture": "#3"},
				"up": {"uv": [0.75, 0, 0, 0.75], "texture": "#3"},
				"down": {"uv": [0.75, 0, 0, 0.75], "texture": "#3"}
			}
		},
		{
			"name": "hexadecagon",
			"from": [12.623, 4.29346, 6.8416],
			"to": [13.127, 4.70654, 14.052],
			"rotation": {"angle": -22.5, "axis": "x", "origin": [12.875, 4.5, 10.5]},
			"faces": {
				"north": {"uv": [0.75, 0, 0, 0.75], "texture": "#3"},
				"east": {"uv": [0.75, 0, 0, 0.75], "texture": "#3"},
				"south": {"uv": [0.75, 0, 0, 0.75], "texture": "#3"},
				"west": {"uv": [0.75, 0, 0, 0.75], "texture": "#3"},
				"up": {"uv": [0.75, 0, 0, 0.75], "texture": "#3"},
				"down": {"uv": [0.75, 0, 0, 0.75], "texture": "#3"}
			}
		},
		{
			"name": "hexadecagon",
			"from": [12.623, 4.29346, 6.8416],
			"to": [13.127, 4.70654, 14.052],
			"rotation": {"angle": -45, "axis": "x", "origin": [12.875, 4.5, 10.5]},
			"faces": {
				"north": {"uv": [0.75, 0, 0, 0.75], "texture": "#3"},
				"east": {"uv": [0.75, 0, 0, 0.75], "texture": "#3"},
				"south": {"uv": [0.75, 0, 0, 0.75], "texture": "#3"},
				"west": {"uv": [0.75, 0, 0, 0.75], "texture": "#3"},
				"up": {"uv": [0.75, 0, 0, 0.75], "texture": "#3"},
				"down": {"uv": [0.75, 0, 0, 0.75], "texture": "#3"}
			}
		},
		{
			"name": "hexadecagon",
			"from": [12.56, 8.052, 9.61683],
			"to": [13.19, 8.94, 11.38317],
			"rotation": {"angle": 22.5, "axis": "x", "origin": [12.875, 4.5, 10.5]},
			"faces": {
				"north": {"uv": [4.5, 13.75, 4.25, 14.25], "texture": "#3"},
				"east": {"uv": [4.5, 13.75, 4.25, 14.25], "texture": "#3"},
				"south": {"uv": [4.5, 13.75, 4.25, 14.25], "texture": "#3"},
				"west": {"uv": [4.5, 13.75, 4.25, 14.25], "texture": "#3"},
				"up": {"uv": [4.5, 13.75, 4.25, 14.25], "texture": "#3"},
				"down": {"uv": [4.5, 13.75, 4.25, 14.25], "texture": "#3"}
			}
		},
		{
			"name": "hexadecagon",
			"from": [12.56, 8.052, 9.61683],
			"to": [13.19, 8.94, 11.38317],
			"rotation": {"angle": 0, "axis": "y", "origin": [12.875, 4.5, 10.5]},
			"faces": {
				"north": {"uv": [4.5, 13.75, 4.25, 14.25], "texture": "#3"},
				"east": {"uv": [4.5, 13.75, 4.25, 14.25], "texture": "#3"},
				"south": {"uv": [4.5, 13.75, 4.25, 14.25], "texture": "#3"},
				"west": {"uv": [4.5, 13.75, 4.25, 14.25], "texture": "#3"},
				"up": {"uv": [4.5, 13.75, 4.25, 14.25], "texture": "#3"},
				"down": {"uv": [4.5, 13.75, 4.25, 14.25], "texture": "#3"}
			}
		},
		{
			"name": "hexadecagon",
			"from": [12.56, 8.052, 9.61683],
			"to": [13.19, 8.94, 11.38317],
			"rotation": {"angle": -22.5, "axis": "x", "origin": [12.875, 4.5, 10.5]},
			"faces": {
				"north": {"uv": [4.5, 13.75, 4.25, 14.25], "texture": "#3"},
				"east": {"uv": [4.5, 13.75, 4.25, 14.25], "texture": "#3"},
				"south": {"uv": [4.5, 13.75, 4.25, 14.25], "texture": "#3"},
				"west": {"uv": [4.5, 13.75, 4.25, 14.25], "texture": "#3"},
				"up": {"uv": [4.5, 13.75, 4.25, 14.25], "texture": "#3"},
				"down": {"uv": [4.5, 13.75, 4.25, 14.25], "texture": "#3"}
			}
		},
		{
			"name": "hexadecagon",
			"from": [12.56, 0.06, 9.61683],
			"to": [13.19, 0.948, 11.38317],
			"rotation": {"angle": 22.5, "axis": "x", "origin": [12.875, 4.5, 10.5]},
			"faces": {
				"north": {"uv": [4.5, 13.75, 4.25, 14.25], "texture": "#3"},
				"east": {"uv": [4.5, 13.75, 4.25, 14.25], "texture": "#3"},
				"south": {"uv": [4.5, 13.75, 4.25, 14.25], "texture": "#3"},
				"west": {"uv": [4.5, 13.75, 4.25, 14.25], "texture": "#3"},
				"up": {"uv": [4.5, 13.75, 4.25, 14.25], "texture": "#3"},
				"down": {"uv": [4.5, 13.75, 4.25, 14.25], "texture": "#3"}
			}
		},
		{
			"name": "hexadecagon",
			"from": [12.56, 0.06, 9.61683],
			"to": [13.19, 0.948, 11.38317],
			"rotation": {"angle": 0, "axis": "y", "origin": [12.875, 4.5, 10.5]},
			"faces": {
				"north": {"uv": [4.5, 13.75, 4.25, 14.25], "texture": "#3"},
				"east": {"uv": [4.5, 13.75, 4.25, 14.25], "texture": "#3"},
				"south": {"uv": [4.5, 13.75, 4.25, 14.25], "texture": "#3"},
				"west": {"uv": [4.5, 13.75, 4.25, 14.25], "texture": "#3"},
				"up": {"uv": [4.5, 13.75, 4.25, 14.25], "texture": "#3"},
				"down": {"uv": [4.5, 13.75, 4.25, 14.25], "texture": "#3"}
			}
		},
		{
			"name": "hexadecagon",
			"from": [12.56, 0.06, 9.61683],
			"to": [13.19, 0.948, 11.38317],
			"rotation": {"angle": -22.5, "axis": "x", "origin": [12.875, 4.5, 10.5]},
			"faces": {
				"north": {"uv": [4.5, 13.75, 4.25, 14.25], "texture": "#3"},
				"east": {"uv": [4.5, 13.75, 4.25, 14.25], "texture": "#3"},
				"south": {"uv": [4.5, 13.75, 4.25, 14.25], "texture": "#3"},
				"west": {"uv": [4.5, 13.75, 4.25, 14.25], "texture": "#3"},
				"up": {"uv": [4.5, 13.75, 4.25, 14.25], "texture": "#3"},
				"down": {"uv": [4.5, 13.75, 4.25, 14.25], "texture": "#3"}
			}
		},
		{
			"name": "hexadecagon",
			"from": [12.56, 3.61683, 14.052],
			"to": [13.19, 5.38317, 14.94],
			"rotation": {"angle": 45, "axis": "x", "origin": [12.875, 4.5, 10.5]},
			"faces": {
				"north": {"uv": [4.5, 13.75, 4.25, 14.25], "texture": "#3"},
				"east": {"uv": [4.5, 13.75, 4.25, 14.25], "texture": "#3"},
				"south": {"uv": [4.5, 13.75, 4.25, 14.25], "texture": "#3"},
				"west": {"uv": [4.5, 13.75, 4.25, 14.25], "texture": "#3"},
				"up": {"uv": [4.5, 13.75, 4.25, 14.25], "texture": "#3"},
				"down": {"uv": [4.5, 13.75, 4.25, 14.25], "texture": "#3"}
			}
		},
		{
			"name": "hexadecagon",
			"from": [12.56, 3.61683, 14.052],
			"to": [13.19, 5.38317, 14.94],
			"rotation": {"angle": 22.5, "axis": "x", "origin": [12.875, 4.5, 10.5]},
			"faces": {
				"north": {"uv": [4.5, 13.75, 4.25, 14.25], "texture": "#3"},
				"east": {"uv": [4.5, 13.75, 4.25, 14.25], "texture": "#3"},
				"south": {"uv": [4.5, 13.75, 4.25, 14.25], "texture": "#3"},
				"west": {"uv": [4.5, 13.75, 4.25, 14.25], "texture": "#3"},
				"up": {"uv": [4.5, 13.75, 4.25, 14.25], "texture": "#3"},
				"down": {"uv": [4.5, 13.75, 4.25, 14.25], "texture": "#3"}
			}
		},
		{
			"name": "hexadecagon",
			"from": [12.56, 3.61683, 14.052],
			"to": [13.19, 5.38317, 14.94],
			"rotation": {"angle": 0, "axis": "y", "origin": [12.875, 4.5, 10.5]},
			"faces": {
				"north": {"uv": [4.5, 13.75, 4.25, 14.25], "texture": "#3"},
				"east": {"uv": [4.5, 13.75, 4.25, 14.25], "texture": "#3"},
				"south": {"uv": [4.5, 13.75, 4.25, 14.25], "texture": "#3"},
				"west": {"uv": [4.5, 13.75, 4.25, 14.25], "texture": "#3"},
				"up": {"uv": [4.5, 13.75, 4.25, 14.25], "texture": "#3"},
				"down": {"uv": [4.5, 13.75, 4.25, 14.25], "texture": "#3"}
			}
		},
		{
			"name": "hexadecagon",
			"from": [12.56, 3.61683, 14.052],
			"to": [13.19, 5.38317, 14.94],
			"rotation": {"angle": -22.5, "axis": "x", "origin": [12.875, 4.5, 10.5]},
			"faces": {
				"north": {"uv": [4.5, 13.75, 4.25, 14.25], "texture": "#3"},
				"east": {"uv": [4.5, 13.75, 4.25, 14.25], "texture": "#3"},
				"south": {"uv": [4.5, 13.75, 4.25, 14.25], "texture": "#3"},
				"west": {"uv": [4.5, 13.75, 4.25, 14.25], "texture": "#3"},
				"up": {"uv": [4.5, 13.75, 4.25, 14.25], "texture": "#3"},
				"down": {"uv": [4.5, 13.75, 4.25, 14.25], "texture": "#3"}
			}
		},
		{
			"name": "hexadecagon",
			"from": [12.56, 3.61683, 14.052],
			"to": [13.19, 5.38317, 14.94],
			"rotation": {"angle": -45, "axis": "x", "origin": [12.875, 4.5, 10.5]},
			"faces": {
				"north": {"uv": [4.5, 13.75, 4.25, 14.25], "texture": "#3"},
				"east": {"uv": [4.5, 13.75, 4.25, 14.25], "texture": "#3"},
				"south": {"uv": [4.5, 13.75, 4.25, 14.25], "texture": "#3"},
				"west": {"uv": [4.5, 13.75, 4.25, 14.25], "texture": "#3"},
				"up": {"uv": [4.5, 13.75, 4.25, 14.25], "texture": "#3"},
				"down": {"uv": [4.5, 13.75, 4.25, 14.25], "texture": "#3"}
			}
		},
		{
			"name": "hexadecagon",
			"from": [12.56, 3.61683, 6.06],
			"to": [13.19, 5.38317, 6.948],
			"rotation": {"angle": 45, "axis": "x", "origin": [12.875, 4.5, 10.5]},
			"faces": {
				"north": {"uv": [4.5, 13.75, 4.25, 14.25], "texture": "#3"},
				"east": {"uv": [4.5, 13.75, 4.25, 14.25], "texture": "#3"},
				"south": {"uv": [4.5, 13.75, 4.25, 14.25], "texture": "#3"},
				"west": {"uv": [4.5, 13.75, 4.25, 14.25], "texture": "#3"},
				"up": {"uv": [4.5, 13.75, 4.25, 14.25], "texture": "#3"},
				"down": {"uv": [4.5, 13.75, 4.25, 14.25], "texture": "#3"}
			}
		},
		{
			"name": "hexadecagon",
			"from": [12.56, 3.61683, 6.06],
			"to": [13.19, 5.38317, 6.948],
			"rotation": {"angle": 22.5, "axis": "x", "origin": [12.875, 4.5, 10.5]},
			"faces": {
				"north": {"uv": [4.5, 13.75, 4.25, 14.25], "texture": "#3"},
				"east": {"uv": [4.5, 13.75, 4.25, 14.25], "texture": "#3"},
				"south": {"uv": [4.5, 13.75, 4.25, 14.25], "texture": "#3"},
				"west": {"uv": [4.5, 13.75, 4.25, 14.25], "texture": "#3"},
				"up": {"uv": [4.5, 13.75, 4.25, 14.25], "texture": "#3"},
				"down": {"uv": [4.5, 13.75, 4.25, 14.25], "texture": "#3"}
			}
		},
		{
			"name": "hexadecagon",
			"from": [12.56, 3.61683, 6.06],
			"to": [13.19, 5.38317, 6.948],
			"rotation": {"angle": 0, "axis": "y", "origin": [12.875, 4.5, 10.5]},
			"faces": {
				"north": {"uv": [4.5, 13.75, 4.25, 14.25], "texture": "#3"},
				"east": {"uv": [4.5, 13.75, 4.25, 14.25], "texture": "#3"},
				"south": {"uv": [4.5, 13.75, 4.25, 14.25], "texture": "#3"},
				"west": {"uv": [4.5, 13.75, 4.25, 14.25], "texture": "#3"},
				"up": {"uv": [4.5, 13.75, 4.25, 14.25], "texture": "#3"},
				"down": {"uv": [4.5, 13.75, 4.25, 14.25], "texture": "#3"}
			}
		},
		{
			"name": "hexadecagon",
			"from": [12.56, 3.61683, 6.06],
			"to": [13.19, 5.38317, 6.948],
			"rotation": {"angle": -22.5, "axis": "x", "origin": [12.875, 4.5, 10.5]},
			"faces": {
				"north": {"uv": [4.5, 13.75, 4.25, 14.25], "texture": "#3"},
				"east": {"uv": [4.5, 13.75, 4.25, 14.25], "texture": "#3"},
				"south": {"uv": [4.5, 13.75, 4.25, 14.25], "texture": "#3"},
				"west": {"uv": [4.5, 13.75, 4.25, 14.25], "texture": "#3"},
				"up": {"uv": [4.5, 13.75, 4.25, 14.25], "texture": "#3"},
				"down": {"uv": [4.5, 13.75, 4.25, 14.25], "texture": "#3"}
			}
		},
		{
			"name": "hexadecagon",
			"from": [12.56, 3.61683, 6.06],
			"to": [13.19, 5.38317, 6.948],
			"rotation": {"angle": -45, "axis": "x", "origin": [12.875, 4.5, 10.5]},
			"faces": {
				"north": {"uv": [4.5, 13.75, 4.25, 14.25], "texture": "#3"},
				"east": {"uv": [4.5, 13.75, 4.25, 14.25], "texture": "#3"},
				"south": {"uv": [4.5, 13.75, 4.25, 14.25], "texture": "#3"},
				"west": {"uv": [4.5, 13.75, 4.25, 14.25], "texture": "#3"},
				"up": {"uv": [4.5, 13.75, 4.25, 14.25], "texture": "#3"},
				"down": {"uv": [4.5, 13.75, 4.25, 14.25], "texture": "#3"}
			}
		},
		{
			"name": "hexadecagon",
			"from": [-0.84675, 4.00019, 28.0124],
			"to": [16.85925, 4.99981, 28.978],
			"rotation": {"angle": 0, "axis": "y", "origin": [-0.31875, 4.5, 28.5]},
			"faces": {
				"north": {"uv": [4.25, 13.75, 4.5, 14.25], "texture": "#3"},
				"east": {"uv": [4.25, 13.75, 4.5, 14.25], "texture": "#3"},
				"south": {"uv": [4.25, 13.75, 4.5, 14.25], "texture": "#3"},
				"west": {"uv": [4.25, 13.75, 4.5, 14.25], "texture": "#3"},
				"up": {"uv": [4.25, 13.75, 4.5, 14.25], "texture": "#3"},
				"down": {"uv": [4.25, 13.75, 4.5, 14.25], "texture": "#3"}
			}
		},
		{
			"name": "hexadecagon",
			"from": [7.42825, 5.00019, 28.1874],
			"to": [8.53425, 8.49981, 28.803],
			"rotation": {"angle": 0, "axis": "y", "origin": [-0.31875, 4.5, 28.5]},
			"faces": {
				"north": {"uv": [4.25, 13.75, 4.5, 14.25], "texture": "#3"},
				"east": {"uv": [4.25, 13.75, 4.5, 14.25], "texture": "#3"},
				"south": {"uv": [4.25, 13.75, 4.5, 14.25], "texture": "#3"},
				"west": {"uv": [4.25, 13.75, 4.5, 14.25], "texture": "#3"},
				"up": {"uv": [4.25, 13.75, 4.5, 14.25], "texture": "#3"},
				"down": {"uv": [4.25, 13.75, 4.5, 14.25], "texture": "#3"}
			}
		},
		{
			"name": "hexadecagon",
			"from": [7.42825, 4.75019, 10.3374],
			"to": [8.53425, 8.49981, 10.653],
			"rotation": {"angle": 0, "axis": "y", "origin": [-0.31875, 4.5, 28.5]},
			"faces": {
				"north": {"uv": [4.25, 13.75, 4.5, 14.25], "texture": "#3"},
				"east": {"uv": [4.25, 13.75, 4.5, 14.25], "texture": "#3"},
				"south": {"uv": [4.25, 13.75, 4.5, 14.25], "texture": "#3"},
				"west": {"uv": [4.25, 13.75, 4.5, 14.25], "texture": "#3"},
				"up": {"uv": [4.25, 13.75, 4.5, 14.25], "texture": "#3"},
				"down": {"uv": [4.25, 13.75, 4.5, 14.25], "texture": "#3"}
			}
		},
		{
			"name": "hexadecagon",
			"from": [7.57825, 8.00019, 7.9374],
			"to": [8.38425, 8.49981, 33.053],
			"rotation": {"angle": 0, "axis": "y", "origin": [-0.31875, 4.5, 28.5]},
			"faces": {
				"north": {"uv": [4.25, 13.75, 4.5, 14.25], "texture": "#3"},
				"east": {"uv": [4.25, 13.75, 4.5, 14.25], "texture": "#3"},
				"south": {"uv": [4.25, 13.75, 4.5, 14.25], "texture": "#3"},
				"west": {"uv": [4.25, 13.75, 4.5, 14.25], "texture": "#3"},
				"up": {"uv": [4.25, 13.75, 4.5, 14.25], "texture": "#3"},
				"down": {"uv": [4.25, 13.75, 4.5, 14.25], "texture": "#3"}
			}
		},
		{
			"name": "hexadecagon",
			"from": [1.67345, 8.00019, 20.0922],
			"to": [14.28905, 8.49981, 20.8982],
			"rotation": {"angle": 0, "axis": "y", "origin": [7.98125, 8.25, 20.4952]},
			"faces": {
				"north": {"uv": [4.25, 13.75, 4.5, 14.25], "texture": "#3"},
				"east": {"uv": [4.25, 13.75, 4.5, 14.25], "texture": "#3"},
				"south": {"uv": [4.25, 13.75, 4.5, 14.25], "texture": "#3"},
				"west": {"uv": [4.25, 13.75, 4.5, 14.25], "texture": "#3"},
				"up": {"uv": [4.25, 13.75, 4.5, 14.25], "rotation": 270, "texture": "#3"},
				"down": {"uv": [4.25, 13.75, 4.5, 14.25], "rotation": 90, "texture": "#3"}
			}
		},
		{
			"name": "hexadecagon",
			"from": [2.92345, 8.00019, 29.5922],
			"to": [13.03905, 8.49981, 30.3982],
			"rotation": {"angle": 0, "axis": "y", "origin": [7.98125, 8.25, 20.4952]},
			"faces": {
				"north": {"uv": [4.25, 13.75, 4.5, 14.25], "texture": "#3"},
				"east": {"uv": [4.25, 13.75, 4.5, 14.25], "texture": "#3"},
				"south": {"uv": [4.25, 13.75, 4.5, 14.25], "texture": "#3"},
				"west": {"uv": [4.25, 13.75, 4.5, 14.25], "texture": "#3"},
				"up": {"uv": [4.25, 13.75, 4.5, 14.25], "rotation": 270, "texture": "#3"},
				"down": {"uv": [4.25, 13.75, 4.5, 14.25], "rotation": 90, "texture": "#3"}
			}
		},
		{
			"name": "hexadecagon",
			"from": [-0.62115, 0.10992, 28.25216],
			"to": [-0.01635, 8.7624, 28.74784],
			"rotation": {"angle": 22.5, "axis": "x", "origin": [-0.31875, 4.5, 28.5]},
			"faces": {
				"north": {"uv": [0, 0, 0.75, 0.75], "texture": "#3"},
				"east": {"uv": [0, 0, 0.75, 0.75], "texture": "#3"},
				"south": {"uv": [0, 0, 0.75, 0.75], "texture": "#3"},
				"west": {"uv": [0, 0, 0.75, 0.75], "texture": "#3"},
				"up": {"uv": [0, 0, 0.75, 0.75], "texture": "#3"},
				"down": {"uv": [0, 0, 0.75, 0.75], "texture": "#3"}
			}
		},
		{
			"name": "hexadecagon",
			"from": [-0.62115, 0.2376, 28.25216],
			"to": [-0.01635, 8.89008, 28.74784],
			"rotation": {"angle": -22.5, "axis": "x", "origin": [-0.31875, 4.5, 28.5]},
			"faces": {
				"north": {"uv": [0, 0, 0.75, 0.75], "texture": "#3"},
				"east": {"uv": [0, 0, 0.75, 0.75], "texture": "#3"},
				"south": {"uv": [0, 0, 0.75, 0.75], "texture": "#3"},
				"west": {"uv": [0, 0, 0.75, 0.75], "texture": "#3"},
				"up": {"uv": [0, 0, 0.75, 0.75], "texture": "#3"},
				"down": {"uv": [0, 0, 0.75, 0.75], "texture": "#3"}
			}
		},
		{
			"name": "hexadecagon",
			"from": [-0.62115, 4.25216, 24.10992],
			"to": [-0.01635, 4.74784, 32.7624],
			"rotation": {"angle": 45, "axis": "x", "origin": [-0.31875, 4.5, 28.5]},
			"faces": {
				"north": {"uv": [0, 0, 0.75, 0.75], "texture": "#3"},
				"east": {"uv": [0, 0, 0.75, 0.75], "texture": "#3"},
				"south": {"uv": [0, 0, 0.75, 0.75], "texture": "#3"},
				"west": {"uv": [0, 0, 0.75, 0.75], "texture": "#3"},
				"up": {"uv": [0, 0, 0.75, 0.75], "texture": "#3"},
				"down": {"uv": [0, 0, 0.75, 0.75], "texture": "#3"}
			}
		},
		{
			"name": "hexadecagon",
			"from": [-0.62115, 4.25216, 24.10992],
			"to": [-0.01635, 4.74784, 32.7624],
			"rotation": {"angle": 22.5, "axis": "x", "origin": [-0.31875, 4.5, 28.5]},
			"faces": {
				"north": {"uv": [0, 0, 0.75, 0.75], "texture": "#3"},
				"east": {"uv": [0, 0, 0.75, 0.75], "texture": "#3"},
				"south": {"uv": [0, 0, 0.75, 0.75], "texture": "#3"},
				"west": {"uv": [0, 0, 0.75, 0.75], "texture": "#3"},
				"up": {"uv": [0, 0, 0.75, 0.75], "texture": "#3"},
				"down": {"uv": [0, 0, 0.75, 0.75], "texture": "#3"}
			}
		},
		{
			"name": "hexadecagon",
			"from": [-0.62115, 4.25216, 24.10992],
			"to": [-0.01635, 4.74784, 32.7624],
			"rotation": {"angle": 0, "axis": "y", "origin": [-0.31875, 4.5, 28.5]},
			"faces": {
				"north": {"uv": [0, 0, 0.75, 0.75], "texture": "#3"},
				"east": {"uv": [0, 0, 0.75, 0.75], "texture": "#3"},
				"south": {"uv": [0, 0, 0.75, 0.75], "texture": "#3"},
				"west": {"uv": [0, 0, 0.75, 0.75], "texture": "#3"},
				"up": {"uv": [0, 0, 0.75, 0.75], "texture": "#3"},
				"down": {"uv": [0, 0, 0.75, 0.75], "texture": "#3"}
			}
		},
		{
			"name": "hexadecagon",
			"from": [-0.62115, 4.25216, 24.10992],
			"to": [-0.01635, 4.74784, 32.7624],
			"rotation": {"angle": -22.5, "axis": "x", "origin": [-0.31875, 4.5, 28.5]},
			"faces": {
				"north": {"uv": [0, 0, 0.75, 0.75], "texture": "#3"},
				"east": {"uv": [0, 0, 0.75, 0.75], "texture": "#3"},
				"south": {"uv": [0, 0, 0.75, 0.75], "texture": "#3"},
				"west": {"uv": [0, 0, 0.75, 0.75], "texture": "#3"},
				"up": {"uv": [0, 0, 0.75, 0.75], "texture": "#3"},
				"down": {"uv": [0, 0, 0.75, 0.75], "texture": "#3"}
			}
		},
		{
			"name": "hexadecagon",
			"from": [-0.62115, 4.25216, 24.10992],
			"to": [-0.01635, 4.74784, 32.7624],
			"rotation": {"angle": -45, "axis": "x", "origin": [-0.31875, 4.5, 28.5]},
			"faces": {
				"north": {"uv": [0, 0, 0.75, 0.75], "texture": "#3"},
				"east": {"uv": [0, 0, 0.75, 0.75], "texture": "#3"},
				"south": {"uv": [0, 0, 0.75, 0.75], "texture": "#3"},
				"west": {"uv": [0, 0, 0.75, 0.75], "texture": "#3"},
				"up": {"uv": [0, 0, 0.75, 0.75], "texture": "#3"},
				"down": {"uv": [0, 0, 0.75, 0.75], "texture": "#3"}
			}
		},
		{
			"name": "hexadecagon",
			"from": [-0.69675, 8.7624, 27.44019],
			"to": [0.05925, 9.828, 29.55981],
			"rotation": {"angle": 22.5, "axis": "x", "origin": [-0.31875, 4.5, 28.5]},
			"faces": {
				"north": {"uv": [4.25, 13.75, 4.5, 14.25], "texture": "#3"},
				"east": {"uv": [4.25, 13.75, 4.5, 14.25], "texture": "#3"},
				"south": {"uv": [4.25, 13.75, 4.5, 14.25], "texture": "#3"},
				"west": {"uv": [4.25, 13.75, 4.5, 14.25], "texture": "#3"},
				"up": {"uv": [4.25, 13.75, 4.5, 14.25], "texture": "#3"},
				"down": {"uv": [4.25, 13.75, 4.5, 14.25], "texture": "#3"}
			}
		},
		{
			"name": "hexadecagon",
			"from": [-0.69675, 8.7624, 27.44019],
			"to": [0.05925, 9.828, 29.55981],
			"rotation": {"angle": 0, "axis": "y", "origin": [-0.31875, 4.5, 28.5]},
			"faces": {
				"north": {"uv": [4.25, 13.75, 4.5, 14.25], "texture": "#3"},
				"east": {"uv": [4.25, 13.75, 4.5, 14.25], "texture": "#3"},
				"south": {"uv": [4.25, 13.75, 4.5, 14.25], "texture": "#3"},
				"west": {"uv": [4.25, 13.75, 4.5, 14.25], "texture": "#3"},
				"up": {"uv": [4.25, 13.75, 4.5, 14.25], "texture": "#3"},
				"down": {"uv": [4.25, 13.75, 4.5, 14.25], "texture": "#3"}
			}
		},
		{
			"name": "hexadecagon",
			"from": [-0.69675, 8.7624, 27.44019],
			"to": [0.05925, 9.828, 29.55981],
			"rotation": {"angle": -22.5, "axis": "x", "origin": [-0.31875, 4.5, 28.5]},
			"faces": {
				"north": {"uv": [4.25, 13.75, 4.5, 14.25], "texture": "#3"},
				"east": {"uv": [4.25, 13.75, 4.5, 14.25], "texture": "#3"},
				"south": {"uv": [4.25, 13.75, 4.5, 14.25], "texture": "#3"},
				"west": {"uv": [4.25, 13.75, 4.5, 14.25], "texture": "#3"},
				"up": {"uv": [4.25, 13.75, 4.5, 14.25], "texture": "#3"},
				"down": {"uv": [4.25, 13.75, 4.5, 14.25], "texture": "#3"}
			}
		},
		{
			"name": "hexadecagon",
			"from": [-0.69675, -0.828, 27.44019],
			"to": [0.05925, 0.2376, 29.55981],
			"rotation": {"angle": 22.5, "axis": "x", "origin": [-0.31875, 4.5, 28.5]},
			"faces": {
				"north": {"uv": [4.25, 13.75, 4.5, 14.25], "texture": "#3"},
				"east": {"uv": [4.25, 13.75, 4.5, 14.25], "texture": "#3"},
				"south": {"uv": [4.25, 13.75, 4.5, 14.25], "texture": "#3"},
				"west": {"uv": [4.25, 13.75, 4.5, 14.25], "texture": "#3"},
				"up": {"uv": [4.25, 13.75, 4.5, 14.25], "texture": "#3"},
				"down": {"uv": [4.25, 13.75, 4.5, 14.25], "texture": "#3"}
			}
		},
		{
			"name": "hexadecagon",
			"from": [-0.69675, -0.828, 27.44019],
			"to": [0.05925, 0.2376, 29.55981],
			"rotation": {"angle": 0, "axis": "y", "origin": [-0.31875, 4.5, 28.5]},
			"faces": {
				"north": {"uv": [4.25, 13.75, 4.5, 14.25], "texture": "#3"},
				"east": {"uv": [4.25, 13.75, 4.5, 14.25], "texture": "#3"},
				"south": {"uv": [4.25, 13.75, 4.5, 14.25], "texture": "#3"},
				"west": {"uv": [4.25, 13.75, 4.5, 14.25], "texture": "#3"},
				"up": {"uv": [4.25, 13.75, 4.5, 14.25], "texture": "#3"},
				"down": {"uv": [4.25, 13.75, 4.5, 14.25], "texture": "#3"}
			}
		},
		{
			"name": "hexadecagon",
			"from": [-0.69675, -0.828, 27.44019],
			"to": [0.05925, 0.2376, 29.55981],
			"rotation": {"angle": -22.5, "axis": "x", "origin": [-0.31875, 4.5, 28.5]},
			"faces": {
				"north": {"uv": [4.25, 13.75, 4.5, 14.25], "texture": "#3"},
				"east": {"uv": [4.25, 13.75, 4.5, 14.25], "texture": "#3"},
				"south": {"uv": [4.25, 13.75, 4.5, 14.25], "texture": "#3"},
				"west": {"uv": [4.25, 13.75, 4.5, 14.25], "texture": "#3"},
				"up": {"uv": [4.25, 13.75, 4.5, 14.25], "texture": "#3"},
				"down": {"uv": [4.25, 13.75, 4.5, 14.25], "texture": "#3"}
			}
		},
		{
			"name": "hexadecagon",
			"from": [-0.69675, 3.44019, 32.7624],
			"to": [0.05925, 5.55981, 33.828],
			"rotation": {"angle": 45, "axis": "x", "origin": [-0.31875, 4.5, 28.5]},
			"faces": {
				"north": {"uv": [4.25, 13.75, 4.5, 14.25], "texture": "#3"},
				"east": {"uv": [4.25, 13.75, 4.5, 14.25], "texture": "#3"},
				"south": {"uv": [4.25, 13.75, 4.5, 14.25], "texture": "#3"},
				"west": {"uv": [4.25, 13.75, 4.5, 14.25], "texture": "#3"},
				"up": {"uv": [4.25, 13.75, 4.5, 14.25], "texture": "#3"},
				"down": {"uv": [4.25, 13.75, 4.5, 14.25], "texture": "#3"}
			}
		},
		{
			"name": "hexadecagon",
			"from": [-0.69675, 3.44019, 32.7624],
			"to": [0.05925, 5.55981, 33.828],
			"rotation": {"angle": 22.5, "axis": "x", "origin": [-0.31875, 4.5, 28.5]},
			"faces": {
				"north": {"uv": [4.25, 13.75, 4.5, 14.25], "texture": "#3"},
				"east": {"uv": [4.25, 13.75, 4.5, 14.25], "texture": "#3"},
				"south": {"uv": [4.25, 13.75, 4.5, 14.25], "texture": "#3"},
				"west": {"uv": [4.25, 13.75, 4.5, 14.25], "texture": "#3"},
				"up": {"uv": [4.25, 13.75, 4.5, 14.25], "texture": "#3"},
				"down": {"uv": [4.25, 13.75, 4.5, 14.25], "texture": "#3"}
			}
		},
		{
			"name": "hexadecagon",
			"from": [-0.69675, 3.44019, 32.7624],
			"to": [0.05925, 5.55981, 33.828],
			"rotation": {"angle": 0, "axis": "y", "origin": [-0.31875, 4.5, 28.5]},
			"faces": {
				"north": {"uv": [4.25, 13.75, 4.5, 14.25], "texture": "#3"},
				"east": {"uv": [4.25, 13.75, 4.5, 14.25], "texture": "#3"},
				"south": {"uv": [4.25, 13.75, 4.5, 14.25], "texture": "#3"},
				"west": {"uv": [4.25, 13.75, 4.5, 14.25], "texture": "#3"},
				"up": {"uv": [4.25, 13.75, 4.5, 14.25], "texture": "#3"},
				"down": {"uv": [4.25, 13.75, 4.5, 14.25], "texture": "#3"}
			}
		},
		{
			"name": "hexadecagon",
			"from": [-0.69675, 3.44019, 32.7624],
			"to": [0.05925, 5.55981, 33.828],
			"rotation": {"angle": -22.5, "axis": "x", "origin": [-0.31875, 4.5, 28.5]},
			"faces": {
				"north": {"uv": [4.25, 13.75, 4.5, 14.25], "texture": "#3"},
				"east": {"uv": [4.25, 13.75, 4.5, 14.25], "texture": "#3"},
				"south": {"uv": [4.25, 13.75, 4.5, 14.25], "texture": "#3"},
				"west": {"uv": [4.25, 13.75, 4.5, 14.25], "texture": "#3"},
				"up": {"uv": [4.25, 13.75, 4.5, 14.25], "texture": "#3"},
				"down": {"uv": [4.25, 13.75, 4.5, 14.25], "texture": "#3"}
			}
		},
		{
			"name": "hexadecagon",
			"from": [-0.69675, 3.44019, 32.7624],
			"to": [0.05925, 5.55981, 33.828],
			"rotation": {"angle": -45, "axis": "x", "origin": [-0.31875, 4.5, 28.5]},
			"faces": {
				"north": {"uv": [4.25, 13.75, 4.5, 14.25], "texture": "#3"},
				"east": {"uv": [4.25, 13.75, 4.5, 14.25], "texture": "#3"},
				"south": {"uv": [4.25, 13.75, 4.5, 14.25], "texture": "#3"},
				"west": {"uv": [4.25, 13.75, 4.5, 14.25], "texture": "#3"},
				"up": {"uv": [4.25, 13.75, 4.5, 14.25], "texture": "#3"},
				"down": {"uv": [4.25, 13.75, 4.5, 14.25], "texture": "#3"}
			}
		},
		{
			"name": "hexadecagon",
			"from": [-0.69675, 3.44019, 23.172],
			"to": [0.05925, 5.55981, 24.2376],
			"rotation": {"angle": 45, "axis": "x", "origin": [-0.31875, 4.5, 28.5]},
			"faces": {
				"north": {"uv": [4.25, 13.75, 4.5, 14.25], "texture": "#3"},
				"east": {"uv": [4.25, 13.75, 4.5, 14.25], "texture": "#3"},
				"south": {"uv": [4.25, 13.75, 4.5, 14.25], "texture": "#3"},
				"west": {"uv": [4.25, 13.75, 4.5, 14.25], "texture": "#3"},
				"up": {"uv": [4.25, 13.75, 4.5, 14.25], "texture": "#3"},
				"down": {"uv": [4.25, 13.75, 4.5, 14.25], "texture": "#3"}
			}
		},
		{
			"name": "hexadecagon",
			"from": [-0.69675, 3.44019, 23.172],
			"to": [0.05925, 5.55981, 24.2376],
			"rotation": {"angle": 22.5, "axis": "x", "origin": [-0.31875, 4.5, 28.5]},
			"faces": {
				"north": {"uv": [4.25, 13.75, 4.5, 14.25], "texture": "#3"},
				"east": {"uv": [4.25, 13.75, 4.5, 14.25], "texture": "#3"},
				"south": {"uv": [4.25, 13.75, 4.5, 14.25], "texture": "#3"},
				"west": {"uv": [4.25, 13.75, 4.5, 14.25], "texture": "#3"},
				"up": {"uv": [4.25, 13.75, 4.5, 14.25], "texture": "#3"},
				"down": {"uv": [4.25, 13.75, 4.5, 14.25], "texture": "#3"}
			}
		},
		{
			"name": "hexadecagon",
			"from": [-0.69675, 3.44019, 23.172],
			"to": [0.05925, 5.55981, 24.2376],
			"rotation": {"angle": 0, "axis": "y", "origin": [-0.31875, 4.5, 28.5]},
			"faces": {
				"north": {"uv": [4.25, 13.75, 4.5, 14.25], "texture": "#3"},
				"east": {"uv": [4.25, 13.75, 4.5, 14.25], "texture": "#3"},
				"south": {"uv": [4.25, 13.75, 4.5, 14.25], "texture": "#3"},
				"west": {"uv": [4.25, 13.75, 4.5, 14.25], "texture": "#3"},
				"up": {"uv": [4.25, 13.75, 4.5, 14.25], "texture": "#3"},
				"down": {"uv": [4.25, 13.75, 4.5, 14.25], "texture": "#3"}
			}
		},
		{
			"name": "hexadecagon",
			"from": [-0.69675, 3.44019, 23.172],
			"to": [0.05925, 5.55981, 24.2376],
			"rotation": {"angle": -22.5, "axis": "x", "origin": [-0.31875, 4.5, 28.5]},
			"faces": {
				"north": {"uv": [4.25, 13.75, 4.5, 14.25], "texture": "#3"},
				"east": {"uv": [4.25, 13.75, 4.5, 14.25], "texture": "#3"},
				"south": {"uv": [4.25, 13.75, 4.5, 14.25], "texture": "#3"},
				"west": {"uv": [4.25, 13.75, 4.5, 14.25], "texture": "#3"},
				"up": {"uv": [4.25, 13.75, 4.5, 14.25], "texture": "#3"},
				"down": {"uv": [4.25, 13.75, 4.5, 14.25], "texture": "#3"}
			}
		},
		{
			"name": "hexadecagon",
			"from": [-0.69675, 3.44019, 23.172],
			"to": [0.05925, 5.55981, 24.2376],
			"rotation": {"angle": -45, "axis": "x", "origin": [-0.31875, 4.5, 28.5]},
			"faces": {
				"north": {"uv": [4.25, 13.75, 4.5, 14.25], "texture": "#3"},
				"east": {"uv": [4.25, 13.75, 4.5, 14.25], "texture": "#3"},
				"south": {"uv": [4.25, 13.75, 4.5, 14.25], "texture": "#3"},
				"west": {"uv": [4.25, 13.75, 4.5, 14.25], "texture": "#3"},
				"up": {"uv": [4.25, 13.75, 4.5, 14.25], "texture": "#3"},
				"down": {"uv": [4.25, 13.75, 4.5, 14.25], "texture": "#3"}
			}
		},
		{
			"name": "hexadecagon",
			"from": [16.01635, 0.10992, 28.25216],
			"to": [16.62115, 8.7624, 28.74784],
			"rotation": {"angle": 22.5, "axis": "x", "origin": [16.31875, 4.5, 28.5]},
			"faces": {
				"north": {"uv": [0.75, 0, 0, 0.75], "texture": "#3"},
				"east": {"uv": [0.75, 0, 0, 0.75], "texture": "#3"},
				"south": {"uv": [0.75, 0, 0, 0.75], "texture": "#3"},
				"west": {"uv": [0.75, 0, 0, 0.75], "texture": "#3"},
				"up": {"uv": [0.75, 0, 0, 0.75], "texture": "#3"},
				"down": {"uv": [0.75, 0, 0, 0.75], "texture": "#3"}
			}
		},
		{
			"name": "hexadecagon",
			"from": [16.01635, 0.2376, 28.25216],
			"to": [16.62115, 8.89008, 28.74784],
			"rotation": {"angle": 0, "axis": "y", "origin": [16.31875, 4.5, 28.5]},
			"faces": {
				"north": {"uv": [0.75, 0, 0, 0.75], "texture": "#3"},
				"east": {"uv": [0.75, 0, 0, 0.75], "texture": "#3"},
				"south": {"uv": [0.75, 0, 0, 0.75], "texture": "#3"},
				"west": {"uv": [0.75, 0, 0, 0.75], "texture": "#3"},
				"up": {"uv": [0.75, 0, 0, 0.75], "texture": "#3"},
				"down": {"uv": [0.75, 0, 0, 0.75], "texture": "#3"}
			}
		},
		{
			"name": "hexadecagon",
			"from": [16.01635, 0.2376, 28.25216],
			"to": [16.62115, 8.89008, 28.74784],
			"rotation": {"angle": -22.5, "axis": "x", "origin": [16.31875, 4.5, 28.5]},
			"faces": {
				"north": {"uv": [0.75, 0, 0, 0.75], "texture": "#3"},
				"east": {"uv": [0.75, 0, 0, 0.75], "texture": "#3"},
				"south": {"uv": [0.75, 0, 0, 0.75], "texture": "#3"},
				"west": {"uv": [0.75, 0, 0, 0.75], "texture": "#3"},
				"up": {"uv": [0.75, 0, 0, 0.75], "texture": "#3"},
				"down": {"uv": [0.75, 0, 0, 0.75], "texture": "#3"}
			}
		},
		{
			"name": "hexadecagon",
			"from": [16.01635, 4.25216, 24.10992],
			"to": [16.62115, 4.74784, 32.7624],
			"rotation": {"angle": 45, "axis": "x", "origin": [16.31875, 4.5, 28.5]},
			"faces": {
				"north": {"uv": [0.75, 0, 0, 0.75], "texture": "#3"},
				"east": {"uv": [0.75, 0, 0, 0.75], "texture": "#3"},
				"south": {"uv": [0.75, 0, 0, 0.75], "texture": "#3"},
				"west": {"uv": [0.75, 0, 0, 0.75], "texture": "#3"},
				"up": {"uv": [0.75, 0, 0, 0.75], "texture": "#3"},
				"down": {"uv": [0.75, 0, 0, 0.75], "texture": "#3"}
			}
		},
		{
			"name": "hexadecagon",
			"from": [16.01635, 4.25216, 24.10992],
			"to": [16.62115, 4.74784, 32.7624],
			"rotation": {"angle": 22.5, "axis": "x", "origin": [16.31875, 4.5, 28.5]},
			"faces": {
				"north": {"uv": [0.75, 0, 0, 0.75], "texture": "#3"},
				"east": {"uv": [0.75, 0, 0, 0.75], "texture": "#3"},
				"south": {"uv": [0.75, 0, 0, 0.75], "texture": "#3"},
				"west": {"uv": [0.75, 0, 0, 0.75], "texture": "#3"},
				"up": {"uv": [0.75, 0, 0, 0.75], "texture": "#3"},
				"down": {"uv": [0.75, 0, 0, 0.75], "texture": "#3"}
			}
		},
		{
			"name": "hexadecagon",
			"from": [16.01635, 4.25216, 24.10992],
			"to": [16.62115, 4.74784, 32.7624],
			"rotation": {"angle": 0, "axis": "y", "origin": [16.31875, 4.5, 28.5]},
			"faces": {
				"north": {"uv": [0.75, 0, 0, 0.75], "texture": "#3"},
				"east": {"uv": [0.75, 0, 0, 0.75], "texture": "#3"},
				"south": {"uv": [0.75, 0, 0, 0.75], "texture": "#3"},
				"west": {"uv": [0.75, 0, 0, 0.75], "texture": "#3"},
				"up": {"uv": [0.75, 0, 0, 0.75], "texture": "#3"},
				"down": {"uv": [0.75, 0, 0, 0.75], "texture": "#3"}
			}
		},
		{
			"name": "hexadecagon",
			"from": [16.01635, 4.25216, 24.10992],
			"to": [16.62115, 4.74784, 32.7624],
			"rotation": {"angle": -22.5, "axis": "x", "origin": [16.31875, 4.5, 28.5]},
			"faces": {
				"north": {"uv": [0.75, 0, 0, 0.75], "texture": "#3"},
				"east": {"uv": [0.75, 0, 0, 0.75], "texture": "#3"},
				"south": {"uv": [0.75, 0, 0, 0.75], "texture": "#3"},
				"west": {"uv": [0.75, 0, 0, 0.75], "texture": "#3"},
				"up": {"uv": [0.75, 0, 0, 0.75], "texture": "#3"},
				"down": {"uv": [0.75, 0, 0, 0.75], "texture": "#3"}
			}
		},
		{
			"name": "hexadecagon",
			"from": [16.01635, 4.25216, 24.10992],
			"to": [16.62115, 4.74784, 32.7624],
			"rotation": {"angle": -45, "axis": "x", "origin": [16.31875, 4.5, 28.5]},
			"faces": {
				"north": {"uv": [0.75, 0, 0, 0.75], "texture": "#3"},
				"east": {"uv": [0.75, 0, 0, 0.75], "texture": "#3"},
				"south": {"uv": [0.75, 0, 0, 0.75], "texture": "#3"},
				"west": {"uv": [0.75, 0, 0, 0.75], "texture": "#3"},
				"up": {"uv": [0.75, 0, 0, 0.75], "texture": "#3"},
				"down": {"uv": [0.75, 0, 0, 0.75], "texture": "#3"}
			}
		},
		{
			"name": "hexadecagon",
			"from": [15.94075, 8.7624, 27.44019],
			"to": [16.69675, 9.828, 29.55981],
			"rotation": {"angle": 22.5, "axis": "x", "origin": [16.31875, 4.5, 28.5]},
			"faces": {
				"north": {"uv": [4.5, 13.75, 4.25, 14.25], "texture": "#3"},
				"east": {"uv": [4.5, 13.75, 4.25, 14.25], "texture": "#3"},
				"south": {"uv": [4.5, 13.75, 4.25, 14.25], "texture": "#3"},
				"west": {"uv": [4.5, 13.75, 4.25, 14.25], "texture": "#3"},
				"up": {"uv": [4.5, 13.75, 4.25, 14.25], "texture": "#3"},
				"down": {"uv": [4.5, 13.75, 4.25, 14.25], "texture": "#3"}
			}
		},
		{
			"name": "hexadecagon",
			"from": [15.94075, 8.7624, 27.44019],
			"to": [16.69675, 9.828, 29.55981],
			"rotation": {"angle": 0, "axis": "y", "origin": [16.31875, 4.5, 28.5]},
			"faces": {
				"north": {"uv": [4.5, 13.75, 4.25, 14.25], "texture": "#3"},
				"east": {"uv": [4.5, 13.75, 4.25, 14.25], "texture": "#3"},
				"south": {"uv": [4.5, 13.75, 4.25, 14.25], "texture": "#3"},
				"west": {"uv": [4.5, 13.75, 4.25, 14.25], "texture": "#3"},
				"up": {"uv": [4.5, 13.75, 4.25, 14.25], "texture": "#3"},
				"down": {"uv": [4.5, 13.75, 4.25, 14.25], "texture": "#3"}
			}
		},
		{
			"name": "hexadecagon",
			"from": [15.94075, 8.7624, 27.44019],
			"to": [16.69675, 9.828, 29.55981],
			"rotation": {"angle": -22.5, "axis": "x", "origin": [16.31875, 4.5, 28.5]},
			"faces": {
				"north": {"uv": [4.5, 13.75, 4.25, 14.25], "texture": "#3"},
				"east": {"uv": [4.5, 13.75, 4.25, 14.25], "texture": "#3"},
				"south": {"uv": [4.5, 13.75, 4.25, 14.25], "texture": "#3"},
				"west": {"uv": [4.5, 13.75, 4.25, 14.25], "texture": "#3"},
				"up": {"uv": [4.5, 13.75, 4.25, 14.25], "texture": "#3"},
				"down": {"uv": [4.5, 13.75, 4.25, 14.25], "texture": "#3"}
			}
		},
		{
			"name": "hexadecagon",
			"from": [15.94075, -0.828, 27.44019],
			"to": [16.69675, 0.2376, 29.55981],
			"rotation": {"angle": 22.5, "axis": "x", "origin": [16.31875, 4.5, 28.5]},
			"faces": {
				"north": {"uv": [4.5, 13.75, 4.25, 14.25], "texture": "#3"},
				"east": {"uv": [4.5, 13.75, 4.25, 14.25], "texture": "#3"},
				"south": {"uv": [4.5, 13.75, 4.25, 14.25], "texture": "#3"},
				"west": {"uv": [4.5, 13.75, 4.25, 14.25], "texture": "#3"},
				"up": {"uv": [4.5, 13.75, 4.25, 14.25], "texture": "#3"},
				"down": {"uv": [4.5, 13.75, 4.25, 14.25], "texture": "#3"}
			}
		},
		{
			"name": "hexadecagon",
			"from": [15.94075, -0.828, 27.44019],
			"to": [16.69675, 0.2376, 29.55981],
			"rotation": {"angle": 0, "axis": "y", "origin": [16.31875, 4.5, 28.5]},
			"faces": {
				"north": {"uv": [4.5, 13.75, 4.25, 14.25], "texture": "#3"},
				"east": {"uv": [4.5, 13.75, 4.25, 14.25], "texture": "#3"},
				"south": {"uv": [4.5, 13.75, 4.25, 14.25], "texture": "#3"},
				"west": {"uv": [4.5, 13.75, 4.25, 14.25], "texture": "#3"},
				"up": {"uv": [4.5, 13.75, 4.25, 14.25], "texture": "#3"},
				"down": {"uv": [4.5, 13.75, 4.25, 14.25], "texture": "#3"}
			}
		},
		{
			"name": "hexadecagon",
			"from": [15.94075, -0.828, 27.44019],
			"to": [16.69675, 0.2376, 29.55981],
			"rotation": {"angle": -22.5, "axis": "x", "origin": [16.31875, 4.5, 28.5]},
			"faces": {
				"north": {"uv": [4.5, 13.75, 4.25, 14.25], "texture": "#3"},
				"east": {"uv": [4.5, 13.75, 4.25, 14.25], "texture": "#3"},
				"south": {"uv": [4.5, 13.75, 4.25, 14.25], "texture": "#3"},
				"west": {"uv": [4.5, 13.75, 4.25, 14.25], "texture": "#3"},
				"up": {"uv": [4.5, 13.75, 4.25, 14.25], "texture": "#3"},
				"down": {"uv": [4.5, 13.75, 4.25, 14.25], "texture": "#3"}
			}
		},
		{
			"name": "hexadecagon",
			"from": [15.94075, 3.44019, 32.7624],
			"to": [16.69675, 5.55981, 33.828],
			"rotation": {"angle": 45, "axis": "x", "origin": [16.31875, 4.5, 28.5]},
			"faces": {
				"north": {"uv": [4.5, 13.75, 4.25, 14.25], "texture": "#3"},
				"east": {"uv": [4.5, 13.75, 4.25, 14.25], "texture": "#3"},
				"south": {"uv": [4.5, 13.75, 4.25, 14.25], "texture": "#3"},
				"west": {"uv": [4.5, 13.75, 4.25, 14.25], "texture": "#3"},
				"up": {"uv": [4.5, 13.75, 4.25, 14.25], "texture": "#3"},
				"down": {"uv": [4.5, 13.75, 4.25, 14.25], "texture": "#3"}
			}
		},
		{
			"name": "hexadecagon",
			"from": [15.94075, 3.44019, 32.7624],
			"to": [16.69675, 5.55981, 33.828],
			"rotation": {"angle": 22.5, "axis": "x", "origin": [16.31875, 4.5, 28.5]},
			"faces": {
				"north": {"uv": [4.5, 13.75, 4.25, 14.25], "texture": "#3"},
				"east": {"uv": [4.5, 13.75, 4.25, 14.25], "texture": "#3"},
				"south": {"uv": [4.5, 13.75, 4.25, 14.25], "texture": "#3"},
				"west": {"uv": [4.5, 13.75, 4.25, 14.25], "texture": "#3"},
				"up": {"uv": [4.5, 13.75, 4.25, 14.25], "texture": "#3"},
				"down": {"uv": [4.5, 13.75, 4.25, 14.25], "texture": "#3"}
			}
		},
		{
			"name": "hexadecagon",
			"from": [15.94075, 3.44019, 32.7624],
			"to": [16.69675, 5.55981, 33.828],
			"rotation": {"angle": 0, "axis": "y", "origin": [16.31875, 4.5, 28.5]},
			"faces": {
				"north": {"uv": [4.5, 13.75, 4.25, 14.25], "texture": "#3"},
				"east": {"uv": [4.5, 13.75, 4.25, 14.25], "texture": "#3"},
				"south": {"uv": [4.5, 13.75, 4.25, 14.25], "texture": "#3"},
				"west": {"uv": [4.5, 13.75, 4.25, 14.25], "texture": "#3"},
				"up": {"uv": [4.5, 13.75, 4.25, 14.25], "texture": "#3"},
				"down": {"uv": [4.5, 13.75, 4.25, 14.25], "texture": "#3"}
			}
		},
		{
			"name": "hexadecagon",
			"from": [15.94075, 3.44019, 32.7624],
			"to": [16.69675, 5.55981, 33.828],
			"rotation": {"angle": -22.5, "axis": "x", "origin": [16.31875, 4.5, 28.5]},
			"faces": {
				"north": {"uv": [4.5, 13.75, 4.25, 14.25], "texture": "#3"},
				"east": {"uv": [4.5, 13.75, 4.25, 14.25], "texture": "#3"},
				"south": {"uv": [4.5, 13.75, 4.25, 14.25], "texture": "#3"},
				"west": {"uv": [4.5, 13.75, 4.25, 14.25], "texture": "#3"},
				"up": {"uv": [4.5, 13.75, 4.25, 14.25], "texture": "#3"},
				"down": {"uv": [4.5, 13.75, 4.25, 14.25], "texture": "#3"}
			}
		},
		{
			"name": "hexadecagon",
			"from": [15.94075, 3.44019, 32.7624],
			"to": [16.69675, 5.55981, 33.828],
			"rotation": {"angle": -45, "axis": "x", "origin": [16.31875, 4.5, 28.5]},
			"faces": {
				"north": {"uv": [4.5, 13.75, 4.25, 14.25], "texture": "#3"},
				"east": {"uv": [4.5, 13.75, 4.25, 14.25], "texture": "#3"},
				"south": {"uv": [4.5, 13.75, 4.25, 14.25], "texture": "#3"},
				"west": {"uv": [4.5, 13.75, 4.25, 14.25], "texture": "#3"},
				"up": {"uv": [4.5, 13.75, 4.25, 14.25], "texture": "#3"},
				"down": {"uv": [4.5, 13.75, 4.25, 14.25], "texture": "#3"}
			}
		},
		{
			"name": "hexadecagon",
			"from": [15.94075, 3.44019, 23.172],
			"to": [16.69675, 5.55981, 24.2376],
			"rotation": {"angle": 45, "axis": "x", "origin": [16.31875, 4.5, 28.5]},
			"faces": {
				"north": {"uv": [4.5, 13.75, 4.25, 14.25], "texture": "#3"},
				"east": {"uv": [4.5, 13.75, 4.25, 14.25], "texture": "#3"},
				"south": {"uv": [4.5, 13.75, 4.25, 14.25], "texture": "#3"},
				"west": {"uv": [4.5, 13.75, 4.25, 14.25], "texture": "#3"},
				"up": {"uv": [4.5, 13.75, 4.25, 14.25], "texture": "#3"},
				"down": {"uv": [4.5, 13.75, 4.25, 14.25], "texture": "#3"}
			}
		},
		{
			"name": "hexadecagon",
			"from": [15.94075, 3.44019, 23.172],
			"to": [16.69675, 5.55981, 24.2376],
			"rotation": {"angle": 22.5, "axis": "x", "origin": [16.31875, 4.5, 28.5]},
			"faces": {
				"north": {"uv": [4.5, 13.75, 4.25, 14.25], "texture": "#3"},
				"east": {"uv": [4.5, 13.75, 4.25, 14.25], "texture": "#3"},
				"south": {"uv": [4.5, 13.75, 4.25, 14.25], "texture": "#3"},
				"west": {"uv": [4.5, 13.75, 4.25, 14.25], "texture": "#3"},
				"up": {"uv": [4.5, 13.75, 4.25, 14.25], "texture": "#3"},
				"down": {"uv": [4.5, 13.75, 4.25, 14.25], "texture": "#3"}
			}
		},
		{
			"name": "hexadecagon",
			"from": [15.94075, 3.44019, 23.172],
			"to": [16.69675, 5.55981, 24.2376],
			"rotation": {"angle": 0, "axis": "y", "origin": [16.31875, 4.5, 28.5]},
			"faces": {
				"north": {"uv": [4.5, 13.75, 4.25, 14.25], "texture": "#3"},
				"east": {"uv": [4.5, 13.75, 4.25, 14.25], "texture": "#3"},
				"south": {"uv": [4.5, 13.75, 4.25, 14.25], "texture": "#3"},
				"west": {"uv": [4.5, 13.75, 4.25, 14.25], "texture": "#3"},
				"up": {"uv": [4.5, 13.75, 4.25, 14.25], "texture": "#3"},
				"down": {"uv": [4.5, 13.75, 4.25, 14.25], "texture": "#3"}
			}
		},
		{
			"name": "hexadecagon",
			"from": [15.94075, 3.44019, 23.172],
			"to": [16.69675, 5.55981, 24.2376],
			"rotation": {"angle": -22.5, "axis": "x", "origin": [16.31875, 4.5, 28.5]},
			"faces": {
				"north": {"uv": [4.5, 13.75, 4.25, 14.25], "texture": "#3"},
				"east": {"uv": [4.5, 13.75, 4.25, 14.25], "texture": "#3"},
				"south": {"uv": [4.5, 13.75, 4.25, 14.25], "texture": "#3"},
				"west": {"uv": [4.5, 13.75, 4.25, 14.25], "texture": "#3"},
				"up": {"uv": [4.5, 13.75, 4.25, 14.25], "texture": "#3"},
				"down": {"uv": [4.5, 13.75, 4.25, 14.25], "texture": "#3"}
			}
		},
		{
			"name": "hexadecagon",
			"from": [15.94075, 3.44019, 23.172],
			"to": [16.69675, 5.55981, 24.2376],
			"rotation": {"angle": -45, "axis": "x", "origin": [16.31875, 4.5, 28.5]},
			"faces": {
				"north": {"uv": [4.5, 13.75, 4.25, 14.25], "texture": "#3"},
				"east": {"uv": [4.5, 13.75, 4.25, 14.25], "texture": "#3"},
				"south": {"uv": [4.5, 13.75, 4.25, 14.25], "texture": "#3"},
				"west": {"uv": [4.5, 13.75, 4.25, 14.25], "texture": "#3"},
				"up": {"uv": [4.5, 13.75, 4.25, 14.25], "texture": "#3"},
				"down": {"uv": [4.5, 13.75, 4.25, 14.25], "texture": "#3"}
			}
		},
		{
			"name": "hexadecagon",
			"from": [2.81, 3.61683, 6.06],
			"to": [3.44, 5.38317, 6.948],
			"rotation": {"angle": -22.5, "axis": "x", "origin": [3.125, 4.5, 10.5]},
			"faces": {
				"north": {"uv": [4.25, 13.75, 4.5, 14.25], "texture": "#3"},
				"east": {"uv": [4.25, 13.75, 4.5, 14.25], "texture": "#3"},
				"south": {"uv": [4.25, 13.75, 4.5, 14.25], "texture": "#3"},
				"west": {"uv": [4.25, 13.75, 4.5, 14.25], "texture": "#3"},
				"up": {"uv": [4.25, 13.75, 4.5, 14.25], "texture": "#3"},
				"down": {"uv": [4.25, 13.75, 4.5, 14.25], "texture": "#3"}
			}
		},
		{
			"name": "hexadecagon",
			"from": [2.81, 3.61683, 6.06],
			"to": [3.44, 5.38317, 6.948],
			"rotation": {"angle": 0, "axis": "x", "origin": [3.125, 4.5, 10.5]},
			"faces": {
				"north": {"uv": [4.25, 13.75, 4.5, 14.25], "texture": "#3"},
				"east": {"uv": [4.25, 13.75, 4.5, 14.25], "texture": "#3"},
				"south": {"uv": [4.25, 13.75, 4.5, 14.25], "texture": "#3"},
				"west": {"uv": [4.25, 13.75, 4.5, 14.25], "texture": "#3"},
				"up": {"uv": [4.25, 13.75, 4.5, 14.25], "texture": "#3"},
				"down": {"uv": [4.25, 13.75, 4.5, 14.25], "texture": "#3"}
			}
		},
		{
			"name": "hexadecagon",
			"from": [2.81, 3.61683, 6.06],
			"to": [3.44, 5.38317, 6.948],
			"rotation": {"angle": 22.5, "axis": "x", "origin": [3.125, 4.5, 10.5]},
			"faces": {
				"north": {"uv": [4.25, 13.75, 4.5, 14.25], "texture": "#3"},
				"east": {"uv": [4.25, 13.75, 4.5, 14.25], "texture": "#3"},
				"south": {"uv": [4.25, 13.75, 4.5, 14.25], "texture": "#3"},
				"west": {"uv": [4.25, 13.75, 4.5, 14.25], "texture": "#3"},
				"up": {"uv": [4.25, 13.75, 4.5, 14.25], "texture": "#3"},
				"down": {"uv": [4.25, 13.75, 4.5, 14.25], "texture": "#3"}
			}
		},
		{
			"name": "hexadecagon",
			"from": [2.81, 3.61683, 6.06],
			"to": [3.44, 5.38317, 6.948],
			"rotation": {"angle": 45, "axis": "x", "origin": [3.125, 4.5, 10.5]},
			"faces": {
				"north": {"uv": [4.25, 13.75, 4.5, 14.25], "texture": "#3"},
				"east": {"uv": [4.25, 13.75, 4.5, 14.25], "texture": "#3"},
				"south": {"uv": [4.25, 13.75, 4.5, 14.25], "texture": "#3"},
				"west": {"uv": [4.25, 13.75, 4.5, 14.25], "texture": "#3"},
				"up": {"uv": [4.25, 13.75, 4.5, 14.25], "texture": "#3"},
				"down": {"uv": [4.25, 13.75, 4.5, 14.25], "texture": "#3"}
			}
		},
		{
			"name": "hexadecagon",
			"from": [2.81, 3.61683, 14.052],
			"to": [3.44, 5.38317, 14.94],
			"rotation": {"angle": -45, "axis": "x", "origin": [3.125, 4.5, 10.5]},
			"faces": {
				"north": {"uv": [4.25, 13.75, 4.5, 14.25], "texture": "#3"},
				"east": {"uv": [4.25, 13.75, 4.5, 14.25], "texture": "#3"},
				"south": {"uv": [4.25, 13.75, 4.5, 14.25], "texture": "#3"},
				"west": {"uv": [4.25, 13.75, 4.5, 14.25], "texture": "#3"},
				"up": {"uv": [4.25, 13.75, 4.5, 14.25], "texture": "#3"},
				"down": {"uv": [4.25, 13.75, 4.5, 14.25], "texture": "#3"}
			}
		},
		{
			"name": "hexadecagon",
			"from": [2.81, 3.61683, 14.052],
			"to": [3.44, 5.38317, 14.94],
			"rotation": {"angle": -22.5, "axis": "x", "origin": [3.125, 4.5, 10.5]},
			"faces": {
				"north": {"uv": [4.25, 13.75, 4.5, 14.25], "texture": "#3"},
				"east": {"uv": [4.25, 13.75, 4.5, 14.25], "texture": "#3"},
				"south": {"uv": [4.25, 13.75, 4.5, 14.25], "texture": "#3"},
				"west": {"uv": [4.25, 13.75, 4.5, 14.25], "texture": "#3"},
				"up": {"uv": [4.25, 13.75, 4.5, 14.25], "texture": "#3"},
				"down": {"uv": [4.25, 13.75, 4.5, 14.25], "texture": "#3"}
			}
		},
		{
			"name": "hexadecagon",
			"from": [2.81, 3.61683, 14.052],
			"to": [3.44, 5.38317, 14.94],
			"rotation": {"angle": 0, "axis": "x", "origin": [3.125, 4.5, 10.5]},
			"faces": {
				"north": {"uv": [4.25, 13.75, 4.5, 14.25], "texture": "#3"},
				"east": {"uv": [4.25, 13.75, 4.5, 14.25], "texture": "#3"},
				"south": {"uv": [4.25, 13.75, 4.5, 14.25], "texture": "#3"},
				"west": {"uv": [4.25, 13.75, 4.5, 14.25], "texture": "#3"},
				"up": {"uv": [4.25, 13.75, 4.5, 14.25], "texture": "#3"},
				"down": {"uv": [4.25, 13.75, 4.5, 14.25], "texture": "#3"}
			}
		},
		{
			"name": "hexadecagon",
			"from": [2.81, 3.61683, 14.052],
			"to": [3.44, 5.38317, 14.94],
			"rotation": {"angle": 22.5, "axis": "x", "origin": [3.125, 4.5, 10.5]},
			"faces": {
				"north": {"uv": [4.25, 13.75, 4.5, 14.25], "texture": "#3"},
				"east": {"uv": [4.25, 13.75, 4.5, 14.25], "texture": "#3"},
				"south": {"uv": [4.25, 13.75, 4.5, 14.25], "texture": "#3"},
				"west": {"uv": [4.25, 13.75, 4.5, 14.25], "texture": "#3"},
				"up": {"uv": [4.25, 13.75, 4.5, 14.25], "texture": "#3"},
				"down": {"uv": [4.25, 13.75, 4.5, 14.25], "texture": "#3"}
			}
		},
		{
			"name": "hexadecagon",
			"from": [2.81, 3.61683, 14.052],
			"to": [3.44, 5.38317, 14.94],
			"rotation": {"angle": 45, "axis": "x", "origin": [3.125, 4.5, 10.5]},
			"faces": {
				"north": {"uv": [4.25, 13.75, 4.5, 14.25], "texture": "#3"},
				"east": {"uv": [4.25, 13.75, 4.5, 14.25], "texture": "#3"},
				"south": {"uv": [4.25, 13.75, 4.5, 14.25], "texture": "#3"},
				"west": {"uv": [4.25, 13.75, 4.5, 14.25], "texture": "#3"},
				"up": {"uv": [4.25, 13.75, 4.5, 14.25], "texture": "#3"},
				"down": {"uv": [4.25, 13.75, 4.5, 14.25], "texture": "#3"}
			}
		},
		{
			"name": "hexadecagon",
			"from": [2.81, 0.06, 9.61683],
			"to": [3.44, 0.948, 11.38317],
			"rotation": {"angle": -22.5, "axis": "x", "origin": [3.125, 4.5, 10.5]},
			"faces": {
				"north": {"uv": [4.25, 13.75, 4.5, 14.25], "texture": "#3"},
				"east": {"uv": [4.25, 13.75, 4.5, 14.25], "texture": "#3"},
				"south": {"uv": [4.25, 13.75, 4.5, 14.25], "texture": "#3"},
				"west": {"uv": [4.25, 13.75, 4.5, 14.25], "texture": "#3"},
				"up": {"uv": [4.25, 13.75, 4.5, 14.25], "texture": "#3"},
				"down": {"uv": [4.25, 13.75, 4.5, 14.25], "texture": "#3"}
			}
		},
		{
			"name": "hexadecagon",
			"from": [2.81, 0.06, 9.61683],
			"to": [3.44, 0.948, 11.38317],
			"rotation": {"angle": 0, "axis": "x", "origin": [3.125, 4.5, 10.5]},
			"faces": {
				"north": {"uv": [4.25, 13.75, 4.5, 14.25], "texture": "#3"},
				"east": {"uv": [4.25, 13.75, 4.5, 14.25], "texture": "#3"},
				"south": {"uv": [4.25, 13.75, 4.5, 14.25], "texture": "#3"},
				"west": {"uv": [4.25, 13.75, 4.5, 14.25], "texture": "#3"},
				"up": {"uv": [4.25, 13.75, 4.5, 14.25], "texture": "#3"},
				"down": {"uv": [4.25, 13.75, 4.5, 14.25], "texture": "#3"}
			}
		},
		{
			"name": "hexadecagon",
			"from": [2.81, 0.06, 9.61683],
			"to": [3.44, 0.948, 11.38317],
			"rotation": {"angle": 22.5, "axis": "x", "origin": [3.125, 4.5, 10.5]},
			"faces": {
				"north": {"uv": [4.25, 13.75, 4.5, 14.25], "texture": "#3"},
				"east": {"uv": [4.25, 13.75, 4.5, 14.25], "texture": "#3"},
				"south": {"uv": [4.25, 13.75, 4.5, 14.25], "texture": "#3"},
				"west": {"uv": [4.25, 13.75, 4.5, 14.25], "texture": "#3"},
				"up": {"uv": [4.25, 13.75, 4.5, 14.25], "texture": "#3"},
				"down": {"uv": [4.25, 13.75, 4.5, 14.25], "texture": "#3"}
			}
		},
		{
			"name": "hexadecagon",
			"from": [2.81, 8.052, 9.61683],
			"to": [3.44, 8.94, 11.38317],
			"rotation": {"angle": -22.5, "axis": "x", "origin": [3.125, 4.5, 10.5]},
			"faces": {
				"north": {"uv": [4.25, 13.75, 4.5, 14.25], "texture": "#3"},
				"east": {"uv": [4.25, 13.75, 4.5, 14.25], "texture": "#3"},
				"south": {"uv": [4.25, 13.75, 4.5, 14.25], "texture": "#3"},
				"west": {"uv": [4.25, 13.75, 4.5, 14.25], "texture": "#3"},
				"up": {"uv": [4.25, 13.75, 4.5, 14.25], "texture": "#3"},
				"down": {"uv": [4.25, 13.75, 4.5, 14.25], "texture": "#3"}
			}
		},
		{
			"name": "hexadecagon",
			"from": [2.81, 8.052, 9.61683],
			"to": [3.44, 8.94, 11.38317],
			"rotation": {"angle": 0, "axis": "x", "origin": [3.125, 4.5, 10.5]},
			"faces": {
				"north": {"uv": [4.25, 13.75, 4.5, 14.25], "texture": "#3"},
				"east": {"uv": [4.25, 13.75, 4.5, 14.25], "texture": "#3"},
				"south": {"uv": [4.25, 13.75, 4.5, 14.25], "texture": "#3"},
				"west": {"uv": [4.25, 13.75, 4.5, 14.25], "texture": "#3"},
				"up": {"uv": [4.25, 13.75, 4.5, 14.25], "texture": "#3"},
				"down": {"uv": [4.25, 13.75, 4.5, 14.25], "texture": "#3"}
			}
		},
		{
			"name": "hexadecagon",
			"from": [2.81, 8.052, 9.61683],
			"to": [3.44, 8.94, 11.38317],
			"rotation": {"angle": 22.5, "axis": "x", "origin": [3.125, 4.5, 10.5]},
			"faces": {
				"north": {"uv": [4.25, 13.75, 4.5, 14.25], "texture": "#3"},
				"east": {"uv": [4.25, 13.75, 4.5, 14.25], "texture": "#3"},
				"south": {"uv": [4.25, 13.75, 4.5, 14.25], "texture": "#3"},
				"west": {"uv": [4.25, 13.75, 4.5, 14.25], "texture": "#3"},
				"up": {"uv": [4.25, 13.75, 4.5, 14.25], "texture": "#3"},
				"down": {"uv": [4.25, 13.75, 4.5, 14.25], "texture": "#3"}
			}
		},
		{
			"name": "hexadecagon",
			"from": [2.873, 4.29346, 6.8416],
			"to": [3.377, 4.70654, 14.052],
			"rotation": {"angle": -45, "axis": "x", "origin": [3.125, 4.5, 10.5]},
			"faces": {
				"north": {"uv": [0, 0, 0.75, 0.75], "texture": "#3"},
				"east": {"uv": [0, 0, 0.75, 0.75], "texture": "#3"},
				"south": {"uv": [0, 0, 0.75, 0.75], "texture": "#3"},
				"west": {"uv": [0, 0, 0.75, 0.75], "texture": "#3"},
				"up": {"uv": [0, 0, 0.75, 0.75], "texture": "#3"},
				"down": {"uv": [0, 0, 0.75, 0.75], "texture": "#3"}
			}
		},
		{
			"name": "hexadecagon",
			"from": [2.873, 4.29346, 6.8416],
			"to": [3.377, 4.70654, 14.052],
			"rotation": {"angle": -22.5, "axis": "x", "origin": [3.125, 4.5, 10.5]},
			"faces": {
				"north": {"uv": [0, 0, 0.75, 0.75], "texture": "#3"},
				"east": {"uv": [0, 0, 0.75, 0.75], "texture": "#3"},
				"south": {"uv": [0, 0, 0.75, 0.75], "texture": "#3"},
				"west": {"uv": [0, 0, 0.75, 0.75], "texture": "#3"},
				"up": {"uv": [0, 0, 0.75, 0.75], "texture": "#3"},
				"down": {"uv": [0, 0, 0.75, 0.75], "texture": "#3"}
			}
		},
		{
			"name": "hexadecagon",
			"from": [2.873, 4.29346, 6.8416],
			"to": [3.377, 4.70654, 14.052],
			"rotation": {"angle": 0, "axis": "y", "origin": [3.125, 4.5, 10.5]},
			"faces": {
				"north": {"uv": [0, 0, 0.75, 0.75], "texture": "#3"},
				"east": {"uv": [0, 0, 0.75, 0.75], "texture": "#3"},
				"south": {"uv": [0, 0, 0.75, 0.75], "texture": "#3"},
				"west": {"uv": [0, 0, 0.75, 0.75], "texture": "#3"},
				"up": {"uv": [0, 0, 0.75, 0.75], "texture": "#3"},
				"down": {"uv": [0, 0, 0.75, 0.75], "texture": "#3"}
			}
		},
		{
			"name": "hexadecagon",
			"from": [2.873, 4.29346, 6.8416],
			"to": [3.377, 4.70654, 14.052],
			"rotation": {"angle": 22.5, "axis": "x", "origin": [3.125, 4.5, 10.5]},
			"faces": {
				"north": {"uv": [0, 0, 0.75, 0.75], "texture": "#3"},
				"east": {"uv": [0, 0, 0.75, 0.75], "texture": "#3"},
				"south": {"uv": [0, 0, 0.75, 0.75], "texture": "#3"},
				"west": {"uv": [0, 0, 0.75, 0.75], "texture": "#3"},
				"up": {"uv": [0, 0, 0.75, 0.75], "texture": "#3"},
				"down": {"uv": [0, 0, 0.75, 0.75], "texture": "#3"}
			}
		},
		{
			"name": "hexadecagon",
			"from": [2.873, 4.29346, 6.8416],
			"to": [3.377, 4.70654, 14.052],
			"rotation": {"angle": 45, "axis": "x", "origin": [3.125, 4.5, 10.5]},
			"faces": {
				"north": {"uv": [0, 0, 0.75, 0.75], "texture": "#3"},
				"east": {"uv": [0, 0, 0.75, 0.75], "texture": "#3"},
				"south": {"uv": [0, 0, 0.75, 0.75], "texture": "#3"},
				"west": {"uv": [0, 0, 0.75, 0.75], "texture": "#3"},
				"up": {"uv": [0, 0, 0.75, 0.75], "texture": "#3"},
				"down": {"uv": [0, 0, 0.75, 0.75], "texture": "#3"}
			}
		},
		{
			"name": "hexadecagon",
			"from": [2.873, 0.948, 10.29346],
			"to": [3.377, 8.1584, 10.70654],
			"rotation": {"angle": -22.5, "axis": "x", "origin": [3.125, 4.5, 10.5]},
			"faces": {
				"north": {"uv": [0, 0, 0.75, 0.75], "texture": "#3"},
				"east": {"uv": [0, 0, 0.75, 0.75], "texture": "#3"},
				"south": {"uv": [0, 0, 0.75, 0.75], "texture": "#3"},
				"west": {"uv": [0, 0, 0.75, 0.75], "texture": "#3"},
				"up": {"uv": [0, 0, 0.75, 0.75], "texture": "#3"},
				"down": {"uv": [0, 0, 0.75, 0.75], "texture": "#3"}
			}
		},
		{
			"name": "hexadecagon",
			"from": [2.873, 0.948, 10.29346],
			"to": [3.377, 8.1584, 10.70654],
			"rotation": {"angle": 0, "axis": "y", "origin": [3.125, 4.5, 10.5]},
			"faces": {
				"north": {"uv": [0, 0, 0.75, 0.75], "texture": "#3"},
				"east": {"uv": [0, 0, 0.75, 0.75], "texture": "#3"},
				"south": {"uv": [0, 0, 0.75, 0.75], "texture": "#3"},
				"west": {"uv": [0, 0, 0.75, 0.75], "texture": "#3"},
				"up": {"uv": [0, 0, 0.75, 0.75], "texture": "#3"},
				"down": {"uv": [0, 0, 0.75, 0.75], "texture": "#3"}
			}
		},
		{
			"name": "hexadecagon",
			"from": [2.873, 0.8416, 10.29346],
			"to": [3.377, 8.052, 10.70654],
			"rotation": {"angle": 22.5, "axis": "x", "origin": [3.125, 4.5, 10.5]},
			"faces": {
				"north": {"uv": [0, 0, 0.75, 0.75], "texture": "#3"},
				"east": {"uv": [0, 0, 0.75, 0.75], "texture": "#3"},
				"south": {"uv": [0, 0, 0.75, 0.75], "texture": "#3"},
				"west": {"uv": [0, 0, 0.75, 0.75], "texture": "#3"},
				"up": {"uv": [0, 0, 0.75, 0.75], "texture": "#3"},
				"down": {"uv": [0, 0, 0.75, 0.75], "texture": "#3"}
			}
		},
		{
			"name": "hexadecagon",
			"from": [2.685, 4.21683, 6.227],
			"to": [13.19, 4.78317, 6.765],
			"rotation": {"angle": 0, "axis": "y", "origin": [3.125, 4.5, 6.5]},
			"faces": {
				"north": {"uv": [4.25, 13.75, 4.5, 14.25], "texture": "#3"},
				"east": {"uv": [4.25, 13.75, 4.5, 14.25], "texture": "#3"},
				"south": {"uv": [4.25, 13.75, 4.5, 14.25], "texture": "#3"},
				"west": {"uv": [4.25, 13.75, 4.5, 14.25], "texture": "#3"},
				"up": {"uv": [4.25, 13.75, 4.5, 14.25], "texture": "#3"},
				"down": {"uv": [4.25, 13.75, 4.5, 14.25], "texture": "#3"}
			}
		},
		{
			"from": [3.75, 9, 7.5],
			"to": [12.25, 9.5, 12.5],
			"rotation": {"angle": 0, "axis": "y", "origin": [8, 9.25, 10]},
			"faces": {
				"north": {"uv": [8.75, 9.5, 11.75, 11.75], "texture": "#3"},
				"east": {"uv": [8.75, 9.5, 11.75, 11.75], "texture": "#3"},
				"south": {"uv": [8.75, 9.5, 11.75, 11.75], "texture": "#3"},
				"west": {"uv": [8.75, 9.5, 11.75, 11.75], "texture": "#3"},
				"up": {"uv": [8.75, 9.5, 11.75, 11.75], "texture": "#3"},
				"down": {"uv": [8.75, 9.5, 11.75, 11.75], "texture": "#3"}
			}
		},
		{
			"from": [5.5, 8.5, 9.5],
			"to": [10.5, 9, 17],
			"rotation": {"angle": 0, "axis": "y", "origin": [8, 9.25, 12]},
			"faces": {
				"north": {"uv": [4.25, 13.75, 4.5, 14.25], "texture": "#3"},
				"east": {"uv": [4.25, 13.75, 4.5, 14.25], "texture": "#3"},
				"south": {"uv": [4.25, 13.75, 4.5, 14.25], "texture": "#3"},
				"west": {"uv": [4.25, 13.75, 4.5, 14.25], "texture": "#3"},
				"up": {"uv": [4.25, 13.75, 4.5, 14.25], "texture": "#3"},
				"down": {"uv": [4.25, 13.75, 4.5, 14.25], "texture": "#3"}
			}
		},
		{
			"from": [2.5, 8.5, 12],
			"to": [13.5, 9, 30],
			"rotation": {"angle": 0, "axis": "y", "origin": [8, 8.75, 21.25]},
			"faces": {
				"north": {"uv": [0, 0, 4, 4], "texture": "#3"},
				"east": {"uv": [0, 0, 4, 4], "texture": "#3"},
				"south": {"uv": [0, 0, 4, 4], "texture": "#3"},
				"west": {"uv": [0, 0, 4, 4], "texture": "#3"},
				"up": {"uv": [0, 0, 4, 4], "texture": "#3"},
				"down": {"uv": [0, 0, 4, 4], "texture": "#3"}
			}
		},
		{
			"from": [2.5, 8.5, 29.5],
			"to": [13.5, 12.75, 30.5],
			"rotation": {"angle": 0, "axis": "y", "origin": [8, 8.75, 21.25]},
			"faces": {
				"north": {"uv": [0, 0, 4, 4], "texture": "#3"},
				"east": {"uv": [0, 0, 4, 4], "texture": "#3"},
				"south": {"uv": [0, 0, 4, 4], "texture": "#3"},
				"west": {"uv": [0, 0, 4, 4], "texture": "#3"},
				"up": {"uv": [0, 0, 4, 4], "texture": "#3"},
				"down": {"uv": [0, 0, 4, 0.25], "texture": "#3"}
			}
		},
		{
			"from": [1.275, 8.5, 12.775],
			"to": [2.725, 13, 13.225],
			"rotation": {"angle": 0, "axis": "y", "origin": [2, 10.75, 12.5]},
			"faces": {
				"north": {"uv": [0, 0, 1.45, 4], "texture": "#3"},
				"east": {"uv": [0, 0, 1.45, 4], "texture": "#3"},
				"south": {"uv": [0, 0, 1.45, 4], "texture": "#3"},
				"west": {"uv": [0, 0, 1.45, 4], "texture": "#3"},
				"up": {"uv": [0, 0, 1.45, 4], "texture": "#3"},
				"down": {"uv": [0, 0, 1.45, 4], "texture": "#3"}
			}
		},
		{
			"from": [13.275, 8.5, 29.275],
			"to": [14.725, 13, 30.725],
			"rotation": {"angle": 0, "axis": "y", "origin": [14, 10.75, 30]},
			"faces": {
				"north": {"uv": [1.45, 0, 0, 4], "texture": "#3"},
				"east": {"uv": [1.45, 0, 0, 4], "texture": "#3"},
				"south": {"uv": [1.45, 0, 0, 4], "texture": "#3"},
				"west": {"uv": [1.45, 0, 0, 4], "texture": "#3"},
				"up": {"uv": [1.45, 0, 0, 4], "texture": "#3"},
				"down": {"uv": [1.45, 0, 0, 4], "texture": "#3"}
			}
		},
		{
			"from": [13.5, 8.5, 13.225],
			"to": [14.5, 13, 29.275],
			"rotation": {"angle": 0, "axis": "y", "origin": [14, 10.75, 21.25]},
			"faces": {
				"north": {"uv": [4, 0, 0, 4], "texture": "#3"},
				"east": {"uv": [4, 0, 0, 4], "texture": "#3"},
				"south": {"uv": [4, 0, 0, 4], "texture": "#3"},
				"west": {"uv": [4, 0, 0, 4], "texture": "#3"},
				"up": {"uv": [4, 0, 0, 4], "texture": "#3"},
				"down": {"uv": [0.25, 0, 0, 4], "texture": "#3"}
			}
		},
		{
			"from": [13.275, 8.5, 11.775],
			"to": [14.725, 13, 13.225],
			"rotation": {"angle": 0, "axis": "y", "origin": [14, 10.75, 12.5]},
			"faces": {
				"north": {"uv": [1.45, 0, 0, 4], "texture": "#3"},
				"east": {"uv": [1.45, 0, 0, 4], "texture": "#3"},
				"south": {"uv": [1.45, 0, 0, 4], "texture": "#3"},
				"west": {"uv": [1.45, 0, 0, 4], "texture": "#3"},
				"up": {"uv": [1.45, 0, 0, 4], "texture": "#3"},
				"down": {"uv": [1.45, 0, 0, 4], "texture": "#3"}
			}
		},
		{
			"from": [1.275, 8.5, 29.275],
			"to": [2.725, 13, 30.725],
			"rotation": {"angle": 0, "axis": "y", "origin": [2, 10.75, 30]},
			"faces": {
				"north": {"uv": [0, 0, 1.45, 4], "texture": "#3"},
				"east": {"uv": [0, 0, 1.45, 4], "texture": "#3"},
				"south": {"uv": [0, 0, 1.45, 4], "texture": "#3"},
				"west": {"uv": [0, 0, 1.45, 4], "texture": "#3"},
				"up": {"uv": [0, 0, 1.45, 4], "texture": "#3"},
				"down": {"uv": [0, 0, 1.45, 4], "texture": "#3"}
			}
		},
		{
			"from": [1.5, 8.5, 13.225],
			"to": [2.5, 13, 29.275],
			"rotation": {"angle": 0, "axis": "y", "origin": [2, 10.75, 21.25]},
			"faces": {
				"north": {"uv": [0, 0, 4, 4], "texture": "#3"},
				"east": {"uv": [0, 0, 4, 4], "texture": "#3"},
				"south": {"uv": [0, 0, 4, 4], "texture": "#3"},
				"west": {"uv": [0, 0, 4, 4], "texture": "#3"},
				"up": {"uv": [0, 0, 4, 4], "texture": "#3"},
				"down": {"uv": [0, 0, 0.25, 4], "texture": "#3"}
			}
		},
		{
			"from": [1, 13, 16.775],
			"to": [3, 19.5, 21.825],
			"rotation": {"angle": 0, "axis": "y", "origin": [2, 10.75, 26.3]},
			"faces": {
				"north": {"uv": [6, 6, 11, 11], "texture": "#4"},
				"east": {"uv": [6, 6, 11, 11], "texture": "#4"},
				"south": {"uv": [6, 6, 11, 11], "texture": "#4"},
				"west": {"uv": [6, 6, 11, 11], "texture": "#4"},
				"up": {"uv": [6, 6, 11, 11], "texture": "#4"},
				"down": {"uv": [6, 6, 11, 11], "texture": "#4"}
			}
		},
		{
			"from": [10.24914, 22.25792, 21.825],
			"to": [12.99914, 24.25792, 26.875],
			"rotation": {"angle": -22.5, "axis": "z", "origin": [11.62414, 23.25792, 31.35]},
			"faces": {
				"north": {"uv": [11, 0.5, 6, 5.5], "texture": "#4"},
				"east": {"uv": [11, 0.5, 6, 5.5], "texture": "#4"},
				"south": {"uv": [11, 0.5, 6, 5.5], "texture": "#4"},
				"west": {"uv": [11, 0.5, 6, 5.5], "texture": "#4"},
				"up": {"uv": [6, 5.5, 11, 0.5], "rotation": 90, "texture": "#4"},
				"down": {"uv": [11, 0.5, 6, 5.5], "texture": "#4"}
			}
		},
		{
			"from": [12.13858, 19.32781, 21.825],
			"to": [14.13858, 23.82781, 26.875],
			"rotation": {"angle": 22.5, "axis": "z", "origin": [14.13858, 21.57781, 31.35]},
			"faces": {
				"north": {"uv": [11, 0.5, 6, 5.5], "texture": "#4"},
				"east": {"uv": [11, 0.5, 6, 5.5], "texture": "#4"},
				"south": {"uv": [11, 0.5, 6, 5.5], "texture": "#4"},
				"west": {"uv": [11, 0.5, 6, 5.5], "texture": "#4"},
				"up": {"uv": [11, 0.5, 6, 5.5], "texture": "#4"},
				"down": {"uv": [11, 0.5, 6, 5.5], "texture": "#4"}
			}
		},
		{
			"from": [12.99962, 12.99908, 21.825],
			"to": [14.99962, 19.49908, 26.875],
			"rotation": {"angle": 0, "axis": "y", "origin": [13.99962, 10.74908, 31.35]},
			"faces": {
				"north": {"uv": [11, 6, 6, 11], "texture": "#4"},
				"east": {"uv": [11, 6, 6, 11], "texture": "#4"},
				"south": {"uv": [11, 6, 6, 11], "texture": "#4"},
				"west": {"uv": [11, 6, 6, 11], "texture": "#4"},
				"up": {"uv": [11, 6, 6, 11], "texture": "#4"},
				"down": {"uv": [11, 6, 6, 11], "texture": "#4"}
			}
		},
		{
			"from": [10.24914, 22.25792, 26.875],
			"to": [12.99914, 24.25792, 31.175],
			"rotation": {"angle": -22.5, "axis": "z", "origin": [11.62414, 23.25792, 36.4]},
			"faces": {
				"north": {"uv": [11, 0.5, 6, 5.5], "texture": "#4"},
				"east": {"uv": [11, 0.5, 6, 5.5], "texture": "#4"},
				"south": {"uv": [11, 0.5, 6, 5.5], "texture": "#4"},
				"west": {"uv": [11, 0.5, 6, 5.5], "texture": "#4"},
				"up": {"uv": [6, 5.5, 11, 0.5], "rotation": 90, "texture": "#4"},
				"down": {"uv": [11, 0.5, 6, 5.5], "texture": "#4"}
			}
		},
		{
			"from": [12.13858, 19.32781, 26.875],
			"to": [14.13858, 23.82781, 31.175],
			"rotation": {"angle": 22.5, "axis": "z", "origin": [14.13858, 21.57781, 36.4]},
			"faces": {
				"north": {"uv": [11, 0.5, 6, 5.5], "texture": "#4"},
				"east": {"uv": [11, 0.5, 6, 5.5], "texture": "#4"},
				"south": {"uv": [11, 0.5, 6, 5.5], "texture": "#4"},
				"west": {"uv": [11, 0.5, 6, 5.5], "texture": "#4"},
				"up": {"uv": [11, 0.5, 6, 5.5], "texture": "#4"},
				"down": {"uv": [11, 0.5, 6, 5.5], "texture": "#4"}
			}
		},
		{
			"from": [12.99962, 12.99908, 26.875],
			"to": [14.99962, 19.49908, 31.175],
			"rotation": {"angle": 0, "axis": "y", "origin": [13.99962, 10.74908, 36.4]},
			"faces": {
				"north": {"uv": [11, 6, 6, 11], "texture": "#4"},
				"east": {"uv": [11, 6, 6, 11], "texture": "#4"},
				"south": {"uv": [11, 6, 6, 11], "texture": "#4"},
				"west": {"uv": [11, 6, 6, 11], "texture": "#4"},
				"up": {"uv": [11, 6, 6, 11], "texture": "#4"},
				"down": {"uv": [11, 6, 6, 11], "texture": "#4"}
			}
		},
		{
			"from": [10.24952, 22.25884, 11.725],
			"to": [12.99952, 24.25884, 16.775],
			"rotation": {"angle": -22.5, "axis": "z", "origin": [11.62452, 23.25884, 21.25]},
			"faces": {
				"north": {"uv": [11, 0.5, 6, 5.5], "texture": "#4"},
				"east": {"uv": [11, 0.5, 6, 5.5], "texture": "#4"},
				"south": {"uv": [11, 0.5, 6, 5.5], "texture": "#4"},
				"west": {"uv": [11, 0.5, 6, 5.5], "texture": "#4"},
				"up": {"uv": [6, 5.5, 11, 0.5], "rotation": 90, "texture": "#4"},
				"down": {"uv": [11, 0.5, 6, 5.5], "texture": "#4"}
			}
		},
		{
			"from": [12.13896, 19.32873, 11.725],
			"to": [14.13896, 23.82873, 16.775],
			"rotation": {"angle": 22.5, "axis": "z", "origin": [14.13896, 21.57873, 21.25]},
			"faces": {
				"north": {"uv": [11, 0.5, 6, 5.5], "texture": "#4"},
				"east": {"uv": [11, 0.5, 6, 5.5], "texture": "#4"},
				"south": {"uv": [11, 0.5, 6, 5.5], "texture": "#4"},
				"west": {"uv": [11, 0.5, 6, 5.5], "texture": "#4"},
				"up": {"uv": [11, 0.5, 6, 5.5], "texture": "#4"},
				"down": {"uv": [11, 0.5, 6, 5.5], "texture": "#4"}
			}
		},
		{
			"from": [13, 13, 11.725],
			"to": [15, 19.5, 16.775],
			"rotation": {"angle": 0, "axis": "y", "origin": [14, 10.75, 21.25]},
			"faces": {
				"north": {"uv": [11, 6, 6, 11], "texture": "#4"},
				"east": {"uv": [11, 6, 6, 11], "texture": "#4"},
				"south": {"uv": [11, 6, 6, 11], "texture": "#4"},
				"west": {"uv": [11, 6, 6, 11], "texture": "#4"},
				"up": {"uv": [11, 6, 6, 11], "texture": "#4"},
				"down": {"uv": [11, 6, 6, 11], "texture": "#4"}
			}
		},
		{
			"from": [10.24952, 22.25884, 16.775],
			"to": [12.99952, 24.25884, 21.825],
			"rotation": {"angle": -22.5, "axis": "z", "origin": [11.62452, 23.25884, 26.3]},
			"faces": {
				"north": {"uv": [11, 0.5, 6, 5.5], "texture": "#4"},
				"east": {"uv": [11, 0.5, 6, 5.5], "texture": "#4"},
				"south": {"uv": [11, 0.5, 6, 5.5], "texture": "#4"},
				"west": {"uv": [11, 0.5, 6, 5.5], "texture": "#4"},
				"up": {"uv": [6, 5.5, 11, 0.5], "rotation": 90, "texture": "#4"},
				"down": {"uv": [11, 0.5, 6, 5.5], "texture": "#4"}
			}
		},
		{
			"from": [12.13896, 19.32873, 16.775],
			"to": [14.13896, 23.82873, 21.825],
			"rotation": {"angle": 22.5, "axis": "z", "origin": [14.13896, 21.57873, 26.3]},
			"faces": {
				"north": {"uv": [11, 0.5, 6, 5.5], "texture": "#4"},
				"east": {"uv": [11, 0.5, 6, 5.5], "texture": "#4"},
				"south": {"uv": [11, 0.5, 6, 5.5], "texture": "#4"},
				"west": {"uv": [11, 0.5, 6, 5.5], "texture": "#4"},
				"up": {"uv": [11, 0.5, 6, 5.5], "texture": "#4"},
				"down": {"uv": [11, 0.5, 6, 5.5], "texture": "#4"}
			}
		},
		{
			"from": [13, 13, 16.775],
			"to": [15, 19.5, 21.825],
			"rotation": {"angle": 0, "axis": "y", "origin": [14, 10.75, 26.3]},
			"faces": {
				"north": {"uv": [11, 6, 6, 11], "texture": "#4"},
				"east": {"uv": [11, 6, 6, 11], "texture": "#4"},
				"south": {"uv": [11, 6, 6, 11], "texture": "#4"},
				"west": {"uv": [11, 6, 6, 11], "texture": "#4"},
				"up": {"uv": [11, 6, 6, 11], "texture": "#4"},
				"down": {"uv": [11, 6, 6, 11], "texture": "#4"}
			}
		},
		{
			"from": [5.26351, 22.70799, 21.825],
			"to": [10.76351, 24.70799, 26.875],
			"rotation": {"angle": 0, "axis": "y", "origin": [6.63851, 23.70799, 31.35]},
			"faces": {
				"north": {"uv": [6, 0.5, 11, 5.5], "texture": "#4"},
				"east": {"uv": [6, 0.5, 11, 5.5], "texture": "#4"},
				"south": {"uv": [6, 0.5, 11, 5.5], "texture": "#4"},
				"west": {"uv": [6, 0.5, 11, 5.5], "texture": "#4"},
				"up": {"uv": [6, 0.5, 11, 5.5], "rotation": 90, "texture": "#4"},
				"down": {"uv": [6, 0.5, 11, 5.5], "texture": "#4"}
			}
		},
		{
			"from": [3.00086, 22.25792, 21.825],
			"to": [5.75086, 24.25792, 26.875],
			"rotation": {"angle": 22.5, "axis": "z", "origin": [4.37586, 23.25792, 31.35]},
			"faces": {
				"north": {"uv": [6, 0.5, 11, 5.5], "texture": "#4"},
				"east": {"uv": [6, 0.5, 11, 5.5], "texture": "#4"},
				"south": {"uv": [6, 0.5, 11, 5.5], "texture": "#4"},
				"west": {"uv": [6, 0.5, 11, 5.5], "texture": "#4"},
				"up": {"uv": [6, 0.5, 11, 5.5], "rotation": 90, "texture": "#4"},
				"down": {"uv": [6, 0.5, 11, 5.5], "texture": "#4"}
			}
		},
		{
			"from": [1.86142, 19.32781, 21.825],
			"to": [3.86142, 23.82781, 26.875],
			"rotation": {"angle": -22.5, "axis": "z", "origin": [1.86142, 21.57781, 31.35]},
			"faces": {
				"north": {"uv": [6, 0.5, 11, 5.5], "texture": "#4"},
				"east": {"uv": [6, 0.5, 11, 5.5], "texture": "#4"},
				"south": {"uv": [6, 0.5, 11, 5.5], "texture": "#4"},
				"west": {"uv": [6, 0.5, 11, 5.5], "texture": "#4"},
				"up": {"uv": [6, 0.5, 11, 5.5], "texture": "#4"},
				"down": {"uv": [6, 0.5, 11, 5.5], "texture": "#4"}
			}
		},
		{
			"from": [1.00038, 12.99908, 21.825],
			"to": [3.00038, 19.49908, 26.875],
			"rotation": {"angle": 0, "axis": "y", "origin": [2.00038, 10.74908, 31.35]},
			"faces": {
				"north": {"uv": [6, 6, 11, 11], "texture": "#4"},
				"east": {"uv": [6, 6, 11, 11], "texture": "#4"},
				"south": {"uv": [6, 6, 11, 11], "texture": "#4"},
				"west": {"uv": [6, 6, 11, 11], "texture": "#4"},
				"up": {"uv": [6, 6, 11, 11], "texture": "#4"},
				"down": {"uv": [6, 6, 11, 11], "texture": "#4"}
			}
		},
		{
			"from": [5.26351, 22.70799, 26.875],
			"to": [10.76351, 24.70799, 31.175],
			"rotation": {"angle": 0, "axis": "y", "origin": [6.63851, 23.70799, 36.4]},
			"faces": {
				"north": {"uv": [6, 0.5, 11, 5.5], "texture": "#4"},
				"east": {"uv": [6, 0.5, 11, 5.5], "texture": "#4"},
				"south": {"uv": [6, 0.5, 11, 5.5], "texture": "#4"},
				"west": {"uv": [6, 0.5, 11, 5.5], "texture": "#4"},
				"up": {"uv": [6, 0.5, 11, 5.5], "rotation": 90, "texture": "#4"},
				"down": {"uv": [6, 0.5, 11, 5.5], "texture": "#4"}
			}
		},
		{
			"from": [3.00086, 22.25792, 26.875],
			"to": [5.75086, 24.25792, 31.175],
			"rotation": {"angle": 22.5, "axis": "z", "origin": [4.37586, 23.25792, 36.4]},
			"faces": {
				"north": {"uv": [6, 0.5, 11, 5.5], "texture": "#4"},
				"east": {"uv": [6, 0.5, 11, 5.5], "texture": "#4"},
				"south": {"uv": [6, 0.5, 11, 5.5], "texture": "#4"},
				"west": {"uv": [6, 0.5, 11, 5.5], "texture": "#4"},
				"up": {"uv": [6, 0.5, 11, 5.5], "rotation": 90, "texture": "#4"},
				"down": {"uv": [6, 0.5, 11, 5.5], "texture": "#4"}
			}
		},
		{
			"from": [1.86142, 19.32781, 26.875],
			"to": [3.86142, 23.82781, 31.175],
			"rotation": {"angle": -22.5, "axis": "z", "origin": [1.86142, 21.57781, 36.4]},
			"faces": {
				"north": {"uv": [6, 0.5, 11, 5.5], "texture": "#4"},
				"east": {"uv": [6, 0.5, 11, 5.5], "texture": "#4"},
				"south": {"uv": [6, 0.5, 11, 5.5], "texture": "#4"},
				"west": {"uv": [6, 0.5, 11, 5.5], "texture": "#4"},
				"up": {"uv": [6, 0.5, 11, 5.5], "texture": "#4"},
				"down": {"uv": [6, 0.5, 11, 5.5], "texture": "#4"}
			}
		},
		{
			"from": [1.00038, 12.99908, 26.875],
			"to": [3.00038, 19.49908, 31.175],
			"rotation": {"angle": 0, "axis": "y", "origin": [2.00038, 10.74908, 36.4]},
			"faces": {
				"north": {"uv": [6, 6, 11, 11], "texture": "#4"},
				"east": {"uv": [6, 6, 11, 11], "texture": "#4"},
				"south": {"uv": [6, 6, 11, 11], "texture": "#4"},
				"west": {"uv": [6, 6, 11, 11], "texture": "#4"},
				"up": {"uv": [6, 6, 11, 11], "texture": "#4"},
				"down": {"uv": [6, 6, 11, 11], "texture": "#4"}
			}
		},
		{
			"from": [5.26313, 22.70891, 11.725],
			"to": [10.76313, 24.70891, 16.775],
			"rotation": {"angle": 0, "axis": "y", "origin": [6.63813, 23.70891, 21.25]},
			"faces": {
				"north": {"uv": [6, 0.5, 11, 5.5], "texture": "#4"},
				"east": {"uv": [6, 0.5, 11, 5.5], "texture": "#4"},
				"south": {"uv": [6, 0.5, 11, 5.5], "texture": "#4"},
				"west": {"uv": [6, 0.5, 11, 5.5], "texture": "#4"},
				"up": {"uv": [6, 0.5, 11, 5.5], "rotation": 90, "texture": "#4"},
				"down": {"uv": [6, 0.5, 11, 5.5], "texture": "#4"}
			}
		},
		{
			"from": [3.00048, 22.25884, 11.725],
			"to": [5.75048, 24.25884, 16.775],
			"rotation": {"angle": 22.5, "axis": "z", "origin": [4.37548, 23.25884, 21.25]},
			"faces": {
				"north": {"uv": [6, 0.5, 11, 5.5], "texture": "#4"},
				"east": {"uv": [6, 0.5, 11, 5.5], "texture": "#4"},
				"south": {"uv": [6, 0.5, 11, 5.5], "texture": "#4"},
				"west": {"uv": [6, 0.5, 11, 5.5], "texture": "#4"},
				"up": {"uv": [6, 0.5, 11, 5.5], "rotation": 90, "texture": "#4"},
				"down": {"uv": [6, 0.5, 11, 5.5], "texture": "#4"}
			}
		},
		{
			"from": [1.86104, 19.32873, 11.725],
			"to": [3.86104, 23.82873, 16.775],
			"rotation": {"angle": -22.5, "axis": "z", "origin": [1.86104, 21.57873, 21.25]},
			"faces": {
				"north": {"uv": [6, 0.5, 11, 5.5], "texture": "#4"},
				"east": {"uv": [6, 0.5, 11, 5.5], "texture": "#4"},
				"south": {"uv": [6, 0.5, 11, 5.5], "texture": "#4"},
				"west": {"uv": [6, 0.5, 11, 5.5], "texture": "#4"},
				"up": {"uv": [6, 0.5, 11, 5.5], "texture": "#4"},
				"down": {"uv": [6, 0.5, 11, 5.5], "texture": "#4"}
			}
		},
		{
			"from": [1, 13, 11.725],
			"to": [3, 19.5, 16.775],
			"rotation": {"angle": 0, "axis": "y", "origin": [2, 10.75, 21.25]},
			"faces": {
				"north": {"uv": [6, 6, 11, 11], "texture": "#4"},
				"east": {"uv": [6, 6, 11, 11], "texture": "#4"},
				"south": {"uv": [6, 6, 11, 11], "texture": "#4"},
				"west": {"uv": [6, 6, 11, 11], "texture": "#4"},
				"up": {"uv": [6, 6, 11, 11], "texture": "#4"},
				"down": {"uv": [6, 6, 11, 11], "texture": "#4"}
			}
		},
		{
			"from": [1.86104, 19.32873, 16.775],
			"to": [3.86104, 23.82873, 21.825],
			"rotation": {"angle": -22.5, "axis": "z", "origin": [1.86104, 21.57873, 26.3]},
			"faces": {
				"north": {"uv": [6, 0.5, 11, 5.5], "texture": "#4"},
				"east": {"uv": [6, 0.5, 11, 5.5], "texture": "#4"},
				"south": {"uv": [6, 0.5, 11, 5.5], "texture": "#4"},
				"west": {"uv": [6, 0.5, 11, 5.5], "texture": "#4"},
				"up": {"uv": [6, 0.5, 11, 5.5], "texture": "#4"},
				"down": {"uv": [6, 0.5, 11, 5.5], "texture": "#4"}
			}
		},
		{
			"from": [3.00048, 22.25884, 16.775],
			"to": [5.75048, 24.25884, 21.825],
			"rotation": {"angle": 22.5, "axis": "z", "origin": [4.37548, 23.25884, 26.3]},
			"faces": {
				"north": {"uv": [6, 0.5, 11, 5.5], "texture": "#4"},
				"east": {"uv": [6, 0.5, 11, 5.5], "texture": "#4"},
				"south": {"uv": [6, 0.5, 11, 5.5], "texture": "#4"},
				"west": {"uv": [6, 0.5, 11, 5.5], "texture": "#4"},
				"up": {"uv": [6, 0.5, 11, 5.5], "rotation": 90, "texture": "#4"},
				"down": {"uv": [6, 0.5, 11, 5.5], "texture": "#4"}
			}
		},
		{
			"from": [5.26313, 22.70891, 16.775],
			"to": [10.76313, 24.70891, 21.825],
			"rotation": {"angle": 0, "axis": "z", "origin": [6.63813, 23.70891, 26.3]},
			"faces": {
				"north": {"uv": [6, 0.5, 11, 5.5], "texture": "#4"},
				"east": {"uv": [6, 0.5, 11, 5.5], "texture": "#4"},
				"south": {"uv": [6, 0.5, 11, 5.5], "texture": "#4"},
				"west": {"uv": [6, 0.5, 11, 5.5], "texture": "#4"},
				"up": {"uv": [6, 0.5, 11, 5.5], "rotation": 90, "texture": "#4"},
				"down": {"uv": [6, 0.5, 11, 5.5], "texture": "#4"}
			}
		},
		{
			"from": [3.75, 8.90537, 12.97574],
			"to": [12.25, 13.90537, 13.47574],
			"rotation": {"angle": 22.5, "axis": "x", "origin": [8, 11.40537, 13.22574]},
			"faces": {
				"north": {"uv": [8.75, 9.5, 11.75, 11.75], "texture": "#3"},
				"east": {"uv": [8.75, 9.5, 11.75, 11.75], "texture": "#3"},
				"south": {"uv": [8.75, 9.5, 11.75, 11.75], "texture": "#3"},
				"west": {"uv": [8.75, 9.5, 11.75, 11.75], "texture": "#3"},
				"up": {"uv": [8.75, 9.5, 11.75, 11.75], "texture": "#3"},
				"down": {"uv": [8.75, 9.5, 11.75, 11.75], "texture": "#3"}
			}
		},
		{
			"from": [3.75, 7.23996, 7.05045],
			"to": [12.25, 9.48996, 7.55045],
			"rotation": {"angle": 22.5, "axis": "x", "origin": [8, 8.36496, 7.30045]},
			"faces": {
				"north": {"uv": [8.75, 9.5, 11.75, 11.75], "texture": "#3"},
				"east": {"uv": [8.75, 9.5, 11.75, 11.75], "texture": "#3"},
				"south": {"uv": [8.75, 9.5, 11.75, 11.75], "texture": "#3"},
				"west": {"uv": [8.75, 9.5, 11.75, 11.75], "texture": "#3"},
				"up": {"uv": [8.75, 9.5, 11.75, 11.75], "texture": "#3"},
				"down": {"uv": [8.75, 9.5, 11.75, 11.75], "texture": "#3"}
			}
		},
		{
			"from": [2.275, 13.025, 11.65],
			"to": [13.725, 23.475, 11.65],
			"rotation": {"angle": 0, "axis": "y", "origin": [8, 18.875, 11.65]},
			"faces": {
				"north": {"uv": [1, 0.5, 15, 15.5], "texture": "#5"},
				"east": {"uv": [0, 16, 0, 16], "texture": "#5"},
				"south": {"uv": [0, 16, 0, 16], "texture": "#5"},
				"west": {"uv": [0, 16, 0, 16], "texture": "#5"},
				"up": {"uv": [0, 16, 0, 16], "texture": "#5"},
				"down": {"uv": [0, 16, 0, 16], "texture": "#5"}
			}
		}
	],
	"display": {
		"thirdperson_righthand": {
			"rotation": [58.7, 47.55, 0.95],
			"translation": [0, 0.75, -0.75],
			"scale": [0.5, 0.5, 0.5]
		},
		"thirdperson_lefthand": {
			"rotation": [58.7, 47.55, 0.95],
			"translation": [0, 0.75, -0.75],
			"scale": [0.5, 0.5, 0.5]
		},
		"firstperson_righthand": {
			"rotation": [-180, 68, -180],
			"translation": [6, 0, -8.5],
			"scale": [0.5, 0.5, 0.5]
		},
		"firstperson_lefthand": {
			"rotation": [-180, 68, -180],
			"translation": [6, 0, -8.5],
			"scale": [0.5, 0.5, 0.5]
		},
		"ground": {
			"scale": [0.5, 0.5, 0.5]
		},
		"gui": {
			"rotation": [-161.25, 43.5, -180],
			"translation": [-1, -1.25, 1],
			"scale": [0.4, 0.4, 0.4]
		},
		"head": {
			"translation": [0, -30, -23.5],
			"scale": [2.5, 2, 2]
		}
	},
	"groups": [
		{
			"name": "group",
			"origin": [8, 7.61034, -10.10295],
			"color": 0,
			"children": []
		},
		{
			"name": "line",
			"origin": [5.25, 8, -5],
			"color": 0,
			"children": []
		},
		{
			"name": "hexadecagon",
			"origin": [8, 8, 8],
			"color": 0,
			"children": [
				0,
				1,
				2,
				3,
				4,
				5,
				6,
				7,
				8,
				9,
				10,
				11,
				12,
				13,
				14,
				15,
				16,
				17,
				18,
				19,
				20,
				21,
				22,
				23,
				24,
				25,
				26,
				27,
				28,
				29,
				30,
				31,
				32,
				33,
				34,
				35,
				36,
				37,
				38,
				39,
				40,
				41,
				42,
				43,
				44,
				45,
				46,
				47,
				48,
				49,
				50,
				51,
				52,
				53,
				54,
				55,
				56,
				57,
				58,
				59,
				60,
				61,
				62,
				63,
				64,
				65,
				66,
				67,
				68,
				69,
				70,
				71,
				72,
				73,
				74,
				75,
				76,
				77,
				78,
				79,
				80,
				81,
				82,
				83,
				84,
				85,
				86,
				87,
				88,
				89,
				90,
				91,
				92,
				{
					"name": "hexadecagon",
					"origin": [8, 8, 8],
					"color": 0,
					"children": [93, 94, 95, 96, 97, 98, 99, 100]
				}
			]
		},
		101,
		102,
		103,
		104,
		105,
		106,
		107,
		108,
		109,
		110,
		111,
		112,
		113,
		114,
		115,
		116,
		117,
		118,
		119,
		120,
		121,
		122,
		123,
		124,
		125,
		126,
		127,
		128,
		129,
		130,
		131,
		132,
		133,
		134,
		135,
		136,
		137,
		138,
		139,
		140,
		141,
		142
	]
}