{
	"credit": "Made with Blockbench",
	"parent": "item/generated",
	"textures": {
		"1": "items/coal",
		"particle": "items/coal",
		"layer0": "items/mwar1"
	},
	"display": {
		"thirdperson_righthand": {
			"scale": [0, 0, 0]
		},
		"thirdperson_lefthand": {
			"scale": [0, 0, 0]
		},
		"firstperson_righthand": {
			"scale": [0, 0, 0]
		},
		"firstperson_lefthand": {
			"scale": [0, 0, 0]
		},
		"gui": {
			"translation": [-50.25, 19.75, 0],
			"scale": [4, 4, 4]
		},
		"head": {
			"rotation": [-175, 0, 180],
			"translation": [0.5, -14.5, 0],
			"scale": [4, 4, 0.43]
		}
	}
}