{
	"credit": "Made with Blockbench",
	"textures": {
		"main": "items/ssao"
	},
	"elements": [
		{
			"from": [4, 9, 4],
			"to": [12, 17, 12],
			"rotation": {"angle": 0, "axis": "y", "origin": [8, 13, 8]},
			"faces": {
				"north": {"uv": [1, 1, 2, 2], "texture": "#main"},
				"east": {"uv": [0, 1, 1, 2], "texture": "#main"},
				"south": {"uv": [3, 1, 4, 2], "texture": "#main"},
				"west": {"uv": [2, 1, 3, 2], "texture": "#main"},
				"up": {"uv": [1, 0, 2, 1], "texture": "#main"},
				"down": {"uv": [2, 0, 3, 1], "texture": "#main"}
			}
		},
		{
			"from": [3.75, 8.75, 3.75],
			"to": [12.25, 17.25, 12.25],
			"rotation": {"angle": 0, "axis": "y", "origin": [8, 13, 8]},
			"faces": {
				"north": {"uv": [5, 1, 6, 2], "texture": "#main"},
				"east": {"uv": [4, 1, 5, 2], "texture": "#main"},
				"south": {"uv": [7, 1, 8, 2], "texture": "#main"},
				"west": {"uv": [6, 1, 7, 2], "texture": "#main"},
				"up": {"uv": [5, 0, 6, 1], "texture": "#main"},
				"down": {"uv": [6, 0, 7, 1], "texture": "#main"}
			}
		},
		{
			"from": [4, -2, 6],
			"to": [12, 9, 10],
			"rotation": {"angle": 0, "axis": "y", "origin": [8, 13, 8]},
			"faces": {
				"north": {"uv": [2.5, 2.5, 3.5, 4], "texture": "#main"},
				"east": {"uv": [2, 2.5, 2.5, 4], "texture": "#main"},
				"south": {"uv": [4, 2.5, 5, 4], "texture": "#main"},
				"west": {"uv": [3.5, 2.5, 4, 4], "texture": "#main"},
				"up": {"uv": [2.5, 2, 3.5, 2.5], "texture": "#main"},
				"down": {"uv": [3.5, 2, 4.5, 2.5], "texture": "#main"}
			}
		},
		{
			"from": [3.75, -1.75, 5.75],
			"to": [12.25, 9.25, 10.25],
			"rotation": {"angle": 0, "axis": "y", "origin": [8, 13, 8]},
			"faces": {
				"north": {"uv": [4.375, 4.375, 5.375, 5.875], "texture": "#main"},
				"east": {"uv": [3.875, 4.375, 4.375, 5.875], "texture": "#main"},
				"south": {"uv": [5.875, 4.375, 6.875, 5.875], "texture": "#main"},
				"west": {"uv": [5.375, 4.375, 5.875, 5.875], "texture": "#main"},
				"up": {"uv": [4, 6, 5, 6.5], "texture": "#main"},
				"down": {"uv": [5, 6, 6, 6.5], "texture": "#main"}
			}
		},
		{
			"from": [12, -2, 6],
			"to": [15, 9, 10],
			"rotation": {"angle": 0, "axis": "x", "origin": [13.5, 8.75, 8]},
			"faces": {
				"north": {"uv": [5.375, 2.5, 5.75, 4], "texture": "#main"},
				"east": {"uv": [5, 2.5, 5.5, 4], "texture": "#main"},
				"south": {"uv": [6.5, 2.5, 6.75, 4], "texture": "#main"},
				"west": {"uv": [5.875, 2.5, 6.375, 4], "texture": "#main"},
				"up": {"uv": [5.875, 2, 5.5, 2.5], "texture": "#main"},
				"down": {"uv": [6.25, 2, 5.875, 2.5], "texture": "#main"}
			}
		},
		{
			"from": [12, -2.25, 5.75],
			"to": [15.25, 9.25, 10.25],
			"rotation": {"angle": 0, "axis": "x", "origin": [13.5, 8.75, 8]},
			"faces": {
				"north": {"uv": [1, 4.5, 1.5, 6.25], "texture": "#main"},
				"east": {"uv": [1, 4.5, 1.5, 6.25], "texture": "#main"},
				"south": {"uv": [1, 4.5, 1.5, 6.25], "texture": "#main"},
				"west": {"uv": [1, 4.5, 1.5, 6.25], "texture": "#main"},
				"up": {"uv": [1, 4.5, 1.5, 4.75], "texture": "#main"},
				"down": {"uv": [1, 6.125, 1.5, 6.25], "texture": "#main"}
			}
		},
		{
			"from": [4, -12, 6],
			"to": [7.75, -2, 10],
			"rotation": {"angle": 0, "axis": "x", "origin": [5.875, -1.5, 8]},
			"faces": {
				"north": {"uv": [1, 2.5, 0.5, 4], "texture": "#main"},
				"east": {"uv": [1.5, 2.5, 1, 4], "texture": "#main"},
				"south": {"uv": [2, 2.5, 1.5, 4], "texture": "#main"},
				"west": {"uv": [0.5, 2.5, 0, 4], "texture": "#main"},
				"up": {"uv": [0.5, 2, 1, 2.5], "texture": "#main"},
				"down": {"uv": [1, 2, 1.5, 2.5], "texture": "#main"}
			}
		},
		{
			"from": [3.75, -12.25, 5.75],
			"to": [8, -2, 10.25],
			"rotation": {"angle": 0, "axis": "x", "origin": [5.875, -1.5, 8]},
			"faces": {
				"north": {"uv": [3.5, 4.875, 2.625, 6.25], "texture": "#main"},
				"east": {"uv": [0.875, 6.625, 0, 8], "texture": "#main"},
				"south": {"uv": [0.875, 6.625, 0, 8], "texture": "#main"},
				"west": {"uv": [2.875, 4.875, 2, 6.25], "texture": "#main"},
				"up": {"uv": [0.875, 6.625, 0, 8], "texture": "#main"},
				"down": {"uv": [0.875, 6.625, 0, 8], "texture": "#main"}
			}
		},
		{
			"from": [8.25, -12, 6],
			"to": [12, -2, 10],
			"rotation": {"angle": 0, "axis": "y", "origin": [10.125, -1.5, 8]},
			"faces": {
				"north": {"uv": [0.5, 2.5, 1, 4], "texture": "#main"},
				"east": {"uv": [0, 2.5, 0.5, 4], "texture": "#main"},
				"south": {"uv": [1.5, 2.5, 2, 4], "texture": "#main"},
				"west": {"uv": [1, 2.5, 1.5, 4], "texture": "#main"},
				"up": {"uv": [1, 2, 0.5, 2.5], "texture": "#main"},
				"down": {"uv": [1.5, 2, 1, 2.5], "texture": "#main"}
			}
		},
		{
			"from": [8, -12.25, 5.75],
			"to": [12.25, -2, 10.25],
			"rotation": {"angle": 0, "axis": "y", "origin": [10.125, -1.5, 8]},
			"faces": {
				"north": {"uv": [2.625, 4.875, 3.5, 6.25], "texture": "#main"},
				"east": {"uv": [2, 4.875, 2.875, 6.25], "texture": "#main"},
				"south": {"uv": [0, 6.625, 0.875, 8], "texture": "#main"},
				"west": {"uv": [0, 6.625, 0.875, 8], "texture": "#main"},
				"up": {"uv": [0, 6.625, 0.875, 8], "texture": "#main"},
				"down": {"uv": [0, 6.625, 0.875, 8], "texture": "#main"}
			}
		},
		{
			"from": [0.75, -2.25, 5.75],
			"to": [4, 9.25, 10.25],
			"rotation": {"angle": 0, "axis": "y", "origin": [2.5, 8.75, 8]},
			"faces": {
				"north": {"uv": [1.5, 4.5, 1, 6.25], "texture": "#main"},
				"east": {"uv": [1.5, 4.5, 1, 6.25], "texture": "#main"},
				"south": {"uv": [1.5, 4.5, 1, 6.25], "texture": "#main"},
				"west": {"uv": [1.5, 4.5, 1, 6.25], "texture": "#main"},
				"up": {"uv": [1.5, 4.5, 1, 4.75], "texture": "#main"},
				"down": {"uv": [1.5, 6.125, 1, 6.25], "texture": "#main"}
			}
		},
		{
			"from": [1, -2, 6],
			"to": [4, 9, 10],
			"rotation": {"angle": 0, "axis": "y", "origin": [2.5, 8.75, 8]},
			"faces": {
				"north": {"uv": [5.75, 2.5, 5.375, 4], "texture": "#main"},
				"east": {"uv": [6.375, 2.5, 5.875, 4], "texture": "#main"},
				"south": {"uv": [6.75, 2.5, 6.5, 4], "texture": "#main"},
				"west": {"uv": [5.5, 2.5, 5, 4], "texture": "#main"},
				"up": {"uv": [5.5, 2, 5.875, 2.5], "texture": "#main"},
				"down": {"uv": [5.875, 2, 6.25, 2.5], "texture": "#main"}
			}
		}
	],
	"display": {
		"firstperson_righthand": {
			"rotation": [-180, 67, -180],
			"translation": [24.25, -4, -25.75]
		},
		"firstperson_lefthand": {
			"rotation": [-180, 67, -180],
			"translation": [24.25, -4, -25.75]
		},
		"ground": {
			"translation": [0, 7.75, 0],
			"scale": [0.5, 0.5, 0.5]
		},
		"gui": {
			"rotation": [-168.75, 30, -180],
			"translation": [0.25, 3.75, 1],
			"scale": [0.7, 0.7, 0.7]
		},
		"head": {
			"translation": [0, -8.75, 0],
			"scale": [1.8, 1.8, 1.8]
		}
	},
	"groups": [
		{
			"name": "he",
			"origin": [8, 22, 8],
			"color": 0,
			"children": [0, 1]
		},
		{
			"name": "group",
			"origin": [8, 13, 8],
			"color": 0,
			"children": [2, 3]
		},
		{
			"name": "1",
			"origin": [5.875, 7.5, 8],
			"color": 0,
			"children": [
				4,
				5,
				6,
				7,
				{
					"name": "group",
					"origin": [13.625, -1.34987, -9.625],
					"color": 0,
					"children": []
				}
			]
		},
		{
			"name": "2",
			"origin": [2.5, 17.75, 8],
			"color": 0,
			"children": [8, 9, 10, 11]
		}
	]
}