{
	"credit": "Made with Blockbench",
	"textures": {
		"0": "items/brick2",
		"1": "items/anvil_base",
		"2": "items/dld",
		"3": "items/log_big_oak",
		"particle": "items/brick2"
	},
	"elements": [
		{
			"from": [2, 2, 0],
			"to": [4, 19, 2],
			"rotation": {"angle": 0, "axis": "y", "origin": [2, 2, 0]},
			"faces": {
				"north": {"uv": [0, 0, 2, 16], "texture": "#1"},
				"east": {"uv": [0, 0, 2, 16], "texture": "#1"},
				"south": {"uv": [0, 0, 2, 16], "texture": "#1"},
				"west": {"uv": [0, 0, 2, 16], "texture": "#1"},
				"up": {"uv": [0, 0, 2, 2], "texture": "#1"},
				"down": {"uv": [0, 0, 2, 2], "texture": "#missing"}
			}
		},
		{
			"from": [2, 2, 12],
			"to": [4, 19, 14],
			"rotation": {"angle": 0, "axis": "y", "origin": [2, 2, 12]},
			"faces": {
				"north": {"uv": [0, 0, 2, 16], "texture": "#1"},
				"east": {"uv": [0, 0, 2, 16], "texture": "#1"},
				"south": {"uv": [0, 0, 2, 16], "texture": "#1"},
				"west": {"uv": [0, 0, 2, 16], "texture": "#1"},
				"up": {"uv": [0, 0, 2, 2], "texture": "#1"},
				"down": {"uv": [0, 0, 2, 2], "texture": "#missing"}
			}
		},
		{
			"from": [13, 2, 0],
			"to": [15, 19, 2],
			"rotation": {"angle": 0, "axis": "y", "origin": [13, 2, 0]},
			"faces": {
				"north": {"uv": [0, 0, 2, 16], "texture": "#1"},
				"east": {"uv": [0, 0, 2, 16], "texture": "#1"},
				"south": {"uv": [0, 0, 2, 16], "texture": "#1"},
				"west": {"uv": [0, 0, 2, 16], "texture": "#1"},
				"up": {"uv": [0, 0, 2, 2], "texture": "#1"},
				"down": {"uv": [0, 0, 2, 2], "texture": "#missing"}
			}
		},
		{
			"from": [13, 5, 0],
			"to": [15, 7, 14],
			"rotation": {"angle": 0, "axis": "x", "origin": [13, 7, 0]},
			"faces": {
				"north": {"uv": [0, 0, 2, 2], "rotation": 180, "texture": "#1"},
				"east": {"uv": [0, 0, 2, 14], "rotation": 270, "texture": "#1"},
				"south": {"uv": [0, 0, 2, 2], "texture": "#1"},
				"west": {"uv": [0, 0, 2, 14], "rotation": 90, "texture": "#1"},
				"up": {"uv": [0, 0, 2, 14], "rotation": 180, "texture": "#1"},
				"down": {"uv": [0, 0, 2, 14], "texture": "#1"}
			}
		},
		{
			"from": [2, 5, 0],
			"to": [4, 7, 14],
			"rotation": {"angle": 0, "axis": "y", "origin": [2, 7, 0]},
			"faces": {
				"north": {"uv": [0, 0, 2, 2], "rotation": 180, "texture": "#1"},
				"east": {"uv": [0, 0, 2, 14], "rotation": 270, "texture": "#1"},
				"south": {"uv": [0, 0, 2, 2], "texture": "#1"},
				"west": {"uv": [0, 0, 2, 14], "rotation": 90, "texture": "#1"},
				"up": {"uv": [0, 0, 2, 14], "rotation": 180, "texture": "#1"},
				"down": {"uv": [0, 0, 2, 14], "texture": "#1"}
			}
		},
		{
			"from": [2, 5, 0],
			"to": [15, 7, 2],
			"rotation": {"angle": 0, "axis": "y", "origin": [2, 7, 2]},
			"faces": {
				"north": {"uv": [0, 0, 2, 13], "rotation": 270, "texture": "#1"},
				"east": {"uv": [0, 0, 2, 2], "texture": "#1"},
				"south": {"uv": [0, 0, 2, 13], "rotation": 90, "texture": "#1"},
				"west": {"uv": [0, 0, 2, 2], "rotation": 180, "texture": "#1"},
				"up": {"uv": [0, 0, 2, 13], "rotation": 90, "texture": "#1"},
				"down": {"uv": [0, 0, 2, 13], "rotation": 90, "texture": "#1"}
			}
		},
		{
			"from": [2, 5, 12],
			"to": [15, 7, 14],
			"rotation": {"angle": 0, "axis": "y", "origin": [2, 7, 14]},
			"faces": {
				"north": {"uv": [0, 0, 2, 13], "rotation": 270, "texture": "#1"},
				"east": {"uv": [0, 0, 2, 2], "texture": "#1"},
				"south": {"uv": [0, 0, 2, 13], "rotation": 90, "texture": "#1"},
				"west": {"uv": [0, 0, 2, 2], "rotation": 180, "texture": "#1"},
				"up": {"uv": [0, 0, 2, 13], "rotation": 90, "texture": "#1"},
				"down": {"uv": [0, 0, 2, 13], "rotation": 90, "texture": "#1"}
			}
		},
		{
			"from": [2, 17, 12],
			"to": [15, 19, 14],
			"rotation": {"angle": 0, "axis": "y", "origin": [2, 19, 14]},
			"faces": {
				"north": {"uv": [0, 0, 2, 13], "rotation": 270, "texture": "#1"},
				"east": {"uv": [0, 0, 2, 2], "texture": "#1"},
				"south": {"uv": [0, 0, 2, 13], "rotation": 90, "texture": "#1"},
				"west": {"uv": [0, 0, 2, 2], "rotation": 180, "texture": "#1"},
				"up": {"uv": [0, 0, 2, 13], "rotation": 90, "texture": "#1"},
				"down": {"uv": [0, 0, 2, 13], "rotation": 90, "texture": "#missing"}
			}
		},
		{
			"from": [2, 17, 0],
			"to": [15, 19, 2],
			"rotation": {"angle": 0, "axis": "y", "origin": [2, 19, 2]},
			"faces": {
				"north": {"uv": [0, 0, 2, 13], "rotation": 270, "texture": "#1"},
				"east": {"uv": [0, 0, 2, 2], "texture": "#1"},
				"south": {"uv": [0, 0, 2, 13], "rotation": 90, "texture": "#1"},
				"west": {"uv": [0, 0, 2, 2], "rotation": 180, "texture": "#1"},
				"up": {"uv": [0, 0, 2, 13], "rotation": 90, "texture": "#1"},
				"down": {"uv": [0, 0, 2, 13], "rotation": 90, "texture": "#1"}
			}
		},
		{
			"from": [2, 17, 1],
			"to": [4, 19, 14],
			"rotation": {"angle": 0, "axis": "y", "origin": [2, 19, 1]},
			"faces": {
				"north": {"uv": [0, 0, 2, 2], "rotation": 180, "texture": "#1"},
				"east": {"uv": [0, 0, 2, 13], "rotation": 270, "texture": "#1"},
				"south": {"uv": [0, 0, 2, 2], "texture": "#1"},
				"west": {"uv": [0, 0, 2, 13], "rotation": 90, "texture": "#1"},
				"up": {"uv": [0, 0, 2, 13], "rotation": 180, "texture": "#1"},
				"down": {"uv": [0, 0, 2, 13], "texture": "#missing"}
			}
		},
		{
			"from": [9, 13, 3],
			"to": [10, 26, 4],
			"rotation": {"angle": 0, "axis": "x", "origin": [9, 26, 5]},
			"faces": {
				"north": {"uv": [0, 0, 16, 16], "rotation": 180, "texture": "#3"},
				"east": {"uv": [0, 0, 16, 16], "rotation": 180, "texture": "#3"},
				"south": {"uv": [0, 0, 16, 16], "rotation": 180, "texture": "#3"},
				"west": {"uv": [0, 0, 16, 16], "rotation": 180, "texture": "#3"},
				"up": {"uv": [0, 0, 1, 1], "texture": "#3"},
				"down": {"uv": [0, 0, 1, 1], "texture": "#missing"}
			}
		},
		{
			"from": [13, 17, 1],
			"to": [15, 19, 14],
			"rotation": {"angle": 0, "axis": "y", "origin": [13, 19, 1]},
			"faces": {
				"north": {"uv": [0, 0, 2, 2], "rotation": 180, "texture": "#missing"},
				"east": {"uv": [0, 0, 2, 13], "rotation": 270, "texture": "#1"},
				"south": {"uv": [0, 0, 2, 2], "texture": "#1"},
				"west": {"uv": [0, 0, 2, 13], "rotation": 90, "texture": "#1"},
				"up": {"uv": [0, 0, 2, 13], "rotation": 180, "texture": "#1"},
				"down": {"uv": [0, 0, 2, 13], "texture": "#missing"}
			}
		},
		{
			"from": [12, 7, 2],
			"to": [14, 17, 12],
			"rotation": {"angle": 0, "axis": "y", "origin": [12, 9, -1]},
			"faces": {
				"north": {"uv": [0, 0, 2, 10], "rotation": 180, "texture": "#missing"},
				"east": {"uv": [0, 0, 16, 16], "rotation": 270, "texture": "#0"},
				"south": {"uv": [0, 0, 2, 10], "texture": "#1"},
				"west": {"uv": [0, 0, 10, 10], "rotation": 90, "texture": "#2"},
				"up": {"uv": [0, 0, 2, 10], "rotation": 180, "texture": "#2"},
				"down": {"uv": [0, 0, 2, 10], "texture": "#missing"}
			}
		},
		{
			"from": [3, 7, 2],
			"to": [5, 17, 12],
			"rotation": {"angle": 0, "axis": "y", "origin": [3, 9, -1]},
			"faces": {
				"north": {"uv": [0, 0, 2, 10], "rotation": 180, "texture": "#missing"},
				"east": {"uv": [0, 0, 10, 10], "rotation": 270, "texture": "#2"},
				"south": {"uv": [0, 0, 2, 10], "texture": "#missing"},
				"west": {"uv": [0, 0, 16, 16], "rotation": 90, "texture": "#0"},
				"up": {"uv": [0, 0, 2, 10], "rotation": 180, "texture": "#2"},
				"down": {"uv": [0, 0, 2, 10], "texture": "#missing"}
			}
		},
		{
			"from": [5, 15, 3],
			"to": [12, 16, 11],
			"rotation": {"angle": 0, "axis": "z", "origin": [7, 17, -1]},
			"faces": {
				"north": {"uv": [0, 0, 1, 7], "rotation": 90, "texture": "#missing"},
				"east": {"uv": [0, 0, 1, 8], "rotation": 270, "texture": "#missing"},
				"south": {"uv": [0, 0, 1, 7], "rotation": 90, "texture": "#missing"},
				"west": {"uv": [0, 0, 1, 8], "rotation": 90, "texture": "#missing"},
				"up": {"uv": [0, 0, 7, 8], "rotation": 180, "texture": "#2"},
				"down": {"uv": [0, 0, 7, 8], "texture": "#missing"}
			}
		},
		{
			"from": [5, 6, 3],
			"to": [12, 7, 11],
			"rotation": {"angle": 0, "axis": "y", "origin": [7, 8, -1]},
			"faces": {
				"north": {"uv": [0, 0, 1, 7], "rotation": 90, "texture": "#missing"},
				"east": {"uv": [0, 0, 1, 8], "rotation": 270, "texture": "#missing"},
				"south": {"uv": [0, 0, 1, 7], "rotation": 90, "texture": "#missing"},
				"west": {"uv": [0, 0, 1, 8], "rotation": 90, "texture": "#missing"},
				"up": {"uv": [0, 0, 7, 8], "rotation": 180, "texture": "#missing"},
				"down": {"uv": [0, 0, 7, 8], "texture": "#1"}
			}
		},
		{
			"from": [3, 7, 1],
			"to": [13, 17, 3],
			"rotation": {"angle": 0, "axis": "y", "origin": [0, 9, 3]},
			"faces": {
				"north": {"uv": [0, 0, 16, 16], "rotation": 270, "texture": "#0"},
				"east": {"uv": [0, 0, 2, 10], "texture": "#1"},
				"south": {"uv": [0, 0, 10, 10], "rotation": 90, "texture": "#2"},
				"west": {"uv": [0, 0, 2, 10], "rotation": 180, "texture": "#0"},
				"up": {"uv": [0, 0, 2, 10], "rotation": 90, "texture": "#2"},
				"down": {"uv": [0, 0, 2, 10], "rotation": 90, "texture": "#missing"}
			}
		},
		{
			"from": [3, 7, 11],
			"to": [13, 17, 13],
			"rotation": {"angle": 0, "axis": "y", "origin": [0, 9, 13]},
			"faces": {
				"north": {"uv": [0, 0, 10, 10], "rotation": 270, "texture": "#2"},
				"east": {"uv": [0, 0, 2, 10], "texture": "#1"},
				"south": {"uv": [0, 0, 16, 16], "rotation": 90, "texture": "#0"},
				"west": {"uv": [0, 0, 2, 10], "rotation": 180, "texture": "#0"},
				"up": {"uv": [0, 0, 2, 10], "rotation": 90, "texture": "#2"},
				"down": {"uv": [0, 0, 2, 10], "rotation": 90, "texture": "#missing"}
			}
		},
		{
			"from": [13, 2, 12],
			"to": [15, 19, 14],
			"rotation": {"angle": 0, "axis": "y", "origin": [13, 2, 12]},
			"faces": {
				"north": {"uv": [0, 0, 2, 16], "texture": "#1"},
				"east": {"uv": [0, 0, 2, 16], "texture": "#1"},
				"south": {"uv": [0, 0, 2, 16], "texture": "#1"},
				"west": {"uv": [0, 0, 2, 16], "texture": "#1"},
				"up": {"uv": [0, 0, 2, 2], "texture": "#1"},
				"down": {"uv": [0, 0, 2, 2], "texture": "#missing"}
			}
		}
	],
	"display": {
		"head": {
			"translation": [0, -32.5, 0],
			"scale": [2, 1.6, 2]
		}
	}
}