{
	"credit": "Made with Blockbench",
	"texture_size": [128, 128],
	"textures": {
		"0": "items/kang_commission_axe5",
		"particle": "items/kang_commission_axe5"
	},
	"elements": [
		{
			"from": [7.25, 18.125, 5],
			"to": [8.75, 20.125, 11],
			"rotation": {"angle": 0, "axis": "y", "origin": [8, 15.75, 10.875]},
			"faces": {
				"north": {"uv": [7.875, 4.625, 8.125, 4.875], "texture": "#0"},
				"east": {"uv": [6.75, 4.5, 7.5, 4.75], "texture": "#0"},
				"south": {"uv": [7.875, 5, 8.125, 5.25], "texture": "#0"},
				"west": {"uv": [0.625, 6.875, 1.375, 7.125], "texture": "#0"},
				"up": {"uv": [3.625, 7, 3.375, 6.25], "texture": "#0"},
				"down": {"uv": [7.125, 1.875, 6.875, 2.625], "texture": "#0"}
			}
		},
		{
			"from": [7.325, 20.125, 6],
			"to": [8.675, 21.125, 10],
			"rotation": {"angle": 0, "axis": "y", "origin": [8, 17.75, 10.875]},
			"faces": {
				"north": {"uv": [7.875, 1.375, 8, 1.5], "texture": "#0"},
				"east": {"uv": [8.125, 0.75, 8.625, 0.875], "texture": "#0"},
				"south": {"uv": [3.25, 8.375, 3.375, 8.5], "texture": "#0"},
				"west": {"uv": [8.125, 3.125, 8.625, 3.25], "texture": "#0"},
				"up": {"uv": [1.625, 8.625, 1.5, 8.125], "texture": "#0"},
				"down": {"uv": [8.125, 8.125, 8, 8.625], "texture": "#0"}
			}
		},
		{
			"from": [7.4, 22.5717, 11.06434],
			"to": [8.6, 28.0717, 16.56434],
			"rotation": {"angle": -45, "axis": "x", "origin": [8, 25.0717, 11.81434]},
			"faces": {
				"north": {"uv": [7.25, 7.375, 7.375, 8.125], "texture": "#0"},
				"east": {"uv": [5.375, 4, 6.125, 4.75], "texture": "#0"},
				"south": {"uv": [2.5, 7.5, 2.625, 8.25], "texture": "#0"},
				"west": {"uv": [6.125, 4, 5.375, 4.75], "texture": "#0"},
				"up": {"uv": [1.375, 8.375, 1.25, 7.75], "texture": "#0"},
				"down": {"uv": [7.875, 2.125, 7.75, 2.75], "texture": "#0"}
			}
		},
		{
			"from": [6.35, 22.0717, 5.51256],
			"to": [9.65, 28.5717, 12.01256],
			"rotation": {"angle": -45, "axis": "x", "origin": [8, 25.0717, 6.76256]},
			"faces": {
				"north": {"uv": [5.75, 2.875, 6.125, 2], "texture": "#0"},
				"east": {"uv": [2.5, 4, 3.375, 4.875], "texture": "#0"},
				"south": {"uv": [6.125, 2, 5.75, 2.875], "texture": "#0"},
				"west": {"uv": [3.375, 4, 2.5, 4.875], "texture": "#0"},
				"up": {"uv": [6.125, 2.875, 5.75, 2], "texture": "#0"},
				"down": {"uv": [6.125, 2.875, 5.75, 2], "texture": "#0"}
			}
		},
		{
			"from": [5.85, 23.3217, 6.76256],
			"to": [10.15, 27.3217, 10.76256],
			"rotation": {"angle": -45, "axis": "x", "origin": [8, 25.0717, 6.76256]},
			"faces": {
				"north": {"uv": [6.125, 6.25, 6.625, 6.75], "texture": "#0"},
				"east": {"uv": [6.375, 0, 6.875, 0.5], "texture": "#0"},
				"south": {"uv": [6.375, 0.625, 6.875, 1.125], "texture": "#0"},
				"west": {"uv": [6.875, 0, 6.375, 0.5], "texture": "#0"},
				"up": {"uv": [7, 6, 6.5, 5.5], "texture": "#0"},
				"down": {"uv": [0.5, 6.625, 0, 7.125], "texture": "#0"}
			}
		},
		{
			"from": [7.025, 25.33116, 0.6986],
			"to": [8.975, 28.83116, 4.4486],
			"rotation": {"angle": -45, "axis": "x", "origin": [8, 30.24905, 0.6986]},
			"faces": {
				"north": {"uv": [7.5, 7.25, 7.75, 7.625], "texture": "#0"},
				"east": {"uv": [6.875, 4.875, 7.375, 5.25], "texture": "#0"},
				"south": {"uv": [7.625, 0, 7.875, 0.375], "texture": "#0"},
				"west": {"uv": [7.375, 4.875, 6.875, 5.25], "texture": "#0"},
				"up": {"uv": [2.375, 7.875, 2.125, 7.375], "texture": "#0"},
				"down": {"uv": [7.625, 2.75, 7.375, 3.25], "texture": "#0"}
			}
		},
		{
			"from": [8, -1.41516, -16],
			"to": [8, 30.08484, 7.13947],
			"rotation": {"angle": 0, "axis": "y", "origin": [8, 26.33484, -1.73553]},
			"faces": {
				"north": {"uv": [4.375, 7.625, 4.375, 11.5], "texture": "#0"},
				"east": {"uv": [12.25, 0.375, 15.375, 4.25], "texture": "#0"},
				"south": {"uv": [5.25, 8, 5.25, 11.875], "texture": "#0"},
				"west": {"uv": [15.375, 0.375, 12.25, 4.25], "texture": "#0"},
				"up": {"uv": [1.125, 11, 1.125, 8.25], "texture": "#0"},
				"down": {"uv": [7.375, 8.25, 7.375, 11], "texture": "#0"}
			}
		},
		{
			"from": [7.05, 28.8731, 0.85285],
			"to": [8.95, 31.8981, 4.35285],
			"rotation": {"angle": 0, "axis": "y", "origin": [8, 30.26999, 1.14189]},
			"faces": {
				"north": {"uv": [7.625, 3.625, 7.875, 4], "texture": "#0"},
				"east": {"uv": [7.25, 1.75, 7.625, 2.125], "texture": "#0"},
				"south": {"uv": [4, 7.625, 4.25, 8], "texture": "#0"},
				"west": {"uv": [7.625, 1.75, 7.25, 2.125], "texture": "#0"},
				"up": {"uv": [7.875, 4.5, 7.625, 4.125], "texture": "#0"},
				"down": {"uv": [7.875, 5.375, 7.625, 5.75], "texture": "#0"}
			}
		},
		{
			"from": [7.075, 28.99189, -2.06907],
			"to": [8.925, 31.31689, 1.43093],
			"rotation": {"angle": -22.5, "axis": "x", "origin": [8, 30.15439, -0.31907]},
			"faces": {
				"north": {"uv": [8.125, 6.125, 8.375, 6.375], "texture": "#0"},
				"east": {"uv": [7.625, 5.875, 8, 6.125], "texture": "#0"},
				"south": {"uv": [8.125, 6.5, 8.375, 6.75], "texture": "#0"},
				"west": {"uv": [8, 5.875, 7.625, 6.125], "texture": "#0"},
				"up": {"uv": [0.75, 8.125, 0.5, 7.75], "texture": "#0"},
				"down": {"uv": [8, 0.5, 7.75, 0.875], "texture": "#0"}
			}
		},
		{
			"from": [7.1, 28.33676, -3.84615],
			"to": [8.9, 29.66176, -1.04615],
			"rotation": {"angle": -45, "axis": "x", "origin": [8, 28.49926, -2.79615]},
			"faces": {
				"north": {"uv": [0.625, 6.625, 0.875, 6.75], "texture": "#0"},
				"east": {"uv": [8.125, 7.125, 8.5, 7.25], "texture": "#0"},
				"south": {"uv": [8.25, 5.125, 8.5, 5.25], "texture": "#0"},
				"west": {"uv": [8.5, 7.125, 8.125, 7.25], "texture": "#0"},
				"up": {"uv": [1.125, 8.125, 0.875, 7.75], "texture": "#0"},
				"down": {"uv": [8, 1.625, 7.75, 2], "texture": "#0"}
			}
		},
		{
			"from": [7.05, 24.0717, 12.56434],
			"to": [8.95, 26.5717, 15.06434],
			"rotation": {"angle": -45, "axis": "x", "origin": [8, 25.0717, 11.81434]},
			"faces": {
				"north": {"uv": [7.5, 1.125, 7.75, 1.5], "texture": "#0"},
				"east": {"uv": [7.125, 5.375, 7.5, 5.75], "texture": "#0"},
				"south": {"uv": [7.5, 4.875, 7.75, 5.25], "texture": "#0"},
				"west": {"uv": [7.5, 5.375, 7.125, 5.75], "texture": "#0"},
				"up": {"uv": [5.25, 7.875, 5, 7.5], "texture": "#0"},
				"down": {"uv": [7.75, 6.75, 7.5, 7.125], "texture": "#0"}
			}
		},
		{
			"from": [7.304, 16.67317, 15.20463],
			"to": [8.696, 20.73317, 19.26463],
			"rotation": {"angle": -22.5, "axis": "x", "origin": [8, 18.41317, 15.05963]},
			"faces": {
				"north": {"uv": [8, 2.125, 8.125, 2.625], "texture": "#0"},
				"east": {"uv": [6.25, 4.875, 6.75, 5.375], "texture": "#0"},
				"south": {"uv": [2.25, 8, 2.375, 8.5], "texture": "#0"},
				"west": {"uv": [6.75, 4.875, 6.25, 5.375], "texture": "#0"},
				"up": {"uv": [8.125, 4.125, 8, 3.625], "texture": "#0"},
				"down": {"uv": [5.125, 8, 5, 8.5], "texture": "#0"}
			}
		},
		{
			"from": [6.9, 17.7967, 16.21434],
			"to": [9.1, 19.7967, 18.21434],
			"rotation": {"angle": -22.5, "axis": "x", "origin": [8, 18.5467, 15.33934]},
			"faces": {
				"north": {"uv": [8.25, 0, 8, 0.25], "texture": "#0"},
				"east": {"uv": [8, 0, 8.25, 0.25], "texture": "#0"},
				"south": {"uv": [8.25, 0, 8, 0.25], "texture": "#0"},
				"west": {"uv": [8.25, 0, 8, 0.25], "texture": "#0"},
				"up": {"uv": [8.25, 0, 8, 0.25], "texture": "#0"},
				"down": {"uv": [8.25, 0, 8, 0.25], "texture": "#0"}
			}
		},
		{
			"from": [7.4, 10.9967, 16.18934],
			"to": [8.6, 13.4967, 18.68934],
			"rotation": {"angle": -22.5, "axis": "x", "origin": [8, 11.9967, 15.56434]},
			"faces": {
				"north": {"uv": [0.375, 8.25, 0.5, 8.625], "texture": "#0"},
				"east": {"uv": [0.5, 7.25, 0.875, 7.625], "texture": "#0"},
				"south": {"uv": [0.625, 8.25, 0.75, 8.625], "texture": "#0"},
				"west": {"uv": [0.875, 7.25, 0.5, 7.625], "texture": "#0"},
				"up": {"uv": [1, 8.625, 0.875, 8.25], "texture": "#0"},
				"down": {"uv": [8.375, 2.125, 8.25, 2.5], "texture": "#0"}
			}
		},
		{
			"from": [6.9, 11.4967, 16.68934],
			"to": [9.1, 12.9967, 18.18934],
			"rotation": {"angle": -22.5, "axis": "x", "origin": [8, 11.9967, 15.56434]},
			"faces": {
				"north": {"uv": [8.125, 1.375, 8.375, 1.625], "texture": "#0"},
				"east": {"uv": [8.125, 1.375, 8.375, 1.625], "texture": "#0"},
				"south": {"uv": [8.125, 1.375, 8.375, 1.625], "texture": "#0"},
				"west": {"uv": [8.375, 1.375, 8.125, 1.625], "texture": "#0"},
				"up": {"uv": [8.125, 1.375, 8.375, 1.625], "texture": "#0"},
				"down": {"uv": [8.125, 1.375, 8.375, 1.625], "texture": "#0"}
			}
		},
		{
			"from": [7.507, 13.71751, 17.73061],
			"to": [8.493, 20.96751, 24.40061],
			"rotation": {"angle": 22.5, "axis": "x", "origin": [8, 17.48751, 19.18061]},
			"faces": {
				"north": {"uv": [6.25, 7.375, 6.375, 8.125], "texture": "#0"},
				"east": {"uv": [0, 5.25, 0.75, 6], "texture": "#0"},
				"south": {"uv": [6.5, 7.375, 6.625, 8.125], "texture": "#0"},
				"west": {"uv": [0.75, 5.25, 0, 6], "texture": "#0"},
				"up": {"uv": [6.875, 8.125, 6.75, 7.375], "texture": "#0"},
				"down": {"uv": [7.125, 7.375, 7, 8.125], "texture": "#0"}
			}
		},
		{
			"from": [7.536, 11.17824, 17.01772],
			"to": [8.464, 16.71724, 21.62872],
			"rotation": {"angle": 45, "axis": "x", "origin": [8, 13.23724, 16.40872]},
			"faces": {
				"north": {"uv": [5.875, 7.75, 6, 8.375], "texture": "#0"},
				"east": {"uv": [1, 6.125, 1.5, 6.75], "texture": "#0"},
				"south": {"uv": [7.5, 7.75, 7.625, 8.375], "texture": "#0"},
				"west": {"uv": [1.5, 6.125, 1, 6.75], "texture": "#0"},
				"up": {"uv": [1.875, 8.5, 1.75, 8], "texture": "#0"},
				"down": {"uv": [2.125, 8, 2, 8.5], "texture": "#0"}
			}
		},
		{
			"from": [7.611, 15.70283, 22.49935],
			"to": [8.389, 20.24183, 27.86035],
			"rotation": {"angle": -22.5, "axis": "x", "origin": [8, 17.97233, 25.17985]},
			"faces": {
				"north": {"uv": [8.125, 9.5, 8.625, 10.125], "texture": "#0"},
				"east": {"uv": [6.75, 9.625, 7.25, 10.125], "texture": "#0"},
				"south": {"uv": [6.375, 11.5, 6.5, 12], "texture": "#0"},
				"west": {"uv": [6.75, 9.625, 7.25, 10.125], "texture": "#0"},
				"up": {"uv": [8.125, 9.5, 8.625, 10.125], "texture": "#0"},
				"down": {"uv": [6.5, 11.5, 6.375, 12], "texture": "#0"}
			}
		},
		{
			"from": [7.611, 20.7064, 24.22078],
			"to": [8.389, 22.1674, 25.93478],
			"rotation": {"angle": 22.5, "axis": "x", "origin": [8, 19.4869, 23.66528]},
			"faces": {
				"north": {"uv": [8.125, 9.5, 8.625, 10.125], "rotation": 180, "texture": "#0"},
				"east": {"uv": [7.25, 10.25, 7.5, 10.5], "rotation": 90, "texture": "#0"},
				"south": {"uv": [8.125, 9.5, 8.625, 10.125], "texture": "#0"},
				"west": {"uv": [7.5, 10.25, 7.25, 10.5], "rotation": 90, "texture": "#0"},
				"up": {"uv": [8.75, 13.375, 8.875, 13.625], "texture": "#0"},
				"down": {"uv": [8.125, 9.5, 8.625, 10.125], "rotation": 180, "texture": "#0"}
			}
		},
		{
			"from": [7.611, 7.58667, 17.40854],
			"to": [8.389, 10.87567, 22.01954],
			"rotation": {"angle": -22.5, "axis": "x", "origin": [8, 11.53117, 19.71404]},
			"faces": {
				"north": {"uv": [6.375, 11.5, 6.5, 12], "texture": "#0"},
				"east": {"uv": [6.75, 9.625, 7.25, 10.125], "texture": "#0"},
				"south": {"uv": [6.375, 11.5, 6.5, 12], "texture": "#0"},
				"west": {"uv": [6.75, 9.625, 7.25, 10.125], "texture": "#0"},
				"up": {"uv": [8.125, 9.5, 8.625, 10.125], "texture": "#0"},
				"down": {"uv": [6.375, 11.5, 6.5, 12], "texture": "#0"}
			}
		},
		{
			"from": [7.873, 21.7121, 7.58882],
			"to": [8.451, 25.4511, 12.69982],
			"rotation": {"angle": 22.5, "axis": "x", "origin": [8.162, 22.1566, 10.39432]},
			"faces": {
				"north": {"uv": [3.875, 10.875, 4.375, 11.25], "texture": "#0"},
				"east": {"uv": [3.875, 10.875, 4.375, 11.25], "texture": "#0"},
				"south": {"uv": [3.875, 10.875, 4.375, 11.25], "texture": "#0"},
				"west": {"uv": [3.875, 10.875, 4.375, 11.25], "texture": "#0"},
				"up": {"uv": [3.875, 10.875, 4.375, 11.25], "texture": "#0"},
				"down": {"uv": [3.875, 10.875, 4.375, 11.25], "texture": "#0"}
			}
		},
		{
			"from": [7.449, 18.705, 11.895],
			"to": [8.551, 29.145, 25.335],
			"rotation": {"angle": 0, "axis": "y", "origin": [8, 15.95, 11.75]},
			"faces": {
				"north": {"uv": [1.5, 6.875, 1.625, 8], "texture": "#0"},
				"east": {"uv": [0, 9.75, 1.5, 10.875], "texture": "#0"},
				"south": {"uv": [3.25, 7.125, 3.375, 8.25], "texture": "#0"},
				"west": {"uv": [1.5, 9.75, 0, 10.875], "texture": "#0"},
				"up": {"uv": [3.625, 8.25, 3.5, 7.125], "texture": "#0"},
				"down": {"uv": [3.875, 7.125, 3.75, 8.25], "texture": "#0"}
			}
		},
		{
			"from": [7.507, 24.505, 22.87],
			"to": [8.493, 30.218, 26.35],
			"rotation": {"angle": 22.5, "axis": "x", "origin": [8, 26.825, 24.61]},
			"faces": {
				"north": {"uv": [7.75, 7.75, 7.875, 8.375], "texture": "#0"},
				"east": {"uv": [5, 6.75, 5.375, 7.375], "texture": "#0"},
				"south": {"uv": [2.75, 7.875, 2.875, 8.5], "texture": "#0"},
				"west": {"uv": [5.375, 6.75, 5, 7.375], "texture": "#0"},
				"up": {"uv": [8.375, 3.75, 8.25, 3.375], "texture": "#0"},
				"down": {"uv": [8.375, 4.625, 8.25, 5], "texture": "#0"}
			}
		},
		{
			"from": [7.648, 29.01516, 20.65286],
			"to": [8.468, 30.22816, 24.50686],
			"rotation": {"angle": -22.5, "axis": "x", "origin": [8.058, 29.90916, 23.40486]},
			"faces": {
				"north": {"uv": [7.75, 4.625, 7.625, 4.75], "rotation": 180, "texture": "#0"},
				"east": {"uv": [8.25, 8.125, 8.375, 8.375], "rotation": 270, "texture": "#0"},
				"south": {"uv": [6.375, 5.625, 6.25, 5.5], "texture": "#0"},
				"west": {"uv": [8.375, 8.125, 8.25, 8.375], "rotation": 90, "texture": "#0"},
				"up": {"uv": [8.25, 7.375, 8.375, 7.625], "rotation": 180, "texture": "#0"},
				"down": {"uv": [8.375, 0, 8.5, 0.25], "texture": "#0"}
			}
		},
		{
			"from": [7.25, 1.875, 7.125],
			"to": [8.75, 18.125, 8.875],
			"rotation": {"angle": 0, "axis": "y", "origin": [8, 12.875, 8.125]},
			"faces": {
				"north": {"uv": [4.125, 5, 4.375, 7], "texture": "#0"},
				"east": {"uv": [4.125, 5, 4.375, 7], "texture": "#0"},
				"south": {"uv": [4.125, 5, 4.375, 7], "texture": "#0"},
				"west": {"uv": [4.125, 5, 4.375, 7], "texture": "#0"},
				"up": {"uv": [4.125, 5, 4.375, 7], "texture": "#0"},
				"down": {"uv": [4.125, 5, 4.375, 7], "texture": "#0"}
			}
		},
		{
			"from": [7, -6.125, 6.125],
			"to": [9, 3.125, 9.875],
			"rotation": {"angle": 0, "axis": "y", "origin": [8, 16.875, 8.125]},
			"faces": {
				"north": {"uv": [2.5, 6.25, 2.75, 7.375], "texture": "#0"},
				"east": {"uv": [2.5, 5, 3, 6.125], "texture": "#0"},
				"south": {"uv": [6.25, 2.75, 6.5, 3.875], "texture": "#0"},
				"west": {"uv": [3.125, 5, 3.625, 6.125], "texture": "#0"},
				"up": {"uv": [7.5, 4.25, 7.25, 3.75], "texture": "#0"},
				"down": {"uv": [7.5, 5.875, 7.25, 6.375], "texture": "#0"}
			}
		},
		{
			"from": [6.75, 0.125, 5.625],
			"to": [9.25, 3.375, 10.375],
			"rotation": {"angle": 0, "axis": "y", "origin": [8, 17.125, 8.125]},
			"faces": {
				"north": {"uv": [7, 1.25, 7.375, 1.625], "texture": "#0"},
				"east": {"uv": [6.625, 2.75, 7.25, 3.125], "texture": "#0"},
				"south": {"uv": [4, 7.125, 4.375, 7.5], "texture": "#0"},
				"west": {"uv": [6.625, 3.25, 7.25, 3.625], "texture": "#0"},
				"up": {"uv": [7.125, 4.375, 6.75, 3.75], "texture": "#0"},
				"down": {"uv": [4.875, 6.75, 4.5, 7.375], "texture": "#0"}
			}
		},
		{
			"from": [6.75, -6.925, 4.875],
			"to": [9.25, -5.625, 11.125],
			"rotation": {"angle": 0, "axis": "y", "origin": [8, 8.125, 8.125]},
			"faces": {
				"north": {"uv": [7.625, 6.25, 8, 6.375], "texture": "#0"},
				"east": {"uv": [7.25, 6.5, 8, 6.625], "texture": "#0"},
				"south": {"uv": [8.125, 6.875, 8.5, 7], "texture": "#0"},
				"west": {"uv": [7.375, 3.375, 8.125, 3.5], "texture": "#0"},
				"up": {"uv": [3.25, 7, 2.875, 6.25], "texture": "#0"},
				"down": {"uv": [6.625, 4, 6.25, 4.75], "texture": "#0"}
			}
		},
		{
			"from": [6.075, -9.875, 4.4],
			"to": [9.925, -6.625, 11.6],
			"rotation": {"angle": 0, "axis": "y", "origin": [8, 7.125, 8.125]},
			"faces": {
				"north": {"uv": [6.875, 6.875, 7.375, 7.25], "texture": "#0"},
				"east": {"uv": [5.5, 5.75, 6.375, 6.125], "texture": "#0"},
				"south": {"uv": [7, 0, 7.5, 0.375], "texture": "#0"},
				"west": {"uv": [0, 6.125, 0.875, 6.5], "texture": "#0"},
				"up": {"uv": [6.25, 0.875, 5.75, 0], "texture": "#0"},
				"down": {"uv": [6.25, 1, 5.75, 1.875], "texture": "#0"}
			}
		},
		{
			"from": [8, -16, 4.4],
			"to": [8, -9.625, 11.6],
			"rotation": {"angle": 0, "axis": "y", "origin": [8, 4.125, 8.125]},
			"faces": {
				"north": {"uv": [3.5, 8.375, 3.5, 9.125], "texture": "#0"},
				"east": {"uv": [4.5, 4, 5.375, 4.75], "texture": "#0"},
				"south": {"uv": [3.625, 8.375, 3.625, 9.125], "texture": "#0"},
				"west": {"uv": [5.375, 4, 4.5, 4.75], "texture": "#0"},
				"up": {"uv": [3.75, 9.25, 3.75, 8.375], "texture": "#0"},
				"down": {"uv": [3.875, 8.375, 3.875, 9.25], "texture": "#0"}
			}
		},
		{
			"from": [7.275, 13.50038, 10.28266],
			"to": [8.725, 18.65038, 12.28266],
			"rotation": {"angle": -22.5, "axis": "x", "origin": [8, 10.75038, 11.53266]},
			"faces": {
				"north": {"uv": [5.375, 7.75, 5.5, 8.375], "texture": "#0"},
				"east": {"uv": [7, 0.5, 7.25, 1.125], "texture": "#0"},
				"south": {"uv": [5.625, 7.75, 5.75, 8.375], "texture": "#0"},
				"west": {"uv": [2.875, 7.125, 3.125, 7.75], "texture": "#0"},
				"up": {"uv": [8.375, 4.125, 8.25, 3.875], "texture": "#0"},
				"down": {"uv": [6.25, 8.25, 6.125, 8.5], "texture": "#0"}
			}
		},
		{
			"from": [7.3, 14.50038, 3.71734],
			"to": [8.7, 18.60038, 5.71734],
			"rotation": {"angle": 22.5, "axis": "x", "origin": [8, 10.75038, 4.46734]},
			"faces": {
				"north": {"uv": [3, 7.875, 3.125, 8.375], "texture": "#0"},
				"east": {"uv": [7.375, 0.5, 7.625, 1], "texture": "#0"},
				"south": {"uv": [7.875, 6.75, 8, 7.25], "texture": "#0"},
				"west": {"uv": [1.75, 7.375, 2, 7.875], "texture": "#0"},
				"up": {"uv": [6.5, 8.5, 6.375, 8.25], "texture": "#0"},
				"down": {"uv": [6.75, 8.25, 6.625, 8.5], "texture": "#0"}
			}
		},
		{
			"from": [7.55, 8.71247, 2.37334],
			"to": [8.45, 14.81247, 3.92334],
			"rotation": {"angle": 22.5, "axis": "x", "origin": [8, 6.96247, 2.89834]},
			"faces": {
				"north": {"uv": [4.5, 7.5, 4.625, 8.25], "texture": "#0"},
				"east": {"uv": [5.5, 6.875, 5.75, 7.625], "texture": "#0"},
				"south": {"uv": [4.75, 7.5, 4.875, 8.25], "texture": "#0"},
				"west": {"uv": [5.875, 6.875, 6.125, 7.625], "texture": "#0"},
				"up": {"uv": [7, 8.5, 6.875, 8.25], "texture": "#0"},
				"down": {"uv": [7.25, 8.25, 7.125, 8.5], "texture": "#0"}
			}
		}
	],
	"display": {
		"thirdperson_righthand": {
			"rotation": [-179.26, -1.62, 179.39],
			"translation": [0, 8.75, 2.75]
		},
		"thirdperson_lefthand": {
			"rotation": [150.44, 53, 98.24],
			"translation": [-3.75, -6, 12.75],
			"scale": [0.96, 0.96, 0.96]
		},
		"firstperson_righthand": {
			"rotation": [-155.33, -11.08, 175.55],
			"translation": [8.75, -0.25, -9.25],
			"scale": [0.9, 0.9, 0.9]
		},
		"firstperson_lefthand": {
			"translation": [8.25, 0, 0],
			"scale": [0, 0, 0]
		},
		"ground": {
			"translation": [-1, 36.5, 0],
			"scale": [1.29, 1.29, 1.29]
		},
		"gui": {
			"rotation": [93.6, -51.13, 92.78],
			"translation": [1, -0.75, 0.5],
			"scale": [0.19, 0.3, 0.22]
		},
		"head": {
			"rotation": [93.87, -44.88, 92.72],
			"translation": [0, 24, 0]
		},
		"fixed": {
			"rotation": [90, 53.51, -90.26],
			"translation": [0, 0, -6],
			"scale": [2.35359, 2.35359, 2.35359]
		}
	},
	"groups": [
		{
			"name": "group",
			"origin": [8.975, 29.67939, 7.99372],
			"color": 7,
			"children": []
		},
		0,
		1,
		2,
		3,
		4,
		5,
		6,
		7,
		8,
		9,
		10,
		11,
		12,
		13,
		14,
		15,
		16,
		17,
		18,
		19,
		20,
		21,
		22,
		23,
		24,
		25,
		26,
		27,
		28,
		29,
		30,
		31,
		32
	]
}