{
	"credit": "Made with Blockbench",
	"texture_size": [128, 128],
	"textures": {
		"0": "items/kang_commission_bow5",
		"particle": "items/kang_commission_bow5"
	},
	"elements": [
		{
			"from": [18, 7, 7.375],
			"to": [19.5, 18, 8.875],
			"rotation": {"angle": 0, "axis": "y", "origin": [18, 7, 7]},
			"faces": {
				"north": {"uv": [1.5, 6, 1.6875, 7.375], "texture": "#0"},
				"east": {"uv": [2.4375, 6, 2.25, 7.375], "texture": "#0"},
				"south": {"uv": [1.6875, 6, 1.5, 7.375], "texture": "#0"},
				"west": {"uv": [2.25, 6, 2.4375, 7.375], "texture": "#0"},
				"up": {"uv": [7.5625, 7.8125, 7.375, 7.625], "texture": "#0"},
				"down": {"uv": [7.8125, 7.375, 7.625, 7.5625], "texture": "#0"}
			}
		},
		{
			"from": [18.275, 18, 7.775],
			"to": [19.225, 27, 8.475],
			"rotation": {"angle": 0, "axis": "y", "origin": [18, 18, 7]},
			"faces": {
				"north": {"uv": [2.75, 6.5, 2.875, 7.625], "texture": "#0"},
				"east": {"uv": [7.375, 6.25, 7.4375, 7.375], "texture": "#0"},
				"south": {"uv": [2.75, 6.5, 2.875, 7.625], "texture": "#0"},
				"west": {"uv": [7.375, 6.25, 7.4375, 7.375], "texture": "#0"},
				"up": {"uv": [8, 7.6875, 7.875, 7.625], "texture": "#0"},
				"down": {"uv": [7.875, 7.875, 7.75, 7.9375], "texture": "#0"}
			}
		},
		{
			"from": [-16, -16, 7.875],
			"to": [30, 32, 7.875],
			"rotation": {"angle": 0, "axis": "y", "origin": [16.5, 7, 6.75]},
			"faces": {
				"north": {"uv": [9.125, 8.0625, 14.875, 14.0625], "texture": "#0"},
				"east": {"uv": [0, 0, 0, 6], "texture": "#0"},
				"south": {"uv": [14.875, 8.0625, 9.125, 14.0625], "texture": "#0"},
				"west": {"uv": [0, 0, 0, 6], "texture": "#0"},
				"up": {"uv": [5.75, 0, 0, 0], "texture": "#0"},
				"down": {"uv": [5.75, 0, 0, 0], "texture": "#0"}
			}
		},
		{
			"from": [17.14681, 6.83029, 7.3],
			"to": [18.64681, 20.58029, 8.95],
			"rotation": {"angle": 22.5, "axis": "z", "origin": [17.89681, 12.83029, 8.125]},
			"faces": {
				"north": {"uv": [0, 6, 0.1875, 7.75], "texture": "#0"},
				"east": {"uv": [0.9375, 6, 0.75, 7.75], "texture": "#0"},
				"south": {"uv": [0.1875, 6, 0, 7.75], "texture": "#0"},
				"west": {"uv": [0.75, 6, 0.9375, 7.75], "texture": "#0"},
				"up": {"uv": [7.8125, 7.8125, 7.625, 7.625], "texture": "#0"},
				"down": {"uv": [0.1875, 7.75, 0, 7.9375], "texture": "#0"}
			}
		},
		{
			"from": [12.20991, 18.25, 7.525],
			"to": [13.05991, 31.75, 8.725],
			"rotation": {"angle": 22.5, "axis": "z", "origin": [12.63491, 25.53363, 8.125]},
			"faces": {
				"north": {"uv": [4, 6, 4.125, 7.6875], "texture": "#0"},
				"east": {"uv": [4.125, 6, 4.25, 7.6875], "texture": "#0"},
				"south": {"uv": [4.25, 6, 4.375, 7.6875], "texture": "#0"},
				"west": {"uv": [4.375, 6, 4.5, 7.6875], "texture": "#0"},
				"up": {"uv": [5.25, 8, 5.125, 7.875], "texture": "#0"},
				"down": {"uv": [6.625, 7.875, 6.5, 8], "texture": "#0"}
			}
		},
		{
			"from": [19.40221, 7.38517, 7.1],
			"to": [22.65221, 11.38517, 9.15],
			"rotation": {"angle": 0, "axis": "y", "origin": [21.65221, 13.26017, 8.125]},
			"faces": {
				"north": {"uv": [2.5, 6, 2.9375, 6.5], "texture": "#0"},
				"east": {"uv": [3, 6.5, 3.25, 7], "texture": "#0"},
				"south": {"uv": [2.9375, 6, 2.5, 6.5], "texture": "#0"},
				"west": {"uv": [3.25, 6.5, 3.5, 7], "texture": "#0"},
				"up": {"uv": [6.1875, 6.75, 5.75, 6.5], "texture": "#0"},
				"down": {"uv": [6.9375, 6, 6.5, 6.25], "texture": "#0"}
			}
		},
		{
			"from": [19.35221, -0.43983, 7.3],
			"to": [21.95221, 1.86017, 8.95],
			"rotation": {"angle": 0, "axis": "y", "origin": [21.27721, 3.73517, 8.125]},
			"faces": {
				"north": {"uv": [3, 7.25, 3.3125, 7.5625], "texture": "#0"},
				"east": {"uv": [5.875, 7.5, 6.0625, 7.8125], "texture": "#0"},
				"south": {"uv": [3.3125, 7.25, 3, 7.5625], "texture": "#0"},
				"west": {"uv": [7.5, 6.25, 7.6875, 6.5625], "texture": "#0"},
				"up": {"uv": [7.8125, 6.8125, 7.5, 6.625], "texture": "#0"},
				"down": {"uv": [7.8125, 6.875, 7.5, 7.0625], "texture": "#0"}
			}
		},
		{
			"from": [19.28608, -1.7798, 7.325],
			"to": [21.33608, 0.1452, 8.925],
			"rotation": {"angle": -22.5, "axis": "z", "origin": [20.31108, -1.0048, 8.125]},
			"faces": {
				"north": {"uv": [7.375, 7.375, 7.625, 7.625], "texture": "#0"},
				"east": {"uv": [3, 7.625, 3.1875, 7.875], "texture": "#0"},
				"south": {"uv": [7.625, 7.375, 7.375, 7.625], "texture": "#0"},
				"west": {"uv": [4.875, 7.625, 5.0625, 7.875], "texture": "#0"},
				"up": {"uv": [6.75, 7.8125, 6.5, 7.625], "texture": "#0"},
				"down": {"uv": [7, 7.625, 6.75, 7.8125], "texture": "#0"}
			}
		},
		{
			"from": [18.8811, -2.75637, 7.375],
			"to": [20.4811, -1.10637, 8.875],
			"rotation": {"angle": -45, "axis": "z", "origin": [19.5561, -2.06887, 8.125]},
			"faces": {
				"north": {"uv": [0.75, 7.75, 0.9375, 7.9375], "texture": "#0"},
				"east": {"uv": [1, 7.75, 1.1875, 7.9375], "texture": "#0"},
				"south": {"uv": [0.9375, 7.75, 0.75, 7.9375], "texture": "#0"},
				"west": {"uv": [4, 7.75, 4.1875, 7.9375], "texture": "#0"},
				"up": {"uv": [4.4375, 7.9375, 4.25, 7.75], "texture": "#0"},
				"down": {"uv": [4.6875, 7.75, 4.5, 7.9375], "texture": "#0"}
			}
		},
		{
			"from": [18.15569, -3.48569, 7.45],
			"to": [19.48069, -2.16069, 8.8],
			"rotation": {"angle": 22.5, "axis": "z", "origin": [18.65569, -2.78569, 8.125]},
			"faces": {
				"north": {"uv": [5.5, 7.75, 5.6875, 7.9375], "texture": "#0"},
				"east": {"uv": [7.75, 6, 7.9375, 6.1875], "texture": "#0"},
				"south": {"uv": [5.6875, 7.75, 5.5, 7.9375], "texture": "#0"},
				"west": {"uv": [7.75, 6.25, 7.9375, 6.4375], "texture": "#0"},
				"up": {"uv": [7.9375, 7.3125, 7.75, 7.125], "texture": "#0"},
				"down": {"uv": [1.4375, 7.875, 1.25, 8.0625], "texture": "#0"}
			}
		},
		{
			"from": [17.29207, -3.82402, 7.525],
			"to": [18.61707, -2.84902, 8.725],
			"rotation": {"angle": 45, "axis": "z", "origin": [17.95457, -3.33652, 8.125]},
			"faces": {
				"north": {"uv": [2.5, 7.875, 2.6875, 8], "texture": "#0"},
				"east": {"uv": [6.625, 7.875, 6.75, 8], "texture": "#0"},
				"south": {"uv": [2.6875, 7.875, 2.5, 8], "texture": "#0"},
				"west": {"uv": [7.875, 6.625, 8, 6.75], "texture": "#0"},
				"up": {"uv": [3.1875, 8, 3, 7.875], "texture": "#0"},
				"down": {"uv": [3.6875, 7.875, 3.5, 8], "texture": "#0"}
			}
		},
		{
			"from": [16.92576, -4.59639, 7.6],
			"to": [17.70076, -3.59639, 8.625],
			"rotation": {"angle": -22.5, "axis": "z", "origin": [17.33826, -4.25889, 8.125]},
			"faces": {
				"north": {"uv": [6.75, 7.875, 6.875, 8], "texture": "#0"},
				"east": {"uv": [7.875, 6.75, 8, 6.875], "texture": "#0"},
				"south": {"uv": [6.875, 7.875, 6.75, 8], "texture": "#0"},
				"west": {"uv": [7.875, 6.875, 8, 7], "texture": "#0"},
				"up": {"uv": [8, 7.125, 7.875, 7], "texture": "#0"},
				"down": {"uv": [7.5, 7.875, 7.375, 8], "texture": "#0"}
			}
		},
		{
			"from": [16.97151, -5.25998, 7.625],
			"to": [17.47151, -4.25998, 8.6],
			"rotation": {"angle": 0, "axis": "y", "origin": [17.22151, -4.75998, 8.125]},
			"faces": {
				"north": {"uv": [7.875, 7.75, 7.9375, 7.875], "texture": "#0"},
				"east": {"uv": [7.875, 7.375, 8, 7.5], "texture": "#0"},
				"south": {"uv": [7.875, 7.875, 7.9375, 8], "texture": "#0"},
				"west": {"uv": [7.5, 7.875, 7.625, 8], "texture": "#0"},
				"up": {"uv": [0.0625, 8.125, 0, 8], "texture": "#0"},
				"down": {"uv": [0.1875, 8, 0.125, 8.125], "texture": "#0"}
			}
		},
		{
			"from": [18.96054, 10.61107, 7.175],
			"to": [21.81054, 14.21107, 9.075],
			"rotation": {"angle": 22.5, "axis": "z", "origin": [20.38554, 12.61107, 8.125]},
			"faces": {
				"north": {"uv": [5.75, 6, 6.125, 6.4375], "texture": "#0"},
				"east": {"uv": [5.75, 6.75, 6, 7.1875], "texture": "#0"},
				"south": {"uv": [6.125, 6, 5.75, 6.4375], "texture": "#0"},
				"west": {"uv": [6, 6.75, 6.25, 7.1875], "texture": "#0"},
				"up": {"uv": [6.125, 7.5, 5.75, 7.25], "texture": "#0"},
				"down": {"uv": [1.875, 7.375, 1.5, 7.625], "texture": "#0"}
			}
		},
		{
			"from": [17.38435, 13.09976, 7.2],
			"to": [20.23435, 15.62476, 9.05],
			"rotation": {"angle": 45, "axis": "z", "origin": [18.80935, 14.89976, 8.125]},
			"faces": {
				"north": {"uv": [4.5, 6.5, 4.875, 6.8125], "texture": "#0"},
				"east": {"uv": [2.25, 7.375, 2.5, 7.6875], "texture": "#0"},
				"south": {"uv": [4.875, 6.5, 4.5, 6.8125], "texture": "#0"},
				"west": {"uv": [6.125, 7.375, 6.375, 7.6875], "texture": "#0"},
				"up": {"uv": [2.25, 7.625, 1.875, 7.375], "texture": "#0"},
				"down": {"uv": [7.75, 6, 7.375, 6.25], "texture": "#0"}
			}
		},
		{
			"from": [15.43163, 14.54824, 7.225],
			"to": [19.03163, 16.74824, 9.025],
			"rotation": {"angle": -22.5, "axis": "z", "origin": [17.23163, 15.64824, 8.125]},
			"faces": {
				"north": {"uv": [6.5, 6.75, 6.9375, 7], "texture": "#0"},
				"east": {"uv": [6.5, 7.375, 6.75, 7.625], "texture": "#0"},
				"south": {"uv": [6.9375, 6.75, 6.5, 7], "texture": "#0"},
				"west": {"uv": [6.75, 7.375, 7, 7.625], "texture": "#0"},
				"up": {"uv": [3.4375, 7.25, 3, 7], "texture": "#0"},
				"down": {"uv": [5.4375, 7, 5, 7.25], "texture": "#0"}
			}
		},
		{
			"from": [14.42653, 15.81527, 7.25],
			"to": [16.02653, 17.86527, 9],
			"rotation": {"angle": 45, "axis": "z", "origin": [15.22653, 16.84027, 8.125]},
			"faces": {
				"north": {"uv": [7.5, 7.125, 7.6875, 7.375], "texture": "#0"},
				"east": {"uv": [1.5, 7.625, 1.6875, 7.875], "texture": "#0"},
				"south": {"uv": [7.6875, 7.125, 7.5, 7.375], "texture": "#0"},
				"west": {"uv": [2, 7.625, 2.1875, 7.875], "texture": "#0"},
				"up": {"uv": [0.4375, 7.9375, 0.25, 7.75], "texture": "#0"},
				"down": {"uv": [0.6875, 7.75, 0.5, 7.9375], "texture": "#0"}
			}
		},
		{
			"from": [14.03606, 16.99937, 7.275],
			"to": [15.23606, 18.87437, 8.975],
			"rotation": {"angle": 0, "axis": "y", "origin": [14.66106, 18.02437, 8.125]},
			"faces": {
				"north": {"uv": [3.25, 7.625, 3.375, 7.875], "texture": "#0"},
				"east": {"uv": [2.5, 7.625, 2.6875, 7.875], "texture": "#0"},
				"south": {"uv": [3.375, 7.625, 3.25, 7.875], "texture": "#0"},
				"west": {"uv": [2.75, 7.625, 2.9375, 7.875], "texture": "#0"},
				"up": {"uv": [4.875, 7.9375, 4.75, 7.75], "texture": "#0"},
				"down": {"uv": [5.875, 7.75, 5.75, 7.9375], "texture": "#0"}
			}
		},
		{
			"from": [14.38606, 18.44937, 7.35],
			"to": [15.58606, 19.54937, 8.9],
			"rotation": {"angle": -22.5, "axis": "z", "origin": [14.98606, 19.38687, 8.125]},
			"faces": {
				"north": {"uv": [3.25, 7.875, 3.375, 8], "texture": "#0"},
				"east": {"uv": [1.5, 7.875, 1.6875, 8], "texture": "#0"},
				"south": {"uv": [3.875, 7.875, 4, 8], "texture": "#0"},
				"west": {"uv": [1.75, 7.875, 1.9375, 8], "texture": "#0"},
				"up": {"uv": [2.125, 8.0625, 2, 7.875], "texture": "#0"},
				"down": {"uv": [2.25, 7.875, 2.125, 8.0625], "texture": "#0"}
			}
		},
		{
			"from": [19.66786, 6.54967, 7.025],
			"to": [22.91786, 9.79967, 9.225],
			"rotation": {"angle": 45, "axis": "z", "origin": [21.45536, 7.79967, 8.125]},
			"faces": {
				"north": {"uv": [4.5, 6, 4.9375, 6.4375], "texture": "#0"},
				"east": {"uv": [5.25, 6.5, 5.5, 6.9375], "texture": "#0"},
				"south": {"uv": [4.9375, 6, 4.5, 6.4375], "texture": "#0"},
				"west": {"uv": [6.25, 6.5, 6.5, 6.9375], "texture": "#0"},
				"up": {"uv": [6.9375, 6.5, 6.5, 6.75], "texture": "#0"},
				"down": {"uv": [6.9375, 6.5, 6.5, 6.75], "texture": "#0"}
			}
		},
		{
			"from": [20.16786, 7.04967, 6.775],
			"to": [22.41786, 9.29967, 9.475],
			"rotation": {"angle": 45, "axis": "z", "origin": [21.45536, 7.79967, 8.125]},
			"faces": {
				"north": {"uv": [7, 6.375, 7.3125, 6.6875], "texture": "#0"},
				"east": {"uv": [6.625, 7, 6.9375, 7.3125], "texture": "#0"},
				"south": {"uv": [7.3125, 6.375, 7, 6.6875], "texture": "#0"},
				"west": {"uv": [3.5, 7.125, 3.8125, 7.4375], "texture": "#0"},
				"up": {"uv": [4.8125, 7.4375, 4.5, 7.125], "texture": "#0"},
				"down": {"uv": [7.3125, 7.125, 7, 7.4375], "texture": "#0"}
			}
		},
		{
			"from": [19.29286, 1.19967, 7.275],
			"to": [21.79286, 3.69967, 8.975],
			"rotation": {"angle": 45, "axis": "z", "origin": [21.08036, 2.44967, 8.125]},
			"faces": {
				"north": {"uv": [7, 6, 7.3125, 6.3125], "texture": "#0"},
				"east": {"uv": [1.25, 7.5, 1.4375, 7.8125], "texture": "#0"},
				"south": {"uv": [7.3125, 6, 7, 6.3125], "texture": "#0"},
				"west": {"uv": [3.5, 7.5, 3.6875, 7.8125], "texture": "#0"},
				"up": {"uv": [4.8125, 7.6875, 4.5, 7.5], "texture": "#0"},
				"down": {"uv": [5.8125, 7.5, 5.5, 7.6875], "texture": "#0"}
			}
		},
		{
			"from": [19.79286, 1.69967, 7.025],
			"to": [21.29286, 3.19967, 9.225],
			"rotation": {"angle": 45, "axis": "z", "origin": [21.08036, 2.44967, 8.125]},
			"faces": {
				"north": {"uv": [8.0625, 6.125, 8.25, 6.3125], "texture": "#0"},
				"east": {"uv": [8.0625, 6.125, 8.21875, 6.28125], "texture": "#0"},
				"south": {"uv": [8.0625, 6.125, 8.21875, 6.28125], "texture": "#0"},
				"west": {"uv": [8.25, 6.5625, 8.0625, 6.375], "texture": "#0"},
				"up": {"uv": [8.0625, 6.375, 8.25, 6.5625], "texture": "#0"},
				"down": {"uv": [8.0625, 6.5625, 8.25, 6.375], "texture": "#0"}
			}
		},
		{
			"from": [14.06943, -13.425, 7.725],
			"to": [15.16943, -8.12888, 8.525],
			"rotation": {"angle": -22.5, "axis": "z", "origin": [14.61943, -13.0179, 8.125]},
			"faces": {
				"north": {"uv": [3.875, 7.125, 4, 7.8125], "texture": "#0"},
				"east": {"uv": [3.375, 7.25, 3.5, 7.9375], "texture": "#0"},
				"south": {"uv": [5.25, 7.25, 5.375, 7.9375], "texture": "#0"},
				"west": {"uv": [5.375, 7.25, 5.5, 7.9375], "texture": "#0"},
				"up": {"uv": [5, 7.25, 4.875, 7.125], "texture": "#0"},
				"down": {"uv": [6.25, 7.25, 6.125, 7.375], "texture": "#0"}
			}
		},
		{
			"from": [17.87181, -8.925, 7.575],
			"to": [19.37181, 2.64471, 8.675],
			"rotation": {"angle": -22.5, "axis": "z", "origin": [18.62181, -3.35529, 8.125]},
			"faces": {
				"north": {"uv": [1, 6, 1.1875, 7.4375], "texture": "#0"},
				"east": {"uv": [5.5, 6, 5.625, 7.4375], "texture": "#0"},
				"south": {"uv": [1.1875, 6, 1, 7.4375], "texture": "#0"},
				"west": {"uv": [5.625, 6, 5.5, 7.4375], "texture": "#0"},
				"up": {"uv": [5.0625, 8, 4.875, 7.875], "texture": "#0"},
				"down": {"uv": [6.0625, 7.875, 5.875, 8], "texture": "#0"}
			}
		},
		{
			"from": [18.725, -6.725, 7.65],
			"to": [20.225, 2.475, 8.6],
			"rotation": {"angle": 0, "axis": "y", "origin": [18.725, -9.525, 7]},
			"faces": {
				"north": {"uv": [3.5, 6, 3.6875, 7.125], "texture": "#0"},
				"east": {"uv": [2.5, 6.5, 2.625, 7.625], "texture": "#0"},
				"south": {"uv": [3.5, 6, 3.6875, 7.125], "texture": "#0"},
				"west": {"uv": [2.5, 6.5, 2.625, 7.625], "texture": "#0"},
				"up": {"uv": [5.1875, 7, 5, 6.875], "texture": "#0"},
				"down": {"uv": [7.9375, 6.5, 7.75, 6.625], "texture": "#0"}
			}
		},
		{
			"from": [18.925, -10.025, 7.7],
			"to": [20.025, -6.75, 8.55],
			"rotation": {"angle": 0, "axis": "y", "origin": [18.725, -18.8, 7]},
			"faces": {
				"north": {"uv": [3.75, 7.5, 3.875, 7.9375], "texture": "#0"},
				"east": {"uv": [7, 7.5, 7.125, 7.9375], "texture": "#0"},
				"south": {"uv": [7.125, 7.5, 7.25, 7.9375], "texture": "#0"},
				"west": {"uv": [7.25, 7.5, 7.375, 7.9375], "texture": "#0"},
				"up": {"uv": [8, 7.625, 7.875, 7.5], "texture": "#0"},
				"down": {"uv": [7.75, 7.875, 7.625, 8], "texture": "#0"}
			}
		}
	],
	"display": {
		"thirdperson_righthand": {
			"rotation": [133.89, 85.57, -108.7],
			"translation": [0, -3.75, 12.75]
		},
		"thirdperson_lefthand": {
			"rotation": [-111.11, 3.98, -143.88],
			"translation": [-10, -6, 12.75],
			"scale": [1.5, 1.5, 1.5]
		},
		"firstperson_righthand": {
			"rotation": [-157, 77.99, 171.22],
			"translation": [8.5, 2, -1.75],
			"scale": [1.21, 1.21, 1.21]
		},
		"firstperson_lefthand": {
			"translation": [8.25, 0, 0],
			"scale": [0, 0, 0]
		},
		"ground": {
			"translation": [-1, 41.25, 0],
			"scale": [1.29, 1.29, 1.29]
		},
		"gui": {
			"rotation": [-175.91, 2.79, 142.39],
			"translation": [1.25, 0.25, 0.5],
			"scale": [0.28, 0.25, 0.44]
		},
		"head": {
			"rotation": [-0.08, 0.19, 23.81],
			"translation": [-3.5, 31, 0]
		},
		"fixed": {
			"rotation": [1.33, -3.4, -28.41],
			"translation": [-2.5, 5.75, -6],
			"scale": [1.83992, 1.83992, 1.83992]
		}
	},
	"groups": [
		{
			"name": "group",
			"origin": [8.975, 29.67939, 7.99372],
			"color": 7,
			"children": []
		},
		0,
		1,
		2,
		3,
		4,
		5,
		6,
		7,
		8,
		9,
		10,
		11,
		12,
		13,
		14,
		15,
		16,
		17,
		18,
		19,
		20,
		21,
		22,
		23,
		24,
		25,
		26
	]
}