{
	"credit": "Made with Blockbench",
	"texture_size": [128, 128],
	"textures": {
		"0": "items/kang_commisson_sword5",
		"particle": "items/kang_commisson_sword5"
	},
	"elements": [
		{
			"from": [8.575, 7.65, 6.125],
			"to": [9.425, 25.5, 9.875],
			"rotation": {"angle": 0, "axis": "y", "origin": [8, 17.5, 7]},
			"faces": {
				"north": {"uv": [3.125, 4.25, 3.25, 6.5], "texture": "#0"},
				"east": {"uv": [2.5, 0, 3, 2.25], "texture": "#0"},
				"south": {"uv": [3.375, 4.25, 3.5, 6.5], "texture": "#0"},
				"west": {"uv": [3, 0, 2.5, 2.25], "texture": "#0"},
				"up": {"uv": [5.875, 3.875, 5.75, 3.375], "texture": "#0"},
				"down": {"uv": [4.875, 5.75, 4.75, 6.25], "texture": "#0"}
			}
		},
		{
			"from": [8.3, 4.325, 5.81313],
			"to": [9.7, 8.575, 10.06313],
			"rotation": {"angle": -45, "axis": "x", "origin": [9, 6.5375, 7.93813]},
			"faces": {
				"north": {"uv": [5, 3, 5.1875, 3.5625], "texture": "#0"},
				"east": {"uv": [4.25, 0, 4.8125, 0.5625], "texture": "#0"},
				"south": {"uv": [4.75, 5, 4.9375, 5.5625], "texture": "#0"},
				"west": {"uv": [4.8125, 0, 4.25, 0.5625], "texture": "#0"},
				"up": {"uv": [4.3125, 5.6875, 4.125, 5.125], "texture": "#0"},
				"down": {"uv": [5.3125, 5, 5.125, 5.5625], "texture": "#0"}
			}
		},
		{
			"from": [7.9, 5.075, 6.56313],
			"to": [10.1, 7.825, 9.31313],
			"rotation": {"angle": -45, "axis": "x", "origin": [9, 6.5375, 7.93813]},
			"faces": {
				"north": {"uv": [5.375, 0, 5.625, 0.375], "texture": "#0"},
				"east": {"uv": [4.875, 1.5, 5.25, 1.875], "texture": "#0"},
				"south": {"uv": [0.5, 5.375, 0.75, 5.75], "texture": "#0"},
				"west": {"uv": [5.25, 1.5, 4.875, 1.875], "texture": "#0"},
				"up": {"uv": [5.625, 0.875, 5.375, 0.5], "texture": "#0"},
				"down": {"uv": [1.125, 5.375, 0.875, 5.75], "texture": "#0"}
			}
		},
		{
			"from": [8.4, 11.10063, 7.125],
			"to": [9.6, 12.85063, 8.875],
			"rotation": {"angle": -45, "axis": "x", "origin": [9, 11.97563, 8]},
			"faces": {
				"north": {"uv": [6.75, 0, 6.875, 0.25], "texture": "#0"},
				"east": {"uv": [6, 1, 6.25, 1.25], "texture": "#0"},
				"south": {"uv": [6.75, 0.375, 6.875, 0.625], "texture": "#0"},
				"west": {"uv": [6.25, 1, 6, 1.25], "texture": "#0"},
				"up": {"uv": [6.875, 1, 6.75, 0.75], "texture": "#0"},
				"down": {"uv": [6.875, 1.125, 6.75, 1.375], "texture": "#0"}
			}
		},
		{
			"from": [8.4, 14.35063, 7.375],
			"to": [9.6, 15.60063, 8.625],
			"rotation": {"angle": -45, "axis": "x", "origin": [9, 14.97563, 8]},
			"faces": {
				"north": {"uv": [0.5, 6.875, 0.625, 7.0625], "texture": "#0"},
				"east": {"uv": [6.5, 3.75, 6.6875, 3.9375], "texture": "#0"},
				"south": {"uv": [1.875, 6.875, 2, 7.0625], "texture": "#0"},
				"west": {"uv": [6.6875, 3.75, 6.5, 3.9375], "texture": "#0"},
				"up": {"uv": [7, 2.6875, 6.875, 2.5], "texture": "#0"},
				"down": {"uv": [2.875, 6.875, 2.75, 7.0625], "texture": "#0"}
			}
		},
		{
			"from": [8.4, 16.85063, 7.625],
			"to": [9.6, 17.60063, 8.375],
			"rotation": {"angle": -45, "axis": "x", "origin": [9, 17.22563, 8]},
			"faces": {
				"north": {"uv": [4, 6.875, 4.125, 7], "texture": "#0"},
				"east": {"uv": [6.875, 4.5, 7, 4.625], "texture": "#0"},
				"south": {"uv": [6.875, 5.625, 7, 5.75], "texture": "#0"},
				"west": {"uv": [7, 4.5, 6.875, 4.625], "texture": "#0"},
				"up": {"uv": [7.125, 0.125, 7, 0], "texture": "#0"},
				"down": {"uv": [7.125, 0.25, 7, 0.375], "texture": "#0"}
			}
		},
		{
			"from": [8.375, 2.975, 6.28813],
			"to": [9.625, 6.275, 9.58813],
			"rotation": {"angle": -45, "axis": "x", "origin": [9, 4.7125, 7.93813]},
			"faces": {
				"north": {"uv": [5.375, 2.5, 5.5625, 2.9375], "texture": "#0"},
				"east": {"uv": [0, 4.75, 0.4375, 5.1875], "texture": "#0"},
				"south": {"uv": [5.375, 3.125, 5.5625, 3.5625], "texture": "#0"},
				"west": {"uv": [0.4375, 4.75, 0, 5.1875], "texture": "#0"},
				"up": {"uv": [3.8125, 5.8125, 3.625, 5.375], "texture": "#0"},
				"down": {"uv": [2.5625, 5.5, 2.375, 5.9375], "texture": "#0"}
			}
		},
		{
			"from": [8.375, -6.675, 6.28813],
			"to": [9.625, -3.375, 9.58813],
			"rotation": {"angle": -45, "axis": "x", "origin": [9, -4.9375, 7.93813]},
			"faces": {
				"north": {"uv": [2.75, 5.5, 2.9375, 5.9375], "texture": "#0"},
				"east": {"uv": [1.25, 4.75, 1.6875, 5.1875], "texture": "#0"},
				"south": {"uv": [5.625, 1, 5.8125, 1.4375], "texture": "#0"},
				"west": {"uv": [1.6875, 4.75, 1.25, 5.1875], "texture": "#0"},
				"up": {"uv": [5.6875, 6.0625, 5.5, 5.625], "texture": "#0"},
				"down": {"uv": [2.75, 5.5, 2.9375, 5.9375], "texture": "#0"}
			}
		},
		{
			"from": [9, -13.42437, 3.8],
			"to": [9, -5.12437, 12.2],
			"rotation": {"angle": 0, "axis": "y", "origin": [9, -6.77437, 8]},
			"faces": {
				"north": {"uv": [3.25, 7, 3.25, 7.8125], "texture": "#0"},
				"east": {"uv": [7, 8.375, 8.75, 9.5625], "texture": "#0"},
				"south": {"uv": [3.375, 7, 3.375, 7.8125], "texture": "#0"},
				"west": {"uv": [8.75, 8.375, 7, 9.5625], "texture": "#0"},
				"up": {"uv": [4.25, 8.0625, 4.25, 7], "texture": "#0"},
				"down": {"uv": [4.375, 7, 4.375, 8.0625], "texture": "#0"}
			}
		},
		{
			"from": [8.45, -1.14937, 6.775],
			"to": [9.55, 4.15063, 9.225],
			"rotation": {"angle": 0, "axis": "y", "origin": [9, 2.50063, 8]},
			"faces": {
				"north": {"uv": [4.5, 5.125, 4.625, 5.8125], "texture": "#0"},
				"east": {"uv": [4.25, 4.25, 4.5625, 4.9375], "texture": "#0"},
				"south": {"uv": [5.375, 1, 5.5, 1.6875], "texture": "#0"},
				"west": {"uv": [4.5625, 4.25, 4.25, 4.9375], "texture": "#0"},
				"up": {"uv": [6.625, 0.6875, 6.5, 0.375], "texture": "#0"},
				"down": {"uv": [1.75, 6.5, 1.625, 6.8125], "texture": "#0"}
			}
		},
		{
			"from": [8.1, -2.74937, 6.175],
			"to": [9.9, -1.14937, 9.825],
			"rotation": {"angle": 0, "axis": "y", "origin": [9, -2.79937, 8]},
			"faces": {
				"north": {"uv": [6.375, 6.375, 6.625, 6.5625], "texture": "#0"},
				"east": {"uv": [5.5, 4.875, 5.9375, 5.0625], "texture": "#0"},
				"south": {"uv": [0.375, 6.5, 0.625, 6.6875], "texture": "#0"},
				"west": {"uv": [5.5, 5.25, 5.9375, 5.4375], "texture": "#0"},
				"up": {"uv": [5.25, 0.4375, 5, 0], "texture": "#0"},
				"down": {"uv": [5.25, 0.625, 5, 1.0625], "texture": "#0"}
			}
		},
		{
			"from": [7.85, -3.74937, 5.8],
			"to": [10.15, -2.14937, 10.2],
			"rotation": {"angle": 0, "axis": "y", "origin": [9, -3.79937, 8]},
			"faces": {
				"north": {"uv": [6, 3.375, 6.3125, 3.5625], "texture": "#0"},
				"east": {"uv": [5, 3.75, 5.5625, 3.9375], "texture": "#0"},
				"south": {"uv": [6.3125, 3.375, 6, 3.5625], "texture": "#0"},
				"west": {"uv": [5.5625, 3.75, 5, 3.9375], "texture": "#0"},
				"up": {"uv": [2.8125, 5.3125, 2.5, 4.75], "texture": "#0"},
				"down": {"uv": [5.0625, 4.25, 4.75, 4.8125], "texture": "#0"}
			}
		},
		{
			"from": [8.3, 7.43272, 3.05541],
			"to": [9.7, 10.33272, 5.80541],
			"rotation": {"angle": -45, "axis": "x", "origin": [9, 9.29522, 5.18041]},
			"faces": {
				"north": {"uv": [5.75, 0, 5.9375, 0.375], "texture": "#0"},
				"east": {"uv": [4.875, 2.5, 5.1875, 2.875], "texture": "#0"},
				"south": {"uv": [5.75, 0.5, 5.9375, 0.875], "texture": "#0"},
				"west": {"uv": [3.625, 4.875, 3.9375, 5.25], "texture": "#0"},
				"up": {"uv": [1.8125, 6.3125, 1.625, 6], "texture": "#0"},
				"down": {"uv": [2.1875, 6, 2, 6.3125], "texture": "#0"}
			}
		},
		{
			"from": [8.35, 9.00534, 1.57292],
			"to": [9.65, 11.13034, 4.47292],
			"rotation": {"angle": 22.5, "axis": "x", "origin": [9, 9.75534, 3.02292]},
			"faces": {
				"north": {"uv": [4.625, 6.375, 4.8125, 6.625], "texture": "#0"},
				"east": {"uv": [5.25, 4.5, 5.625, 4.75], "texture": "#0"},
				"south": {"uv": [5, 6.375, 5.1875, 6.625], "texture": "#0"},
				"west": {"uv": [5.625, 4.5, 5.25, 4.75], "texture": "#0"},
				"up": {"uv": [5.9375, 2, 5.75, 1.625], "texture": "#0"},
				"down": {"uv": [5.9375, 2.125, 5.75, 2.5], "texture": "#0"}
			}
		},
		{
			"from": [8.45, 9.93056, -0.69052],
			"to": [9.55, 11.58056, 2.20948],
			"rotation": {"angle": 0, "axis": "y", "origin": [9, 10.51806, 0.75948]},
			"faces": {
				"north": {"uv": [6.75, 6.75, 6.875, 6.9375], "texture": "#0"},
				"east": {"uv": [5.75, 2.625, 6.125, 2.8125], "texture": "#0"},
				"south": {"uv": [0.25, 6.875, 0.375, 7.0625], "texture": "#0"},
				"west": {"uv": [6.125, 2.625, 5.75, 2.8125], "texture": "#0"},
				"up": {"uv": [3, 6.5, 2.875, 6.125], "texture": "#0"},
				"down": {"uv": [6.25, 6.375, 6.125, 6.75], "texture": "#0"}
			}
		},
		{
			"from": [8.5, 10.71423, -1.70746],
			"to": [9.5, 11.86423, 0.31754],
			"rotation": {"angle": 45, "axis": "x", "origin": [9, 11.53923, -1.13246]},
			"faces": {
				"north": {"uv": [3.5, 6.875, 3.625, 7], "texture": "#0"},
				"east": {"uv": [3.5, 6.625, 3.75, 6.75], "texture": "#0"},
				"south": {"uv": [6.875, 3.625, 7, 3.75], "texture": "#0"},
				"west": {"uv": [3.75, 6.625, 3.5, 6.75], "texture": "#0"},
				"up": {"uv": [4.375, 6.875, 4.25, 6.625], "texture": "#0"},
				"down": {"uv": [5.5, 6.625, 5.375, 6.875], "texture": "#0"}
			}
		},
		{
			"from": [8.7, 11.47212, -2.72107],
			"to": [9.45, 13.37212, -1.94607],
			"rotation": {"angle": -22.5, "axis": "x", "origin": [9.075, 12.92212, -2.14607]},
			"faces": {
				"north": {"uv": [5.625, 6.625, 5.75, 6.875], "texture": "#0"},
				"east": {"uv": [6.625, 5.625, 6.75, 5.875], "texture": "#0"},
				"south": {"uv": [5.875, 6.625, 6, 6.875], "texture": "#0"},
				"west": {"uv": [6.75, 5.625, 6.625, 5.875], "texture": "#0"},
				"up": {"uv": [3.875, 7, 3.75, 6.875], "texture": "#0"},
				"down": {"uv": [7, 3.875, 6.875, 4], "texture": "#0"}
			}
		},
		{
			"from": [8.3, 7.43272, 10.94459],
			"to": [9.7, 9.33272, 12.94459],
			"rotation": {"angle": 45, "axis": "x", "origin": [9, 9.29522, 10.81959]},
			"faces": {
				"north": {"uv": [5.5, 6.25, 5.6875, 6.5], "texture": "#0"},
				"east": {"uv": [4, 5.875, 4.25, 6.125], "texture": "#0"},
				"south": {"uv": [6.25, 5.625, 6.4375, 5.875], "texture": "#0"},
				"west": {"uv": [5.875, 5.625, 6.125, 5.875], "texture": "#0"},
				"up": {"uv": [0.1875, 6.625, 0, 6.375], "texture": "#0"},
				"down": {"uv": [6.5625, 0, 6.375, 0.25], "texture": "#0"}
			}
		},
		{
			"from": [8.35, 8.32301, 11.24486],
			"to": [9.65, 9.67301, 13.14486],
			"rotation": {"angle": -22.5, "axis": "x", "origin": [9, 8.67301, 12.19486]},
			"faces": {
				"north": {"uv": [1.875, 6.5, 2.0625, 6.6875], "texture": "#0"},
				"east": {"uv": [6.375, 1, 6.625, 1.1875], "texture": "#0"},
				"south": {"uv": [6.5, 3.375, 6.6875, 3.5625], "texture": "#0"},
				"west": {"uv": [1.25, 6.375, 1.5, 6.5625], "texture": "#0"},
				"up": {"uv": [6.5625, 1.625, 6.375, 1.375], "texture": "#0"},
				"down": {"uv": [6.5625, 1.75, 6.375, 2], "texture": "#0"}
			}
		},
		{
			"from": [8.375, 8.79828, 12.35924],
			"to": [9.625, 9.64828, 14.25924],
			"rotation": {"angle": 22.5, "axis": "x", "origin": [9, 8.97328, 13.30924]},
			"faces": {
				"north": {"uv": [6.375, 6.75, 6.5625, 6.875], "texture": "#0"},
				"east": {"uv": [5, 1.25, 5.25, 1.375], "texture": "#0"},
				"south": {"uv": [6.75, 6.5, 6.9375, 6.625], "texture": "#0"},
				"west": {"uv": [5.25, 1.25, 5, 1.375], "texture": "#0"},
				"up": {"uv": [6.5625, 2.375, 6.375, 2.125], "texture": "#0"},
				"down": {"uv": [6.5625, 4.125, 6.375, 4.375], "texture": "#0"}
			}
		},
		{
			"from": [8.525, 8.34456, 14.12591],
			"to": [9.475, 8.79456, 16.02591],
			"rotation": {"angle": 22.5, "axis": "x", "origin": [9, 8.56956, 15.07591]},
			"faces": {
				"north": {"uv": [7, 0.5, 7.125, 0.5625], "texture": "#0"},
				"east": {"uv": [6.875, 3.125, 7.125, 3.1875], "texture": "#0"},
				"south": {"uv": [0.75, 7, 0.875, 7.0625], "texture": "#0"},
				"west": {"uv": [6.875, 3.375, 7.125, 3.4375], "texture": "#0"},
				"up": {"uv": [6.75, 3.125, 6.625, 2.875], "texture": "#0"},
				"down": {"uv": [3.375, 6.625, 3.25, 6.875], "texture": "#0"}
			}
		},
		{
			"from": [9, -7.56779, -11.68263],
			"to": [9, 9.83221, 7.26737],
			"rotation": {"angle": 45, "axis": "x", "origin": [9, 6.88221, 1.89237]},
			"faces": {
				"north": {"uv": [1.5, 6.75, 1.5, 8.9375], "texture": "#0"},
				"east": {"uv": [7.6875, 0, 10.0625, 2.1875], "texture": "#0"},
				"south": {"uv": [5.25, 6.75, 5.25, 8.9375], "texture": "#0"},
				"west": {"uv": [10.0625, 0, 7.6875, 2.1875], "texture": "#0"},
				"up": {"uv": [2.125, 9.25, 2.125, 6.875], "texture": "#0"},
				"down": {"uv": [1, 7, 1, 9.375], "texture": "#0"}
			}
		},
		{
			"from": [9, -0.70795, 9.2522],
			"to": [9, 9.44205, 19.0022],
			"rotation": {"angle": 22.5, "axis": "x", "origin": [9, 5.36705, 13.1272]},
			"faces": {
				"north": {"uv": [1.625, 8, 1.625, 7], "rotation": 180, "texture": "#0"},
				"east": {"uv": [7.875, 4.625, 9.5, 6.3125], "rotation": 90, "texture": "#0"},
				"south": {"uv": [1.75, 7, 1.75, 8], "texture": "#0"},
				"west": {"uv": [9.5, 4.625, 7.875, 6.3125], "rotation": 270, "texture": "#0"},
				"up": {"uv": [1.125, 7, 1.125, 7.9375], "texture": "#0"},
				"down": {"uv": [7, 0.75, 7, 1.6875], "rotation": 180, "texture": "#0"}
			}
		},
		{
			"from": [8.525, 23.75, 6],
			"to": [9.475, 27.75, 10],
			"rotation": {"angle": 45, "axis": "x", "origin": [9, 25.75, 8]},
			"faces": {
				"north": {"uv": [5, 5.75, 5.125, 6.25], "texture": "#0"},
				"east": {"uv": [4.25, 1.5, 4.75, 2], "texture": "#0"},
				"south": {"uv": [5.25, 5.75, 5.375, 6.25], "texture": "#0"},
				"west": {"uv": [4.75, 1.5, 4.25, 2], "texture": "#0"},
				"up": {"uv": [0.5, 6.375, 0.375, 5.875], "texture": "#0"},
				"down": {"uv": [0.75, 5.875, 0.625, 6.375], "texture": "#0"}
			}
		},
		{
			"from": [8.55, 26.25, 6.25],
			"to": [9.45, 29.75, 9.75],
			"rotation": {"angle": 45, "axis": "x", "origin": [9, 28, 8]},
			"faces": {
				"north": {"uv": [3.625, 6, 3.75, 6.4375], "texture": "#0"},
				"east": {"uv": [4.375, 3, 4.8125, 3.4375], "texture": "#0"},
				"south": {"uv": [4.375, 6, 4.5, 6.4375], "texture": "#0"},
				"west": {"uv": [4.8125, 3, 4.375, 3.4375], "texture": "#0"},
				"up": {"uv": [6, 6.4375, 5.875, 6], "texture": "#0"},
				"down": {"uv": [6.25, 0, 6.125, 0.4375], "texture": "#0"}
			}
		},
		{
			"from": [8.575, 30.17939, 7.24372],
			"to": [9.375, 31.92939, 8.99372],
			"rotation": {"angle": 45, "axis": "x", "origin": [8.975, 31.17939, 7.99372]},
			"faces": {
				"north": {"uv": [6.5, 4.875, 6.625, 5.125], "texture": "#0"},
				"east": {"uv": [6, 4.125, 6.1875, 4.375], "texture": "#0"},
				"south": {"uv": [6.5, 5.25, 6.625, 5.5], "texture": "#0"},
				"west": {"uv": [6.125, 0.625, 6.3125, 0.875], "texture": "#0"},
				"up": {"uv": [2.625, 6.9375, 2.5, 6.75], "texture": "#0"},
				"down": {"uv": [6.875, 4.125, 6.75, 4.3125], "texture": "#0"}
			}
		},
		{
			"from": [8.575, 27.19709, 6.06161],
			"to": [9.425, 30.44709, 7.56161],
			"rotation": {"angle": 22.5, "axis": "x", "origin": [9, 28.94709, 7.81161]},
			"faces": {
				"north": {"uv": [6.125, 1.375, 6.25, 1.8125], "texture": "#0"},
				"east": {"uv": [1.25, 5.375, 1.4375, 5.8125], "texture": "#0"},
				"south": {"uv": [6.125, 2, 6.25, 2.4375], "texture": "#0"},
				"west": {"uv": [1.625, 5.375, 1.8125, 5.8125], "texture": "#0"},
				"up": {"uv": [1.375, 6.9375, 1.25, 6.75], "texture": "#0"},
				"down": {"uv": [6.875, 1.5, 6.75, 1.6875], "texture": "#0"}
			}
		},
		{
			"from": [8.575, 27.19709, 8.43839],
			"to": [9.425, 30.44709, 9.93839],
			"rotation": {"angle": -22.5, "axis": "x", "origin": [9, 28.94709, 8.18839]},
			"faces": {
				"north": {"uv": [2.375, 6.125, 2.5, 6.5625], "texture": "#0"},
				"east": {"uv": [5.375, 1.875, 5.5625, 2.3125], "texture": "#0"},
				"south": {"uv": [2.625, 6.125, 2.75, 6.5625], "texture": "#0"},
				"west": {"uv": [2, 5.375, 2.1875, 5.8125], "texture": "#0"},
				"up": {"uv": [6.875, 2.0625, 6.75, 1.875], "texture": "#0"},
				"down": {"uv": [2.375, 6.75, 2.25, 6.9375], "texture": "#0"}
			}
		},
		{
			"from": [8.3155, 27.41316, 6.98173],
			"to": [9.7895, 29.45096, 9.01953],
			"rotation": {"angle": 45, "axis": "x", "origin": [9.5525, 28.43206, 8.00063]},
			"faces": {
				"north": {"uv": [0.875, 6.25, 1.0625, 6.5], "texture": "#0"},
				"east": {"uv": [5.75, 4.5, 6, 4.75], "texture": "#0"},
				"south": {"uv": [6.25, 2.625, 6.4375, 2.875], "texture": "#0"},
				"west": {"uv": [6, 4.5, 5.75, 4.75], "texture": "#0"},
				"up": {"uv": [6.4375, 3.25, 6.25, 3], "texture": "#0"},
				"down": {"uv": [4.0625, 6.25, 3.875, 6.5], "texture": "#0"}
			}
		},
		{
			"from": [8.33005, 27.96459, 6.87204],
			"to": [9.77495, 29.85683, 7.74539],
			"rotation": {"angle": 22.5, "axis": "x", "origin": [9.5525, 28.98349, 7.89094]},
			"faces": {
				"north": {"uv": [6.125, 5.25, 6.3125, 5.5], "texture": "#0"},
				"east": {"uv": [1, 6.625, 1.125, 6.875], "texture": "#0"},
				"south": {"uv": [6.125, 6, 6.3125, 6.25], "texture": "#0"},
				"west": {"uv": [1.125, 6.625, 1, 6.875], "texture": "#0"},
				"up": {"uv": [6.9375, 6.125, 6.75, 6], "texture": "#0"},
				"down": {"uv": [6.9375, 6.25, 6.75, 6.375], "texture": "#0"}
			}
		},
		{
			"from": [8.33005, 27.96459, 8.25587],
			"to": [9.77495, 29.85683, 9.12922],
			"rotation": {"angle": -22.5, "axis": "x", "origin": [9.5525, 28.98349, 8.11031]},
			"faces": {
				"north": {"uv": [6.125, 4.5, 6.3125, 4.75], "texture": "#0"},
				"east": {"uv": [6.5, 6, 6.625, 6.25], "texture": "#0"},
				"south": {"uv": [6.125, 4.875, 6.3125, 5.125], "texture": "#0"},
				"west": {"uv": [6.5, 6, 6.625, 6.25], "texture": "#0"},
				"up": {"uv": [6.9375, 5.25, 6.75, 5.125], "texture": "#0"},
				"down": {"uv": [6.9375, 5.375, 6.75, 5.5], "texture": "#0"}
			}
		},
		{
			"from": [8.38005, 29.70096, 7.5603],
			"to": [9.74584, 30.71987, 8.5792],
			"rotation": {"angle": 45, "axis": "x", "origin": [9.53794, 30.28319, 7.99697]},
			"faces": {
				"north": {"uv": [6.75, 2.25, 6.9375, 2.375], "texture": "#0"},
				"east": {"uv": [6.875, 2.875, 7, 3], "texture": "#0"},
				"south": {"uv": [4.5, 6.75, 4.6875, 6.875], "texture": "#0"},
				"west": {"uv": [6.875, 2.875, 7, 3], "texture": "#0"},
				"up": {"uv": [5.0625, 6.875, 4.875, 6.75], "texture": "#0"},
				"down": {"uv": [6.9375, 4.875, 6.75, 5], "texture": "#0"}
			}
		}
	],
	"display": {
		"thirdperson_righthand": {
			"rotation": [-178.01, -1.62, 179.39],
			"translation": [1.25, 5.75, 2.75]
		},
		"thirdperson_lefthand": {
			"rotation": [149.52, 58.01, 99.38],
			"translation": [-5, -7.75, 13.75],
			"scale": [1.37, 1.37, 1.37]
		},
		"firstperson_righthand": {
			"rotation": [-7.35, -4.21, -5.79],
			"translation": [1.75, 2, -2]
		},
		"firstperson_lefthand": {
			"translation": [8.25, 0, 0],
			"scale": [0, 0, 0]
		},
		"ground": {
			"translation": [-1, 32.75, 0],
			"scale": [1.41883, 1.41883, 1.41883]
		},
		"gui": {
			"rotation": [93.6, -51.13, 92.78],
			"translation": [0, -0.75, 0.5],
			"scale": [0.63, 0.4, 0.46]
		},
		"head": {
			"rotation": [93.87, -44.88, 92.72],
			"translation": [0, 24, 0]
		},
		"fixed": {
			"rotation": [-90.37, -44.99, -90.26],
			"translation": [0, 0, -6],
			"scale": [2.35359, 2.35359, 2.35359]
		}
	},
	"groups": [
		0,
		1,
		2,
		3,
		4,
		5,
		6,
		7,
		8,
		9,
		10,
		11,
		12,
		13,
		14,
		15,
		16,
		17,
		18,
		19,
		20,
		21,
		22,
		23,
		24,
		25,
		26,
		27,
		{
			"name": "group",
			"origin": [8.975, 29.67939, 7.99372],
			"color": 7,
			"children": [28, 29, 30, 31]
		}
	]
}