{
	"credit": "Made with Blockbench",
	"texture_size": [32, 32],
	"textures": {
		"0": "items/kang_commission_chain5",
		"particle": "items/kang_commission_chain5"
	},
	"elements": [
		{
			"from": [6.5, 10.5, 7],
			"to": [9.5, 10.5, 11.5],
			"rotation": {"angle": 0, "axis": "y", "origin": [8, 10.5, 8]},
			"faces": {
				"north": {"uv": [0, 11.5, 1.5, 11.5], "texture": "#0"},
				"east": {"uv": [11.5, 0, 13.75, 0], "texture": "#0"},
				"south": {"uv": [11.5, 0.5, 13, 0.5], "texture": "#0"},
				"west": {"uv": [11.5, 1, 13.75, 1], "texture": "#0"},
				"up": {"uv": [5.5, 5.25, 4, 3], "texture": "#0"},
				"down": {"uv": [5.5, 3, 4, 5.25], "texture": "#0"}
			}
		},
		{
			"from": [6.5, 7.501, 7],
			"to": [6.5, 10.501, 11.5],
			"rotation": {"angle": 0, "axis": "y", "origin": [6.5, 9.001, 8]},
			"faces": {
				"north": {"uv": [5.5, 8, 5.5, 9.5], "texture": "#0"},
				"east": {"uv": [0, 5, 2.25, 6.5], "texture": "#0"},
				"south": {"uv": [5.5, 11.5, 5.5, 13], "texture": "#0"},
				"west": {"uv": [2.25, 5, 0, 6.5], "texture": "#0"},
				"up": {"uv": [6, 13.75, 6, 11.5], "texture": "#0"},
				"down": {"uv": [6.5, 11.5, 6.5, 13.75], "texture": "#0"}
			}
		},
		{
			"from": [9.5, 7.501, 7],
			"to": [9.5, 10.501, 11.5],
			"rotation": {"angle": 0, "axis": "y", "origin": [9.5, 9.001, 8]},
			"faces": {
				"north": {"uv": [7, 11.5, 7, 13], "texture": "#0"},
				"east": {"uv": [5.25, 6, 3, 7.5], "texture": "#0"},
				"south": {"uv": [7.5, 11.5, 7.5, 13], "texture": "#0"},
				"west": {"uv": [3, 6, 5.25, 7.5], "texture": "#0"},
				"up": {"uv": [8, 13.75, 8, 11.5], "texture": "#0"},
				"down": {"uv": [8.5, 11.5, 8.5, 13.75], "texture": "#0"}
			}
		},
		{
			"from": [6.5, 7.5, 7],
			"to": [9.5, 7.5, 11.5],
			"rotation": {"angle": 0, "axis": "y", "origin": [8, 7.5, 8]},
			"faces": {
				"north": {"uv": [11.5, 1.5, 13, 1.5], "texture": "#0"},
				"east": {"uv": [11.5, 2, 13.75, 2], "texture": "#0"},
				"south": {"uv": [11.5, 2.5, 13, 2.5], "texture": "#0"},
				"west": {"uv": [9, 11.5, 11.25, 11.5], "texture": "#0"},
				"up": {"uv": [7.5, 6.25, 6, 4], "texture": "#0"},
				"down": {"uv": [7.5, 4, 6, 6.25], "texture": "#0"}
			}
		},
		{
			"from": [6.5, 6.63904, 2.67165],
			"to": [9.5, 6.63904, 7.17165],
			"rotation": {"angle": -22.5, "axis": "x", "origin": [8, 6.63904, 4.92165]},
			"faces": {
				"north": {"uv": [11.5, 10, 13, 10], "texture": "#0"},
				"east": {"uv": [11.5, 10.5, 13.75, 10.5], "texture": "#0"},
				"south": {"uv": [11.5, 11, 13, 11], "texture": "#0"},
				"west": {"uv": [12, 6, 14.25, 6], "texture": "#0"},
				"up": {"uv": [7.5, 9.25, 6, 7], "texture": "#0"},
				"down": {"uv": [7.5, 7, 6, 9.25], "texture": "#0"}
			}
		},
		{
			"from": [7.475, 10.27248, 10.51313],
			"to": [8.975, 10.77248, 12.01313],
			"rotation": {"angle": 0, "axis": "y", "origin": [8, 10.02248, 10.61313]},
			"faces": {
				"north": {"uv": [9.5, 6, 10.25, 6.25], "texture": "#0"},
				"east": {"uv": [9.5, 7, 10.25, 7.25], "texture": "#0"},
				"south": {"uv": [9.5, 8, 10.25, 8.25], "texture": "#0"},
				"west": {"uv": [9.5, 9, 10.25, 9.25], "texture": "#0"},
				"up": {"uv": [9.75, 1.5, 9, 2.25], "texture": "#0"},
				"down": {"uv": [9.75, 2.25, 9, 1.5], "texture": "#0"}
			}
		},
		{
			"from": [7.475, 7.27248, 10.51313],
			"to": [8.975, 7.77248, 12.01313],
			"rotation": {"angle": 0, "axis": "y", "origin": [8, 7.02248, 10.61313]},
			"faces": {
				"north": {"uv": [9.5, 6, 10.25, 6.25], "texture": "#0"},
				"east": {"uv": [9.5, 7, 10.25, 7.25], "texture": "#0"},
				"south": {"uv": [9.5, 8, 10.25, 8.25], "texture": "#0"},
				"west": {"uv": [9.5, 9, 10.25, 9.25], "texture": "#0"},
				"up": {"uv": [9.75, 1.5, 9, 2.25], "texture": "#0"},
				"down": {"uv": [9.75, 2.25, 9, 1.5], "texture": "#0"}
			}
		},
		{
			"from": [7.9, 5.19291, 2.21299],
			"to": [8.6, 6.19291, 3.21299],
			"rotation": {"angle": 22.5, "axis": "x", "origin": [8.25, 5.69291, 2.71299]},
			"faces": {
				"north": {"uv": [11, 6, 11.25, 6.5], "texture": "#0"},
				"east": {"uv": [3, 5, 3.5, 5.5], "texture": "#0"},
				"south": {"uv": [11, 7, 11.25, 7.5], "texture": "#0"},
				"west": {"uv": [2, 7, 2.5, 7.5], "texture": "#0"},
				"up": {"uv": [11.25, 8.5, 11, 8], "texture": "#0"},
				"down": {"uv": [11.25, 9, 11, 9.5], "texture": "#0"}
			}
		},
		{
			"from": [8, 4.94291, 1.96299],
			"to": [8.5, 6.44291, 3.46299],
			"rotation": {"angle": 22.5, "axis": "x", "origin": [8.25, 5.69291, 2.71299]},
			"faces": {
				"north": {"uv": [0, 10, 0.25, 10.75], "texture": "#0"},
				"east": {"uv": [8, 5.5, 8.75, 6.25], "texture": "#0"},
				"south": {"uv": [1, 10, 1.25, 10.75], "texture": "#0"},
				"west": {"uv": [8.75, 5.5, 8, 6.25], "texture": "#0"},
				"up": {"uv": [5.75, 10.75, 5.5, 10], "texture": "#0"},
				"down": {"uv": [6.75, 10, 6.5, 10.75], "texture": "#0"}
			}
		},
		{
			"from": [8.25, 0.69291, 2.96299],
			"to": [8.25, 7.69291, 11.46299],
			"rotation": {"angle": 22.5, "axis": "x", "origin": [8.25, 4.69291, 4.71299]},
			"faces": {
				"north": {"uv": [0, 12, 0, 14], "texture": "#0"},
				"east": {"uv": [0, 12.5, 3.75, 15.25], "texture": "#0"},
				"south": {"uv": [0.5, 12, 0.5, 14], "texture": "#0"},
				"west": {"uv": [3.75, 12.5, 0, 15.25], "texture": "#0"},
				"up": {"uv": [1, 15.25, 1, 12], "texture": "#0"},
				"down": {"uv": [1.5, 12, 1.5, 15.25], "texture": "#0"}
			}
		},
		{
			"from": [9.3, 8.27248, 10.5],
			"to": [9.8, 9.77248, 12],
			"rotation": {"angle": 0, "axis": "y", "origin": [7, 10.52248, 8.25]},
			"faces": {
				"north": {"uv": [10.5, 1.5, 10.75, 2.25], "texture": "#0"},
				"east": {"uv": [9, 1.5, 9.75, 2.25], "texture": "#0"},
				"south": {"uv": [10.5, 10, 10.75, 10.75], "texture": "#0"},
				"west": {"uv": [9.75, 1.5, 9, 2.25], "texture": "#0"},
				"up": {"uv": [2.25, 11.75, 2, 11], "texture": "#0"},
				"down": {"uv": [3.25, 11, 3, 11.75], "texture": "#0"}
			}
		},
		{
			"from": [6.3, 8.27248, 10.5],
			"to": [6.8, 9.77248, 12],
			"rotation": {"angle": 0, "axis": "y", "origin": [4, 10.52248, 8.25]},
			"faces": {
				"north": {"uv": [10.5, 1.5, 10.75, 2.25], "texture": "#0"},
				"east": {"uv": [9, 1.5, 9.75, 2.25], "texture": "#0"},
				"south": {"uv": [10.5, 10, 10.75, 10.75], "texture": "#0"},
				"west": {"uv": [9.75, 1.5, 9, 2.25], "texture": "#0"},
				"up": {"uv": [2.25, 11.75, 2, 11], "texture": "#0"},
				"down": {"uv": [3.25, 11, 3, 11.75], "texture": "#0"}
			}
		}
	],
	"display": {
		"thirdperson_righthand": {
			"translation": [0, -3.5, 3.75],
			"scale": [1.57, 1.57, 1.57]
		},
		"thirdperson_lefthand": {
			"translation": [0.25, -3.5, 3.75],
			"scale": [1.57, 1.57, 1.57]
		},
		"firstperson_righthand": {
			"rotation": [-7.35, -4.21, -5.79],
			"translation": [1.75, 2, -0.25]
		},
		"firstperson_lefthand": {
			"translation": [0, -80, 0]
		},
		"ground": {
			"rotation": [-63.73, -5.51, -4.9],
			"translation": [0, 7, 0]
		},
		"gui": {
			"rotation": [-106.18, -22.1, 132.92],
			"translation": [-0.5, 1, 0],
			"scale": [1.41, 1.41, 1.41]
		},
		"head": {
			"rotation": [93.87, -44.88, 92.72],
			"translation": [0, 24, 0]
		},
		"fixed": {
			"rotation": [-55.71, 19.86, -30.86],
			"translation": [0.5, 1.5, 0]
		}
	},
	"groups": [
		{
			"name": "group",
			"origin": [8.975, 29.67939, 7.99372],
			"color": 7,
			"children": []
		},
		0,
		1,
		2,
		3,
		4,
		5,
		6,
		7,
		8,
		9,
		10,
		11
	]
}