{
	"credit": "Made with Blockbench",
	"texture_size": [128, 128],
	"textures": {
		"0": "items/kang_commission_spear1",
		"particle": "items/kang_commission_spear1"
	},
	"elements": [
		{
			"from": [7.45, -15, 7.325],
			"to": [8.55, 16, 8.675],
			"rotation": {"angle": 0, "axis": "y", "origin": [7, 17, 7]},
			"faces": {
				"north": {"uv": [3.875, 3.25, 4, 7.125], "texture": "#0"},
				"east": {"uv": [9.125, 3.25, 9.375, 7.125], "texture": "#0"},
				"south": {"uv": [4.375, 3.25, 4.5, 7.125], "texture": "#0"},
				"west": {"uv": [9.375, 3.25, 9.125, 7.125], "texture": "#0"},
				"up": {"uv": [6.625, 3.125, 6.5, 3], "texture": "#0"},
				"down": {"uv": [8, 0.375, 7.875, 0.5], "texture": "#0"}
			}
		},
		{
			"from": [7.2, -12.25, 7.25],
			"to": [8.8, 5.75, 8.75],
			"rotation": {"angle": 0, "axis": "y", "origin": [7, 24.75, 7]},
			"faces": {
				"north": {"uv": [5.125, 8.25, 4.875, 10.5], "texture": "#0"},
				"east": {"uv": [4.875, 8.25, 5.125, 10.5], "texture": "#0"},
				"south": {"uv": [5.125, 8.25, 4.875, 10.5], "texture": "#0"},
				"west": {"uv": [4.875, 8.25, 5.125, 10.5], "texture": "#0"},
				"up": {"uv": [4.875, 8.25, 5.125, 10.5], "texture": "#0"},
				"down": {"uv": [4.875, 8.25, 5.125, 10.5], "texture": "#0"}
			}
		},
		{
			"from": [7.025, 3.75, 6.875],
			"to": [8.975, 5.75, 9.125],
			"rotation": {"angle": 0, "axis": "y", "origin": [7, 24.75, 7]},
			"faces": {
				"north": {"uv": [7.375, 1.125, 7.625, 1.375], "texture": "#0"},
				"east": {"uv": [7.375, 1.5, 7.625, 1.75], "texture": "#0"},
				"south": {"uv": [7.375, 1.875, 7.625, 2.125], "texture": "#0"},
				"west": {"uv": [7.375, 2.25, 7.625, 2.5], "texture": "#0"},
				"up": {"uv": [7.625, 2.875, 7.375, 2.625], "texture": "#0"},
				"down": {"uv": [7.625, 3, 7.375, 3.25], "texture": "#0"}
			}
		},
		{
			"from": [7.025, -5, 6.875],
			"to": [8.975, -3, 9.125],
			"rotation": {"angle": 0, "axis": "y", "origin": [7, 16, 7]},
			"faces": {
				"north": {"uv": [7.375, 1.125, 7.625, 1.375], "texture": "#0"},
				"east": {"uv": [7.375, 1.5, 7.625, 1.75], "texture": "#0"},
				"south": {"uv": [7.375, 1.875, 7.625, 2.125], "texture": "#0"},
				"west": {"uv": [7.375, 2.25, 7.625, 2.5], "texture": "#0"},
				"up": {"uv": [7.625, 2.875, 7.375, 2.625], "texture": "#0"},
				"down": {"uv": [7.625, 3, 7.375, 3.25], "texture": "#0"}
			}
		},
		{
			"from": [7.075, -13, 7],
			"to": [8.925, -11, 9],
			"rotation": {"angle": 0, "axis": "y", "origin": [7, 8, 7]},
			"faces": {
				"north": {"uv": [7.375, 3.375, 7.625, 3.625], "texture": "#0"},
				"east": {"uv": [7.375, 3.75, 7.625, 4], "texture": "#0"},
				"south": {"uv": [7.375, 4.625, 7.625, 4.875], "texture": "#0"},
				"west": {"uv": [7.375, 5, 7.625, 5.25], "texture": "#0"},
				"up": {"uv": [7.625, 5.625, 7.375, 5.375], "texture": "#0"},
				"down": {"uv": [7.625, 5.75, 7.375, 6], "texture": "#0"}
			}
		},
		{
			"from": [6.875, -15.775, 6.8],
			"to": [9.125, -13, 9.2],
			"rotation": {"angle": 0, "axis": "y", "origin": [7, 6, 7]},
			"faces": {
				"north": {"uv": [7, 2.125, 7.25, 2.5], "texture": "#0"},
				"east": {"uv": [2.5, 7, 2.75, 7.375], "texture": "#0"},
				"south": {"uv": [7, 2.625, 7.25, 3], "texture": "#0"},
				"west": {"uv": [2.875, 7, 3.125, 7.375], "texture": "#0"},
				"up": {"uv": [0.5, 7.75, 0.25, 7.5], "texture": "#0"},
				"down": {"uv": [0.875, 7.5, 0.625, 7.75], "texture": "#0"}
			}
		},
		{
			"from": [8, -16, -1.9],
			"to": [8, -3.775, 17.9],
			"rotation": {"angle": 0, "axis": "y", "origin": [7, 7.475, 7]},
			"faces": {
				"north": {"uv": [7.375, 7.875, 7.375, 9.375], "texture": "#0"},
				"east": {"uv": [13, 4, 15.5, 5.5], "texture": "#0"},
				"south": {"uv": [8, 0.625, 8, 2.125], "texture": "#0"},
				"west": {"uv": [15.5, 4, 13, 5.5], "texture": "#0"},
				"up": {"uv": [4.125, 10.5, 4.125, 8], "texture": "#0"},
				"down": {"uv": [4.25, 8, 4.25, 10.5], "texture": "#0"}
			}
		},
		{
			"from": [6.5, 13.1, 6.5],
			"to": [9.5, 16.1, 9.5],
			"rotation": {"angle": 0, "axis": "y", "origin": [7, 19.1, 7]},
			"faces": {
				"north": {"uv": [6.125, 6.25, 6.5, 6.625], "texture": "#0"},
				"east": {"uv": [6.5, 0, 6.875, 0.375], "texture": "#0"},
				"south": {"uv": [6.5, 0.5, 6.875, 0.875], "texture": "#0"},
				"west": {"uv": [6.5, 0, 6.875, 0.375], "texture": "#0"},
				"up": {"uv": [6.875, 1.875, 6.5, 1.5], "texture": "#0"},
				"down": {"uv": [6.875, 2, 6.5, 2.375], "texture": "#0"}
			}
		},
		{
			"from": [7.225, 17, 6.5],
			"to": [8.775, 19.25, 8.75],
			"rotation": {"angle": -45, "axis": "x", "origin": [8, 18.5, 8]},
			"faces": {
				"north": {"uv": [1.375, 7.75, 1.625, 7.5], "texture": "#0"},
				"east": {"uv": [1.375, 7.5, 1.625, 7.75], "texture": "#0"},
				"south": {"uv": [1.625, 7.5, 1.375, 7.75], "texture": "#0"},
				"west": {"uv": [1.625, 7.5, 1.375, 7.75], "texture": "#0"},
				"up": {"uv": [1.625, 7.75, 1.375, 7.5], "texture": "#0"},
				"down": {"uv": [1.625, 7.75, 1.375, 7.5], "texture": "#0"}
			}
		},
		{
			"from": [6.05, 13.66967, 7.125],
			"to": [9.95, 15.41967, 8.875],
			"rotation": {"angle": -45, "axis": "x", "origin": [8, 14.56967, 8]},
			"faces": {
				"north": {"uv": [6.125, 4.25, 6.75, 4.5], "texture": "#0"},
				"east": {"uv": [7.625, 0.625, 7.875, 0.875], "texture": "#0"},
				"south": {"uv": [6.125, 4.625, 6.75, 4.875], "texture": "#0"},
				"west": {"uv": [4.125, 7.625, 4.375, 7.875], "texture": "#0"},
				"up": {"uv": [6.75, 5.25, 6.125, 5], "texture": "#0"},
				"down": {"uv": [6.75, 5.375, 6.125, 5.625], "texture": "#0"}
			}
		},
		{
			"from": [7.075, 17.39467, 7.375],
			"to": [8.925, 18.64467, 8.625],
			"rotation": {"angle": -45, "axis": "x", "origin": [8, 18.04467, 8]},
			"faces": {
				"north": {"uv": [6.125, 4.25, 6.75, 4.5], "texture": "#0"},
				"east": {"uv": [7.625, 0.625, 7.875, 0.875], "texture": "#0"},
				"south": {"uv": [6.125, 4.625, 6.75, 4.875], "texture": "#0"},
				"west": {"uv": [4.125, 7.625, 4.375, 7.875], "texture": "#0"},
				"up": {"uv": [6.75, 5.25, 6.125, 5], "texture": "#0"},
				"down": {"uv": [6.75, 5.375, 6.125, 5.625], "texture": "#0"}
			}
		},
		{
			"from": [7.45, 18.25, 6.5],
			"to": [8.55, 20.25, 8.5],
			"rotation": {"angle": -45, "axis": "x", "origin": [8, 19.75, 8]},
			"faces": {
				"north": {"uv": [6.375, 7.75, 6.5, 8], "texture": "#0"},
				"east": {"uv": [3.25, 7.5, 3.5, 7.75], "texture": "#0"},
				"south": {"uv": [7.75, 7.375, 7.875, 7.625], "texture": "#0"},
				"west": {"uv": [7.5, 4.125, 7.75, 4.375], "texture": "#0"},
				"up": {"uv": [7.625, 8, 7.5, 7.75], "texture": "#0"},
				"down": {"uv": [7.875, 7.75, 7.75, 8], "texture": "#0"}
			}
		},
		{
			"from": [7.625, 19.51188, 3.76099],
			"to": [8.375, 21.25008, 7.93599],
			"rotation": {"angle": 22.5, "axis": "x", "origin": [8, 20.03688, 8.26099]},
			"faces": {
				"north": {"uv": [8.75, 5.375, 8.875, 5.5], "texture": "#0"},
				"east": {"uv": [5.375, 6.75, 5.875, 7], "texture": "#0"},
				"south": {"uv": [0.25, 7.875, 0.375, 8.125], "texture": "#0"},
				"west": {"uv": [6, 6.75, 6.5, 7], "texture": "#0"},
				"up": {"uv": [6.5, 7.625, 6.375, 7.125], "texture": "#0"},
				"down": {"uv": [4.75, 7.25, 4.625, 7.75], "texture": "#0"}
			}
		},
		{
			"from": [7.5, 18.32372, 7.62371],
			"to": [8.5, 26.51193, 8.79871],
			"rotation": {"angle": -22.5, "axis": "x", "origin": [8, 20.23048, 7.29871]},
			"faces": {
				"north": {"uv": [6.875, 6.25, 7, 7.25], "texture": "#0"},
				"east": {"uv": [6.875, 6.25, 7, 7.25], "texture": "#0"},
				"south": {"uv": [6.875, 6.25, 7, 7.25], "texture": "#0"},
				"west": {"uv": [6.875, 6.25, 7, 7.25], "texture": "#0"},
				"up": {"uv": [8.75, 5.375, 8.875, 5.5], "texture": "#0"},
				"down": {"uv": [6.875, 6.25, 7, 7.25], "texture": "#0"}
			}
		},
		{
			"from": [7.65, 19.56179, 7.65027],
			"to": [8.35, 28.75, 8.82527],
			"rotation": {"angle": 0, "axis": "y", "origin": [8, 25.1559, 8.23777]},
			"faces": {
				"north": {"uv": [6.75, 3, 6.875, 4.125], "texture": "#0"},
				"east": {"uv": [6.75, 3, 6.875, 4.125], "texture": "#0"},
				"south": {"uv": [6.75, 3, 6.875, 4.125], "texture": "#0"},
				"west": {"uv": [6.75, 3, 6.875, 4.125], "texture": "#0"},
				"up": {"uv": [8.75, 5.375, 8.875, 5.5], "texture": "#0"},
				"down": {"uv": [6.75, 3, 6.875, 4.125], "texture": "#0"}
			}
		},
		{
			"from": [7.65, 24.56179, 8.85027],
			"to": [8.35, 31, 9.82527],
			"rotation": {"angle": 0, "axis": "y", "origin": [8, 25.1559, 9.23777]},
			"faces": {
				"north": {"uv": [3.625, 7, 3.75, 7.75], "texture": "#0"},
				"east": {"uv": [7.125, 4.625, 7.25, 5.375], "texture": "#0"},
				"south": {"uv": [5.375, 7.125, 5.5, 7.875], "texture": "#0"},
				"west": {"uv": [7.125, 5.5, 7.25, 6.25], "texture": "#0"},
				"up": {"uv": [8, 4.375, 7.875, 4.25], "texture": "#0"},
				"down": {"uv": [4.625, 7.875, 4.5, 8], "texture": "#0"}
			}
		},
		{
			"from": [7.7, 27.56179, 10.01928],
			"to": [8.3, 32, 11.09428],
			"rotation": {"angle": -22.5, "axis": "x", "origin": [8, 27.83938, 10.60678]},
			"faces": {
				"north": {"uv": [6.625, 7.5, 6.75, 8], "texture": "#0"},
				"east": {"uv": [7.5, 7.125, 7.625, 7.625], "texture": "#0"},
				"south": {"uv": [7.625, 0, 7.75, 0.5], "texture": "#0"},
				"west": {"uv": [3.875, 7.625, 4, 8.125], "texture": "#0"},
				"up": {"uv": [8, 6.75, 7.875, 6.625], "texture": "#0"},
				"down": {"uv": [8, 6.875, 7.875, 7], "texture": "#0"}
			}
		},
		{
			"from": [7.675, 24.64869, 8.71763],
			"to": [8.325, 28.0869, 10.54263],
			"rotation": {"angle": 22.5, "axis": "x", "origin": [8, 26.3678, 10.05513]},
			"faces": {
				"north": {"uv": [7.75, 5, 7.875, 5.375], "texture": "#0"},
				"east": {"uv": [5.625, 7.125, 5.875, 7.5], "texture": "#0"},
				"south": {"uv": [7.75, 5.5, 7.875, 5.875], "texture": "#0"},
				"west": {"uv": [6, 7.125, 6.25, 7.5], "texture": "#0"},
				"up": {"uv": [2.625, 8.125, 2.5, 7.875], "texture": "#0"},
				"down": {"uv": [2.875, 7.875, 2.75, 8.125], "texture": "#0"}
			}
		},
		{
			"from": [6.75, 10.13702, 7.68611],
			"to": [9.25, 15.13702, 10.68611],
			"rotation": {"angle": -22.5, "axis": "x", "origin": [8, 12.13702, 9.18611]},
			"faces": {
				"north": {"uv": [5.625, 3.25, 6, 3.875], "texture": "#0"},
				"east": {"uv": [5.625, 4, 6, 4.625], "texture": "#0"},
				"south": {"uv": [5.625, 4.75, 6, 5.375], "texture": "#0"},
				"west": {"uv": [6, 4, 5.625, 4.625], "texture": "#0"},
				"up": {"uv": [6.5, 6.125, 6.125, 5.75], "texture": "#0"},
				"down": {"uv": [6, 6.25, 5.625, 6.625], "texture": "#0"}
			}
		},
		{
			"from": [6.775, 7.86329, 8.9373],
			"to": [9.225, 10.86329, 11.3373],
			"rotation": {"angle": 0, "axis": "y", "origin": [8, 8.36329, 9.8373]},
			"faces": {
				"north": {"uv": [0.25, 7, 0.5, 7.375], "texture": "#0"},
				"east": {"uv": [0.625, 7, 0.875, 7.375], "texture": "#0"},
				"south": {"uv": [1, 7, 1.25, 7.375], "texture": "#0"},
				"west": {"uv": [0.875, 7, 0.625, 7.375], "texture": "#0"},
				"up": {"uv": [7.375, 6.625, 7.125, 6.375], "texture": "#0"},
				"down": {"uv": [7.375, 6.75, 7.125, 7], "texture": "#0"}
			}
		},
		{
			"from": [8, -5.71171, -11.5127],
			"to": [8, 20.91329, 18.8373],
			"rotation": {"angle": 0, "axis": "y", "origin": [8, 15.26329, 9.8373]},
			"faces": {
				"north": {"uv": [3.75, 7.875, 3.75, 11.25], "texture": "#0"},
				"east": {"uv": [11.75, 0.25, 15.5, 3.625], "texture": "#0"},
				"south": {"uv": [4.75, 7.875, 4.75, 11.25], "texture": "#0"},
				"west": {"uv": [15.5, 0.25, 11.75, 3.625], "texture": "#0"},
				"up": {"uv": [7.125, 11.625, 7.125, 7.875], "texture": "#0"},
				"down": {"uv": [7.25, 7.875, 7.25, 11.625], "texture": "#0"}
			}
		},
		{
			"from": [6.8, 5.55149, 9.07745],
			"to": [9.2, 8.55149, 10.87745],
			"rotation": {"angle": 22.5, "axis": "x", "origin": [8, 7.05149, 9.37745]},
			"faces": {
				"north": {"uv": [1.375, 7, 1.625, 7.375], "texture": "#0"},
				"east": {"uv": [7, 1.625, 7.25, 2], "texture": "#0"},
				"south": {"uv": [1.75, 7, 2, 7.375], "texture": "#0"},
				"west": {"uv": [7.25, 1.625, 7, 2], "texture": "#0"},
				"up": {"uv": [7.375, 7.375, 7.125, 7.125], "texture": "#0"},
				"down": {"uv": [7.5, 0, 7.25, 0.25], "texture": "#0"}
			}
		},
		{
			"from": [7.575, 20.08702, 9.78611],
			"to": [8.425, 23.08702, 13.81111],
			"rotation": {"angle": -22.5, "axis": "x", "origin": [8, 22.08702, 12.31111]},
			"faces": {
				"north": {"uv": [7.75, 2.5, 7.875, 2.875], "texture": "#0"},
				"east": {"uv": [6.125, 3.25, 6.625, 3.625], "texture": "#0"},
				"south": {"uv": [7.75, 3, 7.875, 3.375], "texture": "#0"},
				"west": {"uv": [6.625, 3.25, 6.125, 3.625], "texture": "#0"},
				"up": {"uv": [7, 7.875, 6.875, 7.375], "texture": "#0"},
				"down": {"uv": [7.625, 6.125, 7.5, 6.625], "texture": "#0"}
			}
		},
		{
			"from": [7.675, 19.27298, 8.69368],
			"to": [8.325, 21.34798, 10.74368],
			"rotation": {"angle": 0, "axis": "y", "origin": [8, 20.77298, 8.73118]},
			"faces": {
				"north": {"uv": [1.5, 7.875, 1.625, 8.125], "texture": "#0"},
				"east": {"uv": [7.5, 6.75, 7.75, 7], "texture": "#0"},
				"south": {"uv": [1.75, 7.875, 1.875, 8.125], "texture": "#0"},
				"west": {"uv": [7.75, 6.75, 7.5, 7], "texture": "#0"},
				"up": {"uv": [2.125, 8.125, 2, 7.875], "texture": "#0"},
				"down": {"uv": [2.375, 7.875, 2.25, 8.125], "texture": "#0"}
			}
		},
		{
			"from": [7.65, 21.53492, 10.77932],
			"to": [8.4, 24.63492, 12.87932],
			"rotation": {"angle": 45, "axis": "x", "origin": [8.025, 23.58492, 11.82932]},
			"faces": {
				"north": {"uv": [7.75, 3.5, 7.875, 3.875], "texture": "#0"},
				"east": {"uv": [7, 3.625, 7.25, 4], "texture": "#0"},
				"south": {"uv": [7.75, 4.5, 7.875, 4.875], "texture": "#0"},
				"west": {"uv": [7.25, 3.625, 7, 4], "texture": "#0"},
				"up": {"uv": [1.125, 8.125, 1, 7.875], "texture": "#0"},
				"down": {"uv": [1.375, 7.875, 1.25, 8.125], "texture": "#0"}
			}
		},
		{
			"from": [7.6, 17.81329, 11.4123],
			"to": [8.4, 20.81329, 14.4623],
			"rotation": {"angle": 0, "axis": "y", "origin": [8, 19.31329, 13.2623]},
			"faces": {
				"north": {"uv": [6.125, 7.625, 6.25, 8], "texture": "#0"},
				"east": {"uv": [6.5, 2.5, 6.875, 2.875], "texture": "#0"},
				"south": {"uv": [7.75, 1, 7.875, 1.375], "texture": "#0"},
				"west": {"uv": [6.875, 2.5, 6.5, 2.875], "texture": "#0"},
				"up": {"uv": [7.875, 1.875, 7.75, 1.5], "texture": "#0"},
				"down": {"uv": [7.875, 2, 7.75, 2.375], "texture": "#0"}
			}
		},
		{
			"from": [7.625, 15.50149, 12.22745],
			"to": [8.375, 18.50149, 14.00245],
			"rotation": {"angle": 22.5, "axis": "x", "origin": [8, 17.00149, 12.50245]},
			"faces": {
				"north": {"uv": [5.625, 7.625, 5.75, 8], "texture": "#0"},
				"east": {"uv": [7, 3.125, 7.25, 3.5], "texture": "#0"},
				"south": {"uv": [5.875, 7.625, 6, 8], "texture": "#0"},
				"west": {"uv": [7.25, 3.125, 7, 3.5], "texture": "#0"},
				"up": {"uv": [0.625, 8.125, 0.5, 7.875], "texture": "#0"},
				"down": {"uv": [0.875, 7.875, 0.75, 8.125], "texture": "#0"}
			}
		},
		{
			"from": [6.925, 3.71738, 8.06719],
			"to": [9.075, 6.16738, 9.39219],
			"rotation": {"angle": 45, "axis": "x", "origin": [8, 4.66738, 8.49219]},
			"faces": {
				"north": {"uv": [7.25, 0.375, 7.5, 0.625], "texture": "#0"},
				"east": {"uv": [6.875, 5.375, 7, 5.625], "texture": "#0"},
				"south": {"uv": [7.25, 0.75, 7.5, 1], "texture": "#0"},
				"west": {"uv": [7, 5.375, 6.875, 5.625], "texture": "#0"},
				"up": {"uv": [8, 6.5, 7.75, 6.375], "texture": "#0"},
				"down": {"uv": [8, 7.125, 7.75, 7.25], "texture": "#0"}
			}
		}
	],
	"display": {
		"thirdperson_righthand": {
			"rotation": [-179.01, -1.62, 179.39],
			"translation": [0, 8, 2]
		},
		"thirdperson_lefthand": {
			"rotation": [150.44, 53, 98.24],
			"translation": [-3.75, -6, 12.75],
			"scale": [0.96, 0.96, 0.96]
		},
		"firstperson_righthand": {
			"rotation": [107.96, -4.45, 174.19],
			"translation": [8.75, -2.25, -10],
			"scale": [0.9, 0.9, 0.9]
		},
		"firstperson_lefthand": {
			"translation": [8.25, 0, 0],
			"scale": [0, 0, 0]
		},
		"ground": {
			"translation": [-1, 36.5, 0],
			"scale": [1.29, 1.29, 1.29]
		},
		"gui": {
			"rotation": [-118, -154, -109],
			"translation": [-0.5, -0.5, 0],
			"scale": [0.25, 0.32, 0.47]
		},
		"head": {
			"rotation": [93.87, -44.88, 92.72],
			"translation": [0, 24, 0]
		},
		"fixed": {
			"rotation": [90, 53.51, -90.26],
			"translation": [0, 0, -6],
			"scale": [2.35359, 2.35359, 2.35359]
		}
	},
	"groups": [
		{
			"name": "group",
			"origin": [8.975, 29.67939, 7.99372],
			"color": 7,
			"children": []
		},
		0,
		1,
		2,
		3,
		4,
		5,
		6,
		7,
		8,
		9,
		10,
		11,
		12,
		13,
		14,
		15,
		16,
		17,
		18,
		19,
		20,
		21,
		22,
		23,
		24,
		25,
		26,
		27
	]
}