{
	"credit": "Made with Blockbench",
	"texture_size": [128, 128],
	"textures": {
		"0": "items/kang_commission_blade1",
		"1": "items/kang_commission_blade1-1"
	},
	"elements": [
		{
			"from": [7.15405, 28.14468, 7.7315],
			"to": [7.5863, 32, 8.2685],
			"rotation": {"angle": 22.5, "axis": "z", "origin": [6.6763, 31.78468, 8]},
			"faces": {
				"north": {"uv": [4.25, 7, 4.375, 8], "texture": "#0"},
				"east": {"uv": [4.75, 7, 4.875, 8], "texture": "#0"},
				"south": {"uv": [4.375, 7, 4.25, 8], "texture": "#0"},
				"west": {"uv": [6, 7.25, 6.125, 8.25], "texture": "#0"},
				"up": {"uv": [9.875, 9.375, 9.75, 9.25], "texture": "#0"},
				"down": {"uv": [9.875, 9.75, 9.75, 9.875], "texture": "#0"}
			}
		},
		{
			"from": [7.09, 28.77, 7.82925],
			"to": [8.455, 29.862, 8.17075],
			"rotation": {"angle": 0, "axis": "y", "origin": [7.47675, 30.3625, 8]},
			"faces": {
				"north": {"uv": [7.5, 6, 7.875, 6.25], "texture": "#0"},
				"east": {"uv": [9, 7.25, 9.125, 7.5], "texture": "#0"},
				"south": {"uv": [7.875, 6, 7.5, 6.25], "texture": "#0"},
				"west": {"uv": [7.5, 9, 7.625, 9.25], "texture": "#0"},
				"up": {"uv": [9.375, 0.625, 9, 0.5], "texture": "#0"},
				"down": {"uv": [1.375, 9, 1, 9.125], "texture": "#0"}
			}
		},
		{
			"from": [7.09, 29.862, 7.82925],
			"to": [8.02275, 30.863, 8.17075],
			"rotation": {"angle": 0, "axis": "y", "origin": [7.47675, 29.862, 8]},
			"faces": {
				"north": {"uv": [3.5, 8.5, 3.75, 8.75], "texture": "#0"},
				"east": {"uv": [9, 7.75, 9.125, 8], "texture": "#0"},
				"south": {"uv": [3.75, 8.5, 3.5, 8.75], "texture": "#0"},
				"west": {"uv": [8, 9, 8.125, 9.25], "texture": "#0"},
				"up": {"uv": [8.75, 9.125, 8.5, 9], "texture": "#0"},
				"down": {"uv": [9.25, 9, 9, 9.125], "texture": "#0"}
			}
		},
		{
			"from": [7.09, 30.863, 7.82925],
			"to": [7.586, 31.9435, 8.17075],
			"rotation": {"angle": 0, "axis": "y", "origin": [7.47675, 29.953, 8]},
			"faces": {
				"north": {"uv": [9.25, 0, 9.375, 0.25], "texture": "#0"},
				"east": {"uv": [9.25, 1, 9.375, 1.25], "texture": "#0"},
				"south": {"uv": [9.375, 0, 9.25, 0.25], "texture": "#0"},
				"west": {"uv": [1.75, 9.25, 1.875, 9.5], "texture": "#0"},
				"up": {"uv": [9.875, 5.125, 9.75, 5], "texture": "#0"},
				"down": {"uv": [9.875, 5.5, 9.75, 5.625], "texture": "#0"}
			}
		},
		{
			"from": [7.09, 8.19, 7.76775],
			"to": [8.91, 28.77, 8.23225],
			"rotation": {"angle": 0, "axis": "y", "origin": [7.09, 0, 7.09]},
			"faces": {
				"north": {"uv": [0, 0, 0.5, 5.125], "texture": "#0"},
				"east": {"uv": [1.5, 0, 1.625, 5.125], "texture": "#0"},
				"south": {"uv": [0.5, 0, 0, 5.125], "texture": "#0"},
				"west": {"uv": [2, 0, 2.125, 5.125], "texture": "#0"},
				"up": {"uv": [9, 1.875, 8.5, 1.75], "texture": "#0"},
				"down": {"uv": [9, 4, 8.5, 4.125], "texture": "#0"}
			}
		},
		{
			"from": [7.09, -4.52, 7.76775],
			"to": [8.91, -0.94, 8.23225],
			"rotation": {"angle": 0, "axis": "y", "origin": [8.91, 21.25, 7.09]},
			"faces": {
				"north": {"uv": [2.5, 0, 3, 0.875], "texture": "#0"},
				"east": {"uv": [0, 7.75, 0.125, 8.625], "texture": "#0"},
				"south": {"uv": [2.5, 1.25, 3, 2.125], "texture": "#0"},
				"west": {"uv": [7.75, 0, 7.875, 0.875], "texture": "#0"},
				"up": {"uv": [9.25, 2.875, 8.75, 2.75], "texture": "#0"},
				"down": {"uv": [4.5, 8.75, 4, 8.875], "texture": "#0"}
			}
		},
		{
			"from": [7.545, -5.587, 7.82925],
			"to": [8.91, -4.495, 8.17075],
			"rotation": {"angle": 0, "axis": "y", "origin": [8.52325, -6.0875, 8]},
			"faces": {
				"north": {"uv": [8, 4.75, 8.375, 5], "texture": "#0"},
				"east": {"uv": [5, 9.5, 5.125, 9.75], "texture": "#0"},
				"south": {"uv": [8, 5.25, 8.375, 5.5], "texture": "#0"},
				"west": {"uv": [5.5, 9.5, 5.625, 9.75], "texture": "#0"},
				"up": {"uv": [5.125, 9.125, 4.75, 9], "texture": "#0"},
				"down": {"uv": [5.875, 9, 5.5, 9.125], "texture": "#0"}
			}
		},
		{
			"from": [7.97725, -6.588, 7.82925],
			"to": [8.91, -5.587, 8.17075],
			"rotation": {"angle": 0, "axis": "y", "origin": [8.52325, -5.587, 8]},
			"faces": {
				"north": {"uv": [8.75, 0, 9, 0.25], "texture": "#0"},
				"east": {"uv": [9.5, 2.5, 9.625, 2.75], "texture": "#0"},
				"south": {"uv": [8.75, 2.25, 9, 2.5], "texture": "#0"},
				"west": {"uv": [9.5, 3, 9.625, 3.25], "texture": "#0"},
				"up": {"uv": [9.75, 3.625, 9.5, 3.5], "texture": "#0"},
				"down": {"uv": [4.75, 9.5, 4.5, 9.625], "texture": "#0"}
			}
		},
		{
			"from": [8.414, -7.6685, 7.82925],
			"to": [8.91, -6.588, 8.17075],
			"rotation": {"angle": 0, "axis": "y", "origin": [8.52325, -5.678, 8]},
			"faces": {
				"north": {"uv": [9.25, 8.25, 9.375, 8.5], "texture": "#0"},
				"east": {"uv": [0, 9.5, 0.125, 9.75], "texture": "#0"},
				"south": {"uv": [0.5, 9.5, 0.625, 9.75], "texture": "#0"},
				"west": {"uv": [1, 9.5, 1.125, 9.75], "texture": "#0"},
				"up": {"uv": [1.125, 10.125, 1, 10], "texture": "#0"},
				"down": {"uv": [10.125, 2.5, 10, 2.625], "texture": "#0"}
			}
		},
		{
			"from": [8.4137, -7.725, 7.7315],
			"to": [8.84595, -3.86968, 8.2685],
			"rotation": {"angle": 22.5, "axis": "z", "origin": [9.3237, -7.50968, 8]},
			"faces": {
				"north": {"uv": [7.25, 7, 7.375, 8], "texture": "#0"},
				"east": {"uv": [7.5, 2.25, 7.625, 3.25], "texture": "#0"},
				"south": {"uv": [7.5, 3.5, 7.625, 4.5], "texture": "#0"},
				"west": {"uv": [7.5, 4.75, 7.625, 5.75], "texture": "#0"},
				"up": {"uv": [0.125, 10.125, 0, 10], "texture": "#0"},
				"down": {"uv": [0.625, 10, 0.5, 10.125], "texture": "#0"}
			}
		},
		{
			"from": [-13.91, -7.81, 8],
			"to": [27.91, 32, 8],
			"rotation": {"angle": 0, "axis": "y", "origin": [11.09, -5, 7.09]},
			"faces": {
				"north": {"uv": [0, 0, 5.25, 5], "texture": "#1"},
				"east": {"uv": [5.375, 0, 5.375, 5], "texture": "#1"},
				"south": {"uv": [5.25, 0, 0, 5], "texture": "#1"},
				"west": {"uv": [5.375, 5.125, 5.375, 10.125], "texture": "#1"},
				"up": {"uv": [10.75, 0, 5.5, 0], "texture": "#1"},
				"down": {"uv": [10.75, 0.125, 5.5, 0.125], "texture": "#1"}
			}
		},
		{
			"from": [6.775, 8.175, 7.225],
			"to": [9.225, 10.75, 8.775],
			"rotation": {"angle": 0, "axis": "y", "origin": [7, 0, 7]},
			"faces": {
				"north": {"uv": [3.25, 1.5, 3.875, 2.125], "texture": "#0"},
				"east": {"uv": [5.375, 2.5, 5, 3.125], "texture": "#0"},
				"south": {"uv": [3.25, 1.5, 3.875, 2.125], "texture": "#0"},
				"west": {"uv": [5, 2.5, 5.375, 3.125], "texture": "#0"},
				"up": {"uv": [5.625, 3.875, 5, 3.5], "texture": "#0"},
				"down": {"uv": [5.875, 4.25, 5.25, 4.625], "texture": "#0"}
			}
		},
		{
			"from": [7.275, 8.75, 6.975],
			"to": [8.725, 10.175, 9.025],
			"rotation": {"angle": 45, "axis": "z", "origin": [8, 9.4625, 8]},
			"faces": {
				"north": {"uv": [0.75, 7, 1.125, 7.375], "texture": "#0"},
				"east": {"uv": [6, 5.75, 6.5, 6.125], "texture": "#0"},
				"south": {"uv": [7, 0.75, 7.375, 1.125], "texture": "#0"},
				"west": {"uv": [0, 6.25, 0.5, 6.625], "texture": "#0"},
				"up": {"uv": [1.125, 6.75, 0.75, 6.25], "texture": "#0"},
				"down": {"uv": [6.625, 0.75, 6.25, 1.25], "texture": "#0"}
			}
		},
		{
			"from": [7.28384, 0.75, 6.975],
			"to": [8.95884, 2.425, 9.025],
			"rotation": {"angle": 45, "axis": "z", "origin": [8.00884, 1.4625, 8]},
			"faces": {
				"north": {"uv": [1.5, 7, 1.875, 7.375], "texture": "#0"},
				"east": {"uv": [1.5, 6.25, 2, 6.625], "texture": "#0"},
				"south": {"uv": [1.875, 7, 1.5, 7.375], "texture": "#0"},
				"west": {"uv": [6.25, 1.5, 6.75, 1.875], "texture": "#0"},
				"up": {"uv": [2.625, 6.75, 2.25, 6.25], "texture": "#0"},
				"down": {"uv": [3.375, 6.25, 3, 6.75], "texture": "#0"}
			}
		},
		{
			"from": [8.63905, 8.17922, 7.3],
			"to": [10.63905, 10.02922, 8.7],
			"rotation": {"angle": -22.5, "axis": "z", "origin": [9.86405, 9.09172, 8]},
			"faces": {
				"north": {"uv": [4.25, 2.5, 4.75, 3], "texture": "#0"},
				"east": {"uv": [5.5, 1, 5.875, 1.5], "texture": "#0"},
				"south": {"uv": [4.75, 2.5, 4.25, 3], "texture": "#0"},
				"west": {"uv": [5.5, 1.75, 5.875, 2.25], "texture": "#0"},
				"up": {"uv": [2.5, 5.875, 2, 5.5], "texture": "#0"},
				"down": {"uv": [4.25, 5.5, 3.75, 5.875], "texture": "#0"}
			}
		},
		{
			"from": [9.58235, 7.0368, 7.4],
			"to": [11.13235, 9.2368, 8.6],
			"rotation": {"angle": 22.5, "axis": "z", "origin": [10.13235, 8.6368, 8]},
			"faces": {
				"north": {"uv": [4.5, 5.5, 4.875, 6], "texture": "#0"},
				"east": {"uv": [3.75, 7, 4, 7.5], "texture": "#0"},
				"south": {"uv": [4.875, 5.5, 4.5, 6], "texture": "#0"},
				"west": {"uv": [7, 3.75, 7.25, 4.25], "texture": "#0"},
				"up": {"uv": [8.125, 1.5, 7.75, 1.25], "texture": "#0"},
				"down": {"uv": [8.125, 1.75, 7.75, 2], "texture": "#0"}
			}
		},
		{
			"from": [10.05442, 4.5953, 7.625],
			"to": [11.15442, 6.1203, 8.375],
			"rotation": {"angle": -22.5, "axis": "z", "origin": [10.60442, 5.3578, 8]},
			"faces": {
				"north": {"uv": [2, 7.75, 2.25, 8.125], "texture": "#0"},
				"east": {"uv": [2.5, 7.75, 2.75, 8.125], "texture": "#0"},
				"south": {"uv": [2.25, 7.75, 2, 8.125], "texture": "#0"},
				"west": {"uv": [3.5, 7.75, 3.75, 8.125], "texture": "#0"},
				"up": {"uv": [8, 8.75, 7.75, 8.5], "texture": "#0"},
				"down": {"uv": [8.5, 8.5, 8.25, 8.75], "texture": "#0"}
			}
		},
		{
			"from": [9.49268, 3.53011, 7.7],
			"to": [10.34268, 5.05511, 8.3],
			"rotation": {"angle": -45, "axis": "z", "origin": [9.89268, 4.29261, 8]},
			"faces": {
				"north": {"uv": [8, 3.25, 8.25, 3.625], "texture": "#0"},
				"east": {"uv": [9, 3.25, 9.125, 3.625], "texture": "#0"},
				"south": {"uv": [8.25, 3.25, 8, 3.625], "texture": "#0"},
				"west": {"uv": [3.5, 9, 3.625, 9.375], "texture": "#0"},
				"up": {"uv": [9.5, 2.125, 9.25, 2], "texture": "#0"},
				"down": {"uv": [2.5, 9.25, 2.25, 9.375], "texture": "#0"}
			}
		},
		{
			"from": [8.74652, 2.73168, 7.75],
			"to": [9.44652, 3.93168, 8.25],
			"rotation": {"angle": -22.5, "axis": "z", "origin": [9.17152, 3.16918, 8]},
			"faces": {
				"north": {"uv": [2.75, 9.25, 2.875, 9.5], "texture": "#0"},
				"east": {"uv": [4, 9.25, 4.125, 9.5], "texture": "#0"},
				"south": {"uv": [2.875, 9.25, 2.75, 9.5], "texture": "#0"},
				"west": {"uv": [9.25, 4.5, 9.375, 4.75], "texture": "#0"},
				"up": {"uv": [6.125, 9.875, 6, 9.75], "texture": "#0"},
				"down": {"uv": [9.875, 6, 9.75, 6.125], "texture": "#0"}
			}
		},
		{
			"from": [8.7724, 2.14425, 7.8],
			"to": [9.2724, 3.09425, 8.2],
			"rotation": {"angle": 22.5, "axis": "z", "origin": [9.1224, 2.49425, 8]},
			"faces": {
				"north": {"uv": [9.25, 5, 9.375, 5.25], "texture": "#0"},
				"east": {"uv": [9.25, 5.5, 9.375, 5.75], "texture": "#0"},
				"south": {"uv": [9.375, 5, 9.25, 5.25], "texture": "#0"},
				"west": {"uv": [6.75, 9.25, 6.875, 9.5], "texture": "#0"},
				"up": {"uv": [6.625, 9.875, 6.5, 9.75], "texture": "#0"},
				"down": {"uv": [9.875, 8, 9.75, 8.125], "texture": "#0"}
			}
		},
		{
			"from": [10.22364, 5.82308, 7.55],
			"to": [11.47364, 7.52308, 8.45],
			"rotation": {"angle": 0, "axis": "y", "origin": [10.39864, 7.29808, 8]},
			"faces": {
				"north": {"uv": [6.75, 6.25, 7.125, 6.625], "texture": "#0"},
				"east": {"uv": [7.75, 7, 8, 7.375], "texture": "#0"},
				"south": {"uv": [7.125, 6.25, 6.75, 6.625], "texture": "#0"},
				"west": {"uv": [7.75, 7.75, 8, 8.125], "texture": "#0"},
				"up": {"uv": [8.375, 2.5, 8, 2.25], "texture": "#0"},
				"down": {"uv": [8.375, 2.75, 8, 3], "texture": "#0"}
			}
		},
		{
			"from": [6.6157, 13.69051, 7.8325],
			"to": [7.0847, 14.49451, 8.1675],
			"rotation": {"angle": -22.5, "axis": "z", "origin": [6.79995, 14.20138, 8]},
			"faces": {
				"north": {"uv": [3.625, 9.75, 3.5, 10], "texture": "#0"},
				"east": {"uv": [9.875, 4.5, 9.75, 4.75], "texture": "#0"},
				"south": {"uv": [9.875, 4, 9.75, 4.25], "texture": "#0"},
				"west": {"uv": [4.125, 9.75, 4, 10], "texture": "#0"},
				"up": {"uv": [7, 10.125, 7.125, 10], "texture": "#0"},
				"down": {"uv": [10, 7, 10.125, 7.125], "texture": "#0"}
			}
		},
		{
			"from": [6.01527, 12.93781, 7.799],
			"to": [6.58477, 13.95956, 8.201],
			"rotation": {"angle": -45, "axis": "z", "origin": [6.31677, 13.44869, 8]},
			"faces": {
				"north": {"uv": [2.125, 9.75, 2, 10], "texture": "#0"},
				"east": {"uv": [3.125, 9.75, 3, 10], "texture": "#0"},
				"south": {"uv": [2, 9.75, 2.125, 10], "texture": "#0"},
				"west": {"uv": [9.875, 2, 9.75, 2.25], "texture": "#0"},
				"up": {"uv": [5.5, 10.125, 5.625, 10], "texture": "#0"},
				"down": {"uv": [10, 6.5, 10.125, 6.625], "texture": "#0"}
			}
		},
		{
			"from": [5.25753, 11.28427, 7.6985],
			"to": [6.09503, 12.42327, 8.3015],
			"rotation": {"angle": 0, "axis": "y", "origin": [5.97778, 11.43502, 8]},
			"faces": {
				"north": {"uv": [0.25, 9, 0, 9.25], "texture": "#0"},
				"east": {"uv": [9.875, 1, 9.75, 1.25], "texture": "#0"},
				"south": {"uv": [0, 9, 0.25, 9.25], "texture": "#0"},
				"west": {"uv": [9.875, 0.5, 9.75, 0.75], "texture": "#0"},
				"up": {"uv": [1.5, 9.875, 1.75, 9.75], "texture": "#0"},
				"down": {"uv": [9.75, 1.5, 10, 1.625], "texture": "#0"}
			}
		},
		{
			"from": [5.47141, 12.22413, 7.74875],
			"to": [6.20841, 13.24588, 8.25125],
			"rotation": {"angle": -22.5, "axis": "z", "origin": [5.83991, 12.73501, 8]},
			"faces": {
				"north": {"uv": [8.875, 9.5, 8.75, 9.75], "texture": "#0"},
				"east": {"uv": [9.875, 0, 9.75, 0.25], "texture": "#0"},
				"south": {"uv": [8.75, 9.5, 8.875, 9.75], "texture": "#0"},
				"west": {"uv": [9.625, 8.75, 9.5, 9], "texture": "#0"},
				"up": {"uv": [4.5, 10.125, 4.625, 10], "texture": "#0"},
				"down": {"uv": [5, 10, 5.125, 10.125], "texture": "#0"}
			}
		},
		{
			"from": [5.48619, 10.13608, 7.598],
			"to": [6.52469, 11.61008, 8.402],
			"rotation": {"angle": 22.5, "axis": "z", "origin": [6.15619, 10.53808, 8]},
			"faces": {
				"north": {"uv": [2.25, 8.5, 2, 8.875], "texture": "#0"},
				"east": {"uv": [8.75, 3.25, 8.5, 3.625], "texture": "#0"},
				"south": {"uv": [2, 8.5, 2.25, 8.875], "texture": "#0"},
				"west": {"uv": [2.75, 8.5, 2.5, 8.875], "texture": "#0"},
				"up": {"uv": [7, 9, 7.25, 8.75], "texture": "#0"},
				"down": {"uv": [8.75, 8.5, 9, 8.75], "texture": "#0"}
			}
		},
		{
			"from": [5.8167, 9.60516, 7.531],
			"to": [7.1567, 10.84466, 8.469],
			"rotation": {"angle": -22.5, "axis": "z", "origin": [6.33595, 10.23328, 8]},
			"faces": {
				"north": {"uv": [8.625, 7, 8.25, 7.25], "texture": "#0"},
				"east": {"uv": [9, 6, 8.75, 6.25], "texture": "#0"},
				"south": {"uv": [8.25, 7, 8.625, 7.25], "texture": "#0"},
				"west": {"uv": [9, 5.5, 8.75, 5.75], "texture": "#0"},
				"up": {"uv": [8.25, 8.25, 8.625, 8], "texture": "#0"},
				"down": {"uv": [8.5, 1.25, 8.875, 1.5], "texture": "#0"}
			}
		},
		{
			"from": [7.275, 4.125, 7.45],
			"to": [8.725, 8.775, 8.55],
			"rotation": {"angle": 0, "axis": "y", "origin": [7, 0, 7]},
			"faces": {
				"north": {"uv": [2.5, 2.5, 2.875, 3.625], "texture": "#0"},
				"east": {"uv": [4.5, 1, 4.25, 2.125], "texture": "#0"},
				"south": {"uv": [2.875, 2.5, 2.5, 3.625], "texture": "#0"},
				"west": {"uv": [4.25, 1, 4.5, 2.125], "texture": "#0"},
				"up": {"uv": [0.875, 8, 0.5, 7.75], "texture": "#0"},
				"down": {"uv": [1.625, 7.75, 1.25, 8], "texture": "#0"}
			}
		},
		{
			"from": [7.025, -1.375, 7.2],
			"to": [8.975, 0.775, 8.8],
			"rotation": {"angle": 0, "axis": "y", "origin": [7, -3.5, 7]},
			"faces": {
				"north": {"uv": [4.75, 1, 5.25, 1.5], "texture": "#0"},
				"east": {"uv": [6.625, 4, 6.25, 4.5], "texture": "#0"},
				"south": {"uv": [5.25, 1, 4.75, 1.5], "texture": "#0"},
				"west": {"uv": [6.25, 4, 6.625, 4.5], "texture": "#0"},
				"up": {"uv": [5, 6.625, 4.5, 6.25], "texture": "#0"},
				"down": {"uv": [7, 0, 6.5, 0.375], "texture": "#0"}
			}
		},
		{
			"from": [7.025, 2.375, 7.2],
			"to": [8.975, 4.525, 8.8],
			"rotation": {"angle": 0, "axis": "y", "origin": [8, 3.45, 8]},
			"faces": {
				"north": {"uv": [4.75, 1, 5.25, 1.5], "rotation": 180, "texture": "#0"},
				"east": {"uv": [6.25, 4, 6.625, 4.5], "rotation": 180, "texture": "#0"},
				"south": {"uv": [5.25, 1, 4.75, 1.5], "rotation": 180, "texture": "#0"},
				"west": {"uv": [6.625, 4, 6.25, 4.5], "rotation": 180, "texture": "#0"},
				"up": {"uv": [7, 0, 6.5, 0.375], "rotation": 180, "texture": "#0"},
				"down": {"uv": [5, 6.625, 4.5, 6.25], "rotation": 180, "texture": "#0"}
			}
		},
		{
			"from": [6.64571, 0.3, 7.15],
			"to": [9.29571, 2.95, 8.85],
			"rotation": {"angle": 45, "axis": "z", "origin": [8.07071, 1.625, 8]},
			"faces": {
				"north": {"uv": [3.25, 3.5, 3.875, 4.125], "texture": "#0"},
				"east": {"uv": [5.625, 5.625, 5.25, 5], "texture": "#0"},
				"south": {"uv": [3.875, 3.5, 3.25, 4.125], "texture": "#0"},
				"west": {"uv": [5.25, 5, 5.625, 5.625], "texture": "#0"},
				"up": {"uv": [0.625, 5.875, 0, 5.5], "texture": "#0"},
				"down": {"uv": [0, 5.875, 0.625, 5.5], "texture": "#0"}
			}
		}
	],
	"gui_light": "front",
	"display": {
		"thirdperson_righthand": {
			"rotation": [18.18, 88.77, -16.38],
			"translation": [0, 1.5, 1.75],
			"scale": [0.99, 0.9, 1.61]
		},
		"thirdperson_lefthand": {
			"rotation": [64.76, -10.88, 138.64],
			"translation": [-0.75, -5.75, 14],
			"scale": [1.58, 1.58, 1.58]
		},
		"firstperson_righthand": {
			"rotation": [121.07, 64.15, -133.32],
			"translation": [1.5, -0.75, -2.75]
		},
		"firstperson_lefthand": {
			"rotation": [8, -81.75, 0],
			"translation": [86, 1, 0]
		},
		"ground": {
			"translation": [-1, 32.75, 0],
			"scale": [1.41883, 1.41883, 1.41883]
		},
		"gui": {
			"rotation": [174.37, -10.36, 138],
			"translation": [0, -1.25, 0],
			"scale": [0.38, 0.37, 0.71]
		},
		"head": {
			"rotation": [0, 0, -38],
			"translation": [-1.75, 27.25, 0]
		},
		"fixed": {
			"rotation": [0, 0, -37.75],
			"translation": [-1.75, -3.25, -0.75]
		}
	}
}