{
	"credit": "Made with Blockbench",
	"texture_size": [64, 64],
	"textures": {
		"0": "items/kang_commission_dagger5",
		"particle": "items/kang_commission_dagger5"
	},
	"elements": [
		{
			"from": [7.15405, 19.39468, 7.6815],
			"to": [7.5863, 22.87543, 8.3185],
			"rotation": {"angle": 22.5, "axis": "z", "origin": [6.6763, 23.03468, 8]},
			"faces": {
				"north": {"uv": [2.375, 6.5, 2.25, 7.375], "texture": "#0"},
				"east": {"uv": [6.5, 2, 6.625, 2.875], "texture": "#0"},
				"south": {"uv": [2.25, 6.5, 2.375, 7.375], "texture": "#0"},
				"west": {"uv": [2.75, 6.5, 2.875, 7.375], "texture": "#0"},
				"up": {"uv": [3.875, 7.625, 3.75, 7.5], "texture": "#0"},
				"down": {"uv": [5.375, 7.5, 5.25, 7.625], "texture": "#0"}
			}
		},
		{
			"from": [7.09, 20.02, 7.70425],
			"to": [8.455, 21.112, 8.29575],
			"rotation": {"angle": 0, "axis": "y", "origin": [7.47675, 21.6125, 8]},
			"faces": {
				"north": {"uv": [6.875, 3.75, 6.5, 4], "texture": "#0"},
				"east": {"uv": [7, 5.25, 7.125, 5.5], "texture": "#0"},
				"south": {"uv": [6.5, 3.75, 6.875, 4], "texture": "#0"},
				"west": {"uv": [7, 5.75, 7.125, 6], "texture": "#0"},
				"up": {"uv": [7.375, 4.375, 7, 4.25], "texture": "#0"},
				"down": {"uv": [7.375, 4.75, 7, 4.875], "texture": "#0"}
			}
		},
		{
			"from": [7.09, 21.112, 7.70425],
			"to": [8.02275, 22.113, 8.29575],
			"rotation": {"angle": 0, "axis": "y", "origin": [7.47675, 21.112, 8]},
			"faces": {
				"north": {"uv": [1.5, 7, 1.75, 7.25], "texture": "#0"},
				"east": {"uv": [7, 6.25, 7.125, 6.5], "texture": "#0"},
				"south": {"uv": [1.5, 7, 1.75, 7.25], "texture": "#0"},
				"west": {"uv": [7.25, 0, 7.375, 0.25], "texture": "#0"},
				"up": {"uv": [7.5, 3.125, 7.25, 3], "texture": "#0"},
				"down": {"uv": [3.5, 7.25, 3.25, 7.375], "texture": "#0"}
			}
		},
		{
			"from": [7.09, 22.113, 7.70425],
			"to": [7.636, 23.0685, 8.29575],
			"rotation": {"angle": 0, "axis": "y", "origin": [7.47675, 21.203, 8]},
			"faces": {
				"north": {"uv": [7.25, 3.5, 7.375, 3.75], "texture": "#0"},
				"east": {"uv": [4.25, 7.25, 4.375, 7.5], "texture": "#0"},
				"south": {"uv": [4.75, 7.25, 4.875, 7.5], "texture": "#0"},
				"west": {"uv": [6, 7.25, 6.125, 7.5], "texture": "#0"},
				"up": {"uv": [7.625, 5.375, 7.5, 5.25], "texture": "#0"},
				"down": {"uv": [7.625, 5.75, 7.5, 5.875], "texture": "#0"}
			}
		},
		{
			"from": [7.09, 8.19, 7.56775],
			"to": [8.91, 20.02, 8.43225],
			"rotation": {"angle": 0, "axis": "y", "origin": [7.09, 0, 7.09]},
			"faces": {
				"north": {"uv": [1.25, 0, 0.75, 3], "texture": "#0"},
				"east": {"uv": [1.5, 0, 1.75, 3], "texture": "#0"},
				"south": {"uv": [0.75, 0, 1.25, 3], "texture": "#0"},
				"west": {"uv": [2, 0, 2.25, 3], "texture": "#0"},
				"up": {"uv": [5.5, 1.75, 5, 1.5], "texture": "#0"},
				"down": {"uv": [1.25, 6.5, 0.75, 6.75], "texture": "#0"}
			}
		},
		{
			"from": [8.09, -5.81, 8],
			"to": [20.91, 19.02, 8],
			"rotation": {"angle": 0, "axis": "y", "origin": [11.09, -5, 7.09]},
			"faces": {
				"north": {"uv": [0.5, 9.375, 4.25, 15.875], "texture": "#0"},
				"east": {"uv": [1, 0, 1.25, 3], "texture": "#missing"},
				"south": {"uv": [4.25, 9.375, 0.5, 15.875], "texture": "#0"},
				"west": {"uv": [1.25, 0, 1.5, 3], "texture": "#missing"},
				"up": {"uv": [4, 3.75, 3.5, 3.5], "texture": "#missing"},
				"down": {"uv": [0.5, 3.75, 0, 4], "texture": "#missing"}
			}
		},
		{
			"from": [6.775, 8.175, 7.15],
			"to": [9.225, 10.75, 8.85],
			"rotation": {"angle": 0, "axis": "y", "origin": [7, 0, 7]},
			"faces": {
				"north": {"uv": [2.875, 3.75, 2.25, 4.375], "texture": "#0"},
				"east": {"uv": [1.125, 4.75, 0.75, 5.375], "texture": "#0"},
				"south": {"uv": [2.25, 3.75, 2.875, 4.375], "texture": "#0"},
				"west": {"uv": [0.75, 4.75, 1.125, 5.375], "texture": "#0"},
				"up": {"uv": [2.125, 5.125, 1.5, 4.75], "texture": "#0"},
				"down": {"uv": [1.5, 5.125, 2.125, 4.75], "texture": "#0"}
			}
		},
		{
			"from": [7.275, 8.75, 6.9],
			"to": [8.725, 10.175, 9.1],
			"rotation": {"angle": 45, "axis": "z", "origin": [8, 9.4625, 8]},
			"faces": {
				"north": {"uv": [6.25, 6, 6.625, 6.375], "texture": "#0"},
				"east": {"uv": [5.75, 0, 6.25, 0.375], "texture": "#0"},
				"south": {"uv": [6.625, 6, 6.25, 6.375], "texture": "#0"},
				"west": {"uv": [0.75, 5.75, 1.25, 6.125], "texture": "#0"},
				"up": {"uv": [6.125, 1.25, 5.75, 0.75], "texture": "#0"},
				"down": {"uv": [6.125, 1.5, 5.75, 2], "texture": "#0"}
			}
		},
		{
			"from": [7.28384, 0.75, 6.9],
			"to": [8.95884, 2.425, 9.1],
			"rotation": {"angle": 45, "axis": "z", "origin": [8.00884, 1.4625, 8]},
			"faces": {
				"north": {"uv": [6.25, 6, 6.625, 6.375], "texture": "#0"},
				"east": {"uv": [2.25, 5.75, 2.75, 6.125], "texture": "#0"},
				"south": {"uv": [6.625, 6, 6.25, 6.375], "texture": "#0"},
				"west": {"uv": [5.75, 2.25, 6.25, 2.625], "texture": "#0"},
				"up": {"uv": [3.375, 6.25, 3, 5.75], "texture": "#0"},
				"down": {"uv": [6.125, 3, 5.75, 3.5], "texture": "#0"}
			}
		},
		{
			"from": [8.63905, 8.17922, 7.225],
			"to": [10.63905, 10.02922, 8.775],
			"rotation": {"angle": -22.5, "axis": "z", "origin": [9.86405, 9.09172, 8]},
			"faces": {
				"north": {"uv": [4, 2, 4.5, 2.5], "texture": "#0"},
				"east": {"uv": [5, 0, 5.375, 0.5], "texture": "#0"},
				"south": {"uv": [3.25, 4, 3.75, 4.5], "texture": "#0"},
				"west": {"uv": [5, 0.75, 5.375, 1.25], "texture": "#0"},
				"up": {"uv": [5.5, 3.125, 5, 2.75], "texture": "#0"},
				"down": {"uv": [5.5, 4.25, 5, 4.625], "texture": "#0"}
			}
		},
		{
			"from": [9.58235, 7.0368, 7.325],
			"to": [11.13235, 9.2368, 8.675],
			"rotation": {"angle": 22.5, "axis": "z", "origin": [10.13235, 8.6368, 8]},
			"faces": {
				"north": {"uv": [5, 5, 5.375, 5.5], "texture": "#0"},
				"east": {"uv": [0, 5.5, 0.375, 6], "texture": "#0"},
				"south": {"uv": [1.5, 5.5, 1.875, 6], "texture": "#0"},
				"west": {"uv": [4, 5.5, 4.375, 6], "texture": "#0"},
				"up": {"uv": [5.125, 6.125, 4.75, 5.75], "texture": "#0"},
				"down": {"uv": [6.125, 5.25, 5.75, 5.625], "texture": "#0"}
			}
		},
		{
			"from": [10.05442, 4.5953, 7.55],
			"to": [11.15442, 6.1203, 8.45],
			"rotation": {"angle": -22.5, "axis": "z", "origin": [10.60442, 5.3578, 8]},
			"faces": {
				"north": {"uv": [3.25, 6.5, 3.5, 6.875], "texture": "#0"},
				"east": {"uv": [6.5, 4.25, 6.75, 4.625], "texture": "#0"},
				"south": {"uv": [4.5, 6.5, 4.75, 6.875], "texture": "#0"},
				"west": {"uv": [5, 6.5, 5.25, 6.875], "texture": "#0"},
				"up": {"uv": [7.25, 1.75, 7, 1.5], "texture": "#0"},
				"down": {"uv": [7.25, 2, 7, 2.25], "texture": "#0"}
			}
		},
		{
			"from": [9.49268, 3.53011, 7.625],
			"to": [10.34268, 5.05511, 8.375],
			"rotation": {"angle": -45, "axis": "z", "origin": [9.89268, 4.29261, 8]},
			"faces": {
				"north": {"uv": [0, 7, 0.25, 7.375], "texture": "#0"},
				"east": {"uv": [0.5, 7, 0.75, 7.375], "texture": "#0"},
				"south": {"uv": [7, 0.75, 7.25, 1.125], "texture": "#0"},
				"west": {"uv": [1, 7, 1.25, 7.375], "texture": "#0"},
				"up": {"uv": [7.25, 2.75, 7, 2.5], "texture": "#0"},
				"down": {"uv": [4, 7, 3.75, 7.25], "texture": "#0"}
			}
		},
		{
			"from": [8.74652, 2.73168, 7.675],
			"to": [9.44652, 3.93168, 8.325],
			"rotation": {"angle": -22.5, "axis": "z", "origin": [9.17152, 3.16918, 8]},
			"faces": {
				"north": {"uv": [6.5, 7.25, 6.625, 7.5], "texture": "#0"},
				"east": {"uv": [7, 7.25, 7.125, 7.5], "texture": "#0"},
				"south": {"uv": [7.5, 0.5, 7.625, 0.75], "texture": "#0"},
				"west": {"uv": [7.5, 1, 7.625, 1.25], "texture": "#0"},
				"up": {"uv": [7.625, 6.375, 7.5, 6.25], "texture": "#0"},
				"down": {"uv": [7.625, 6.75, 7.5, 6.875], "texture": "#0"}
			}
		},
		{
			"from": [8.7724, 2.14425, 7.725],
			"to": [9.2724, 3.09425, 8.275],
			"rotation": {"angle": 22.5, "axis": "z", "origin": [9.1224, 2.49425, 8]},
			"faces": {
				"north": {"uv": [1.5, 7.5, 1.625, 7.75], "texture": "#0"},
				"east": {"uv": [7.5, 1.5, 7.625, 1.75], "texture": "#0"},
				"south": {"uv": [7.5, 2, 7.625, 2.25], "texture": "#0"},
				"west": {"uv": [7.5, 2.5, 7.625, 2.75], "texture": "#0"},
				"up": {"uv": [7.625, 7.375, 7.5, 7.25], "texture": "#0"},
				"down": {"uv": [0.125, 7.75, 0, 7.875], "texture": "#0"}
			}
		},
		{
			"from": [10.22364, 5.82308, 7.475],
			"to": [11.47364, 7.52308, 8.525],
			"rotation": {"angle": 0, "axis": "y", "origin": [10.39864, 7.29808, 8]},
			"faces": {
				"north": {"uv": [5.5, 6, 5.875, 6.375], "texture": "#0"},
				"east": {"uv": [6.5, 5, 6.75, 5.375], "texture": "#0"},
				"south": {"uv": [0, 6.25, 0.375, 6.625], "texture": "#0"},
				"west": {"uv": [5.5, 6.75, 5.75, 7.125], "texture": "#0"},
				"up": {"uv": [6.375, 7, 6, 6.75], "texture": "#0"},
				"down": {"uv": [7.125, 6.75, 6.75, 7], "texture": "#0"}
			}
		},
		{
			"from": [7.275, 4.125, 7.375],
			"to": [8.725, 8.775, 8.625],
			"rotation": {"angle": 0, "axis": "y", "origin": [7, 0, 7]},
			"faces": {
				"north": {"uv": [3.25, 0, 3.625, 1.125], "texture": "#0"},
				"east": {"uv": [0.75, 3.25, 1.125, 4.375], "texture": "#0"},
				"south": {"uv": [1.5, 3.25, 1.875, 4.375], "texture": "#0"},
				"west": {"uv": [3.25, 1.5, 3.625, 2.625], "texture": "#0"},
				"up": {"uv": [6.125, 4.125, 5.75, 3.75], "texture": "#0"},
				"down": {"uv": [6.125, 4.5, 5.75, 4.875], "texture": "#0"}
			}
		},
		{
			"from": [7.025, 2.125, 7.125],
			"to": [8.975, 5.775, 8.875],
			"rotation": {"angle": 0, "axis": "y", "origin": [7, 0, 7]},
			"faces": {
				"north": {"uv": [2.5, 0, 3, 0.875], "texture": "#0"},
				"east": {"uv": [0, 3.25, 0.5, 4.125], "texture": "#0"},
				"south": {"uv": [2.5, 0, 3, 0.875], "texture": "#0"},
				"west": {"uv": [0, 3.25, 0.5, 4.125], "texture": "#0"},
				"up": {"uv": [4.5, 4.5, 4, 4], "texture": "#0"},
				"down": {"uv": [4.75, 2.75, 4.25, 3.25], "texture": "#0"}
			}
		},
		{
			"from": [6.64571, 0.3, 7.075],
			"to": [9.29571, 2.95, 8.925],
			"rotation": {"angle": 45, "axis": "z", "origin": [8.07071, 1.625, 8]},
			"faces": {
				"north": {"uv": [4, 0, 4.625, 0.625], "texture": "#0"},
				"east": {"uv": [2.5, 4.75, 2.875, 5.375], "texture": "#0"},
				"south": {"uv": [4.625, 0, 4, 0.625], "texture": "#0"},
				"west": {"uv": [3.25, 4.75, 3.625, 5.375], "texture": "#0"},
				"up": {"uv": [5.375, 3.875, 4.75, 3.5], "texture": "#0"},
				"down": {"uv": [4.625, 4.75, 4, 5.125], "texture": "#0"}
			}
		}
	],
	"gui_light": "front",
	"display": {
		"thirdperson_righthand": {
			"rotation": [-17, -87.79, 164.97],
			"translation": [0, -6, 1],
			"scale": [1, 1, 1.1]
		},
		"thirdperson_lefthand": {
			"rotation": [21.22, 87.79, 164.97],
			"translation": [0, -6, 1],
			"scale": [1.47, 1.6, 1.1]
		},
		"firstperson_righthand": {
			"rotation": [13, 85.75, 0],
			"translation": [0.25, 0.25, 0]
		},
		"firstperson_lefthand": {
			"rotation": [8, -81.75, 0],
			"translation": [3, 1, 0]
		},
		"ground": {
			"translation": [0, 9.25, 0]
		},
		"gui": {
			"rotation": [174.37, -10.36, 138],
			"scale": [0.52, 0.52, 0.71]
		},
		"head": {
			"rotation": [0, 0, -38],
			"translation": [-1.75, 17, 0]
		},
		"fixed": {
			"rotation": [0, 0, -37.75],
			"translation": [-1.75, -3.25, -0.75]
		}
	}
}