{
	"credit": "Made with Blockbench",
	"parent": "item/generated",
	"textures": {
		"1": "items/coal",
		"particle": "items/coal",
		"layer0": "items/war13"
	},
	"display": {
		"thirdperson_righthand": {
			"scale": [0, 0, 0]
		},
		"thirdperson_lefthand": {
			"scale": [0, 0, 0]
		},
		"firstperson_righthand": {
			"scale": [0, 0, 0]
		},
		"firstperson_lefthand": {
			"scale": [0, 0, 0]
		},
		"gui": {
			"translation": [-0.25, -0.25, 0],
			"scale": [1.04, 1.54, 1]
		},
		"head": {
			"rotation": [-175, 0, 180],
			"translation": [0.5, 0, 0],
			"scale": [4, 4, 0.43]
		}
	}
}