{
    "sources": [
        {
            "type": "single",
            "resource": "minecraft:custom/1"
        },
        {
            "type": "single",
            "resource": "minecraft:custom/2"
        },
        {
            "type": "single",
            "resource": "minecraft:custom/3"
        },
        {
            "type": "single",
            "resource": "minecraft:custom/4"
        },
        {
            "type": "single",
            "resource": "minecraft:custom/5"
        },
        {
            "type": "single",
            "resource": "minecraft:custom/6"
        },
        {
            "type": "single",
            "resource": "minecraft:custom/7"
        },
        {
            "type": "single",
            "resource": "minecraft:custom/8"
        },
        {
            "type": "single",
            "resource": "minecraft:custom/9"
        },
        {
            "type": "single",
            "resource": "minecraft:custom/10"
        },
        {
            "type": "single",
            "resource": "minecraft:custom/11"
        },
        {
            "type": "single",
            "resource": "minecraft:custom/12"
        },
        {
            "type": "single",
            "resource": "minecraft:custom/13"
        },
        {
            "type": "single",
            "resource": "minecraft:custom/14"
        },
        {
            "type": "single",
            "resource": "minecraft:custom/15"
        }
    ]
}