{"textures":{"0":"modelengine:entity/fx_freeze"},"elements":[{"from":[0.96818495,7.905,1.5935812],"to":[7.968185,26.904999,8.593581],"faces":{"east":{"uv":[0.0,5.75,0.875,8.125],"tintindex":0,"rotation":0,"texture":"#0"},"south":{"uv":[4.875,0.0,5.75,2.375],"tintindex":0,"rotation":0,"texture":"#0"},"north":{"uv":[4.875,0.0,5.75,2.375],"tintindex":0,"rotation":0,"texture":"#0"},"west":{"uv":[0.0,5.75,0.875,8.125],"tintindex":0,"rotation":0,"texture":"#0"},"up":{"uv":[8.625,8.0,7.75,7.125],"tintindex":0,"rotation":0,"texture":"#0"},"down":{"uv":[1.875,7.875,1.0,8.75],"tintindex":0,"rotation":0,"texture":"#0"}}},{"from":[6.968185,7.905,8.593581],"to":[14.968185,23.904999,14.593581],"faces":{"east":{"uv":[5.875,5.875,6.625,7.875],"tintindex":0,"rotation":0,"texture":"#0"},"south":{"uv":[5.875,0.0,6.875,2.0],"tintindex":0,"rotation":0,"texture":"#0"},"north":{"uv":[5.875,0.0,6.875,2.0],"tintindex":0,"rotation":0,"texture":"#0"},"west":{"uv":[5.875,5.875,6.625,7.875],"tintindex":0,"rotation":0,"texture":"#0"},"up":{"uv":[8.875,2.25,7.875,1.5],"tintindex":0,"rotation":0,"texture":"#0"},"down":{"uv":[8.875,2.375,7.875,3.125],"tintindex":0,"rotation":0,"texture":"#0"}}},{"from":[7.54221,7.88,1.7077618],"to":[14.54221,18.88,8.707762],"faces":{"east":{"uv":[7.0,0.0,7.875,1.375],"tintindex":0,"rotation":0,"texture":"#0"},"south":{"uv":[6.75,5.875,7.625,7.25],"tintindex":0,"rotation":0,"texture":"#0"},"north":{"uv":[6.75,5.875,7.625,7.25],"tintindex":0,"rotation":0,"texture":"#0"},"west":{"uv":[7.0,0.0,7.875,1.375],"tintindex":0,"rotation":0,"texture":"#0"},"up":{"uv":[8.625,6.0,7.75,5.125],"tintindex":0,"rotation":0,"texture":"#0"},"down":{"uv":[8.625,6.125,7.75,7.0],"tintindex":0,"rotation":0,"texture":"#0"}},"rotation":{"origin":[11.04221,13.38,5.2077622],"angle":-22.5,"axis":"y"}},{"from":[1.8217382,7.88,7.361348],"to":[8.821738,21.88,13.361348],"faces":{"east":{"uv":[3.875,6.25,4.625,8.0],"tintindex":0,"rotation":0,"texture":"#0"},"south":{"uv":[5.875,4.0,6.75,5.75],"tintindex":0,"rotation":0,"texture":"#0"},"north":{"uv":[5.875,4.0,6.75,5.75],"tintindex":0,"rotation":0,"texture":"#0"},"west":{"uv":[3.875,6.25,4.625,8.0],"tintindex":0,"rotation":0,"texture":"#0"},"up":{"uv":[8.75,4.0,7.875,3.25],"tintindex":0,"rotation":0,"texture":"#0"},"down":{"uv":[8.75,4.125,7.875,4.875],"tintindex":0,"rotation":0,"texture":"#0"}},"rotation":{"origin":[5.3217382,14.88,10.361348],"angle":-45.0,"axis":"y"}},{"from":[4.699682,7.93,4.2437267],"to":[11.699682,31.93,11.243727],"faces":{"east":{"uv":[2.875,3.125,3.75,6.125],"tintindex":0,"rotation":0,"texture":"#0"},"south":{"uv":[3.875,0.0,4.75,3.0],"tintindex":0,"rotation":0,"texture":"#0"},"north":{"uv":[3.875,0.0,4.75,3.0],"tintindex":0,"rotation":0,"texture":"#0"},"west":{"uv":[2.875,3.125,3.75,6.125],"tintindex":0,"rotation":0,"texture":"#0"},"up":{"uv":[7.625,8.25,6.75,7.375],"tintindex":0,"rotation":0,"texture":"#0"},"down":{"uv":[5.625,7.5,4.75,8.375],"tintindex":0,"rotation":0,"texture":"#0"}},"rotation":{"origin":[8.199682,19.93,7.7437267],"angle":22.5,"axis":"y"}}],"display":{"gui":{"rotation":[30,225,0]}}}