{
  "providers": [
    {"type": "ttf","file": "negative_spaces.ttf","shift": [0.0, 0.0],"size": 10.0,"oversample": 1.0},
    { "type": "bitmap", "file": "hq_upgrade/default_theme/container/background/default_00.png", "ascent": 13, "height": 256, "chars": ["\u4000"]},
    { "type": "bitmap", "file": "hq_upgrade/default_theme/container/background/default_01.png", "ascent": 13, "height": 256, "chars": ["\u4001"]},
    { "type": "bitmap", "file": "hq_upgrade/default_theme/container/background/default_02.png", "ascent": 13, "height": 256, "chars": ["\u4002"]},
    { "type": "bitmap", "file": "hq_upgrade/default_theme/container/background/default_03.png", "ascent": 13, "height": 256, "chars": ["\u4003"]},
    { "type": "bitmap", "file": "hq_upgrade/default_theme/container/background/default_04.png", "ascent": 13, "height": 256, "chars": ["\u4004"]},
    { "type": "bitmap", "file": "hq_upgrade/default_theme/container/background/default_05.png", "ascent": 13, "height": 256, "chars": ["\u4005"]},
    { "type": "bitmap", "file": "hq_upgrade/default_theme/container/background/default_06.png", "ascent": 13, "height": 256, "chars": ["\u4006"]},
    { "type": "bitmap", "file": "hq_upgrade/default_theme/container/background/default_07.png", "ascent": 13, "height": 256, "chars": ["\u4007"]},
    { "type": "bitmap", "file": "hq_upgrade/default_theme/container/background/default_08.png", "ascent": 13, "height": 256, "chars": ["\u4008"]},
    { "type": "bitmap", "file": "hq_upgrade/default_theme/container/background/default_09.png", "ascent": 13, "height": 256, "chars": ["\u4009"]},
    { "type": "bitmap", "file": "hq_upgrade/default_theme/container/background/default_10.png", "ascent": 13, "height": 256, "chars": ["\u400a"]},

    { "type": "bitmap", "file": "hq_upgrade/default_theme/container/animation/hammer01.png", "ascent": 13, "height": 256, "chars": ["\u400b"]},
    { "type": "bitmap", "file": "hq_upgrade/default_theme/container/animation/hammer02.png", "ascent": 13, "height": 256, "chars": ["\u400c"]},
    { "type": "bitmap", "file": "hq_upgrade/default_theme/container/animation/hammer03.png", "ascent": 13, "height": 256, "chars": ["\u400d"]},
    { "type": "bitmap", "file": "hq_upgrade/default_theme/container/animation/hammer04.png", "ascent": 13, "height": 256, "chars": ["\u400e"]},
    { "type": "bitmap", "file": "hq_upgrade/default_theme/container/animation/hammer05.png", "ascent": 13, "height": 256, "chars": ["\u400f"]},
    { "type": "bitmap", "file": "hq_upgrade/default_theme/container/animation/hammer06.png", "ascent": 13, "height": 256, "chars": ["\u4010"]},
    { "type": "bitmap", "file": "hq_upgrade/default_theme/container/animation/hammer04_sucsess.png", "ascent": 13, "height": 256, "chars": ["\u4011"]},
    { "type": "bitmap", "file": "hq_upgrade/default_theme/container/animation/hammer05_sucsess.png", "ascent": 13, "height": 256, "chars": ["\u4012"]},
    { "type": "bitmap", "file": "hq_upgrade/default_theme/container/animation/hammer06_sucsess.png", "ascent": 13, "height": 256, "chars": ["\u4013"]},
    { "type": "bitmap", "file": "hq_upgrade/default_theme/container/animation/hammer04_fail.png", "ascent": 13, "height": 256, "chars": ["\u4014"]},
    { "type": "bitmap", "file": "hq_upgrade/default_theme/container/animation/hammer05_fail.png", "ascent": 13, "height": 256, "chars": ["\u4015"]}
  ]
}