{
  "providers": [
    {"type": "ttf","file": "negative_spaces.ttf","shift": [0.0, 0.0],"size": 10.0,"oversample": 1.0},
    {
      "type": "bitmap",
      "file": "hq_upgrade/default_theme/text/value.png",
      "ascent": -67,
      "height": 5,
      "chars": [
        "+0123456789."
      ]
    },
    {"type": "bitmap", "file": "hq_upgrade/default_theme/text/icons.png", "ascent": -65, "height": 8, "chars": ["\u4000\u4001\u4002\u4003\u4004\u4005\u4006\u4007\u4008\u4009\u400a\u400b\u400c\u400d\u400e\u400f\u4010\u4011\u4012\u4013\u4014\u4015\u4016\u4017"]}
  ]
}