{
  "providers": [
    {"type": "ttf","file": "negative_spaces.ttf","shift": [0.0, 0.0],"size": 10.0,"oversample": 1.0},
    { "type": "bitmap", "file": "hq_upgrade/hq_machine_theme/container/background/00.png", "ascent": 13, "height": 256, "chars": ["\u4000"]},
    { "type": "bitmap", "file": "hq_upgrade/hq_machine_theme/container/background/01.png", "ascent": 13, "height": 256, "chars": ["\u4001"]},
    { "type": "bitmap", "file": "hq_upgrade/hq_machine_theme/container/background/02.png", "ascent": 13, "height": 256, "chars": ["\u4002"]},
    { "type": "bitmap", "file": "hq_upgrade/hq_machine_theme/container/background/03.png", "ascent": 13, "height": 256, "chars": ["\u4003"]},
    { "type": "bitmap", "file": "hq_upgrade/hq_machine_theme/container/background/04.png", "ascent": 13, "height": 256, "chars": ["\u4004"]},
    { "type": "bitmap", "file": "hq_upgrade/hq_machine_theme/container/background/05.png", "ascent": 13, "height": 256, "chars": ["\u4005"]},
    { "type": "bitmap", "file": "hq_upgrade/hq_machine_theme/container/background/06.png", "ascent": 13, "height": 256, "chars": ["\u4006"]},
    { "type": "bitmap", "file": "hq_upgrade/hq_machine_theme/container/background/07.png", "ascent": 13, "height": 256, "chars": ["\u4007"]},
    { "type": "bitmap", "file": "hq_upgrade/hq_machine_theme/container/background/08.png", "ascent": 13, "height": 256, "chars": ["\u4008"]},
    { "type": "bitmap", "file": "hq_upgrade/hq_machine_theme/container/background/09.png", "ascent": 13, "height": 256, "chars": ["\u4009"]},
    { "type": "bitmap", "file": "hq_upgrade/hq_machine_theme/container/background/10.png", "ascent": 13, "height": 256, "chars": ["\u400a"]},

    { "type": "bitmap", "file": "hq_upgrade/hq_machine_theme/container/animation/up01_01.png", "ascent": 13, "height": 256, "chars": ["\u400b"]},
    { "type": "bitmap", "file": "hq_upgrade/hq_machine_theme/container/animation/up01_02.png", "ascent": 13, "height": 256, "chars": ["\u400c"]},
    { "type": "bitmap", "file": "hq_upgrade/hq_machine_theme/container/animation/up01_03.png", "ascent": 13, "height": 256, "chars": ["\u400d"]},
    { "type": "bitmap", "file": "hq_upgrade/hq_machine_theme/container/animation/up01_04.png", "ascent": 13, "height": 256, "chars": ["\u400e"]},
    { "type": "bitmap", "file": "hq_upgrade/hq_machine_theme/container/animation/up01_05.png", "ascent": 13, "height": 256, "chars": ["\u400f"]},
    { "type": "bitmap", "file": "hq_upgrade/hq_machine_theme/container/animation/up01_06.png", "ascent": 13, "height": 256, "chars": ["\u4010"]},
    { "type": "bitmap", "file": "hq_upgrade/hq_machine_theme/container/animation/up01_07.png", "ascent": 13, "height": 256, "chars": ["\u4011"]},
    { "type": "bitmap", "file": "hq_upgrade/hq_machine_theme/container/animation/up01_08.png", "ascent": 13, "height": 256, "chars": ["\u4012"]},
    { "type": "bitmap", "file": "hq_upgrade/hq_machine_theme/container/animation/up02_01.png", "ascent": 13, "height": 256, "chars": ["\u4013"]},
    { "type": "bitmap", "file": "hq_upgrade/hq_machine_theme/container/animation/up02_02.png", "ascent": 13, "height": 256, "chars": ["\u4014"]},
    { "type": "bitmap", "file": "hq_upgrade/hq_machine_theme/container/animation/up02_03.png", "ascent": 13, "height": 256, "chars": ["\u4015"]},
    { "type": "bitmap", "file": "hq_upgrade/hq_machine_theme/container/animation/up02_04.png", "ascent": 13, "height": 256, "chars": ["\u4016"]},
    { "type": "bitmap", "file": "hq_upgrade/hq_machine_theme/container/animation/up02_05.png", "ascent": 13, "height": 256, "chars": ["\u4017"]},
    { "type": "bitmap", "file": "hq_upgrade/hq_machine_theme/container/animation/up02_06.png", "ascent": 13, "height": 256, "chars": ["\u4018"]},
    { "type": "bitmap", "file": "hq_upgrade/hq_machine_theme/container/animation/up02_07.png", "ascent": 13, "height": 256, "chars": ["\u4019"]},
    { "type": "bitmap", "file": "hq_upgrade/hq_machine_theme/container/animation/up02_08.png", "ascent": 13, "height": 256, "chars": ["\u401a"]},
    { "type": "bitmap", "file": "hq_upgrade/hq_machine_theme/container/animation/up02_06_fail.png", "ascent": 13, "height": 256, "chars": ["\u401b"]},
    { "type": "bitmap", "file": "hq_upgrade/hq_machine_theme/container/animation/up02_07_fail.png", "ascent": 13, "height": 256, "chars": ["\u401c"]},
    { "type": "bitmap", "file": "hq_upgrade/hq_machine_theme/container/animation/up02_08_fail.png", "ascent": 13, "height": 256, "chars": ["\u401d"]}
  ]
}