{
	"credit": "Made with Blockbench",
	"textures": {
		"0": "hanu/bok1",
		"1": "hanu/planks_oak",
		"2": "hanu/log_oak",
		"3": "hanu/bok2",
		"particle": "hanu/bok1"
	},
	"elements": [
		{
			"from": [3.14693, 19.5, 5.33045],
			"to": [13.94693, 21, 11.33045],
			"rotation": {"angle": -22.5, "axis": "y", "origin": [8.12346, 20.25, 6.61522]},
			"faces": {
				"north": {"uv": [12.75, 0, 15.5, 0.5], "texture": "#0"},
				"east": {"uv": [7.75, 12, 9.25, 12.5], "texture": "#0"},
				"south": {"uv": [12.75, 0.5, 15.5, 1], "texture": "#0"},
				"west": {"uv": [2.5, 12.5, 4, 13], "texture": "#0"},
				"up": {"uv": [12.75, 6, 10, 4.5], "texture": "#0"},
				"down": {"uv": [12.75, 6, 10, 7.5], "texture": "#0"}
			}
		},
		{
			"from": [2.9, 21, 4.9],
			"to": [14.1, 21.5, 11.9],
			"rotation": {"angle": -22.5, "axis": "y", "origin": [8.12346, 20.25, 6.61522]},
			"faces": {
				"north": {"uv": [12.75, 5, 15.5, 5.25], "texture": "#0"},
				"east": {"uv": [13, 13, 14.75, 13.25], "texture": "#0"},
				"south": {"uv": [12.75, 5.25, 15.5, 5.5], "texture": "#0"},
				"west": {"uv": [2.5, 13.25, 4.25, 13.5], "texture": "#0"},
				"up": {"uv": [10, 7, 7.25, 5.25], "texture": "#0"},
				"down": {"uv": [10, 7, 7.25, 8.75], "texture": "#0"}
			}
		},
		{
			"from": [2.9, 19, 4.9],
			"to": [14.1, 19.5, 11.9],
			"rotation": {"angle": -22.5, "axis": "y", "origin": [8.12346, 20.25, 6.61522]},
			"faces": {
				"north": {"uv": [12.75, 5.5, 15.5, 5.75], "texture": "#0"},
				"east": {"uv": [7.75, 13.25, 9.5, 13.5], "texture": "#0"},
				"south": {"uv": [12.75, 5.75, 15.5, 6], "texture": "#0"},
				"west": {"uv": [9.5, 13.25, 11.25, 13.5], "texture": "#0"},
				"up": {"uv": [7.25, 10.5, 4.5, 8.75], "texture": "#0"},
				"down": {"uv": [10, 8.75, 7.25, 10.5], "texture": "#0"}
			}
		},
		{
			"from": [3.0683, 19.5, 4.41481],
			"to": [14.2683, 21, 5.41481],
			"rotation": {"angle": -22.5, "axis": "y", "origin": [8.24483, 20.25, 6.19958]},
			"faces": {
				"north": {"uv": [12.75, 1, 15.5, 1.5], "texture": "#0"},
				"east": {"uv": [9.75, 10.5, 10, 11], "texture": "#0"},
				"south": {"uv": [12.75, 1.5, 15.5, 2], "texture": "#0"},
				"west": {"uv": [2.5, 11, 2.75, 11.5], "texture": "#0"},
				"up": {"uv": [15.5, 6.25, 12.75, 6], "texture": "#0"},
				"down": {"uv": [15.5, 6.25, 12.75, 6.5], "texture": "#0"}
			}
		},
		{
			"from": [2.8, 17, 5.3],
			"to": [13.6, 18.5, 11.3],
			"rotation": {"angle": 22.5, "axis": "y", "origin": [8.2, 17.75, 6.6]},
			"faces": {
				"north": {"uv": [10.5, 9.5, 13.25, 10], "texture": "#0"},
				"east": {"uv": [7.75, 10.5, 9.25, 11], "texture": "#0"},
				"south": {"uv": [10.5, 10, 13.25, 10.5], "texture": "#0"},
				"west": {"uv": [7.75, 11, 9.25, 11.5], "texture": "#0"},
				"up": {"uv": [2.75, 10.5, 0, 9], "texture": "#0"},
				"down": {"uv": [12.75, 0, 10, 1.5], "texture": "#0"}
			}
		},
		{
			"from": [2.6, 18.5, 4.9],
			"to": [13.8, 19, 11.9],
			"rotation": {"angle": 22.5, "axis": "y", "origin": [8.2, 17.75, 6.6]},
			"faces": {
				"north": {"uv": [12.75, 2, 15.5, 2.25], "texture": "#0"},
				"east": {"uv": [12.75, 6.5, 14.5, 6.75], "texture": "#0"},
				"south": {"uv": [12.75, 2.25, 15.5, 2.5], "texture": "#0"},
				"west": {"uv": [12.75, 6.75, 14.5, 7], "texture": "#0"},
				"up": {"uv": [7.25, 1.75, 4.5, 0], "texture": "#0"},
				"down": {"uv": [7.25, 1.75, 4.5, 3.5], "texture": "#0"}
			}
		},
		{
			"from": [2.6, 16.5, 4.9],
			"to": [13.8, 17, 11.9],
			"rotation": {"angle": 22.5, "axis": "y", "origin": [8.2, 17.75, 6.6]},
			"faces": {
				"north": {"uv": [12.75, 2.5, 15.5, 2.75], "texture": "#0"},
				"east": {"uv": [12.75, 7, 14.5, 7.25], "texture": "#0"},
				"south": {"uv": [12.75, 2.75, 15.5, 3], "texture": "#0"},
				"west": {"uv": [12.75, 7.25, 14.5, 7.5], "texture": "#0"},
				"up": {"uv": [7.25, 5.25, 4.5, 3.5], "texture": "#0"},
				"down": {"uv": [7.25, 5.25, 4.5, 7], "texture": "#0"}
			}
		},
		{
			"from": [2.6, 17, 4.3],
			"to": [13.8, 18.5, 5.3],
			"rotation": {"angle": 22.5, "axis": "y", "origin": [8.2, 17.75, 6.6]},
			"faces": {
				"north": {"uv": [10.5, 10.5, 13.25, 11], "texture": "#0"},
				"east": {"uv": [4.25, 9, 4.5, 9.5], "texture": "#0"},
				"south": {"uv": [10.5, 11, 13.25, 11.5], "texture": "#0"},
				"west": {"uv": [4.25, 9.5, 4.5, 10], "texture": "#0"},
				"up": {"uv": [15.5, 3.25, 12.75, 3], "texture": "#0"},
				"down": {"uv": [15.5, 3.25, 12.75, 3.5], "texture": "#0"}
			}
		},
		{
			"from": [2.8, 14.5, 5.3],
			"to": [13.6, 16, 11.3],
			"rotation": {"angle": 0, "axis": "y", "origin": [-0.4, 14, 1.9]},
			"faces": {
				"north": {"uv": [10.5, 11.5, 13.25, 12], "texture": "#0"},
				"east": {"uv": [7.75, 11.5, 9.25, 12], "texture": "#0"},
				"south": {"uv": [10.5, 12, 13.25, 12.5], "texture": "#0"},
				"west": {"uv": [2.5, 12, 4, 12.5], "texture": "#0"},
				"up": {"uv": [12.75, 3, 10, 1.5], "texture": "#0"},
				"down": {"uv": [12.75, 3, 10, 4.5], "texture": "#0"}
			}
		},
		{
			"from": [2.6, 16, 4.9],
			"to": [13.8, 16.5, 11.9],
			"rotation": {"angle": 0, "axis": "y", "origin": [-0.4, 14, 1.9]},
			"faces": {
				"north": {"uv": [12.75, 3.5, 15.5, 3.75], "texture": "#0"},
				"east": {"uv": [2.5, 13, 4.25, 13.25], "texture": "#0"},
				"south": {"uv": [12.75, 3.75, 15.5, 4], "texture": "#0"},
				"west": {"uv": [7.75, 13, 9.5, 13.25], "texture": "#0"},
				"up": {"uv": [7.25, 8.75, 4.5, 7], "texture": "#0"},
				"down": {"uv": [10, 0, 7.25, 1.75], "texture": "#0"}
			}
		},
		{
			"from": [2.6, 14, 4.9],
			"to": [13.8, 14.5, 11.9],
			"rotation": {"angle": 0, "axis": "y", "origin": [-0.4, 14, 1.9]},
			"faces": {
				"north": {"uv": [12.75, 4, 15.5, 4.25], "texture": "#0"},
				"east": {"uv": [9.5, 13, 11.25, 13.25], "texture": "#0"},
				"south": {"uv": [12.75, 4.25, 15.5, 4.5], "texture": "#0"},
				"west": {"uv": [11.25, 13, 13, 13.25], "texture": "#0"},
				"up": {"uv": [10, 3.5, 7.25, 1.75], "texture": "#0"},
				"down": {"uv": [10, 3.5, 7.25, 5.25], "texture": "#0"}
			}
		},
		{
			"from": [2.6, 14.5, 4.3],
			"to": [13.8, 16, 5.3],
			"rotation": {"angle": 0, "axis": "y", "origin": [-0.4, 14, 1.9]},
			"faces": {
				"north": {"uv": [7.75, 12.5, 10.5, 13], "texture": "#0"},
				"east": {"uv": [4.25, 10, 4.5, 10.5], "texture": "#0"},
				"south": {"uv": [10.5, 12.5, 13.25, 13], "texture": "#0"},
				"west": {"uv": [2.5, 10.5, 2.75, 11], "texture": "#0"},
				"up": {"uv": [15.5, 4.75, 12.75, 4.5], "texture": "#0"},
				"down": {"uv": [15.5, 4.75, 12.75, 5], "texture": "#0"}
			}
		},
		{
			"from": [2.9, 3.25, 2.55],
			"to": [8.9, 10.85, 4.05],
			"rotation": {"angle": 0, "axis": "y", "origin": [8.2, 4.25, 6.6]},
			"faces": {
				"north": {"uv": [12.75, 3, 10, 4.5], "rotation": 270, "texture": "#0"},
				"east": {"uv": [10.5, 12, 13.25, 12.5], "rotation": 270, "texture": "#0"},
				"south": {"uv": [12.75, 3, 10, 1.5], "rotation": 270, "texture": "#0"},
				"west": {"uv": [10.5, 11.5, 13.25, 12], "rotation": 90, "texture": "#0"},
				"up": {"uv": [7.75, 11.5, 9.25, 12], "rotation": 180, "texture": "#0"},
				"down": {"uv": [2.5, 12, 4, 12.5], "texture": "#0"}
			}
		},
		{
			"from": [2.5, 3.05, 4.05],
			"to": [9.5, 11.05, 4.55],
			"rotation": {"angle": 0, "axis": "y", "origin": [8.2, 4.25, 6.6]},
			"faces": {
				"north": {"uv": [10, 0, 7.25, 1.75], "rotation": 270, "texture": "#0"},
				"east": {"uv": [12.75, 3.75, 15.5, 4], "rotation": 270, "texture": "#0"},
				"south": {"uv": [7.25, 8.75, 4.5, 7], "rotation": 270, "texture": "#0"},
				"west": {"uv": [12.75, 3.5, 15.5, 3.75], "rotation": 90, "texture": "#0"},
				"up": {"uv": [2.5, 13, 4.25, 13.25], "rotation": 180, "texture": "#0"},
				"down": {"uv": [7.75, 13, 9.5, 13.25], "texture": "#0"}
			}
		},
		{
			"from": [2.5, 3.05, 2.05],
			"to": [9.5, 11.05, 2.55],
			"rotation": {"angle": 0, "axis": "y", "origin": [8.2, 4.25, 6.6]},
			"faces": {
				"north": {"uv": [10, 3.5, 7.25, 5.25], "rotation": 270, "texture": "#0"},
				"east": {"uv": [12.75, 4.25, 15.5, 4.5], "rotation": 270, "texture": "#0"},
				"south": {"uv": [10, 3.5, 7.25, 1.75], "rotation": 270, "texture": "#0"},
				"west": {"uv": [12.75, 4, 15.5, 4.25], "rotation": 90, "texture": "#0"},
				"up": {"uv": [9.5, 13, 11.25, 13.25], "rotation": 180, "texture": "#0"},
				"down": {"uv": [11.25, 13, 13, 13.25], "texture": "#0"}
			}
		},
		{
			"from": [1.9, 3.05, 2.55],
			"to": [2.9, 11.05, 4.05],
			"rotation": {"angle": 0, "axis": "y", "origin": [8.2, 4.25, 6.6]},
			"faces": {
				"north": {"uv": [15.5, 4.75, 12.75, 5], "rotation": 270, "texture": "#0"},
				"east": {"uv": [10.5, 12.5, 13.25, 13], "rotation": 270, "texture": "#0"},
				"south": {"uv": [15.5, 4.75, 12.75, 4.5], "rotation": 270, "texture": "#0"},
				"west": {"uv": [7.75, 12.5, 10.5, 13], "rotation": 90, "texture": "#0"},
				"up": {"uv": [4.25, 10, 4.5, 10.5], "rotation": 180, "texture": "#0"},
				"down": {"uv": [2.5, 10.5, 2.75, 11], "texture": "#0"}
			}
		},
		{
			"from": [2.9, 3.25, 5.05],
			"to": [8.9, 10.85, 6.55],
			"rotation": {"angle": 0, "axis": "y", "origin": [4.2, 7.05, 7.3]},
			"faces": {
				"north": {"uv": [12.75, 3, 10, 4.5], "rotation": 270, "texture": "#0"},
				"east": {"uv": [10.5, 12, 13.25, 12.5], "rotation": 270, "texture": "#0"},
				"south": {"uv": [12.75, 3, 10, 1.5], "rotation": 270, "texture": "#0"},
				"west": {"uv": [10.5, 11.5, 13.25, 12], "rotation": 90, "texture": "#0"},
				"up": {"uv": [7.75, 11.5, 9.25, 12], "rotation": 180, "texture": "#0"},
				"down": {"uv": [2.5, 12, 4, 12.5], "texture": "#0"}
			}
		},
		{
			"from": [2.5, 3.05, 6.55],
			"to": [9.5, 11.05, 7.05],
			"rotation": {"angle": 0, "axis": "y", "origin": [4.2, 7.05, 7.3]},
			"faces": {
				"north": {"uv": [10, 0, 7.25, 1.75], "rotation": 270, "texture": "#0"},
				"east": {"uv": [12.75, 3.75, 15.5, 4], "rotation": 270, "texture": "#0"},
				"south": {"uv": [4.75, 16, 2, 14.25], "rotation": 270, "texture": "#0"},
				"west": {"uv": [12.75, 3.5, 15.5, 3.75], "rotation": 90, "texture": "#0"},
				"up": {"uv": [2.5, 13, 4.25, 13.25], "rotation": 180, "texture": "#0"},
				"down": {"uv": [7.75, 13, 9.5, 13.25], "texture": "#0"}
			}
		},
		{
			"from": [2.5, 3.05, 4.55],
			"to": [9.5, 11.05, 5.05],
			"rotation": {"angle": 0, "axis": "y", "origin": [4.2, 7.05, 7.3]},
			"faces": {
				"north": {"uv": [10, 3.5, 7.25, 5.25], "rotation": 270, "texture": "#0"},
				"east": {"uv": [9, 15.75, 11.75, 16], "rotation": 270, "texture": "#0"},
				"south": {"uv": [10, 3.5, 7.25, 1.75], "rotation": 270, "texture": "#0"},
				"west": {"uv": [9, 15.25, 11.75, 15.5], "rotation": 90, "texture": "#0"},
				"up": {"uv": [9.5, 13, 11.25, 13.25], "rotation": 180, "texture": "#0"},
				"down": {"uv": [11.25, 13, 13, 13.25], "texture": "#0"}
			}
		},
		{
			"from": [1.9, 3.05, 5.05],
			"to": [2.9, 11.05, 6.55],
			"rotation": {"angle": 0, "axis": "y", "origin": [4.2, 7.05, 7.3]},
			"faces": {
				"north": {"uv": [15.5, 4.75, 12.75, 5], "rotation": 270, "texture": "#0"},
				"east": {"uv": [10.5, 12.5, 13.25, 13], "rotation": 270, "texture": "#0"},
				"south": {"uv": [15.5, 4.75, 12.75, 4.5], "rotation": 270, "texture": "#0"},
				"west": {"uv": [0, 15.625, 2, 16], "rotation": 90, "texture": "#0"},
				"up": {"uv": [4.25, 10, 4.5, 10.5], "rotation": 180, "texture": "#0"},
				"down": {"uv": [2.5, 10.5, 2.75, 11], "texture": "#0"}
			}
		},
		{
			"from": [2.9, 3.25, 5.05],
			"to": [8.9, 10.85, 6.55],
			"rotation": {"angle": 0, "axis": "y", "origin": [4.2, 7.05, 7.3]},
			"faces": {
				"north": {"uv": [12.75, 3, 10, 4.5], "rotation": 270, "texture": "#0"},
				"east": {"uv": [10.5, 12, 13.25, 12.5], "rotation": 270, "texture": "#0"},
				"south": {"uv": [12.75, 3, 10, 1.5], "rotation": 270, "texture": "#0"},
				"west": {"uv": [10.5, 11.5, 13.25, 12], "rotation": 90, "texture": "#0"},
				"up": {"uv": [7.75, 11.5, 9.25, 12], "rotation": 180, "texture": "#0"},
				"down": {"uv": [2.5, 12, 4, 12.5], "texture": "#0"}
			}
		},
		{
			"from": [2.5, 3.05, 6.55],
			"to": [9.5, 11.05, 7.05],
			"rotation": {"angle": 0, "axis": "y", "origin": [4.2, 7.05, 7.3]},
			"faces": {
				"north": {"uv": [10, 0, 7.25, 1.75], "rotation": 270, "texture": "#0"},
				"east": {"uv": [12.75, 3.75, 15.5, 4], "rotation": 270, "texture": "#0"},
				"south": {"uv": [7.25, 8.75, 4.5, 7], "rotation": 270, "texture": "#0"},
				"west": {"uv": [12.75, 3.5, 15.5, 3.75], "rotation": 90, "texture": "#0"},
				"up": {"uv": [2.5, 13, 4.25, 13.25], "rotation": 180, "texture": "#0"},
				"down": {"uv": [7.75, 13, 9.5, 13.25], "texture": "#0"}
			}
		},
		{
			"from": [2.5, 3.05, 4.55],
			"to": [9.5, 11.05, 5.05],
			"rotation": {"angle": 0, "axis": "y", "origin": [4.2, 7.05, 7.3]},
			"faces": {
				"north": {"uv": [10, 3.5, 7.25, 5.25], "rotation": 270, "texture": "#0"},
				"east": {"uv": [12.75, 4.25, 15.5, 4.5], "rotation": 270, "texture": "#0"},
				"south": {"uv": [10, 3.5, 7.25, 1.75], "rotation": 270, "texture": "#0"},
				"west": {"uv": [12.75, 4, 15.5, 4.25], "rotation": 90, "texture": "#0"},
				"up": {"uv": [9.5, 13, 11.25, 13.25], "rotation": 180, "texture": "#0"},
				"down": {"uv": [11.25, 13, 13, 13.25], "texture": "#0"}
			}
		},
		{
			"from": [1.9, 3.05, 5.05],
			"to": [2.9, 11.05, 6.55],
			"rotation": {"angle": 0, "axis": "y", "origin": [4.2, 7.05, 7.3]},
			"faces": {
				"north": {"uv": [15.5, 4.75, 12.75, 5], "rotation": 270, "texture": "#0"},
				"east": {"uv": [10.5, 12.5, 13.25, 13], "rotation": 270, "texture": "#0"},
				"south": {"uv": [15.5, 4.75, 12.75, 4.5], "rotation": 270, "texture": "#0"},
				"west": {"uv": [7.75, 12.5, 10.5, 13], "rotation": 90, "texture": "#0"},
				"up": {"uv": [4.25, 10, 4.5, 10.5], "rotation": 180, "texture": "#0"},
				"down": {"uv": [2.5, 10.5, 2.75, 11], "texture": "#0"}
			}
		},
		{
			"from": [2.9, 2.45, 8.85],
			"to": [8.9, 10.05, 10.35],
			"rotation": {"angle": -22.5, "axis": "x", "origin": [4.2, 7.05, 7.3]},
			"faces": {
				"north": {"uv": [12.75, 3, 10, 4.5], "rotation": 270, "texture": "#0"},
				"east": {"uv": [10.5, 12, 13.25, 12.5], "rotation": 270, "texture": "#0"},
				"south": {"uv": [12.75, 3, 10, 1.5], "rotation": 270, "texture": "#0"},
				"west": {"uv": [10.5, 11.5, 13.25, 12], "rotation": 90, "texture": "#0"},
				"up": {"uv": [7.75, 11.5, 9.25, 12], "rotation": 180, "texture": "#0"},
				"down": {"uv": [2.5, 12, 4, 12.5], "texture": "#0"}
			}
		},
		{
			"from": [2.5, 2.25, 10.35],
			"to": [9.5, 10.25, 10.85],
			"rotation": {"angle": -22.5, "axis": "x", "origin": [4.2, 7.05, 7.3]},
			"faces": {
				"north": {"uv": [10, 0, 7.25, 1.75], "rotation": 270, "texture": "#0"},
				"east": {"uv": [12.75, 3.75, 15.5, 4], "rotation": 270, "texture": "#0"},
				"south": {"uv": [7.25, 8.75, 4.5, 7], "rotation": 270, "texture": "#0"},
				"west": {"uv": [12.75, 3.5, 15.5, 3.75], "rotation": 90, "texture": "#0"},
				"up": {"uv": [2.5, 13, 4.25, 13.25], "rotation": 180, "texture": "#0"},
				"down": {"uv": [7.75, 13, 9.5, 13.25], "texture": "#0"}
			}
		},
		{
			"from": [2.5, 2.25, 8.35],
			"to": [9.5, 10.25, 8.85],
			"rotation": {"angle": -22.5, "axis": "x", "origin": [4.2, 7.05, 7.3]},
			"faces": {
				"north": {"uv": [10, 3.5, 7.25, 5.25], "rotation": 270, "texture": "#0"},
				"east": {"uv": [12.75, 4.25, 15.5, 4.5], "rotation": 270, "texture": "#0"},
				"south": {"uv": [10, 3.5, 7.25, 1.75], "rotation": 270, "texture": "#0"},
				"west": {"uv": [12.75, 4, 15.5, 4.25], "rotation": 90, "texture": "#0"},
				"up": {"uv": [9.5, 13, 11.25, 13.25], "rotation": 180, "texture": "#0"},
				"down": {"uv": [11.25, 13, 13, 13.25], "texture": "#0"}
			}
		},
		{
			"from": [1.9, 2.25, 8.85],
			"to": [2.9, 10.25, 10.35],
			"rotation": {"angle": -22.5, "axis": "x", "origin": [4.2, 7.05, 7.3]},
			"faces": {
				"north": {"uv": [15.5, 4.75, 12.75, 5], "rotation": 270, "texture": "#0"},
				"east": {"uv": [10.5, 12.5, 13.25, 13], "rotation": 270, "texture": "#0"},
				"south": {"uv": [15.5, 4.75, 12.75, 4.5], "rotation": 270, "texture": "#0"},
				"west": {"uv": [7.75, 12.5, 10.5, 13], "rotation": 90, "texture": "#0"},
				"up": {"uv": [4.25, 10, 4.5, 10.5], "rotation": 180, "texture": "#0"},
				"down": {"uv": [2.5, 10.5, 2.75, 11], "texture": "#0"}
			}
		},
		{
			"from": [2, 0, 0],
			"to": [14, 12, 2],
			"faces": {
				"north": {"uv": [0, 0, 16, 16], "texture": "#1"},
				"east": {"uv": [3.25, 9, 3.75, 12], "texture": "#0"},
				"south": {"uv": [0, 0, 16, 16], "texture": "#1"},
				"west": {"uv": [10, 9.5, 10.5, 12.5], "texture": "#0"},
				"up": {"uv": [9.75, 11, 9.25, 10.5], "texture": "#0"},
				"down": {"uv": [9.75, 11, 9.25, 11.5], "texture": "#0"}
			}
		},
		{
			"from": [14, 0, 2],
			"to": [16, 12, 14],
			"faces": {
				"north": {"uv": [0, 10.5, 0.5, 13.5], "texture": "#0"},
				"east": {"uv": [0, 0, 16, 16], "texture": "#1"},
				"south": {"uv": [1, 10.5, 1.5, 13.5], "texture": "#0"},
				"west": {"uv": [0, 0, 16, 16], "texture": "#1"},
				"up": {"uv": [9.75, 12, 9.25, 11.5], "texture": "#0"},
				"down": {"uv": [9.75, 12, 9.25, 12.5], "texture": "#0"}
			}
		},
		{
			"from": [1, 1, 2],
			"to": [12, 3, 14],
			"rotation": {"angle": 0, "axis": "z", "origin": [15, 6, 7]},
			"faces": {
				"north": {"uv": [0, 10.5, 0.5, 13.5], "rotation": 90, "texture": "#0"},
				"east": {"uv": [9.75, 12, 9.25, 12.5], "rotation": 270, "texture": "#0"},
				"south": {"uv": [1, 10.5, 1.5, 13.5], "rotation": 270, "texture": "#0"},
				"west": {"uv": [0, 0, 4, 16], "rotation": 270, "texture": "#1"},
				"up": {"uv": [0, 0, 16, 16], "rotation": 270, "texture": "#1"},
				"down": {"uv": [1.5, 10.5, 2, 13.5], "rotation": 270, "texture": "#0"}
			}
		},
		{
			"from": [14, 0, 14],
			"to": [16, 12, 16],
			"faces": {
				"north": {"uv": [6, 10.5, 6.5, 13.5], "texture": "#0"},
				"east": {"uv": [4, 0, 6, 16], "texture": "#2"},
				"south": {"uv": [0, 0, 2, 16], "texture": "#2"},
				"west": {"uv": [5.25, 10.5, 5.75, 13.5], "texture": "#0"},
				"up": {"uv": [13.75, 10, 13.25, 9.5], "texture": "#0"},
				"down": {"uv": [13.75, 10, 13.25, 10.5], "texture": "#0"}
			}
		},
		{
			"from": [0, 0, 14],
			"to": [2, 12, 16],
			"faces": {
				"north": {"uv": [2, 0, 0, 16], "texture": "#2"},
				"east": {"uv": [4.25, 10.5, 4.75, 13.5], "texture": "#0"},
				"south": {"uv": [0, 0, 2, 16], "texture": "#2"},
				"west": {"uv": [0, 0, 2, 16], "texture": "#2"},
				"up": {"uv": [13.75, 10, 13.25, 9.5], "texture": "#0"},
				"down": {"uv": [13.75, 10, 13.25, 10.5], "texture": "#0"}
			}
		},
		{
			"from": [0, 0, 0],
			"to": [2, 12, 2],
			"faces": {
				"north": {"uv": [4, 0, 6, 16], "texture": "#2"},
				"east": {"uv": [8.25, 10.5, 8.75, 13.5], "texture": "#0"},
				"south": {"uv": [0, 0, 2, 16], "texture": "#2"},
				"west": {"uv": [2, 0, 0, 16], "texture": "#2"},
				"up": {"uv": [13.75, 10, 13.25, 9.5], "texture": "#0"},
				"down": {"uv": [13.75, 10, 13.25, 10.5], "texture": "#0"}
			}
		},
		{
			"from": [14, 0, 0],
			"to": [16, 12, 2],
			"faces": {
				"north": {"uv": [4, 0, 6, 16], "texture": "#2"},
				"east": {"uv": [4, 0, 6, 16], "texture": "#2"},
				"south": {"uv": [4.75, 10.5, 5.25, 13.5], "texture": "#0"},
				"west": {"uv": [2, 0, 0, 16], "texture": "#2"},
				"up": {"uv": [13.75, 10, 13.25, 9.5], "texture": "#0"},
				"down": {"uv": [13.75, 10, 13.25, 10.5], "texture": "#0"}
			}
		},
		{
			"from": [2, 0, 14],
			"to": [14, 12, 16],
			"faces": {
				"north": {"uv": [0, 0, 16, 16], "texture": "#1"},
				"east": {"uv": [6.25, 10.5, 6.75, 13.5], "texture": "#0"},
				"south": {"uv": [0, 0, 16, 16], "texture": "#1"},
				"west": {"uv": [7.25, 10.5, 7.75, 13.5], "texture": "#0"},
				"up": {"uv": [13.75, 11, 13.25, 10.5], "texture": "#0"},
				"down": {"uv": [13.75, 11, 13.25, 11.5], "texture": "#0"}
			}
		},
		{
			"from": [-1, 12, -1],
			"to": [17, 14, 17],
			"faces": {
				"north": {"uv": [10, 7.5, 14.5, 8], "texture": "#0"},
				"east": {"uv": [10, 8, 14.5, 8.5], "texture": "#0"},
				"south": {"uv": [10, 8.5, 14.5, 9], "texture": "#0"},
				"west": {"uv": [10, 9, 14.5, 9.5], "texture": "#0"},
				"up": {"uv": [4.5, 4.5, 0, 0], "texture": "#0"},
				"down": {"uv": [4.5, 4.5, 0, 9], "texture": "#0"}
			}
		},
		{
			"from": [0, 14.5, 0],
			"to": [3, 15.5, 3],
			"faces": {
				"north": {"uv": [4, 6, 7, 7], "texture": "#3"},
				"east": {"uv": [7, 0, 10, 1], "texture": "#3"},
				"south": {"uv": [7, 1, 10, 2], "texture": "#3"},
				"west": {"uv": [7, 2, 10, 3], "texture": "#3"},
				"up": {"uv": [3, 3, 0, 0], "texture": "#3"},
				"down": {"uv": [3, 3, 0, 6], "texture": "#3"}
			}
		},
		{
			"from": [0.7, 15.5, 0.7],
			"to": [2.3, 17.5, 2.3],
			"faces": {
				"north": {"uv": [3, 0, 5, 2], "texture": "#3"},
				"east": {"uv": [3, 2, 5, 4], "texture": "#3"},
				"south": {"uv": [3, 4, 5, 6], "texture": "#3"},
				"west": {"uv": [5, 0, 7, 2], "texture": "#3"},
				"up": {"uv": [7, 4, 5, 2], "texture": "#3"},
				"down": {"uv": [7, 4, 5, 6], "texture": "#3"}
			}
		},
		{
			"from": [1.4, 17.4, 1.5],
			"to": [1.6, 17.8, 1.7],
			"rotation": {"angle": 22.5, "axis": "x", "origin": [1.5, 17.7, 1.5]},
			"faces": {
				"north": {"uv": [6, 7, 7, 8], "texture": "#3"},
				"east": {"uv": [7, 6, 8, 7], "texture": "#3"},
				"south": {"uv": [7, 7, 8, 8], "texture": "#3"},
				"west": {"uv": [0, 8, 1, 9], "texture": "#3"},
				"up": {"uv": [2, 9, 1, 8], "texture": "#3"},
				"down": {"uv": [3, 8, 2, 9], "texture": "#3"}
			}
		},
		{
			"from": [0.5, 14, 0.5],
			"to": [2.5, 15, 2.5],
			"faces": {
				"north": {"uv": [7, 3, 9, 4], "texture": "#3"},
				"east": {"uv": [4, 7, 6, 8], "texture": "#3"},
				"south": {"uv": [7, 4, 9, 5], "texture": "#3"},
				"west": {"uv": [7, 5, 9, 6], "texture": "#3"},
				"up": {"uv": [2, 8, 0, 6], "texture": "#3"},
				"down": {"uv": [4, 6, 2, 8], "texture": "#3"}
			}
		}
	],
	"display": {
		"head": {
			"rotation": [0, -90, 0],
			"translation": [0, -26, 0],
			"scale": [2.17, 2.17, 2.17]
		}
	},
	"groups": [
		{
			"name": "group",
			"origin": [0, 0, 0],
			"color": 0,
			"children": [
				{
					"name": "group",
					"origin": [0, 0, 0],
					"color": 0,
					"children": [0, 1, 2, 3]
				},
				{
					"name": "group",
					"origin": [0, 0, 0],
					"color": 0,
					"children": [4, 5, 6, 7]
				},
				{
					"name": "group",
					"origin": [0, 0, 0],
					"color": 0,
					"children": [8, 9, 10, 11]
				},
				{
					"name": "group",
					"origin": [0, 0, 0],
					"color": 0,
					"children": [12, 13, 14, 15]
				},
				{
					"name": "group",
					"origin": [0, 0, 0],
					"color": 0,
					"children": [16, 17, 18, 19]
				},
				{
					"name": "group",
					"origin": [0, 0, 0],
					"color": 0,
					"children": [20, 21, 22, 23]
				},
				{
					"name": "group",
					"origin": [0, 0, 0],
					"color": 0,
					"children": [24, 25, 26, 27]
				}
			]
		},
		{
			"name": "group",
			"origin": [0, 0, 0],
			"color": 0,
			"children": [28, 29, 30, 31, 32, 33, 34, 35, 36]
		},
		{
			"name": "group",
			"origin": [0, 0, 0],
			"color": 0,
			"children": [37, 38, 39, 40]
		}
	]
}